ACCIONA,190.700,0.42,0.80,13.44,191.400,188.800,25760,10461,11:15,2022-04-14 11:30:18.310853
ACERINOX,9.752,0.00,0.00,-14.34,9.894,9.728,197623,2638,11:15,2022-04-14 11:30:18.310853
ACS,24.910,0.52,0.13,7.79,24.960,24.760,97285,7340,11:14,2022-04-14 11:30:18.310853
AENA,150.500,1.52,2.25,8.43,150.500,149.400,13973,22575,11:15,2022-04-14 11:30:18.310853
ALMIRALL,12.360,0.49,0.06,9.38,12.360,12.260,74745,2222,11:10,2022-04-14 11:30:18.310853
AMADEUS IT GROUP,56.680,0.28,0.16,-4.96,57.080,56.360,120108,25534,11:15,2022-04-14 11:30:18.310853
ARCELORMITTAL,29.995,1.10,0.33,5.71,30.400,29.930,154396,28130,11:15,2022-04-14 11:30:18.310853
BANCO SABADELL,0.736,0.38,0.00,29.19,0.744,0.733,5038651,4139,11:15,2022-04-14 11:30:18.310853
BANKINTER,5.246,1.31,0.07,17.67,5.298,5.204,908260,4715,11:14,2022-04-14 11:30:18.310853
BBVA,4.954,0.01,0.00,-1.31,4.995,4.939,2408189,32531,11:15,2022-04-14 11:30:18.310853
CAIXABANK,3.026,1.10,0.03,25.35,3.055,3.018,3717747,24392,11:15,2022-04-14 11:30:18.310853
CELLNEX TELECOM,44.790,-0.53,-0.24,-12.49,45.390,44.730,137501,30427,11:15,2022-04-14 11:30:18.310853
CIE AUTOMOTIVE,19.970,0.10,0.02,-26.04,20.080,19.820,62433,2447,11:10,2022-04-14 11:30:18.310853
COLONIAL,8.300,-0.06,-0.01,0.61,8.350,8.280,104889,4479,11:15,2022-04-14 11:30:18.310853
ENAGAS,20.880,0.38,0.08,2.35,20.970,20.720,357782,5470,11:15,2022-04-14 11:30:18.310853
ENDESA,19.530,0.46,0.09,-3.32,19.570,19.250,117391,20677,11:15,2022-04-14 11:30:18.310853
FERROVIAL,25.460,0.16,0.04,-7.62,25.630,25.430,134764,18678,11:15,2022-04-14 11:30:18.310853
FLUIDRA,25.300,0.72,0.18,-28.12,25.420,25.120,59906,4949,11:14,2022-04-14 11:30:18.310853
GRIFOLS,15.275,0.99,0.15,-9.48,15.370,15.165,174411,6509,11:15,2022-04-14 11:30:18.310853
IAG,1.737,2.78,0.05,1.94,1.739,1.702,8095185,8635,11:15,2022-04-14 11:30:18.310853
IBERDROLA,10.360,-0.29,-0.03,1.20,10.475,10.290,1479598,66693,11:15,2022-04-14 11:30:18.310853
INDITEX,20.400,0.69,0.14,-28.50,20.490,20.280,773213,63580,11:15,2022-04-14 11:30:18.310853
INDRA,9.180,1.38,0.12,-3.57,9.195,9.090,122083,1622,11:15,2022-04-14 11:30:18.310853
MAPFRE,1.863,-0.32,-0.01,3.18,1.885,1.853,711874,5737,11:15,2022-04-14 11:30:18.310853
MELIÁ HOTELS,6.695,1.90,0.12,11.55,6.715,6.575,229210,1476,11:12,2022-04-14 11:30:18.310853
MERLIN PROP,10.680,-0.65,-0.07,11.60,10.800,10.660,92268,5017,11:14,2022-04-14 11:30:18.310853
NATURGY,29.520,0.85,0.25,5.27,29.700,29.220,39534,28623,11:14,2022-04-14 11:30:18.310853
PHARMA MAR,76.480,-0.23,-0.18,34.13,77.340,76.300,13953,1404,11:14,2022-04-14 11:30:18.310853
RED ELÉCTRICA,19.195,0.13,0.02,2.36,19.300,19.040,188346,10386,11:15,2022-04-14 11:30:18.310853
REPSOL,13.580,0.33,0.05,33.73,13.695,13.535,979274,21292,11:15,2022-04-14 11:30:18.310853
ROVI,66.050,-0.45,-0.30,-10.50,67.300,66.050,13443,3703,11:15,2022-04-14 11:30:18.310853
SANTANDER,3.142,0.61,0.02,6.87,3.158,3.129,5125700,54493,11:15,2022-04-14 11:30:18.310853
SIEMENS GAMESA,14.995,-0.93,-0.14,-28.83,15.165,14.930,254238,10214,11:15,2022-04-14 11:30:18.310853
SOLARIA,21.630,0.05,0.01,26.34,21.870,21.430,119598,2703,11:15,2022-04-14 11:30:18.310853
TELEFÓNICA,4.908,-0.61,-0.03,27.41,4.950,4.892,3070126,28364,11:15,2022-04-14 11:30:18.310853
ACCIONA,192.900,1.58,3.00,14.75,192.900,188.800,33933,10582,12:15,2022-04-14 12:30:08.357793
ACERINOX,9.792,0.41,0.04,-13.99,9.894,9.714,342719,2649,12:15,2022-04-14 12:30:08.357793
ACS,24.920,0.56,0.14,7.83,24.960,24.760,127209,7343,12:15,2022-04-14 12:30:08.357793
AENA,151.300,2.06,3.05,9.01,151.300,149.400,18501,22695,12:15,2022-04-14 12:30:08.357793
ALMIRALL,12.370,0.57,0.07,9.47,12.370,12.260,88369,2224,12:00,2022-04-14 12:30:08.357793
AMADEUS IT GROUP,57.080,0.99,0.56,-4.29,57.200,56.360,191426,25714,12:15,2022-04-14 12:30:08.357793
ARCELORMITTAL,30.200,1.79,0.53,6.43,30.400,29.930,176895,28322,12:14,2022-04-14 12:30:08.357793
BANCO SABADELL,0.742,1.26,0.01,30.31,0.744,0.733,6871836,4175,12:15,2022-04-14 12:30:08.357793
BANKINTER,5.284,2.05,0.11,18.52,5.298,5.204,999165,4750,12:15,2022-04-14 12:30:08.357793
BBVA,4.996,0.85,0.04,-0.49,4.996,4.939,4062507,33309,12:15,2022-04-14 12:30:08.357793
CAIXABANK,3.041,1.60,0.05,25.97,3.055,3.018,4571785,24512,12:14,2022-04-14 12:30:08.357793
CELLNEX TELECOM,44.850,-0.40,-0.18,-12.37,45.390,44.690,158828,30468,12:15,2022-04-14 12:30:08.357793
CIE AUTOMOTIVE,19.950,0.00,0.00,-26.11,20.080,19.820,84110,2445,12:11,2022-04-14 12:30:08.357793
COLONIAL,8.345,0.48,0.04,1.15,8.360,8.280,149247,4503,12:15,2022-04-14 12:30:08.357793
ENAGAS,20.900,0.48,0.10,2.45,20.970,20.720,391987,5476,12:15,2022-04-14 12:30:08.357793
ENDESA,19.540,0.51,0.10,-3.27,19.660,19.250,177540,20688,12:11,2022-04-14 12:30:08.357793
FERROVIAL,25.550,0.51,0.13,-7.29,25.630,25.420,151456,18744,12:15,2022-04-14 12:30:08.357793
FLUIDRA,25.460,1.35,0.34,-27.67,25.460,25.120,85607,4981,12:07,2022-04-14 12:30:08.357793
GRIFOLS,15.245,0.79,0.12,-9.66,15.370,15.165,202638,6496,12:15,2022-04-14 12:30:08.357793
IAG,1.733,2.54,0.04,1.70,1.740,1.702,10547991,8616,12:14,2022-04-14 12:30:08.357793
IBERDROLA,10.440,0.48,0.05,1.98,10.475,10.290,2443270,67208,12:15,2022-04-14 12:30:08.357793
INDITEX,20.380,0.59,0.12,-28.57,20.490,20.280,1015681,63517,12:15,2022-04-14 12:30:08.357793
INDRA,9.240,2.04,0.18,-2.94,9.245,9.090,167158,1632,12:11,2022-04-14 12:30:08.357793
MAPFRE,1.871,0.11,0.00,3.63,1.885,1.853,889235,5762,12:13,2022-04-14 12:30:08.357793
MELIÁ HOTELS,6.705,2.05,0.13,11.71,6.730,6.575,287040,1478,12:14,2022-04-14 12:30:08.357793
MERLIN PROP,10.770,0.19,0.02,12.54,10.800,10.660,140676,5059,12:12,2022-04-14 12:30:08.357793
NATURGY,29.700,1.47,0.43,5.91,29.790,29.220,61825,28798,12:14,2022-04-14 12:30:08.357793
PHARMA MAR,76.660,0.00,0.00,34.44,77.340,76.300,16640,1407,12:15,2022-04-14 12:30:08.357793
RED ELÉCTRICA,19.320,0.78,0.15,3.02,19.330,19.040,253282,10454,12:15,2022-04-14 12:30:08.357793
REPSOL,13.630,0.70,0.10,34.22,13.695,13.535,1271487,21370,12:15,2022-04-14 12:30:08.357793
ROVI,66.550,0.30,0.20,-9.82,67.300,66.050,19282,3731,12:07,2022-04-14 12:30:08.357793
SANTANDER,3.166,1.36,0.04,7.67,3.167,3.129,7923033,54900,12:15,2022-04-14 12:30:08.357793
SIEMENS GAMESA,14.975,-1.06,-0.16,-28.93,15.165,14.930,341921,10200,12:12,2022-04-14 12:30:08.357793
SOLARIA,21.810,0.88,0.19,27.39,21.870,21.430,144168,2725,12:14,2022-04-14 12:30:08.357793
TELEFÓNICA,4.917,-0.43,-0.02,27.65,4.950,4.892,3902847,28416,12:15,2022-04-14 12:30:08.357793
ACCIONA,193.200,1.74,3.30,14.93,194.700,188.800,100617,10598,18:00,2022-04-14 19:42:29.120850
ACERINOX,9.976,2.30,0.22,-12.38,10.015,9.714,1008302,2699,19:05,2022-04-14 19:42:29.120850
ACS,24.910,0.52,0.13,7.79,25.100,24.720,533878,7340,19:05,2022-04-14 19:42:29.120850
AENA,151.650,2.29,3.40,9.26,153.150,149.400,125423,22748,18:00,2022-04-14 19:42:29.120850
ALMIRALL,12.400,0.81,0.10,9.73,12.520,12.260,240950,2229,18:00,2022-04-14 19:42:29.120850
AMADEUS IT GROUP,56.880,0.64,0.36,-4.63,57.320,56.360,686913,25624,19:05,2022-04-14 19:42:29.120850
ARCELORMITTAL,30.510,2.83,0.84,7.52,30.550,29.930,483680,28613,19:05,2022-04-14 19:42:29.120850
BANCO SABADELL,0.731,-0.25,-0.00,28.38,0.744,0.730,21973836,4113,18:00,2022-04-14 19:42:29.120850
BANKINTER,5.278,1.93,0.10,18.39,5.304,5.204,2186491,4744,19:05,2022-04-14 19:42:29.120850
BBVA,5.034,1.63,0.08,0.28,5.073,4.936,17194476,33566,19:05,2022-04-14 19:42:29.120850
CAIXABANK,3.040,1.57,0.05,25.93,3.073,3.003,13611297,24504,19:05,2022-04-14 19:42:29.120850
CELLNEX TELECOM,44.950,-0.18,-0.08,-12.17,45.420,44.690,1024166,30536,19:05,2022-04-14 19:42:29.120850
CIE AUTOMOTIVE,19.920,-0.15,-0.03,-26.22,20.080,19.820,206315,2441,19:05,2022-04-14 19:42:29.120850
COLONIAL,8.330,0.30,0.02,0.97,8.385,8.280,632198,4495,18:00,2022-04-14 19:42:29.120850
ENAGAS,21.160,1.73,0.36,3.73,21.330,20.720,1221130,5544,19:05,2022-04-14 19:42:29.120850
ENDESA,19.615,0.90,0.17,-2.90,19.735,19.250,859571,20767,19:05,2022-04-14 19:42:29.120850
FERROVIAL,25.740,1.26,0.32,-6.60,25.900,25.420,824354,18883,19:05,2022-04-14 19:42:29.120850
FLUIDRA,25.240,0.48,0.12,-28.30,25.540,25.120,239998,4938,18:00,2022-04-14 19:42:29.120850
GRIFOLS,15.575,2.98,0.45,-7.70,15.770,15.165,1067505,6637,19:05,2022-04-14 19:42:29.120850
IAG,1.758,3.99,0.07,3.14,1.772,1.702,26124740,8737,19:05,2022-04-14 19:42:29.120850
IBERDROLA,10.505,1.11,0.11,2.61,10.570,10.290,10388874,67627,19:05,2022-04-14 19:42:29.120850
INDITEX,20.540,1.38,0.28,-28.01,20.670,20.280,3401612,64016,19:05,2022-04-14 19:42:29.120850
INDRA,9.190,1.49,0.13,-3.47,9.285,9.090,449027,1623,19:05,2022-04-14 19:42:29.120850
MAPFRE,1.884,0.80,0.01,4.35,1.897,1.853,3062240,5802,18:00,2022-04-14 19:42:29.120850
MELIÁ HOTELS,6.875,4.64,0.30,14.55,6.895,6.575,967905,1515,18:00,2022-04-14 19:42:29.120850
MERLIN PROP,10.830,0.74,0.08,13.17,10.910,10.660,614295,5088,18:00,2022-04-14 19:42:29.120850
NATURGY,29.560,0.99,0.29,5.41,29.840,29.220,349759,28662,18:00,2022-04-14 19:42:29.120850
PHARMA MAR,76.420,-0.31,-0.24,34.02,77.340,76.300,51287,1403,19:05,2022-04-14 19:42:29.120850
RED ELÉCTRICA,19.420,1.30,0.25,3.56,19.515,19.040,1157783,10508,19:05,2022-04-14 19:42:29.120850
REPSOL,13.770,1.74,0.24,35.60,13.815,13.535,5117229,21590,19:05,2022-04-14 19:42:29.120850
ROVI,66.600,0.38,0.25,-9.76,67.400,66.050,81716,3734,18:00,2022-04-14 19:42:29.120850
SANTANDER,3.152,0.93,0.03,7.21,3.185,3.129,34478960,54666,19:05,2022-04-14 19:42:29.120850
SIEMENS GAMESA,14.905,-1.52,-0.23,-29.26,15.165,14.905,1326539,10152,19:05,2022-04-14 19:42:29.120850
SOLARIA,21.830,0.97,0.21,27.51,22.150,21.430,461283,2728,19:05,2022-04-14 19:42:29.120850
TELEFÓNICA,4.996,1.17,0.06,29.70,5.000,4.892,20321886,28872,19:05,2022-04-14 19:42:29.120850
ACCIONA,193.200,1.74,3.30,14.93,194.700,188.800,100617,10598,18:00,2022-04-14 19:51:18.101995
ACERINOX,9.976,2.30,0.22,-12.38,10.015,9.714,1008302,2699,19:05,2022-04-14 19:51:18.101995
ACS,24.910,0.52,0.13,7.79,25.100,24.720,533878,7340,19:05,2022-04-14 19:51:18.101995
AENA,151.650,2.29,3.40,9.26,153.150,149.400,125423,22748,18:00,2022-04-14 19:51:18.101995
ALMIRALL,12.400,0.81,0.10,9.73,12.520,12.260,240950,2229,18:00,2022-04-14 19:51:18.101995
AMADEUS IT GROUP,56.880,0.64,0.36,-4.63,57.320,56.360,686913,25624,19:05,2022-04-14 19:51:18.101995
ARCELORMITTAL,30.510,2.83,0.84,7.52,30.550,29.930,483680,28613,19:05,2022-04-14 19:51:18.101995
BANCO SABADELL,0.731,-0.25,-0.00,28.38,0.744,0.730,21973836,4113,18:00,2022-04-14 19:51:18.101995
BANKINTER,5.278,1.93,0.10,18.39,5.304,5.204,2186491,4744,19:05,2022-04-14 19:51:18.101995
BBVA,5.034,1.63,0.08,0.28,5.073,4.936,17194476,33566,19:05,2022-04-14 19:51:18.101995
CAIXABANK,3.040,1.57,0.05,25.93,3.073,3.003,13611297,24504,19:05,2022-04-14 19:51:18.101995
CELLNEX TELECOM,44.950,-0.18,-0.08,-12.17,45.420,44.690,1024166,30536,19:05,2022-04-14 19:51:18.101995
CIE AUTOMOTIVE,19.920,-0.15,-0.03,-26.22,20.080,19.820,206315,2441,19:05,2022-04-14 19:51:18.101995
COLONIAL,8.330,0.30,0.02,0.97,8.385,8.280,632198,4495,18:00,2022-04-14 19:51:18.101995
ENAGAS,21.160,1.73,0.36,3.73,21.330,20.720,1221130,5544,19:05,2022-04-14 19:51:18.101995
ENDESA,19.615,0.90,0.17,-2.90,19.735,19.250,859571,20767,19:05,2022-04-14 19:51:18.101995
FERROVIAL,25.740,1.26,0.32,-6.60,25.900,25.420,824354,18883,19:05,2022-04-14 19:51:18.101995
FLUIDRA,25.240,0.48,0.12,-28.30,25.540,25.120,239998,4938,18:00,2022-04-14 19:51:18.101995
GRIFOLS,15.575,2.98,0.45,-7.70,15.770,15.165,1067505,6637,19:05,2022-04-14 19:51:18.101995
IAG,1.758,3.99,0.07,3.14,1.772,1.702,26124740,8737,19:05,2022-04-14 19:51:18.101995
IBERDROLA,10.505,1.11,0.11,2.61,10.570,10.290,10388874,67627,19:05,2022-04-14 19:51:18.101995
INDITEX,20.540,1.38,0.28,-28.01,20.670,20.280,3401612,64016,19:05,2022-04-14 19:51:18.101995
INDRA,9.190,1.49,0.13,-3.47,9.285,9.090,449027,1623,19:05,2022-04-14 19:51:18.101995
MAPFRE,1.884,0.80,0.01,4.35,1.897,1.853,3062240,5802,18:00,2022-04-14 19:51:18.101995
MELIÁ HOTELS,6.875,4.64,0.30,14.55,6.895,6.575,967905,1515,18:00,2022-04-14 19:51:18.101995
MERLIN PROP,10.830,0.74,0.08,13.17,10.910,10.660,614295,5088,18:00,2022-04-14 19:51:18.101995
NATURGY,29.560,0.99,0.29,5.41,29.840,29.220,349759,28662,18:00,2022-04-14 19:51:18.101995
PHARMA MAR,76.420,-0.31,-0.24,34.02,77.340,76.300,51287,1403,19:05,2022-04-14 19:51:18.101995
RED ELÉCTRICA,19.420,1.30,0.25,3.56,19.515,19.040,1157783,10508,19:05,2022-04-14 19:51:18.101995
REPSOL,13.770,1.74,0.24,35.60,13.815,13.535,5117229,21590,19:05,2022-04-14 19:51:18.101995
ROVI,66.600,0.38,0.25,-9.76,67.400,66.050,81716,3734,18:00,2022-04-14 19:51:18.101995
SANTANDER,3.152,0.93,0.03,7.21,3.185,3.129,34478960,54666,19:05,2022-04-14 19:51:18.101995
SIEMENS GAMESA,14.905,-1.52,-0.23,-29.26,15.165,14.905,1326539,10152,19:05,2022-04-14 19:51:18.101995
SOLARIA,21.830,0.97,0.21,27.51,22.150,21.430,461283,2728,19:05,2022-04-14 19:51:18.101995
TELEFÓNICA,4.996,1.17,0.06,29.70,5.000,4.892,20321886,28872,19:05,2022-04-14 19:51:18.101995
ACCIONA,193.200,1.74,3.30,14.93,194.700,188.800,100617,10598,18:00,2022-04-14 19:56:32.346864
ACERINOX,9.976,2.30,0.22,-12.38,10.015,9.714,1008302,2699,19:05,2022-04-14 19:56:32.346864
ACS,24.910,0.52,0.13,7.79,25.100,24.720,533878,7340,19:05,2022-04-14 19:56:32.346864
AENA,151.650,2.29,3.40,9.26,153.150,149.400,125423,22748,18:00,2022-04-14 19:56:32.346864
ALMIRALL,12.400,0.81,0.10,9.73,12.520,12.260,240950,2229,18:00,2022-04-14 19:56:32.346864
AMADEUS IT GROUP,56.880,0.64,0.36,-4.63,57.320,56.360,686913,25624,19:05,2022-04-14 19:56:32.346864
ARCELORMITTAL,30.510,2.83,0.84,7.52,30.550,29.930,483680,28613,19:05,2022-04-14 19:56:32.346864
BANCO SABADELL,0.731,-0.25,-0.00,28.38,0.744,0.730,21973836,4113,18:00,2022-04-14 19:56:32.346864
BANKINTER,5.278,1.93,0.10,18.39,5.304,5.204,2186491,4744,19:05,2022-04-14 19:56:32.346864
BBVA,5.034,1.63,0.08,0.28,5.073,4.936,17194476,33566,19:05,2022-04-14 19:56:32.346864
CAIXABANK,3.040,1.57,0.05,25.93,3.073,3.003,13611297,24504,19:05,2022-04-14 19:56:32.346864
CELLNEX TELECOM,44.950,-0.18,-0.08,-12.17,45.420,44.690,1024166,30536,19:05,2022-04-14 19:56:32.346864
CIE AUTOMOTIVE,19.920,-0.15,-0.03,-26.22,20.080,19.820,206315,2441,19:05,2022-04-14 19:56:32.346864
COLONIAL,8.330,0.30,0.02,0.97,8.385,8.280,632198,4495,18:00,2022-04-14 19:56:32.346864
ENAGAS,21.160,1.73,0.36,3.73,21.330,20.720,1221130,5544,19:05,2022-04-14 19:56:32.346864
ENDESA,19.615,0.90,0.17,-2.90,19.735,19.250,859571,20767,19:05,2022-04-14 19:56:32.346864
FERROVIAL,25.740,1.26,0.32,-6.60,25.900,25.420,824354,18883,19:05,2022-04-14 19:56:32.346864
FLUIDRA,25.240,0.48,0.12,-28.30,25.540,25.120,239998,4938,18:00,2022-04-14 19:56:32.346864
GRIFOLS,15.575,2.98,0.45,-7.70,15.770,15.165,1067505,6637,19:05,2022-04-14 19:56:32.346864
IAG,1.758,3.99,0.07,3.14,1.772,1.702,26124740,8737,19:05,2022-04-14 19:56:32.346864
IBERDROLA,10.505,1.11,0.11,2.61,10.570,10.290,10388874,67627,19:05,2022-04-14 19:56:32.346864
INDITEX,20.540,1.38,0.28,-28.01,20.670,20.280,3401612,64016,19:05,2022-04-14 19:56:32.346864
INDRA,9.190,1.49,0.13,-3.47,9.285,9.090,449027,1623,19:05,2022-04-14 19:56:32.346864
MAPFRE,1.884,0.80,0.01,4.35,1.897,1.853,3062240,5802,18:00,2022-04-14 19:56:32.346864
MELIÁ HOTELS,6.875,4.64,0.30,14.55,6.895,6.575,967905,1515,18:00,2022-04-14 19:56:32.346864
MERLIN PROP,10.830,0.74,0.08,13.17,10.910,10.660,614295,5088,18:00,2022-04-14 19:56:32.346864
NATURGY,29.560,0.99,0.29,5.41,29.840,29.220,349759,28662,18:00,2022-04-14 19:56:32.346864
PHARMA MAR,76.420,-0.31,-0.24,34.02,77.340,76.300,51287,1403,19:05,2022-04-14 19:56:32.346864
RED ELÉCTRICA,19.420,1.30,0.25,3.56,19.515,19.040,1157783,10508,19:05,2022-04-14 19:56:32.346864
REPSOL,13.770,1.74,0.24,35.60,13.815,13.535,5117229,21590,19:05,2022-04-14 19:56:32.346864
ROVI,66.600,0.38,0.25,-9.76,67.400,66.050,81716,3734,18:00,2022-04-14 19:56:32.346864
SANTANDER,3.152,0.93,0.03,7.21,3.185,3.129,34478960,54666,19:05,2022-04-14 19:56:32.346864
SIEMENS GAMESA,14.905,-1.52,-0.23,-29.26,15.165,14.905,1326539,10152,19:05,2022-04-14 19:56:32.346864
SOLARIA,21.830,0.97,0.21,27.51,22.150,21.430,461283,2728,19:05,2022-04-14 19:56:32.346864
TELEFÓNICA,4.996,1.17,0.06,29.70,5.000,4.892,20321886,28872,19:05,2022-04-14 19:56:32.346864
ACCIONA,193.200,1.74,3.30,14.93,194.700,188.800,100617,10598,18:00,2022-04-14 20:04:20.383692
ACERINOX,9.976,2.30,0.22,-12.38,10.015,9.714,1008302,2699,19:05,2022-04-14 20:04:20.383692
ACS,24.910,0.52,0.13,7.79,25.100,24.720,533878,7340,19:05,2022-04-14 20:04:20.383692
AENA,151.650,2.29,3.40,9.26,153.150,149.400,125423,22748,18:00,2022-04-14 20:04:20.383692
ALMIRALL,12.400,0.81,0.10,9.73,12.520,12.260,240950,2229,18:00,2022-04-14 20:04:20.383692
AMADEUS IT GROUP,56.880,0.64,0.36,-4.63,57.320,56.360,686913,25624,19:05,2022-04-14 20:04:20.383692
ARCELORMITTAL,30.510,2.83,0.84,7.52,30.550,29.930,483680,28613,19:05,2022-04-14 20:04:20.383692
BANCO SABADELL,0.731,-0.25,-0.00,28.38,0.744,0.730,21973836,4113,18:00,2022-04-14 20:04:20.383692
BANKINTER,5.278,1.93,0.10,18.39,5.304,5.204,2186491,4744,19:05,2022-04-14 20:04:20.383692
BBVA,5.034,1.63,0.08,0.28,5.073,4.936,17194476,33566,19:05,2022-04-14 20:04:20.383692
CAIXABANK,3.040,1.57,0.05,25.93,3.073,3.003,13611297,24504,19:05,2022-04-14 20:04:20.383692
CELLNEX TELECOM,44.950,-0.18,-0.08,-12.17,45.420,44.690,1024166,30536,19:05,2022-04-14 20:04:20.383692
CIE AUTOMOTIVE,19.920,-0.15,-0.03,-26.22,20.080,19.820,206315,2441,19:05,2022-04-14 20:04:20.383692
COLONIAL,8.330,0.30,0.02,0.97,8.385,8.280,632198,4495,18:00,2022-04-14 20:04:20.383692
ENAGAS,21.160,1.73,0.36,3.73,21.330,20.720,1221130,5544,19:05,2022-04-14 20:04:20.383692
ENDESA,19.615,0.90,0.17,-2.90,19.735,19.250,859571,20767,19:05,2022-04-14 20:04:20.383692
FERROVIAL,25.740,1.26,0.32,-6.60,25.900,25.420,824354,18883,19:05,2022-04-14 20:04:20.383692
FLUIDRA,25.240,0.48,0.12,-28.30,25.540,25.120,239998,4938,18:00,2022-04-14 20:04:20.383692
GRIFOLS,15.575,2.98,0.45,-7.70,15.770,15.165,1067505,6637,19:05,2022-04-14 20:04:20.383692
IAG,1.758,3.99,0.07,3.14,1.772,1.702,26124740,8737,19:05,2022-04-14 20:04:20.383692
IBERDROLA,10.505,1.11,0.11,2.61,10.570,10.290,10388874,67627,19:05,2022-04-14 20:04:20.383692
INDITEX,20.540,1.38,0.28,-28.01,20.670,20.280,3401612,64016,19:05,2022-04-14 20:04:20.383692
INDRA,9.190,1.49,0.13,-3.47,9.285,9.090,449027,1623,19:05,2022-04-14 20:04:20.383692
MAPFRE,1.884,0.80,0.01,4.35,1.897,1.853,3062240,5802,18:00,2022-04-14 20:04:20.383692
MELIÁ HOTELS,6.875,4.64,0.30,14.55,6.895,6.575,967905,1515,18:00,2022-04-14 20:04:20.383692
MERLIN PROP,10.830,0.74,0.08,13.17,10.910,10.660,614295,5088,18:00,2022-04-14 20:04:20.383692
NATURGY,29.560,0.99,0.29,5.41,29.840,29.220,349759,28662,18:00,2022-04-14 20:04:20.383692
PHARMA MAR,76.420,-0.31,-0.24,34.02,77.340,76.300,51287,1403,19:05,2022-04-14 20:04:20.383692
RED ELÉCTRICA,19.420,1.30,0.25,3.56,19.515,19.040,1157783,10508,19:05,2022-04-14 20:04:20.383692
REPSOL,13.770,1.74,0.24,35.60,13.815,13.535,5117229,21590,19:05,2022-04-14 20:04:20.383692
ROVI,66.600,0.38,0.25,-9.76,67.400,66.050,81716,3734,18:00,2022-04-14 20:04:20.383692
SANTANDER,3.152,0.93,0.03,7.21,3.185,3.129,34478960,54666,19:05,2022-04-14 20:04:20.383692
SIEMENS GAMESA,14.905,-1.52,-0.23,-29.26,15.165,14.905,1326539,10152,19:05,2022-04-14 20:04:20.383692
SOLARIA,21.830,0.97,0.21,27.51,22.150,21.430,461283,2728,19:05,2022-04-14 20:04:20.383692
TELEFÓNICA,4.996,1.17,0.06,29.70,5.000,4.892,20321886,28872,19:05,2022-04-14 20:04:20.383692
ACCIONA,193.200,1.74,3.30,14.93,194.700,188.800,100617,10598,18:00,2022-04-14 20:09:21.363886
ACERINOX,9.976,2.30,0.22,-12.38,10.015,9.714,1008302,2699,19:05,2022-04-14 20:09:21.363886
ACS,24.910,0.52,0.13,7.79,25.100,24.720,533878,7340,19:05,2022-04-14 20:09:21.363886
AENA,151.650,2.29,3.40,9.26,153.150,149.400,125423,22748,18:00,2022-04-14 20:09:21.363886
ALMIRALL,12.400,0.81,0.10,9.73,12.520,12.260,240950,2229,18:00,2022-04-14 20:09:21.363886
AMADEUS IT GROUP,56.880,0.64,0.36,-4.63,57.320,56.360,686913,25624,19:05,2022-04-14 20:09:21.363886
ARCELORMITTAL,30.510,2.83,0.84,7.52,30.550,29.930,483680,28613,19:05,2022-04-14 20:09:21.363886
BANCO SABADELL,0.731,-0.25,-0.00,28.38,0.744,0.730,21973836,4113,18:00,2022-04-14 20:09:21.363886
BANKINTER,5.278,1.93,0.10,18.39,5.304,5.204,2186491,4744,19:05,2022-04-14 20:09:21.363886
BBVA,5.034,1.63,0.08,0.28,5.073,4.936,17194476,33566,19:05,2022-04-14 20:09:21.363886
CAIXABANK,3.040,1.57,0.05,25.93,3.073,3.003,13611297,24504,19:05,2022-04-14 20:09:21.363886
CELLNEX TELECOM,44.950,-0.18,-0.08,-12.17,45.420,44.690,1024166,30536,19:05,2022-04-14 20:09:21.363886
CIE AUTOMOTIVE,19.920,-0.15,-0.03,-26.22,20.080,19.820,206315,2441,19:05,2022-04-14 20:09:21.363886
COLONIAL,8.330,0.30,0.02,0.97,8.385,8.280,632198,4495,18:00,2022-04-14 20:09:21.363886
ENAGAS,21.160,1.73,0.36,3.73,21.330,20.720,1221130,5544,19:05,2022-04-14 20:09:21.363886
ENDESA,19.615,0.90,0.17,-2.90,19.735,19.250,859571,20767,19:05,2022-04-14 20:09:21.363886
FERROVIAL,25.740,1.26,0.32,-6.60,25.900,25.420,824354,18883,19:05,2022-04-14 20:09:21.363886
FLUIDRA,25.240,0.48,0.12,-28.30,25.540,25.120,239998,4938,18:00,2022-04-14 20:09:21.363886
GRIFOLS,15.575,2.98,0.45,-7.70,15.770,15.165,1067505,6637,19:05,2022-04-14 20:09:21.363886
IAG,1.758,3.99,0.07,3.14,1.772,1.702,26124740,8737,19:05,2022-04-14 20:09:21.363886
IBERDROLA,10.505,1.11,0.11,2.61,10.570,10.290,10388874,67627,19:05,2022-04-14 20:09:21.363886
INDITEX,20.540,1.38,0.28,-28.01,20.670,20.280,3401612,64016,19:05,2022-04-14 20:09:21.363886
INDRA,9.190,1.49,0.13,-3.47,9.285,9.090,449027,1623,19:05,2022-04-14 20:09:21.363886
MAPFRE,1.884,0.80,0.01,4.35,1.897,1.853,3062240,5802,18:00,2022-04-14 20:09:21.363886
MELIÁ HOTELS,6.875,4.64,0.30,14.55,6.895,6.575,967905,1515,18:00,2022-04-14 20:09:21.363886
MERLIN PROP,10.830,0.74,0.08,13.17,10.910,10.660,614295,5088,18:00,2022-04-14 20:09:21.363886
NATURGY,29.560,0.99,0.29,5.41,29.840,29.220,349759,28662,18:00,2022-04-14 20:09:21.363886
PHARMA MAR,76.420,-0.31,-0.24,34.02,77.340,76.300,51287,1403,19:05,2022-04-14 20:09:21.363886
RED ELÉCTRICA,19.420,1.30,0.25,3.56,19.515,19.040,1157783,10508,19:05,2022-04-14 20:09:21.363886
REPSOL,13.770,1.74,0.24,35.60,13.815,13.535,5117229,21590,19:05,2022-04-14 20:09:21.363886
ROVI,66.600,0.38,0.25,-9.76,67.400,66.050,81716,3734,18:00,2022-04-14 20:09:21.363886
SANTANDER,3.152,0.93,0.03,7.21,3.185,3.129,34478960,54666,19:05,2022-04-14 20:09:21.363886
SIEMENS GAMESA,14.905,-1.52,-0.23,-29.26,15.165,14.905,1326539,10152,19:05,2022-04-14 20:09:21.363886
SOLARIA,21.830,0.97,0.21,27.51,22.150,21.430,461283,2728,19:05,2022-04-14 20:09:21.363886
TELEFÓNICA,4.996,1.17,0.06,29.70,5.000,4.892,20321886,28872,19:05,2022-04-14 20:09:21.363886
ACCIONA,193.200,1.74,3.30,14.93,194.700,188.800,100617,10598,18:00,2022-04-14 20:11:22.157873
ACERINOX,9.976,2.30,0.22,-12.38,10.015,9.714,1008302,2699,19:05,2022-04-14 20:11:22.157873
ACS,24.910,0.52,0.13,7.79,25.100,24.720,533878,7340,19:05,2022-04-14 20:11:22.157873
AENA,151.650,2.29,3.40,9.26,153.150,149.400,125423,22748,18:00,2022-04-14 20:11:22.157873
ALMIRALL,12.400,0.81,0.10,9.73,12.520,12.260,240950,2229,18:00,2022-04-14 20:11:22.157873
AMADEUS IT GROUP,56.880,0.64,0.36,-4.63,57.320,56.360,686913,25624,19:05,2022-04-14 20:11:22.157873
ARCELORMITTAL,30.510,2.83,0.84,7.52,30.550,29.930,483680,28613,19:05,2022-04-14 20:11:22.157873
BANCO SABADELL,0.731,-0.25,-0.00,28.38,0.744,0.730,21973836,4113,18:00,2022-04-14 20:11:22.157873
BANKINTER,5.278,1.93,0.10,18.39,5.304,5.204,2186491,4744,19:05,2022-04-14 20:11:22.157873
BBVA,5.034,1.63,0.08,0.28,5.073,4.936,17194476,33566,19:05,2022-04-14 20:11:22.157873
CAIXABANK,3.040,1.57,0.05,25.93,3.073,3.003,13611297,24504,19:05,2022-04-14 20:11:22.157873
CELLNEX TELECOM,44.950,-0.18,-0.08,-12.17,45.420,44.690,1024166,30536,19:05,2022-04-14 20:11:22.157873
CIE AUTOMOTIVE,19.920,-0.15,-0.03,-26.22,20.080,19.820,206315,2441,19:05,2022-04-14 20:11:22.157873
COLONIAL,8.330,0.30,0.02,0.97,8.385,8.280,632198,4495,18:00,2022-04-14 20:11:22.157873
ENAGAS,21.160,1.73,0.36,3.73,21.330,20.720,1221130,5544,19:05,2022-04-14 20:11:22.157873
ENDESA,19.615,0.90,0.17,-2.90,19.735,19.250,859571,20767,19:05,2022-04-14 20:11:22.157873
FERROVIAL,25.740,1.26,0.32,-6.60,25.900,25.420,824354,18883,19:05,2022-04-14 20:11:22.157873
FLUIDRA,25.240,0.48,0.12,-28.30,25.540,25.120,239998,4938,18:00,2022-04-14 20:11:22.157873
GRIFOLS,15.575,2.98,0.45,-7.70,15.770,15.165,1067505,6637,19:05,2022-04-14 20:11:22.157873
IAG,1.758,3.99,0.07,3.14,1.772,1.702,26124740,8737,19:05,2022-04-14 20:11:22.157873
IBERDROLA,10.505,1.11,0.11,2.61,10.570,10.290,10388874,67627,19:05,2022-04-14 20:11:22.157873
INDITEX,20.540,1.38,0.28,-28.01,20.670,20.280,3401612,64016,19:05,2022-04-14 20:11:22.157873
INDRA,9.190,1.49,0.13,-3.47,9.285,9.090,449027,1623,19:05,2022-04-14 20:11:22.157873
MAPFRE,1.884,0.80,0.01,4.35,1.897,1.853,3062240,5802,18:00,2022-04-14 20:11:22.157873
MELIÁ HOTELS,6.875,4.64,0.30,14.55,6.895,6.575,967905,1515,18:00,2022-04-14 20:11:22.157873
MERLIN PROP,10.830,0.74,0.08,13.17,10.910,10.660,614295,5088,18:00,2022-04-14 20:11:22.157873
NATURGY,29.560,0.99,0.29,5.41,29.840,29.220,349759,28662,18:00,2022-04-14 20:11:22.157873
PHARMA MAR,76.420,-0.31,-0.24,34.02,77.340,76.300,51287,1403,19:05,2022-04-14 20:11:22.157873
RED ELÉCTRICA,19.420,1.30,0.25,3.56,19.515,19.040,1157783,10508,19:05,2022-04-14 20:11:22.157873
REPSOL,13.770,1.74,0.24,35.60,13.815,13.535,5117229,21590,19:05,2022-04-14 20:11:22.157873
ROVI,66.600,0.38,0.25,-9.76,67.400,66.050,81716,3734,18:00,2022-04-14 20:11:22.157873
SANTANDER,3.152,0.93,0.03,7.21,3.185,3.129,34478960,54666,19:05,2022-04-14 20:11:22.157873
SIEMENS GAMESA,14.905,-1.52,-0.23,-29.26,15.165,14.905,1326539,10152,19:05,2022-04-14 20:11:22.157873
SOLARIA,21.830,0.97,0.21,27.51,22.150,21.430,461283,2728,19:05,2022-04-14 20:11:22.157873
TELEFÓNICA,4.996,1.17,0.06,29.70,5.000,4.892,20321886,28872,19:05,2022-04-14 20:11:22.157873
