2022-04-13,341,ukraine
2022-04-13,299,russia
2022-04-13,141,china
2022-04-13,127,covid
2022-04-13,104,military
2022-04-13,101,unitedstates
2022-04-13,94,police
2022-04-13,75,security
2022-04-13,73,sanctions
2022-04-13,73,energy
2022-04-13,71,foreign
2022-04-13,68,invasion
2022-04-06,331,ukraine
2022-04-06,329,russia
2022-04-06,161,covid
2022-04-06,157,china
2022-04-06,115,unitedstates
2022-04-06,113,military
2022-04-06,109,sanctions
2022-04-06,108,inflation
2022-04-06,83,foreign
2022-04-06,80,forces
2022-04-06,79,moscow
2022-04-06,74,shanghai
2022-03-30,366,russia
2022-03-30,341,ukraine
2022-03-30,150,unitedstates
2022-03-30,132,sanctions
2022-03-30,126,china
2022-03-30,120,foreign
2022-03-30,116,military
2022-03-30,102,covid
2022-03-30,95,energy
2022-03-30,93,moscow
2022-03-30,91,invasion
2022-03-30,88,economy
2022-03-23,400,russia
2022-03-23,381,ukraine
2022-03-23,191,china
2022-03-23,135,unitedstates
2022-03-23,109,military
2022-03-23,109,foreign
2022-03-23,106,sanctions
2022-03-23,94,invasion
2022-03-23,91,energy
2022-03-23,87,putin
2022-03-23,83,moscow
2022-03-23,81,security
2022-03-16,494,ukraine
2022-03-16,445,russia
2022-03-16,152,china
2022-03-16,147,military
2022-03-16,118,unitedstates
2022-03-16,113,invasion
2022-03-16,104,sanctions
2022-03-16,83,forces
2022-03-16,76,security
2022-03-16,75,moscow
2022-03-16,75,foreign
2022-03-16,74,support
2022-03-09,489,ukraine
2022-03-09,407,russia
2022-03-09,139,invasion
2022-03-09,130,china
2022-03-09,122,foreign
2022-03-09,116,sanctions
2022-03-09,110,unitedstates
2022-03-09,102,nuclear
2022-03-09,101,military
2022-03-09,84,security
2022-03-09,82,officials
2022-03-09,81,moscow
2022-03-02,650,russia
2022-03-02,618,ukraine
2022-03-02,181,invasion
2022-03-02,159,sanctions
2022-03-02,152,unitedstates
2022-03-02,125,nuclear
2022-03-02,123,moscow
2022-03-02,122,military
2022-03-02,118,putin
2022-03-02,108,energy
2022-03-02,97,foreign
2022-03-02,96,china
2022-02-23,634,ukraine
2022-02-23,610,russia
2022-02-23,213,invasion
2022-02-23,183,sanctions
2022-02-23,122,unitedstates
2022-02-23,119,military
2022-02-23,118,putin
2022-02-23,97,moscow
2022-02-23,89,foreign
2022-02-23,86,nuclear
2022-02-23,84,western
2022-02-23,79,forces
2022-02-16,253,ukraine
2022-02-16,204,russia
2022-02-16,95,china
2022-02-16,93,sanctions
2022-02-16,74,military
2022-02-16,73,energy
2022-02-16,73,covid
2022-02-16,71,market
2022-02-16,70,unitedstates
2022-02-16,68,putin
2022-02-16,61,supply
2022-02-16,60,pandemic
2022-02-09,142,ukraine
2022-02-09,125,russia
2022-02-09,103,covid
2022-02-09,94,unitedstates
2022-02-09,92,china
2022-02-09,74,pandemic
2022-02-09,74,military
2022-02-09,74,financial
2022-02-09,70,inflation
2022-02-09,68,market
2022-02-09,68,foreign
2022-02-09,65,court
2022-02-02,129,covid
2022-02-02,121,unitedstates
2022-02-02,94,pandemic
2022-02-02,92,russia
2022-02-02,90,market
2022-02-02,88,china
2022-02-02,73,military
2022-02-02,72,ukraine
2022-02-02,67,media
2022-02-02,65,supply
2022-02-02,64,power
2022-02-02,64,inflation
2022-01-26,139,covid
2022-01-26,91,unitedstates
2022-01-26,89,russia
2022-01-26,87,report
2022-01-26,83,pandemic
2022-01-26,72,energy
2022-01-26,71,market
2022-01-26,69,ukraine
2022-01-26,63,china
2022-01-26,61,quarter
2022-01-26,60,security
2022-01-26,60,foreign
2022-01-19,128,covid
2022-01-19,125,ukraine
2022-01-19,122,russia
2022-01-19,121,unitedstates
2022-01-19,110,china
2022-01-19,99,market
2022-01-19,95,pandemic
2022-01-19,91,financial
2022-01-19,83,omicron
2022-01-19,82,growth
2022-01-19,75,inflation
2022-01-19,71,supply
2022-01-12,163,covid
2022-01-12,112,ukraine
2022-01-12,106,omicron
2022-01-12,104,unitedstates
2022-01-12,104,pandemic
2022-01-12,100,china
2022-01-12,98,russia
2022-01-12,89,security
2022-01-12,81,health
2022-01-12,73,military
2022-01-12,68,record
2022-01-12,64,supply
2022-01-05,134,covid
2022-01-05,99,omicron
2022-01-05,92,china
2022-01-05,83,unitedstates
2022-01-05,70,foreign
2022-01-05,60,security
2022-01-05,60,record
2022-01-05,59,market
2022-01-05,59,inflation
2022-01-05,58,pandemic
2022-01-05,56,variant
2022-01-05,53,russia
2021-12-29,165,covid
2021-12-29,134,omicron
2021-12-29,106,china
2021-12-29,95,unitedstates
2021-12-29,78,variant
2021-12-29,76,trump
2021-12-29,75,record
2021-12-29,71,pandemic
2021-12-29,69,market
2021-12-29,64,coronavirus
2021-12-29,59,number
2021-12-29,59,health
2021-12-22,122,omicron
2021-12-22,107,covid
2021-12-22,81,unitedstates
2021-12-22,74,russia
2021-12-22,70,china
2021-12-22,62,variant
2021-12-22,52,foreign
2021-12-22,51,military
2021-12-22,46,security
2021-12-22,43,court
2021-12-22,42,record
2021-12-22,41,officials
2021-12-15,179,omicron
2021-12-15,153,covid
2021-12-15,108,china
2021-12-15,100,unitedstates
2021-12-15,88,variant
2021-12-15,74,market
2021-12-15,69,vaccine
2021-12-15,67,health
2021-12-15,65,coronavirus
2021-12-15,63,russia
2021-12-15,63,pandemic
2021-12-15,61,official
2021-12-08,182,china
2021-12-08,126,covid
2021-12-08,121,omicron
2021-12-08,117,unitedstates
2021-12-08,97,market
2021-12-08,79,variant
2021-12-08,74,rights
2021-12-08,69,russia
2021-12-08,69,pandemic
2021-12-08,69,energy
2021-12-08,65,health
2021-12-08,62,foreign
2021-12-01,154,china
2021-12-01,146,omicron
2021-12-01,124,covid
2021-12-01,116,unitedstates
2021-12-01,113,variant
2021-12-01,95,military
2021-12-01,92,russia
2021-12-01,76,market
2021-12-01,75,biden
2021-12-01,71,foreign
2021-12-01,70,chief
2021-12-01,69,health
2021-11-24,223,variant
2021-11-24,174,omicron
2021-11-24,169,china
2021-11-24,123,covid
2021-11-24,116,unitedstates
2021-11-24,105,africa
2021-11-24,99,health
2021-11-24,95,south
2021-11-24,87,travel
2021-11-24,79,coronavirus
2021-11-24,76,military
2021-11-24,59,restrictions
2021-11-17,128,china
2021-11-17,115,unitedstates
2021-11-17,81,covid
2021-11-17,70,military
2021-11-17,63,police
2021-11-17,63,germany
2021-11-17,61,chinese
2021-11-17,53,pandemic
2021-11-17,53,market
2021-11-17,53,biden
2021-11-17,48,should
2021-11-17,48,months
2021-11-10,140,china
2021-11-10,127,climate
2021-11-10,110,unitedstates
2021-11-10,92,covid
2021-11-10,83,japan
2021-11-10,82,military
2021-11-10,79,foreign
2021-11-10,67,demand
2021-11-10,63,police
2021-11-10,62,supply
2021-11-10,62,energy
2021-11-10,61,pandemic
2021-11-03,158,china
2021-11-03,141,climate
2021-11-03,128,unitedstates
2021-11-03,98,covid
2021-11-03,79,energy
2021-11-03,78,biden
2021-11-03,72,demand
2021-11-03,69,emissions
2021-11-03,66,pandemic
2021-11-03,66,market
2021-11-03,61,security
2021-11-03,59,taiwan
2021-10-27,194,china
2021-10-27,188,climate
2021-10-27,147,unitedstates
2021-10-27,116,covid
2021-10-27,90,pandemic
2021-10-27,86,quarter
2021-10-27,80,biden
2021-10-27,78,inflation
2021-10-27,77,supply
2021-10-27,76,economy
2021-10-27,75,central
2021-10-27,72,change
2021-10-20,172,china
2021-10-20,169,climate
2021-10-20,152,unitedstates
2021-10-20,118,covid
2021-10-20,104,emissions
2021-10-20,104,biden
2021-10-20,84,change
2021-10-20,77,pandemic
2021-10-20,77,energy
2021-10-20,74,supply
2021-10-20,69,quarter
2021-10-20,68,nations
2021-10-13,126,climate
2021-10-13,123,covid
2021-10-13,123,china
2021-10-13,120,unitedstates
2021-10-13,107,supply
2021-10-13,88,energy
2021-10-13,79,russia
2021-10-13,76,pandemic
2021-10-13,74,power
2021-10-13,73,military
2021-10-13,72,biden
2021-10-13,70,market
2021-10-06,156,china
2021-10-06,127,unitedstates
2021-10-06,126,power
2021-10-06,107,energy
2021-10-06,98,pandemic
2021-10-06,94,inflation
2021-10-06,92,biden
2021-10-06,89,supply
2021-10-06,88,covid
2021-10-06,88,climate
2021-10-06,82,taiwan
2021-10-06,74,policy
2021-09-29,134,climate
2021-09-29,125,china
2021-09-29,120,unitedstates
2021-09-29,92,covid
2021-09-29,86,energy
2021-09-29,80,foreign
2021-09-29,77,inflation
2021-09-29,67,pandemic
2021-09-29,67,change
2021-09-29,64,market
2021-09-29,64,major
2021-09-29,64,emissions
2021-09-22,142,china
2021-09-22,128,unitedstates
2021-09-22,92,pandemic
2021-09-22,92,covid
2021-09-22,81,energy
2021-09-22,76,climate
2021-09-22,75,evergrande
2021-09-22,74,demand
2021-09-22,70,business
2021-09-22,64,supply
2021-09-22,64,military
2021-09-22,62,power
2021-09-15,220,china
2021-09-15,166,unitedstates
2021-09-15,132,covid
2021-09-15,116,pandemic
2021-09-15,83,health
2021-09-15,82,market
2021-09-15,69,energy
2021-09-15,63,through
2021-09-15,62,police
2021-09-15,62,biden
2021-09-15,61,general
2021-09-15,59,being
2021-09-08,170,china
2021-09-08,115,covid
2021-09-08,105,unitedstates
2021-09-08,100,pandemic
2021-09-08,87,taliban
2021-09-08,74,biden
2021-09-08,62,workers
2021-09-08,62,health
2021-09-08,56,climate
2021-09-08,55,chinese
2021-09-08,54,report
2021-09-08,54,production
2021-09-01,113,taliban
2021-09-01,111,covid
2021-09-01,111,china
2021-09-01,104,unitedstates
2021-09-01,93,afghanistan
2021-09-01,71,pandemic
2021-09-01,65,health
2021-09-01,56,south
2021-09-01,54,officials
2021-09-01,53,should
2021-09-01,53,august
2021-09-01,52,biden
2021-08-25,167,afghanistan
2021-08-25,158,china
2021-08-25,118,taliban
2021-08-25,114,unitedstates
2021-08-25,104,covid
2021-08-25,91,health
2021-08-25,76,foreign
2021-08-25,72,kabul
2021-08-25,70,security
2021-08-25,67,vaccine
2021-08-25,66,airport
2021-08-25,65,military
2021-08-18,185,taliban
2021-08-18,180,afghanistan
2021-08-18,155,china
2021-08-18,115,covid
2021-08-18,109,unitedstates
2021-08-18,89,kabul
2021-08-18,86,biden
2021-08-18,80,foreign
2021-08-18,74,security
2021-08-18,67,military
2021-08-18,66,media
2021-08-18,66,airport
2021-08-11,248,taliban
2021-08-11,234,afghanistan
2021-08-11,141,kabul
2021-08-11,129,unitedstates
2021-08-11,119,covid
2021-08-11,105,afghan
2021-08-11,83,china
2021-08-11,83,airport
2021-08-11,82,forces
2021-08-11,81,security
2021-08-11,77,military
2021-08-11,69,foreign
2021-08-04,146,china
2021-08-04,120,covid
2021-08-04,104,unitedstates
2021-08-04,78,media
2021-08-04,71,taliban
2021-08-04,62,through
2021-08-04,62,military
2021-08-04,61,vaccine
2021-08-04,61,pandemic
2021-08-04,61,climate
2021-08-04,58,foreign
2021-08-04,55,health
2021-07-28,168,covid
2021-07-28,130,china
2021-07-28,123,unitedstates
2021-07-28,95,delta
2021-07-28,92,variant
2021-07-28,92,record
2021-07-28,92,olympic
2021-07-28,76,pandemic
2021-07-28,73,coronavirus
2021-07-28,68,health
2021-07-28,65,vaccinated
2021-07-28,64,tokyo
2021-07-21,179,china
2021-07-21,169,covid
2021-07-21,126,unitedstates
2021-07-21,102,pandemic
2021-07-21,72,coronavirus
2021-07-21,72,biden
2021-07-21,69,market
2021-07-21,63,south
2021-07-21,60,quarter
2021-07-21,60,officials
2021-07-21,58,infections
2021-07-21,56,vaccine
2021-07-14,154,covid
2021-07-14,117,china
2021-07-14,93,unitedstates
2021-07-14,83,vaccine
2021-07-14,77,health
2021-07-14,75,pandemic
2021-07-14,68,security
2021-07-14,66,market
2021-07-14,62,energy
2021-07-14,61,infections
2021-07-14,61,coronavirus
2021-07-14,59,media
2021-07-07,192,covid
2021-07-07,152,china
2021-07-07,99,pandemic
2021-07-07,96,unitedstates
2021-07-07,88,vaccine
2021-07-07,86,health
2021-07-07,83,market
2021-07-07,72,chinese
2021-07-07,69,financial
2021-07-07,68,carbon
2021-07-07,65,south
2021-07-07,64,energy
2021-06-30,140,covid
2021-06-30,129,china
2021-06-30,103,unitedstates
2021-06-30,78,variant
2021-06-30,77,south
2021-06-30,76,market
2021-06-30,74,delta
2021-06-30,73,restrictions
2021-06-30,72,health
2021-06-30,69,pandemic
2021-06-30,68,vaccine
2021-06-30,65,court
2021-06-23,148,covid
2021-06-23,100,unitedstates
2021-06-23,92,china
2021-06-23,88,health
2021-06-23,82,vaccine
2021-06-23,72,pandemic
2021-06-23,71,rights
2021-06-23,68,military
2021-06-23,68,market
2021-06-23,61,report
2021-06-23,60,variant
2021-06-23,60,delta
2021-06-16,136,china
2021-06-16,114,unitedstates
2021-06-16,102,covid
2021-06-16,83,health
2021-06-16,79,energy
2021-06-16,71,vaccine
2021-06-16,70,security
2021-06-16,63,biden
2021-06-16,62,national
2021-06-16,58,media
2021-06-16,56,vaccines
2021-06-16,56,taiwan
2021-06-09,168,china
2021-06-09,141,biden
2021-06-09,128,covid
2021-06-09,123,unitedstates
2021-06-09,91,pandemic
2021-06-09,73,security
2021-06-09,73,foreign
2021-06-09,65,vaccine
2021-06-09,64,health
2021-06-09,59,national
2021-06-09,59,leaders
2021-06-09,57,media
2021-06-02,142,china
2021-06-02,138,unitedstates
2021-06-02,117,covid
2021-06-02,90,biden
2021-06-02,81,vaccine
2021-06-02,75,pandemic
2021-06-02,74,health
2021-06-02,62,rights
2021-06-02,62,foreign
2021-06-02,61,officials
2021-06-02,61,official
2021-06-02,61,market
2021-05-26,129,china
2021-05-26,96,unitedstates
2021-05-26,96,covid
2021-05-26,76,pandemic
2021-05-26,75,energy
2021-05-26,65,economy
2021-05-26,61,military
2021-05-26,58,support
2021-05-26,57,market
2021-05-26,57,health
2021-05-26,53,demand
2021-05-26,52,business
2021-05-19,156,china
2021-05-19,124,covid
2021-05-19,111,unitedstates
2021-05-19,89,pandemic
2021-05-19,86,health
2021-05-19,76,climate
2021-05-19,73,military
2021-05-19,63,energy
2021-05-19,62,police
2021-05-19,61,coronavirus
2021-05-19,58,court
2021-05-19,57,vaccine
2021-05-12,113,covid
2021-05-12,106,israel
2021-05-12,99,china
2021-05-12,96,unitedstates
2021-05-12,77,pandemic
2021-05-12,77,health
2021-05-12,66,military
2021-05-12,63,biden
2021-05-12,62,security
2021-05-12,61,foreign
2021-05-12,60,officials
2021-05-12,60,emissions
2021-05-05,142,covid
2021-05-05,129,china
2021-05-05,103,vaccine
2021-05-05,90,unitedstates
2021-05-05,73,pandemic
2021-05-05,68,vaccines
2021-05-05,65,biden
2021-05-05,62,being
2021-05-05,60,rights
2021-05-05,59,police
2021-05-05,55,climate
2021-05-05,52,israel
2021-04-28,159,covid
2021-04-28,137,china
2021-04-28,102,foreign
2021-04-28,100,india
2021-04-28,95,biden
2021-04-28,86,pandemic
2021-04-28,84,unitedstates
2021-04-28,82,military
2021-04-28,81,health
2021-04-28,77,security
2021-04-28,70,vaccine
2021-04-28,64,climate
2021-04-21,163,covid
2021-04-21,153,china
2021-04-21,123,biden
2021-04-21,118,india
2021-04-21,113,unitedstates
2021-04-21,110,pandemic
2021-04-21,98,military
2021-04-21,96,vaccine
2021-04-21,87,health
2021-04-21,71,coronavirus
2021-04-21,69,saudi
2021-04-21,68,carbon
2021-04-14,179,china
2021-04-14,138,unitedstates
2021-04-14,128,climate
2021-04-14,126,biden
2021-04-14,116,covid
2021-04-14,109,foreign
2021-04-14,105,vaccine
2021-04-14,105,russia
2021-04-14,83,security
2021-04-14,82,emissions
2021-04-14,76,military
2021-04-14,74,court
2021-04-07,92,china
2021-04-07,87,covid
2021-04-07,72,vaccine
2021-04-07,67,unitedstates
2021-04-07,64,vaccines
2021-04-07,54,police
2021-04-07,54,biden
2021-04-07,52,pandemic
2021-04-07,49,military
2021-04-07,48,foreign
2021-04-07,47,health
2021-04-07,43,should
2021-03-31,54,unitedstates
2021-03-31,48,covid
2021-03-31,42,vaccine
2021-03-31,38,market
2021-03-31,38,google
2021-03-31,35,business
2021-03-31,34,financial
2021-03-31,34,banks
2021-03-31,31,sources
2021-03-31,30,climate
2021-03-31,29,pandemic
2021-03-31,29,biden
2021-03-24,123,china
2021-03-24,92,covid
2021-03-24,87,pandemic
2021-03-24,80,vaccine
2021-03-24,74,unitedstates
2021-03-24,57,officials
2021-03-24,48,investors
2021-03-24,48,india
2021-03-24,47,demand
2021-03-24,47,chinese
2021-03-24,45,vaccines
2021-03-24,43,rights
2021-03-17,163,china
2021-03-17,130,covid
2021-03-17,111,unitedstates
2021-03-17,97,pandemic
2021-03-17,95,vaccine
2021-03-17,77,saudi
2021-03-17,72,market
2021-03-17,72,energy
2021-03-17,69,myanmar
2021-03-17,61,officials
2021-03-17,61,astrazeneca
2021-03-17,59,europe
2021-03-10,138,vaccine
2021-03-10,125,covid
2021-03-10,124,pandemic
2021-03-10,118,china
2021-03-10,112,unitedstates
2021-03-10,112,market
2021-03-10,84,production
2021-03-10,82,energy
2021-03-10,78,demand
2021-03-10,77,chief
2021-03-10,77,astrazeneca
2021-03-10,66,through
2021-03-03,194,china
2021-03-03,149,vaccine
2021-03-03,148,covid
2021-03-03,130,unitedstates
2021-03-03,106,pandemic
2021-03-03,102,myanmar
2021-03-03,100,market
2021-03-03,89,power
2021-03-03,82,chinese
2021-03-03,79,military
2021-03-03,76,energy
2021-03-03,73,sources
2021-02-24,215,china
2021-02-24,145,covid
2021-02-24,137,unitedstates
2021-02-24,126,vaccine
2021-02-24,110,market
2021-02-24,102,biden
2021-02-24,98,pandemic
2021-02-24,87,vaccines
2021-02-24,79,chinese
2021-02-24,78,report
2021-02-24,75,support
2021-02-24,74,demand
2021-02-17,115,china
2021-02-17,114,covid
2021-02-17,100,vaccine
2021-02-17,92,pandemic
2021-02-17,87,unitedstates
2021-02-17,87,trump
2021-02-17,77,market
2021-02-17,71,climate
2021-02-17,65,coronavirus
2021-02-17,63,production
2021-02-17,62,facebook
2021-02-17,59,former
2021-02-10,116,covid
2021-02-10,106,amazon
2021-02-10,102,vaccine
2021-02-10,95,unitedstates
2021-02-10,92,china
2021-02-10,73,demand
2021-02-10,72,bitcoin
2021-02-10,72,banks
2021-02-10,68,pandemic
2021-02-10,68,india
2021-02-10,67,health
2021-02-10,66,market
2021-02-03,150,china
2021-02-03,108,vaccine
2021-02-03,106,covid
2021-02-03,91,pandemic
2021-02-03,91,energy
2021-02-03,85,chinese
2021-02-03,84,market
2021-02-03,75,unitedstates
2021-02-03,73,demand
2021-02-03,70,carbon
2021-02-03,68,production
2021-02-03,66,coronavirus
2021-01-27,153,covid
2021-01-27,134,china
2021-01-27,124,vaccine
2021-01-27,110,pandemic
2021-01-27,101,unitedstates
2021-01-27,99,biden
2021-01-27,82,military
2021-01-27,80,myanmar
2021-01-27,78,market
2021-01-27,75,media
2021-01-27,67,coronavirus
2021-01-27,66,business
2021-01-20,192,covid
2021-01-20,162,biden
2021-01-20,152,china
2021-01-20,145,pandemic
2021-01-20,129,vaccine
2021-01-20,120,climate
2021-01-20,108,unitedstates
2021-01-20,98,trump
2021-01-20,88,market
2021-01-20,80,sales
2021-01-20,74,coronavirus
2021-01-20,73,vaccines
2021-01-13,287,covid
2021-01-13,234,vaccine
2021-01-13,174,biden
2021-01-13,164,china
2021-01-13,140,vaccines
2021-01-13,134,health
2021-01-13,130,trump
2021-01-13,120,pandemic
2021-01-13,113,unitedstates
2021-01-13,106,climate
2021-01-13,105,coronavirus
2021-01-13,75,emissions
2021-01-06,187,covid
2021-01-06,129,vaccine
2021-01-06,115,china
2021-01-06,112,coronavirus
2021-01-06,104,trump
2021-01-06,89,pandemic
2021-01-06,85,health
2021-01-06,81,media
2021-01-06,76,market
2021-01-06,76,chief
2021-01-06,73,capitol
2021-01-06,67,unitedstates
2020-12-30,160,covid
2020-12-30,105,vaccine
2020-12-30,98,coronavirus
2020-12-30,78,unitedstates
2020-12-30,77,pandemic
2020-12-30,68,health
2020-12-30,62,china
2020-12-30,60,vaccines
2020-12-30,60,market
2020-12-30,54,police
2020-12-30,53,trump
2020-12-30,51,chief
2020-12-23,153,covid
2020-12-23,133,vaccine
2020-12-23,111,pandemic
2020-12-23,107,coronavirus
2020-12-23,104,china
2020-12-23,90,unitedstates
2020-12-23,78,points
2020-12-23,76,health
2020-12-23,75,britain
2020-12-23,67,trade
2020-12-23,63,market
2020-12-23,55,early
2020-12-16,147,covid
2020-12-16,142,vaccine
2020-12-16,114,china
2020-12-16,110,coronavirus
2020-12-16,108,pandemic
2020-12-16,100,unitedstates
2020-12-16,73,health
2020-12-16,72,britain
2020-12-16,66,workers
2020-12-16,65,market
2020-12-16,61,investors
2020-12-16,60,trade
2020-12-09,157,china
2020-12-09,149,covid
2020-12-09,136,vaccine
2020-12-09,109,pandemic
2020-12-09,97,unitedstates
2020-12-09,85,coronavirus
2020-12-09,74,market
2020-12-09,70,taiwan
2020-12-09,66,investors
2020-12-09,63,chinese
2020-12-09,60,change
2020-12-09,58,climate
2020-12-02,204,covid
2020-12-02,195,vaccine
2020-12-02,190,china
2020-12-02,159,pandemic
2020-12-02,114,unitedstates
2020-12-02,109,coronavirus
2020-12-02,103,vaccines
2020-12-02,99,market
2020-12-02,89,health
2020-12-02,76,business
2020-12-02,75,months
2020-12-02,74,chinese
2020-11-25,156,covid
2020-11-25,132,china
2020-11-25,119,pandemic
2020-11-25,101,vaccine
2020-11-25,101,coronavirus
2020-11-25,92,market
2020-11-25,82,demand
2020-11-25,77,energy
2020-11-25,73,business
2020-11-25,68,health
2020-11-25,64,unitedstates
2020-11-25,63,plans
2020-11-18,130,pandemic
2020-11-18,128,covid
2020-11-18,99,china
2020-11-18,87,coronavirus
2020-11-18,83,unitedstates
2020-11-18,80,market
2020-11-18,68,biden
2020-11-18,67,vaccine
2020-11-18,62,trump
2020-11-18,56,business
2020-11-18,53,health
2020-11-18,51,britain
2020-11-11,147,china
2020-11-11,109,vaccine
2020-11-11,107,covid
2020-11-11,89,trump
2020-11-11,83,pandemic
2020-11-11,73,coronavirus
2020-11-11,72,market
2020-11-11,65,unitedstates
2020-11-11,65,biden
2020-11-11,51,election
2020-11-11,46,economy
2020-11-11,45,chinese
2020-11-04,243,trump
2020-11-04,190,biden
2020-11-04,155,covid
2020-11-04,137,election
2020-11-04,137,coronavirus
2020-11-04,133,vaccine
2020-11-04,126,pandemic
2020-11-04,102,china
2020-11-04,93,market
2020-11-04,86,unitedstates
2020-11-04,78,sales
2020-11-04,74,expected
2020-10-28,197,trump
2020-10-28,181,china
2020-10-28,178,election
2020-10-28,138,biden
2020-10-28,121,covid
2020-10-28,113,coronavirus
2020-10-28,101,financial
2020-10-28,100,republican
2020-10-28,99,pandemic
2020-10-28,94,unitedstates
2020-10-28,85,market
2020-10-28,85,chinese
2020-10-21,134,pandemic
2020-10-21,125,covid
2020-10-21,125,china
2020-10-21,120,market
2020-10-21,99,trump
2020-10-21,99,sales
2020-10-21,99,coronavirus
2020-10-21,87,unitedstates
2020-10-21,85,quarter
2020-10-21,85,earlier
2020-10-21,79,expected
2020-10-21,79,election
2020-10-14,204,china
2020-10-14,153,pandemic
2020-10-14,149,covid
2020-10-14,136,market
2020-10-14,124,coronavirus
2020-10-14,97,energy
2020-10-14,93,unitedstates
2020-10-14,78,earlier
2020-10-14,76,sales
2020-10-14,72,business
2020-10-14,70,quarter
2020-10-14,70,health
2020-10-07,197,covid
2020-10-07,168,pandemic
2020-10-07,157,trump
2020-10-07,136,coronavirus
2020-10-07,105,china
2020-10-07,95,unitedstates
2020-10-07,93,energy
2020-10-07,92,market
2020-10-07,92,financial
2020-10-07,78,business
2020-10-07,76,national
2020-10-07,74,through
2020-09-30,145,covid
2020-09-30,141,trump
2020-09-30,118,pandemic
2020-09-30,98,coronavirus
2020-09-30,73,market
2020-09-30,69,plastic
2020-09-30,64,business
2020-09-30,63,unitedstates
2020-09-30,63,house
2020-09-30,60,white
2020-09-30,57,election
2020-09-30,55,industry
2020-09-23,164,covid
2020-09-23,133,china
2020-09-23,113,coronavirus
2020-09-23,92,pandemic
2020-09-23,90,market
2020-09-23,86,unitedstates
2020-09-23,80,energy
2020-09-23,77,trump
2020-09-23,66,workers
2020-09-23,63,chinese
2020-09-23,61,being
2020-09-23,59,markets
2020-09-16,163,covid
2020-09-16,149,coronavirus
2020-09-16,145,china
2020-09-16,125,unitedstates
2020-09-16,116,pandemic
2020-09-16,90,business
2020-09-16,87,market
2020-09-16,83,health
2020-09-16,82,trump
2020-09-16,79,tiktok
2020-09-16,78,months
2020-09-16,73,vaccine
2020-09-09,158,china
2020-09-09,147,coronavirus
2020-09-09,145,covid
2020-09-09,135,trump
2020-09-09,120,unitedstates
2020-09-09,108,pandemic
2020-09-09,98,business
2020-09-09,96,vaccine
2020-09-09,94,sources
2020-09-09,88,huawei
2020-09-09,84,financial
2020-09-09,81,market
2020-09-02,164,coronavirus
2020-09-02,147,covid
2020-09-02,144,pandemic
2020-09-02,84,unitedstates
2020-09-02,83,china
2020-09-02,80,election
2020-09-02,76,health
2020-09-02,76,being
2020-09-02,75,market
2020-09-02,70,vaccine
2020-09-02,67,months
2020-09-02,67,business
2020-08-26,143,china
2020-08-26,111,coronavirus
2020-08-26,106,pandemic
2020-08-26,106,covid
2020-08-26,88,unitedstates
2020-08-26,78,chinese
2020-08-26,72,market
2020-08-26,71,trump
2020-08-26,70,india
2020-08-26,67,power
2020-08-26,66,police
2020-08-26,66,health
2020-08-19,135,china
2020-08-19,129,covid
2020-08-19,107,coronavirus
2020-08-19,92,unitedstates
2020-08-19,91,pandemic
2020-08-19,71,chinese
2020-08-19,68,trump
2020-08-19,66,national
2020-08-19,60,business
2020-08-19,58,being
2020-08-19,57,market
2020-08-19,56,military
2020-08-12,178,china
2020-08-12,147,coronavirus
2020-08-12,143,covid
2020-08-12,138,pandemic
2020-08-12,103,unitedstates
2020-08-12,93,health
2020-08-12,89,chinese
2020-08-12,85,market
2020-08-12,71,quarter
2020-08-12,68,demand
2020-08-12,66,financial
2020-08-12,64,months
2020-08-05,188,coronavirus
2020-08-05,171,china
2020-08-05,165,covid
2020-08-05,127,pandemic
2020-08-05,99,chinese
2020-08-05,98,unitedstates
2020-08-05,96,quarter
2020-08-05,88,market
2020-08-05,81,trump
2020-08-05,80,business
2020-08-05,75,financial
2020-08-05,74,health
2020-07-29,212,coronavirus
2020-07-29,199,covid
2020-07-29,166,pandemic
2020-07-29,139,china
2020-07-29,101,unitedstates
2020-07-29,99,health
2020-07-29,91,virus
2020-07-29,90,quarter
2020-07-29,88,trump
2020-07-29,87,chief
2020-07-29,86,women
2020-07-29,83,months
2020-07-22,239,coronavirus
2020-07-22,220,china
2020-07-22,194,covid
2020-07-22,159,pandemic
2020-07-22,105,unitedstates
2020-07-22,102,market
2020-07-22,101,business
2020-07-22,98,quarter
2020-07-22,97,chinese
2020-07-22,89,health
2020-07-22,84,virus
2020-07-22,83,financial
2020-07-15,227,coronavirus
2020-07-15,145,pandemic
2020-07-15,128,covid
2020-07-15,111,market
2020-07-15,111,china
2020-07-15,98,unitedstates
2020-07-15,95,financial
2020-07-15,88,business
2020-07-15,86,trump
2020-07-15,78,chief
2020-07-15,75,court
2020-07-15,74,investment
2020-07-08,148,coronavirus
2020-07-08,130,covid
2020-07-08,127,court
2020-07-08,109,china
2020-07-08,102,pandemic
2020-07-08,66,chief
2020-07-08,64,market
2020-07-08,64,being
2020-07-08,62,unitedstates
2020-07-08,62,business
2020-07-08,56,health
2020-07-08,54,through
2020-07-01,195,coronavirus
2020-07-01,143,china
2020-07-01,132,covid
2020-07-01,112,pandemic
2020-07-01,99,police
2020-07-01,94,unitedstates
2020-07-01,90,court
2020-07-01,89,health
2020-07-01,74,security
2020-07-01,73,chief
2020-07-01,73,called
2020-07-01,72,social
2020-06-24,177,coronavirus
2020-06-24,131,pandemic
2020-06-24,122,covid
2020-06-24,112,unitedstates
2020-06-24,107,china
2020-06-24,97,market
2020-06-24,93,police
2020-06-24,73,trump
2020-06-24,70,demand
2020-06-24,69,report
2020-06-24,62,months
2020-06-24,62,court
2020-06-17,204,coronavirus
2020-06-17,154,china
2020-06-17,143,covid
2020-06-17,122,unitedstates
2020-06-17,99,pandemic
2020-06-17,95,market
2020-06-17,90,police
2020-06-17,88,trump
2020-06-17,85,health
2020-06-17,84,financial
2020-06-17,82,business
2020-06-17,77,demand
2020-06-10,218,coronavirus
2020-06-10,191,china
2020-06-10,109,pandemic
2020-06-10,101,unitedstates
2020-06-10,99,market
2020-06-10,94,covid
2020-06-10,86,court
2020-06-10,82,trump
2020-06-10,81,chinese
2020-06-10,64,trade
2020-06-10,64,demand
2020-06-10,60,business
2020-06-03,218,coronavirus
2020-06-03,167,police
2020-06-03,143,covid
2020-06-03,126,pandemic
2020-06-03,113,china
2020-06-03,98,market
2020-06-03,95,unitedstates
2020-06-03,84,black
2020-06-03,75,floyd
2020-06-03,68,white
2020-06-03,68,national
2020-06-03,68,economy
2020-05-27,205,coronavirus
2020-05-27,152,police
2020-05-27,136,covid
2020-05-27,134,pandemic
2020-05-27,124,china
2020-05-27,94,trump
2020-05-27,81,market
2020-05-27,76,social
2020-05-27,76,media
2020-05-27,71,court
2020-05-27,70,unitedstates
2020-05-27,70,floyd
2020-05-20,245,coronavirus
2020-05-20,175,health
2020-05-20,121,china
2020-05-20,116,pandemic
2020-05-20,103,covid
2020-05-20,72,plans
2020-05-20,71,business
2020-05-20,65,crisis
2020-05-20,65,court
2020-05-20,64,unitedstates
2020-05-20,64,market
2020-05-20,63,virus
2020-05-13,328,coronavirus
2020-05-13,181,pandemic
2020-05-13,163,covid
2020-05-13,158,china
2020-05-13,142,health
2020-05-13,107,unitedstates
2020-05-13,107,crisis
2020-05-13,95,market
2020-05-13,88,virus
2020-05-13,84,business
2020-05-13,82,economy
2020-05-13,79,social
2020-05-06,364,coronavirus
2020-05-06,195,pandemic
2020-05-06,173,china
2020-05-06,160,covid
2020-05-06,115,virus
2020-05-06,113,economy
2020-05-06,110,unitedstates
2020-05-06,110,trump
2020-05-06,102,market
2020-05-06,92,health
2020-05-06,85,business
2020-05-06,78,crisis
2020-04-29,422,coronavirus
2020-04-29,190,pandemic
2020-04-29,179,china
2020-04-29,160,health
2020-04-29,155,covid
2020-04-29,132,lockdown
2020-04-29,120,unitedstates
2020-04-29,114,economy
2020-04-29,99,market
2020-04-29,96,virus
2020-04-29,95,trump
2020-04-29,94,crisis
2020-04-22,450,coronavirus
2020-04-22,209,covid
2020-04-22,198,pandemic
2020-04-22,162,health
2020-04-22,156,china
2020-04-22,123,virus
2020-04-22,118,crisis
2020-04-22,113,unitedstates
2020-04-22,105,demand
2020-04-22,98,lockdown
2020-04-22,97,deaths
2020-04-22,95,outbreak
2020-04-15,437,coronavirus
2020-04-15,150,pandemic
2020-04-15,129,china
2020-04-15,125,covid
2020-04-15,118,health
2020-04-15,110,lockdown
2020-04-15,102,virus
2020-04-15,101,market
2020-04-15,101,crisis
2020-04-15,95,outbreak
2020-04-15,93,demand
2020-04-15,82,workers
2020-04-08,416,coronavirus
2020-04-08,146,health
2020-04-08,120,pandemic
2020-04-08,119,virus
2020-04-08,116,covid
2020-04-08,103,china
2020-04-08,98,market
2020-04-08,93,south
2020-04-08,88,unitedstates
2020-04-08,87,lockdown
2020-04-08,87,crisis
2020-04-08,80,spread
2020-04-01,488,coronavirus
2020-04-01,183,health
2020-04-01,178,pandemic
2020-04-01,144,covid
2020-04-01,139,crisis
2020-04-01,127,china
2020-04-01,123,virus
2020-04-01,115,outbreak
2020-04-01,113,market
2020-04-01,99,banks
2020-04-01,91,spread
2020-04-01,86,measures
2020-03-25,508,coronavirus
2020-03-25,178,china
2020-03-25,164,health
2020-03-25,155,pandemic
2020-03-25,136,virus
2020-03-25,131,crisis
2020-03-25,122,market
2020-03-25,119,outbreak
2020-03-25,106,financial
2020-03-25,101,banks
2020-03-25,100,demand
2020-03-25,88,spread
2020-03-18,420,coronavirus
2020-03-18,194,russia
2020-03-18,173,china
2020-03-18,145,ukraine
2020-03-18,130,virus
2020-03-18,129,health
2020-03-18,116,market
2020-03-18,114,unitedstates
2020-03-18,111,demand
2020-03-18,104,banks
2020-03-18,103,covid
2020-03-18,101,central
2020-03-11,580,coronavirus
2020-03-11,226,china
2020-03-11,203,virus
2020-03-11,185,market
2020-03-11,158,health
2020-03-11,156,outbreak
2020-03-11,123,spread
2020-03-11,121,crisis
2020-03-11,117,financial
2020-03-11,115,banks
2020-03-11,112,markets
2020-03-11,109,pandemic
2020-03-04,439,coronavirus
2020-03-04,206,health
2020-03-04,196,china
2020-03-04,172,virus
2020-03-04,147,outbreak
2020-03-04,115,spread
2020-03-04,108,market
2020-03-04,93,financial
2020-03-04,90,unitedstates
2020-03-04,88,saudi
2020-03-04,84,italy
2020-03-04,74,number
2020-02-26,358,coronavirus
2020-02-26,202,china
2020-02-26,152,health
2020-02-26,147,outbreak
2020-02-26,143,virus
2020-02-26,98,south
2020-02-26,95,unitedstates
2020-02-26,95,flights
2020-02-26,90,spread
2020-02-26,90,market
2020-02-26,90,business
2020-02-26,83,number
2020-02-19,247,china
2020-02-19,205,coronavirus
2020-02-19,92,outbreak
2020-02-19,91,financial
2020-02-19,86,health
2020-02-19,85,executive
2020-02-19,85,business
2020-02-19,84,virus
2020-02-19,83,south
2020-02-19,80,chief
2020-02-19,78,chinese
2020-02-19,77,market
2020-02-12,179,china
2020-02-12,124,coronavirus
2020-02-12,92,trump
2020-02-12,79,market
2020-02-12,79,business
2020-02-12,75,virus
2020-02-12,73,russia
2020-02-12,69,growth
2020-02-12,64,chinese
2020-02-12,63,shares
2020-02-12,63,production
2020-02-12,63,investment
2020-02-05,311,china
2020-02-05,157,coronavirus
2020-02-05,113,chinese
2020-02-05,100,market
2020-02-05,93,outbreak
2020-02-05,83,virus
2020-02-05,81,business
2020-02-05,78,trump
2020-02-05,77,south
2020-02-05,76,former
2020-02-05,76,chief
2020-02-05,75,unitedstates
2020-01-29,265,china
2020-01-29,117,market
2020-01-29,116,coronavirus
2020-01-29,104,trump
2020-01-29,88,chinese
2020-01-29,86,unitedstates
2020-01-29,84,virus
2020-01-29,77,outbreak
2020-01-29,77,business
2020-01-29,73,trade
2020-01-29,72,health
2020-01-29,67,production
2020-01-22,257,china
2020-01-22,121,market
2020-01-22,117,chinese
2020-01-22,101,coronavirus
2020-01-22,93,unitedstates
2020-01-22,86,virus
2020-01-22,83,health
2020-01-22,75,trump
2020-01-22,75,expected
2020-01-22,73,shares
2020-01-22,72,energy
2020-01-22,70,outbreak
2020-01-15,146,unitedstates
2020-01-15,146,china
2020-01-15,125,trump
2020-01-15,111,climate
2020-01-15,100,market
2020-01-15,97,energy
2020-01-15,82,former
2020-01-15,82,change
2020-01-15,74,power
2020-01-15,74,foreign
2020-01-15,70,chinese
2020-01-15,70,based
2020-01-08,307,china
2020-01-08,148,trade
2020-01-08,144,trump
2020-01-08,137,unitedstates
2020-01-08,113,chinese
2020-01-08,102,market
2020-01-08,90,industry
2020-01-08,87,business
2020-01-08,84,change
2020-01-08,81,climate
2020-01-08,79,officials
2020-01-08,77,tariffs
2020-01-01,190,china
2020-01-01,154,military
2020-01-01,131,unitedstates
2020-01-01,116,market
2020-01-01,101,soleimani
2020-01-01,92,security
2020-01-01,87,trump
2020-01-01,81,foreign
2020-01-01,79,cancer
2020-01-01,78,killed
2020-01-01,76,iranian
2020-01-01,76,chinese
2019-12-25,57,unitedstates
2019-12-25,56,power
2019-12-25,56,court
2019-12-25,53,health
2019-12-25,52,trump
2019-12-25,50,energy
2019-12-25,49,china
2019-12-25,48,police
2019-12-25,43,security
2019-12-25,43,military
2019-12-25,41,protests
2019-12-25,41,former
2019-12-18,109,china
2019-12-18,88,market
2019-12-18,72,court
2019-12-18,71,police
2019-12-18,69,unitedstates
2019-12-18,69,security
2019-12-18,68,former
2019-12-18,66,through
2019-12-18,60,chinese
2019-12-18,56,protesters
2019-12-18,55,official
2019-12-18,54,north
2019-12-11,168,china
2019-12-11,109,unitedstates
2019-12-11,93,court
2019-12-11,92,media
2019-12-11,88,market
2019-12-11,83,trump
2019-12-11,81,chinese
2019-12-11,75,officials
2019-12-11,72,workers
2019-12-11,72,women
2019-12-11,72,financial
2019-12-11,64,trade
2019-12-04,161,trump
2019-12-04,151,unitedstates
2019-12-04,113,china
2019-12-04,106,climate
2019-12-04,99,court
2019-12-04,96,women
2019-12-04,91,russia
2019-12-04,90,former
2019-12-04,90,chief
2019-12-04,81,saudi
2019-12-04,81,election
2019-12-04,79,sources
2019-11-27,153,china
2019-11-27,134,trump
2019-11-27,90,security
2019-11-27,86,unitedstates
2019-11-27,80,russia
2019-11-27,73,police
2019-11-27,68,house
2019-11-27,64,market
2019-11-27,62,technology
2019-11-27,62,climate
2019-11-27,62,census
2019-11-27,61,trade
2019-11-20,197,china
2019-11-20,165,unitedstates
2019-11-20,109,market
2019-11-20,99,trump
2019-11-20,87,security
2019-11-20,84,report
2019-11-20,84,chinese
2019-11-20,79,court
2019-11-20,78,police
2019-11-20,77,trade
2019-11-20,77,national
2019-11-20,76,technology
2019-11-13,183,china
2019-11-13,155,trump
2019-11-13,137,unitedstates
2019-11-13,103,trade
2019-11-13,91,police
2019-11-13,87,market
2019-11-13,86,court
2019-11-13,84,russia
2019-11-13,83,financial
2019-11-13,80,national
2019-11-13,78,south
2019-11-13,73,security
2019-11-06,172,china
2019-11-06,137,trump
2019-11-06,133,unitedstates
2019-11-06,113,market
2019-11-06,107,energy
2019-11-06,100,court
2019-11-06,99,security
2019-11-06,82,trade
2019-11-06,77,former
2019-11-06,76,change
2019-11-06,73,business
2019-11-06,72,power
2019-10-30,256,china
2019-10-30,178,unitedstates
2019-10-30,132,trump
2019-10-30,114,market
2019-10-30,97,security
2019-10-30,92,women
2019-10-30,83,economy
2019-10-30,82,south
2019-10-30,77,former
2019-10-30,76,sales
2019-10-30,76,industry
2019-10-30,74,chinese
2019-10-23,150,unitedstates
2019-10-23,137,china
2019-10-23,109,earlier
2019-10-23,105,protests
2019-10-23,97,quarter
2019-10-23,95,turkey
2019-10-23,92,trump
2019-10-23,92,power
2019-10-23,88,market
2019-10-23,86,syria
2019-10-23,79,water
2019-10-23,79,shares
2019-10-16,152,trump
2019-10-16,120,unitedstates
2019-10-16,105,china
2019-10-16,94,business
2019-10-16,90,trade
2019-10-16,89,power
2019-10-16,85,market
2019-10-16,84,former
2019-10-16,82,chief
2019-10-16,77,boeing
2019-10-16,75,russia
2019-10-16,74,police
2019-10-09,228,china
2019-10-09,179,trump
2019-10-09,108,unitedstates
2019-10-09,100,women
2019-10-09,98,chinese
2019-10-09,96,market
2019-10-09,86,turkey
2019-10-09,86,police
2019-10-09,83,trade
2019-10-09,83,syria
2019-10-09,78,sources
2019-10-09,75,officials
2019-10-02,162,trump
2019-10-02,161,china
2019-10-02,111,climate
2019-10-02,102,unitedstates
2019-10-02,90,court
2019-10-02,87,women
2019-10-02,75,through
2019-10-02,75,chinese
2019-10-02,74,market
2019-10-02,73,former
2019-10-02,71,national
2019-10-02,70,change
2019-09-25,187,china
2019-09-25,147,unitedstates
2019-09-25,143,trump
2019-09-25,108,market
2019-09-25,91,being
2019-09-25,88,business
2019-09-25,86,political
2019-09-25,82,trade
2019-09-25,78,police
2019-09-25,76,security
2019-09-25,76,saudi
2019-09-25,74,sources
2019-09-18,257,china
2019-09-18,202,unitedstates
2019-09-18,195,trump
2019-09-18,155,trade
2019-09-18,140,market
2019-09-18,134,climate
2019-09-18,92,business
2019-09-18,87,national
2019-09-18,84,sanctions
2019-09-18,83,chinese
2019-09-18,80,report
2019-09-18,79,saudi
2019-09-11,220,saudi
2019-09-11,153,unitedstates
2019-09-11,138,china
2019-09-11,132,trump
2019-09-11,123,attack
2019-09-11,120,market
2019-09-11,106,trade
2019-09-11,99,energy
2019-09-11,99,court
2019-09-11,94,arabia
2019-09-11,91,production
2019-09-11,85,power
2019-09-04,219,china
2019-09-04,135,trump
2019-09-04,134,trade
2019-09-04,117,unitedstates
2019-09-04,103,party
2019-09-04,102,former
2019-09-04,98,mugabe
2019-09-04,94,market
2019-09-04,91,power
2019-09-04,88,being
2019-09-04,82,rights
2019-09-04,82,national
2019-08-28,198,china
2019-08-28,145,unitedstates
2019-08-28,120,market
2019-08-28,96,south
2019-08-28,89,trade
2019-08-28,84,chinese
2019-08-28,76,report
2019-08-28,74,through
2019-08-28,72,tonnes
2019-08-28,71,court
2019-08-28,67,national
2019-08-28,67,august
2019-08-21,278,china
2019-08-21,165,trade
2019-08-21,157,trump
2019-08-21,144,unitedstates
2019-08-21,129,market
2019-08-21,84,tariffs
2019-08-21,81,chinese
2019-08-21,78,business
2019-08-21,76,financial
2019-08-21,70,investors
2019-08-21,68,women
2019-08-21,68,north
2019-08-14,174,china
2019-08-14,128,unitedstates
2019-08-14,117,market
2019-08-14,111,trump
2019-08-14,94,trade
2019-08-14,74,business
2019-08-14,72,chinese
2019-08-14,70,police
2019-08-14,69,based
2019-08-14,65,former
2019-08-14,64,sales
2019-08-14,63,south
2019-08-07,235,china
2019-08-07,163,unitedstates
2019-08-07,154,trump
2019-08-07,146,trade
2019-08-07,119,chinese
2019-08-07,117,police
2019-08-07,114,market
2019-08-07,107,court
2019-08-07,100,epstein
2019-08-07,93,south
2019-08-07,80,japan
2019-08-07,79,tariffs
2019-07-31,259,china
2019-07-31,117,unitedstates
2019-07-31,114,chinese
2019-07-31,102,south
2019-07-31,101,korea
2019-07-31,99,trade
2019-07-31,95,trump
2019-07-31,95,market
2019-07-31,84,india
2019-07-31,80,north
2019-07-31,77,sources
2019-07-31,77,japan
2019-07-24,173,china
2019-07-24,154,market
2019-07-24,147,unitedstates
2019-07-24,114,trump
2019-07-24,104,south
2019-07-24,103,trade
2019-07-24,100,women
2019-07-24,98,business
2019-07-24,97,police
2019-07-24,92,growth
2019-07-24,86,chief
2019-07-24,82,national
2019-07-17,168,china
2019-07-17,137,unitedstates
2019-07-17,107,trump
2019-07-17,101,trade
2019-07-17,99,police
2019-07-17,95,south
2019-07-17,86,market
2019-07-17,83,growth
2019-07-17,83,chinese
2019-07-17,83,britain
2019-07-17,82,johnson
2019-07-17,78,national
2019-07-10,214,china
2019-07-10,133,unitedstates
2019-07-10,107,court
2019-07-10,105,market
2019-07-10,97,trump
2019-07-10,83,quarter
2019-07-10,80,called
2019-07-10,80,business
2019-07-10,78,trade
2019-07-10,78,police
2019-07-10,78,months
2019-07-10,75,financial
2019-07-03,126,trump
2019-07-03,125,trade
2019-07-03,124,unitedstates
2019-07-03,101,china
2019-07-03,96,court
2019-07-03,87,south
2019-07-03,83,market
2019-07-03,83,former
2019-07-03,74,rights
2019-07-03,72,business
2019-07-03,70,women
2019-07-03,67,called
2019-06-26,161,trump
2019-06-26,143,china
2019-06-26,135,unitedstates
2019-06-26,102,market
2019-06-26,94,trade
2019-06-26,89,court
2019-06-26,82,added
2019-06-26,72,japan
2019-06-26,72,financial
2019-06-26,72,chief
2019-06-26,71,south
2019-06-26,66,party
2019-06-19,218,china
2019-06-19,160,trump
2019-06-19,146,unitedstates
2019-06-19,109,chinese
2019-06-19,106,court
2019-06-19,101,market
2019-06-19,97,women
2019-06-19,97,trade
2019-06-19,91,sources
2019-06-19,91,north
2019-06-19,88,foreign
2019-06-19,87,india
2019-06-12,151,china
2019-06-12,135,unitedstates
2019-06-12,106,trump
2019-06-12,86,market
2019-06-12,77,plastic
2019-06-12,74,trade
2019-06-12,72,business
2019-06-12,68,former
2019-06-12,67,power
2019-06-12,65,mexico
2019-06-12,65,india
2019-06-12,64,court
2019-06-05,160,unitedstates
2019-06-05,104,china
2019-06-05,99,court
2019-06-05,96,trump
2019-06-05,92,russia
2019-06-05,90,market
2019-06-05,90,business
2019-06-05,74,women
2019-06-05,69,report
2019-06-05,68,through
2019-06-05,66,being
2019-06-05,65,largest
2019-05-29,235,china
2019-05-29,165,unitedstates
2019-05-29,156,trump
2019-05-29,116,chinese
2019-05-29,111,market
2019-05-29,84,trade
2019-05-29,82,police
2019-05-29,82,health
2019-05-29,79,power
2019-05-29,79,chief
2019-05-29,77,water
2019-05-29,77,court
2019-05-22,132,trump
2019-05-22,127,china
2019-05-22,107,unitedstates
2019-05-22,94,market
2019-05-22,82,party
2019-05-22,76,election
2019-05-22,70,business
2019-05-22,68,chief
2019-05-22,64,being
2019-05-22,63,foreign
2019-05-22,61,industry
2019-05-22,59,former
2019-05-15,169,huawei
2019-05-15,164,china
2019-05-15,147,unitedstates
2019-05-15,106,market
2019-05-15,101,business
2019-05-15,92,party
2019-05-15,91,court
2019-05-15,84,being
2019-05-15,80,election
2019-05-15,76,women
2019-05-15,76,police
2019-05-15,75,trade
2019-05-08,165,china
2019-05-08,134,percent
2019-05-08,125,trump
2019-05-08,124,unitedstates
2019-05-08,117,market
2019-05-08,116,court
2019-05-08,106,huawei
2019-05-08,90,business
2019-05-08,88,investors
2019-05-08,86,chinese
2019-05-08,83,investment
2019-05-08,81,foreign
2019-05-01,290,percent
2019-05-01,171,china
2019-05-01,143,trump
2019-05-01,142,unitedstates
2019-05-01,87,market
2019-05-01,78,business
2019-05-01,77,report
2019-05-01,75,foreign
2019-05-01,74,military
2019-05-01,73,being
2019-05-01,72,chief
2019-05-01,71,power
2019-04-24,250,percent
2019-04-24,200,china
2019-04-24,145,unitedstates
2019-04-24,135,university
2019-04-24,131,trump
2019-04-24,86,business
2019-04-24,81,south
2019-04-24,80,security
2019-04-24,79,market
2019-04-24,77,report
2019-04-24,76,military
2019-04-24,76,financial
2019-04-17,267,percent
2019-04-17,190,china
2019-04-17,119,unitedstates
2019-04-17,114,military
2019-04-17,96,chinese
2019-04-17,92,trump
2019-04-17,85,party
2019-04-17,84,officials
2019-04-17,83,power
2019-04-17,75,market
2019-04-17,74,business
2019-04-17,73,through
2019-04-10,300,percent
2019-04-10,155,china
2019-04-10,107,unitedstates
2019-04-10,107,trump
2019-04-10,98,court
2019-04-10,92,women
2019-04-10,90,market
2019-04-10,87,party
2019-04-10,82,report
2019-04-10,82,quarter
2019-04-10,81,sales
2019-04-10,79,growth
2019-04-03,289,percent
2019-04-03,147,unitedstates
2019-04-03,132,china
2019-04-03,124,women
2019-04-03,105,market
2019-04-03,100,trump
2019-04-03,99,party
2019-04-03,91,national
2019-04-03,84,foreign
2019-04-03,84,business
2019-04-03,80,court
2019-04-03,75,military
2019-03-27,308,percent
2019-03-27,137,unitedstates
2019-03-27,123,china
2019-03-27,99,trump
2019-03-27,98,market
2019-03-27,94,court
2019-03-27,85,power
2019-03-27,83,business
2019-03-27,76,national
2019-03-27,75,energy
2019-03-27,70,report
2019-03-27,70,plans
2019-03-20,254,percent
2019-03-20,149,china
2019-03-20,127,unitedstates
2019-03-20,114,court
2019-03-20,110,power
2019-03-20,98,trump
2019-03-20,87,party
2019-03-20,85,market
2019-03-20,80,election
2019-03-20,75,chief
2019-03-20,74,military
2019-03-20,73,foreign
2019-03-13,231,china
2019-03-13,217,percent
2019-03-13,132,market
2019-03-13,129,unitedstates
2019-03-13,109,trump
2019-03-13,104,zealand
2019-03-13,87,national
2019-03-13,87,court
2019-03-13,85,being
2019-03-13,84,foreign
2019-03-13,83,prime
2019-03-13,81,trade
2019-03-06,223,percent
2019-03-06,158,china
2019-03-06,123,women
2019-03-06,122,unitedstates
2019-03-06,105,court
2019-03-06,103,money
2019-03-06,102,trump
2019-03-06,95,market
2019-03-06,83,business
2019-03-06,78,power
2019-03-06,76,chief
2019-03-06,72,health
2019-02-27,311,percent
2019-02-27,187,china
2019-02-27,143,unitedstates
2019-02-27,118,trump
2019-02-27,118,india
2019-02-27,110,russia
2019-02-27,87,trade
2019-02-27,82,former
2019-02-27,82,foreign
2019-02-27,81,party
2019-02-27,80,women
2019-02-27,80,being
2019-02-20,277,percent
2019-02-20,154,unitedstates
2019-02-20,154,china
2019-02-20,125,trump
2019-02-20,102,market
2019-02-20,86,court
2019-02-20,85,financial
2019-02-20,76,trade
2019-02-20,73,venezuela
2019-02-20,72,money
2019-02-20,72,biggest
2019-02-20,70,election
2019-02-13,297,percent
2019-02-13,144,china
2019-02-13,130,unitedstates
2019-02-13,97,trump
2019-02-13,96,market
2019-02-13,85,trade
2019-02-13,78,security
2019-02-13,77,national
2019-02-13,75,north
2019-02-13,75,business
2019-02-13,72,foreign
2019-02-13,71,chinese
2019-02-06,251,percent
2019-02-06,114,unitedstates
2019-02-06,96,venezuela
2019-02-06,95,trump
2019-02-06,95,market
2019-02-06,93,court
2019-02-06,82,china
2019-02-06,77,should
2019-02-06,71,being
2019-02-06,70,women
2019-02-06,70,security
2019-02-06,70,former
2019-01-30,225,percent
2019-01-30,140,unitedstates
2019-01-30,95,being
2019-01-30,94,market
2019-01-30,93,china
2019-01-30,90,military
2019-01-30,85,financial
2019-01-30,83,court
2019-01-30,81,venezuela
2019-01-30,80,trump
2019-01-30,79,police
2019-01-30,74,security
2019-01-23,224,percent
2019-01-23,178,china
2019-01-23,112,unitedstates
2019-01-23,105,market
2019-01-23,90,court
2019-01-23,80,chinese
2019-01-23,77,former
2019-01-23,75,security
2019-01-23,74,trump
2019-01-23,73,power
2019-01-23,72,trade
2019-01-23,70,saudi
2019-01-16,275,percent
2019-01-16,186,trump
2019-01-16,175,china
2019-01-16,115,chinese
2019-01-16,106,unitedstates
2019-01-16,86,market
2019-01-16,81,saudi
2019-01-16,77,former
2019-01-16,77,business
2019-01-16,74,election
2019-01-16,74,court
2019-01-16,72,chief
2019-01-09,301,percent
2019-01-09,199,china
2019-01-09,130,unitedstates
2019-01-09,106,trump
2019-01-09,98,through
2019-01-09,98,market
2019-01-09,91,women
2019-01-09,83,former
2019-01-09,82,chinese
2019-01-09,81,policy
2019-01-09,80,should
2019-01-09,77,trade
2019-01-02,279,percent
2019-01-02,199,china
2019-01-02,130,trump
2019-01-02,128,unitedstates
2019-01-02,121,court
2019-01-02,96,women
2019-01-02,84,chinese
2019-01-02,82,former
2019-01-02,80,market
2019-01-02,77,business
2019-01-02,73,foreign
2019-01-02,72,through
2018-12-26,171,percent
2018-12-26,118,china
2018-12-26,57,market
2018-12-26,53,trump
2018-12-26,53,power
2018-12-26,53,north
2018-12-26,50,class
2018-12-26,48,unitedstates
2018-12-26,45,sales
2018-12-26,44,chinese
2018-12-26,43,korea
2018-12-26,41,women
2018-12-19,136,percent
2018-12-19,95,china
2018-12-19,78,sources
2018-12-19,72,unitedstates
2018-12-19,67,trump
2018-12-19,58,court
2018-12-19,57,market
2018-12-19,55,power
2018-12-19,52,security
2018-12-19,47,officials
2018-12-19,47,capital
2018-12-19,45,former
