2017-04-27,73.75,74.339996,73.510002,74.089996,62.681557,157291.0,acciona
2017-04-28,74.199997,75.800003,74.110001,75.739998,64.077499,406992.0,acciona
2017-05-02,75.559998,77.550003,75.32,77.550003,65.608788,221359.0,acciona
2017-05-03,77.550003,78.889999,76.779999,78.83000200000001,66.691696,323034.0,acciona
2017-05-04,79.0,79.620003,78.839996,79.449997,67.216217,225525.0,acciona
2017-05-05,79.089996,79.879997,78.779999,79.610001,67.351601,606418.0,acciona
2017-05-08,80.0,80.099998,78.82,79.739998,67.46157099999999,179303.0,acciona
2017-05-09,79.769997,80.629997,79.510002,80.459999,68.070702,191141.0,acciona
2017-05-10,80.199997,80.389999,79.459999,80.08000200000001,67.749222,156368.0,acciona
2017-05-11,80.08000200000001,80.300003,78.650002,78.699997,66.581711,169228.0,acciona
2017-05-12,79.209999,81.230003,78.980003,80.970001,68.502174,168651.0,acciona
2017-05-15,81.349998,81.699997,81.019997,81.33000200000001,68.806747,199329.0,acciona
2017-05-16,81.540001,81.900002,81.150002,81.379997,68.849037,488259.0,acciona
2017-05-17,81.190002,81.709999,79.610001,79.650002,67.385429,158620.0,acciona
2017-05-18,79.879997,80.160004,78.900002,80.110001,67.774597,209211.0,acciona
2017-05-19,80.029999,81.709999,80.029999,81.480003,68.93364,231663.0,acciona
2017-05-22,81.400002,81.91999799999999,80.970001,81.360001,68.832123,164760.0,acciona
2017-05-23,81.269997,82.470001,81.099998,82.449997,69.75428000000001,133721.0,acciona
2017-05-24,82.400002,82.589996,81.730003,82.160004,69.508942,163949.0,acciona
2017-05-25,82.360001,83.400002,82.239998,83.400002,70.557999,137601.0,acciona
2017-05-26,83.389999,83.400002,82.5,83.400002,70.557999,121545.0,acciona
2017-05-29,82.949997,83.690002,82.82,83.529999,70.667969,88934.0,acciona
2017-05-30,83.239998,84.739998,82.849998,84.739998,71.691666,196100.0,acciona
2017-05-31,84.779999,85.779999,84.099998,85.360001,72.216202,226012.0,acciona
2017-06-01,85.150002,85.199997,83.809998,84.889999,71.818565,147659.0,acciona
2017-06-02,85.019997,85.769997,83.510002,83.900002,70.981018,180272.0,acciona
2017-06-05,83.699997,84.629997,83.620003,84.57,71.547852,98192.0,acciona
2017-06-06,84.41999799999999,86.0,83.800003,85.870003,72.647667,196069.0,acciona
2017-06-07,85.650002,86.0,84.699997,85.309998,72.173897,132136.0,acciona
2017-06-08,85.839996,85.900002,84.25,85.040001,71.94547299999999,172221.0,acciona
2017-06-09,85.43,85.800003,84.75,85.269997,72.14005300000001,204863.0,acciona
2017-06-12,85.290001,85.389999,83.75,84.199997,71.234818,133757.0,acciona
2017-06-13,84.32,84.739998,83.790001,83.980003,71.048698,146379.0,acciona
2017-06-14,84.510002,85.139999,84.160004,84.279999,71.302498,175809.0,acciona
2017-06-15,84.32,84.32,82.739998,83.879997,70.964088,255603.0,acciona
2017-06-16,84.050003,84.5,83.760002,83.769997,70.871025,241428.0,acciona
2017-06-19,84.400002,84.800003,84.059998,84.529999,71.514,112458.0,acciona
2017-06-20,84.910004,84.980003,84.279999,84.43,71.42939799999999,212803.0,acciona
2017-06-21,84.33000200000001,85.290001,83.809998,84.639999,71.607063,160356.0,acciona
2017-06-22,84.650002,84.879997,84.099998,84.519997,71.505539,119385.0,acciona
2017-06-23,84.5,84.730003,83.83000200000001,83.989998,71.057152,86968.0,acciona
2017-06-26,84.269997,84.360001,83.349998,83.470001,70.61721800000001,165320.0,acciona
2017-06-27,83.709999,84.25,82.139999,82.32,69.644302,184633.0,acciona
2017-06-28,82.160004,82.730003,80.779999,81.449997,68.908264,214586.0,acciona
2017-06-29,80.0,80.209999,76.510002,77.230003,67.728737,282358.0,acciona
2017-06-30,77.309998,78.099998,76.25,77.059998,67.579643,203159.0,acciona
2017-07-03,77.379997,77.739998,76.010002,76.900002,67.43933100000001,246421.0,acciona
2017-07-04,76.360001,76.540001,75.389999,75.599998,66.29927099999999,228621.0,acciona
2017-07-05,75.389999,76.589996,75.150002,75.66999799999999,66.36065699999999,196568.0,acciona
2017-07-06,75.800003,75.800003,73.400002,73.91999799999999,64.82594300000001,319640.0,acciona
2017-07-07,74.199997,75.559998,74.099998,75.309998,66.044945,199040.0,acciona
2017-07-10,75.540001,75.849998,74.900002,75.360001,66.088791,139522.0,acciona
2017-07-11,75.550003,76.239998,74.529999,74.559998,65.387199,364591.0,acciona
2017-07-12,75.0,77.0,74.57,76.980003,67.50948299999999,257091.0,acciona
2017-07-13,77.190002,77.279999,76.57,76.839996,67.386711,136530.0,acciona
2017-07-14,77.050003,77.540001,76.639999,77.379997,67.860283,118026.0,acciona
2017-07-17,77.559998,78.029999,77.290001,77.839996,68.263687,144015.0,acciona
2017-07-18,77.75,78.370003,77.110001,77.559998,68.018135,413771.0,acciona
2017-07-19,77.870003,78.940002,77.599998,78.940002,69.22835500000001,170487.0,acciona
2017-07-20,79.0,79.300003,78.32,78.760002,69.070503,156537.0,acciona
2017-07-21,78.43,78.66999799999999,76.529999,77.110001,67.623497,143250.0,acciona
2017-07-24,77.199997,77.25,75.360001,75.910004,66.571136,134883.0,acciona
2017-07-25,75.910004,76.779999,75.480003,75.68,66.369423,100899.0,acciona
2017-07-26,75.68,75.93,74.82,75.08000200000001,65.843246,189960.0,acciona
2017-07-27,74.83000200000001,76.099998,74.83000200000001,76.099998,66.737747,189014.0,acciona
2017-07-28,75.75,75.75,71.260002,72.610001,63.677116000000005,347803.0,acciona
2017-07-31,72.459999,72.900002,71.910004,72.25,63.361401,180210.0,acciona
2017-08-01,72.25,72.790001,71.849998,72.18,63.300014000000004,179333.0,acciona
2017-08-02,72.199997,72.480003,71.82,72.150002,63.273708,178035.0,acciona
2017-08-03,72.110001,72.449997,71.470001,72.290001,63.396483999999994,118494.0,acciona
2017-08-04,72.110001,73.57,72.110001,73.309998,64.290993,142072.0,acciona
2017-08-07,73.599998,73.629997,72.809998,73.220001,64.212067,78894.0,acciona
2017-08-08,73.349998,73.639999,72.949997,73.32,64.299759,130217.0,acciona
2017-08-09,73.050003,73.07,72.309998,72.800003,63.843739,245944.0,acciona
2017-08-10,72.800003,73.25,71.650002,71.980003,63.124615000000006,143136.0,acciona
2017-08-11,71.559998,72.040001,71.019997,71.470001,62.677361,126733.0,acciona
2017-08-14,71.529999,73.029999,71.529999,72.980003,64.001602,126503.0,acciona
2017-08-15,73.290001,73.57,72.449997,72.660004,63.720955000000004,77332.0,acciona
2017-08-16,73.139999,73.239998,72.629997,72.860001,63.89635500000001,153597.0,acciona
2017-08-17,72.940002,73.82,72.650002,73.269997,64.255913,108108.0,acciona
2017-08-18,72.599998,72.800003,72.209999,72.800003,63.843739,77421.0,acciona
2017-08-21,72.660004,73.510002,72.349998,73.489998,64.448853,134601.0,acciona
2017-08-22,73.860001,73.940002,73.120003,73.440002,64.405006,91505.0,acciona
2017-08-23,73.480003,73.699997,72.379997,72.480003,63.563103000000005,76826.0,acciona
2017-08-24,72.93,72.93,72.150002,72.230003,63.343861,77858.0,acciona
2017-08-25,72.349998,72.639999,71.510002,72.33000200000001,63.431564,89459.0,acciona
2017-08-28,71.989998,72.349998,71.690002,71.839996,63.001835,50604.0,acciona
2017-08-29,71.5,71.550003,70.07,70.199997,61.563602,196428.0,acciona
2017-08-30,70.879997,71.110001,70.410004,70.879997,62.159946,79874.0,acciona
2017-08-31,71.279999,71.93,71.120003,71.790001,62.957993,79573.0,acciona
2017-09-01,71.940002,72.839996,71.940002,72.199997,63.317539000000004,113870.0,acciona
2017-09-04,71.83000200000001,72.199997,71.239998,72.08000200000001,63.212315000000004,74722.0,acciona
2017-09-05,72.099998,72.779999,72.0,72.75,63.79989200000001,189548.0,acciona
2017-09-06,72.300003,72.660004,71.839996,71.839996,63.001835,105130.0,acciona
2017-09-07,72.470001,72.910004,72.349998,72.779999,63.826195,105241.0,acciona
2017-09-08,72.440002,72.489998,71.190002,71.620003,62.80891,85313.0,acciona
2017-09-11,72.309998,72.900002,72.010002,72.620003,63.685875,93369.0,acciona
2017-09-12,73.139999,73.139999,71.980003,72.209999,63.326317,188517.0,acciona
2017-09-13,72.25,72.620003,71.82,72.08000200000001,63.212315000000004,135361.0,acciona
2017-09-14,71.519997,71.519997,70.360001,70.400002,61.739002,256666.0,acciona
2017-09-15,70.349998,70.529999,69.209999,70.099998,61.47590600000001,262896.0,acciona
2017-09-18,70.300003,70.989998,69.75,69.75,61.16896800000001,240963.0,acciona
2017-09-19,69.75,70.650002,69.690002,70.43,61.765312,172412.0,acciona
2017-09-20,70.489998,70.849998,69.150002,69.25,60.73048000000001,158508.0,acciona
2017-09-21,69.349998,69.839996,68.339996,69.529999,60.976028,151360.0,acciona
2017-09-22,69.519997,69.519997,68.58000200000001,68.68,60.230598,168705.0,acciona
2017-09-25,68.75,68.75,67.900002,68.040001,59.669338,157244.0,acciona
2017-09-26,67.91999799999999,68.160004,67.620003,67.989998,59.625492,143657.0,acciona
2017-09-27,68.139999,68.449997,67.910004,68.18,59.792114,169972.0,acciona
2017-09-28,68.32,68.5,67.370003,67.720001,59.388709999999996,105567.0,acciona
2017-09-29,67.779999,68.050003,67.150002,68.050003,59.678116,113347.0,acciona
2017-10-02,67.589996,67.739998,67.059998,67.489998,59.187004,114616.0,acciona
2017-10-03,67.449997,67.449997,66.610001,67.269997,58.994071999999996,74499.0,acciona
2017-10-04,66.989998,67.150002,65.150002,65.839996,57.73999,249763.0,acciona
2017-10-05,65.510002,68.470001,65.510002,68.279999,59.87981800000001,221060.0,acciona
2017-10-06,68.269997,68.32,66.989998,67.0,58.757282,273406.0,acciona
2017-10-09,67.379997,68.459999,67.209999,67.870003,59.520252,172238.0,acciona
2017-10-10,67.690002,67.879997,66.589996,67.800003,59.458866,143991.0,acciona
2017-10-11,68.300003,69.089996,68.0,68.82,60.353378,171647.0,acciona
2017-10-12,68.959999,69.099998,67.839996,68.18,59.792114,104542.0,acciona
2017-10-13,68.809998,68.83000200000001,68.110001,68.400002,59.98505,109510.0,acciona
2017-10-16,68.5,68.610001,67.470001,68.33000200000001,59.92365600000001,175655.0,acciona
2017-10-17,68.32,70.07,68.08000200000001,69.540001,60.984798,126148.0,acciona
2017-10-18,69.75,69.889999,68.790001,69.470001,60.92341999999999,102509.0,acciona
2017-10-19,69.529999,69.720001,68.260002,68.540001,60.107826,152649.0,acciona
2017-10-20,68.66999799999999,68.809998,67.639999,67.639999,59.318546,138224.0,acciona
2017-10-23,67.870003,67.879997,66.970001,67.139999,58.880058,142440.0,acciona
2017-10-24,67.050003,67.970001,66.66999799999999,66.959999,58.722202,76781.0,acciona
2017-10-25,68.449997,69.32,67.75,68.07,59.695652,243970.0,acciona
2017-10-26,68.269997,68.559998,66.82,67.889999,59.537792,193013.0,acciona
2017-10-27,68.0,68.610001,67.620003,68.300003,59.89735400000001,130416.0,acciona
2017-10-30,69.300003,69.889999,68.900002,69.650002,61.081272,182133.0,acciona
2017-10-31,69.889999,71.18,69.720001,71.110001,62.361649,169011.0,acciona
2017-11-01,71.68,71.779999,71.010002,71.309998,62.537052,244064.0,acciona
2017-11-02,71.349998,71.480003,69.779999,69.779999,61.195271,167668.0,acciona
2017-11-03,69.839996,69.989998,68.300003,68.720001,60.265682,158787.0,acciona
2017-11-06,68.779999,68.849998,68.0,68.620003,60.17798199999999,104874.0,acciona
2017-11-07,68.900002,69.120003,67.959999,68.379997,59.96750600000001,130007.0,acciona
2017-11-08,68.379997,69.099998,66.800003,69.019997,60.528778,263509.0,acciona
2017-11-09,69.0,69.0,66.230003,66.440002,58.266186,272289.0,acciona
2017-11-10,66.370003,66.470001,64.019997,64.849998,56.871792000000006,221619.0,acciona
2017-11-13,65.25,65.300003,64.529999,65.199997,57.178726,159591.0,acciona
2017-11-14,65.129997,65.279999,64.58000200000001,64.970001,56.977028000000004,221406.0,acciona
2017-11-15,64.809998,65.720001,64.050003,65.510002,57.45059200000001,132972.0,acciona
2017-11-16,65.739998,67.239998,65.559998,66.93,58.6959,140064.0,acciona
2017-11-17,67.059998,68.190002,66.400002,68.129997,59.748268,376145.0,acciona
2017-11-20,68.470001,69.25,68.0,69.160004,60.651554000000004,261617.0,acciona
2017-11-21,69.449997,69.599998,68.510002,68.650002,60.204296,250368.0,acciona
2017-11-22,68.720001,69.349998,68.519997,68.519997,60.090281999999995,117342.0,acciona
2017-11-23,68.489998,69.099998,67.949997,68.720001,60.265682,90964.0,acciona
2017-11-24,68.519997,69.139999,67.83000200000001,67.839996,59.493942000000004,83602.0,acciona
2017-11-27,67.879997,68.400002,67.529999,68.120003,59.739498,120548.0,acciona
2017-11-28,68.0,68.0,67.360001,67.480003,59.178238,129392.0,acciona
2017-11-29,67.800003,68.309998,67.620003,67.760002,59.423786,126174.0,acciona
2017-11-30,67.879997,68.33000200000001,67.760002,68.25,59.8535,193434.0,acciona
2017-12-01,68.089996,68.300003,67.599998,67.760002,59.423786,169809.0,acciona
2017-12-04,68.129997,68.809998,67.599998,68.459999,60.037673999999996,118309.0,acciona
2017-12-05,68.58000200000001,69.389999,68.58000200000001,69.0,60.511238,97880.0,acciona
2017-12-06,68.400002,68.58000200000001,68.0,68.339996,59.932426,175015.0,acciona
2017-12-07,68.339996,69.480003,68.339996,69.339996,60.809402,99348.0,acciona
2017-12-08,69.610001,69.900002,69.040001,69.300003,60.774330000000006,92093.0,acciona
2017-12-11,69.620003,69.779999,69.120003,69.220001,60.70417,327531.0,acciona
2017-12-12,69.290001,69.5,69.029999,69.5,60.949721999999994,108365.0,acciona
2017-12-13,69.400002,69.5,68.18,68.389999,59.97628,134317.0,acciona
2017-12-14,68.57,68.870003,68.0,68.540001,60.107826,129571.0,acciona
2017-12-15,68.550003,69.300003,68.300003,68.559998,60.12536600000001,212621.0,acciona
2017-12-18,69.040001,70.5,69.0,70.07,61.449596,223386.0,acciona
2017-12-19,70.309998,70.379997,69.43,69.489998,60.94094499999999,102971.0,acciona
2017-12-20,69.709999,70.08000200000001,68.739998,69.910004,61.30928,119244.0,acciona
2017-12-21,69.93,70.519997,69.150002,70.489998,61.817928,110745.0,acciona
2017-12-22,69.120003,69.739998,68.739998,69.0,60.511238,85522.0,acciona
2017-12-27,68.940002,69.360001,68.5,69.029999,60.53754,90274.0,acciona
2017-12-28,68.889999,68.889999,68.0,68.410004,59.993824,144504.0,acciona
2017-12-29,68.349998,68.5,68.0,68.040001,59.669338,96188.0,acciona
2018-01-02,68.18,68.5,68.0,68.459999,60.037673999999996,114116.0,acciona
2018-01-03,68.5,69.18,68.300003,68.800003,60.335838,76913.0,acciona
2018-01-04,68.839996,70.440002,68.839996,70.400002,61.739002,117952.0,acciona
2018-01-05,70.5,71.440002,70.400002,71.139999,62.387955000000005,103654.0,acciona
2018-01-08,71.400002,71.739998,71.040001,71.059998,62.317802,96219.0,acciona
2018-01-09,71.160004,71.639999,70.0,70.0,61.388206000000004,117494.0,acciona
2018-01-10,70.260002,71.720001,70.139999,70.699997,62.00209,128946.0,acciona
2018-01-11,70.82,71.599998,70.400002,71.279999,62.51073100000001,154734.0,acciona
2018-01-12,71.58000200000001,71.779999,70.540001,70.82,62.107323,117351.0,acciona
2018-01-15,71.220001,73.559998,70.91999799999999,73.199997,64.19452700000001,211649.0,acciona
2018-01-16,73.699997,75.68,73.519997,74.639999,65.457367,369791.0,acciona
2018-01-17,74.660004,74.760002,73.199997,73.959999,64.861023,183666.0,acciona
2018-01-18,74.260002,74.260002,73.239998,74.040001,64.93119,175543.0,acciona
2018-01-19,73.879997,74.959999,73.519997,74.800003,65.597679,118570.0,acciona
2018-01-22,75.0,75.459999,74.720001,75.160004,65.913399,126790.0,acciona
2018-01-23,75.400002,76.059998,75.199997,76.0,66.65005500000001,127753.0,acciona
2018-01-24,75.980003,76.199997,75.120003,75.599998,66.29927099999999,125161.0,acciona
2018-01-25,75.559998,76.0,74.940002,75.379997,66.106323,121186.0,acciona
2018-01-26,75.699997,75.699997,74.019997,74.160004,65.03643000000001,137960.0,acciona
2018-01-29,74.260002,74.58000200000001,73.339996,73.400002,64.369919,164534.0,acciona
2018-01-30,73.0,73.08000200000001,71.41999799999999,72.099998,63.22985500000001,198561.0,acciona
2018-01-31,72.300003,73.160004,72.120003,72.940002,63.966511,160796.0,acciona
2018-02-01,73.260002,74.08000200000001,72.360001,72.540001,63.615726,154611.0,acciona
2018-02-02,72.540001,72.599998,70.760002,70.800003,62.089797999999995,150968.0,acciona
2018-02-05,70.559998,70.940002,69.019997,69.019997,60.528778,177278.0,acciona
2018-02-06,68.0,68.879997,66.5,67.160004,58.89761,280135.0,acciona
2018-02-07,68.199997,68.519997,67.400002,68.199997,59.809654,214210.0,acciona
2018-02-08,68.099998,68.099998,66.720001,66.879997,58.652046,260974.0,acciona
2018-02-09,67.360001,69.239998,66.940002,67.41999799999999,59.125609999999995,357197.0,acciona
2018-02-12,68.120003,69.0,67.68,68.779999,60.318298,170635.0,acciona
2018-02-13,68.959999,68.959999,67.5,67.599998,59.283466000000004,128410.0,acciona
2018-02-14,68.019997,68.400002,67.480003,67.720001,59.388709999999996,124420.0,acciona
2018-02-15,68.300003,68.300003,66.91999799999999,66.91999799999999,58.68713,116808.0,acciona
2018-02-16,67.279999,68.300003,67.220001,67.559998,59.248385999999996,142339.0,acciona
2018-02-19,67.900002,68.32,67.040001,67.400002,59.108078000000006,99455.0,acciona
2018-02-20,67.58000200000001,67.800003,67.199997,67.559998,59.248385999999996,133952.0,acciona
2018-02-21,67.599998,67.599998,66.019997,66.120003,57.985554,134460.0,acciona
2018-02-22,65.699997,67.300003,65.540001,67.300003,59.020382,198778.0,acciona
2018-02-23,67.5,68.779999,66.860001,68.699997,60.248138,127204.0,acciona
2018-02-26,68.959999,69.58000200000001,68.300003,69.400002,60.862026,125548.0,acciona
2018-02-27,70.099998,71.660004,68.5,70.559998,61.879314,317523.0,acciona
2018-02-28,70.199997,70.41999799999999,69.400002,69.739998,61.160194,204064.0,acciona
2018-03-01,69.5,69.779999,67.18,67.279999,59.002838,256732.0,acciona
2018-03-02,66.980003,67.400002,65.279999,65.800003,57.704921999999996,201741.0,acciona
2018-03-05,65.279999,66.68,64.5,66.5,58.318794,234053.0,acciona
2018-03-06,67.019997,67.459999,65.099998,65.300003,57.266438,258247.0,acciona
2018-03-07,65.019997,65.279999,64.5,65.0,57.003342,202432.0,acciona
2018-03-08,65.260002,65.699997,64.220001,64.660004,56.705169999999995,286125.0,acciona
2018-03-09,64.739998,65.120003,64.300003,64.900002,56.915642000000005,180956.0,acciona
2018-03-12,65.260002,65.599998,64.040001,64.32,56.406994,156557.0,acciona
2018-03-13,64.559998,65.879997,64.239998,64.32,56.406994,231413.0,acciona
2018-03-14,64.41999799999999,65.019997,64.059998,64.379997,56.459614,152138.0,acciona
2018-03-15,64.82,64.91999799999999,64.099998,64.660004,56.705169999999995,107874.0,acciona
2018-03-16,64.940002,65.160004,64.360001,64.519997,56.582381999999996,165906.0,acciona
2018-03-19,64.519997,64.720001,63.200001,63.360001000000004,55.565098,151510.0,acciona
2018-03-20,63.360001000000004,63.84,61.919998,62.540001000000004,54.845978,248813.0,acciona
2018-03-21,62.700001,62.900002,62.060001,62.52,54.828444999999995,168911.0,acciona
2018-03-22,61.939999,62.48,60.580002,61.099998,53.583130000000004,212242.0,acciona
2018-03-23,60.5,60.84,59.540001000000004,60.259997999999996,52.846478000000005,242171.0,acciona
2018-03-26,60.5,60.5,59.459998999999996,59.82,52.460609,137641.0,acciona
2018-03-27,60.560001,60.560001,59.439999,60.080002,52.688621999999995,315866.0,acciona
2018-03-28,59.66,62.98,59.66,62.439999,54.758281999999994,457127.0,acciona
2018-03-29,62.66,62.66,61.220001,61.720001,54.126865,293443.0,acciona
2018-04-03,61.68,62.860001000000004,61.240002000000004,62.540001000000004,54.845978,347354.0,acciona
2018-04-04,62.639998999999996,63.060001,61.799999,62.720001,55.003838,192394.0,acciona
2018-04-05,63.360001000000004,65.0,63.060001,64.879997,56.898098,274128.0,acciona
2018-04-06,65.440002,66.379997,64.900002,65.800003,57.704921999999996,257846.0,acciona
2018-04-09,66.260002,66.900002,65.660004,65.839996,57.73999,339599.0,acciona
2018-04-10,66.260002,66.5,65.879997,66.300003,58.143406000000006,191216.0,acciona
2018-04-11,66.300003,67.300003,65.620003,65.940002,57.827698,262662.0,acciona
2018-04-12,65.720001,67.300003,65.32,66.82,58.599426,194134.0,acciona
2018-04-13,66.900002,68.139999,66.860001,68.0,59.634266000000004,172988.0,acciona
2018-04-16,68.099998,68.400002,66.800003,67.099998,58.844981999999995,169675.0,acciona
2018-04-17,67.199997,67.300003,65.400002,65.739998,57.652297999999995,292519.0,acciona
2018-04-18,66.0,66.940002,65.879997,66.260002,58.108326,162621.0,acciona
2018-04-19,66.300003,68.0,66.300003,67.18,58.915138,166829.0,acciona
2018-04-20,67.480003,68.260002,66.940002,67.239998,58.967754000000006,156751.0,acciona
2018-04-23,67.379997,67.68,66.900002,67.220001,58.950226,146297.0,acciona
2018-04-24,67.379997,68.599998,67.239998,67.91999799999999,59.564098,167968.0,acciona
2018-04-25,67.760002,68.660004,67.260002,68.660004,60.213066000000005,148911.0,acciona
2018-04-26,68.900002,69.480003,68.639999,68.779999,60.318298,154254.0,acciona
2018-04-27,68.839996,69.959999,68.839996,69.220001,60.70417,153764.0,acciona
2018-04-30,69.760002,70.699997,69.339996,69.41999799999999,60.87955899999999,156298.0,acciona
2018-05-02,69.760002,69.82,68.41999799999999,69.199997,60.686626000000004,148454.0,acciona
2018-05-03,69.339996,69.599998,68.099998,68.300003,59.89735400000001,146804.0,acciona
2018-05-04,68.620003,68.879997,67.199997,67.82,59.476406000000004,204617.0,acciona
2018-05-07,68.199997,68.400002,67.800003,67.860001,59.511486,255164.0,acciona
2018-05-08,67.980003,68.239998,67.220001,67.540001,59.230854,204286.0,acciona
2018-05-09,67.540001,68.379997,67.279999,68.379997,59.96750600000001,120900.0,acciona
2018-05-10,68.779999,69.0,67.91999799999999,68.32,59.914894,119984.0,acciona
2018-05-11,68.699997,69.0,67.08000200000001,67.139999,58.880058,246994.0,acciona
2018-05-14,67.199997,68.059998,65.099998,66.839996,58.616969999999995,541779.0,acciona
2018-05-15,67.08000200000001,67.82,66.940002,67.41999799999999,59.125609999999995,253519.0,acciona
2018-05-16,67.639999,68.360001,66.5,66.82,58.599426,279040.0,acciona
2018-05-17,67.0,67.879997,66.980003,67.620003,59.301014,203420.0,acciona
2018-05-18,67.82,67.860001,67.120003,67.199997,58.932678,274446.0,acciona
2018-05-21,67.900002,68.379997,67.360001,68.160004,59.774578000000005,270002.0,acciona
2018-05-22,67.739998,69.220001,67.540001,68.800003,60.335838,210302.0,acciona
2018-05-23,68.739998,68.739998,67.199997,67.239998,58.967754000000006,223855.0,acciona
2018-05-24,67.599998,68.059998,67.18,67.599998,59.283466000000004,210221.0,acciona
2018-05-25,68.040001,68.120003,65.08000200000001,65.459999,57.406746,316183.0,acciona
2018-05-28,65.800003,66.199997,64.800003,65.120003,57.108578,181045.0,acciona
2018-05-29,65.0,65.0,63.580002,64.32,56.406994,296728.0,acciona
2018-05-30,64.599998,66.720001,64.260002,66.120003,57.985554,263906.0,acciona
2018-05-31,66.5,66.720001,64.540001,64.639999,56.687626,384200.0,acciona
2018-06-01,65.0,66.860001,65.0,66.41999799999999,58.248638,183398.0,acciona
2018-06-04,66.980003,69.720001,66.900002,68.68,60.230598,293214.0,acciona
2018-06-05,68.720001,70.300003,68.260002,70.059998,61.440826,216855.0,acciona
2018-06-06,70.0,72.5,69.940002,71.699997,62.87905500000001,279877.0,acciona
2018-06-07,72.660004,73.0,71.58000200000001,72.08000200000001,63.212315000000004,155050.0,acciona
2018-06-08,71.940002,72.41999799999999,70.68,71.879997,63.036910999999996,157389.0,acciona
2018-06-11,72.599998,72.860001,70.839996,71.260002,62.493202000000004,144348.0,acciona
2018-06-12,71.58000200000001,71.900002,70.779999,71.779999,62.949226,114562.0,acciona
2018-06-13,71.779999,72.279999,71.18,72.08000200000001,63.212315000000004,110772.0,acciona
2018-06-14,71.0,71.91999799999999,70.599998,71.620003,62.80891,117743.0,acciona
2018-06-15,72.0,72.0,70.620003,71.639999,62.826446999999995,306881.0,acciona
2018-06-18,71.639999,72.0,70.760002,71.0,62.265186,99810.0,acciona
2018-06-19,70.599998,71.760002,69.639999,71.440002,62.651058,148168.0,acciona
2018-06-20,72.019997,72.720001,71.779999,72.139999,63.264931000000004,211605.0,acciona
2018-06-21,72.360001,72.400002,71.300003,71.519997,62.72120699999999,112863.0,acciona
2018-06-22,71.980003,72.239998,71.459999,72.0,63.142159,80474.0,acciona
2018-06-25,72.0,72.059998,71.160004,71.900002,63.054466000000005,94523.0,acciona
2018-06-26,72.459999,73.940002,72.239998,73.639999,64.580391,210714.0,acciona
2018-06-27,73.900002,75.5,72.68,74.239998,65.106575,232373.0,acciona
2018-06-28,73.0,73.0,70.099998,70.160004,64.119576,120169.0,acciona
2018-06-29,71.08000200000001,71.220001,70.339996,70.91999799999999,64.814125,132261.0,acciona
2018-07-02,70.300003,71.360001,69.139999,70.639999,64.558235,135764.0,acciona
2018-07-03,71.300003,71.360001,70.279999,70.519997,64.44856999999999,147298.0,acciona
2018-07-04,70.699997,71.480003,70.699997,71.360001,65.216255,102852.0,acciona
2018-07-05,71.5,71.68,70.860001,71.019997,64.905518,76931.0,acciona
2018-07-06,71.019997,71.379997,70.440002,70.760002,64.667908,91760.0,acciona
2018-07-09,71.059998,71.279999,70.32,70.68,64.594788,66865.0,acciona
2018-07-10,70.379997,70.900002,69.940002,69.980003,63.955063,94563.0,acciona
2018-07-11,69.58000200000001,69.58000200000001,68.220001,68.220001,62.346588,117904.0,acciona
2018-07-12,68.32,69.459999,68.059998,69.400002,63.424999,108235.0,acciona
2018-07-13,69.480003,69.5,68.459999,68.599998,62.693878000000005,136612.0,acciona
2018-07-16,68.699997,69.720001,68.599998,69.199997,63.24221,109772.0,acciona
2018-07-17,69.160004,70.0,68.699997,69.720001,63.717445,133407.0,acciona
2018-07-18,70.0,70.0,68.980003,69.360001,63.388439,134074.0,acciona
2018-07-19,68.900002,69.519997,68.739998,69.220001,63.260493999999994,96296.0,acciona
2018-07-20,69.220001,70.040001,69.139999,69.68,63.680889,189426.0,acciona
2018-07-23,70.160004,70.18,68.940002,69.379997,63.406715000000005,183795.0,acciona
2018-07-24,69.339996,69.339996,68.540001,68.620003,62.712154000000005,167097.0,acciona
2018-07-25,68.800003,69.18,68.32,68.68,62.766982999999996,118578.0,acciona
2018-07-26,68.599998,69.620003,68.599998,69.440002,63.461555000000004,116676.0,acciona
2018-07-27,69.599998,73.5,69.58000200000001,73.220001,66.916107,321916.0,acciona
2018-07-30,72.760002,74.559998,72.660004,74.120003,67.738632,221079.0,acciona
2018-07-31,73.739998,74.120003,73.279999,73.519997,67.190285,136127.0,acciona
2018-08-01,73.199997,74.58000200000001,72.519997,73.480003,67.15373199999999,178472.0,acciona
2018-08-02,73.339996,73.739998,72.800003,73.0,66.71505,160454.0,acciona
2018-08-03,73.099998,73.41999799999999,72.699997,73.0,66.71505,150291.0,acciona
2018-08-06,73.0,73.32,72.760002,72.900002,66.623657,137110.0,acciona
2018-08-07,72.959999,73.68,72.779999,73.239998,66.934395,136677.0,acciona
2018-08-08,73.480003,73.980003,72.980003,73.760002,67.409622,173202.0,acciona
2018-08-09,73.699997,74.0,73.08000200000001,73.400002,67.080612,117871.0,acciona
2018-08-10,73.040001,73.220001,72.779999,73.040001,66.75161,115332.0,acciona
2018-08-13,72.739998,73.480003,72.18,72.879997,66.60539200000001,106025.0,acciona
2018-08-14,73.379997,73.379997,71.800003,72.279999,66.057045,88218.0,acciona
2018-08-15,72.480003,72.480003,71.059998,71.58000200000001,65.41731300000001,41894.0,acciona
2018-08-16,71.360001,71.540001,70.599998,70.980003,64.868973,66173.0,acciona
2018-08-17,71.18,71.58000200000001,70.68,71.099998,64.97863000000001,54550.0,acciona
2018-08-20,71.360001,72.160004,71.260002,71.620003,65.453873,109148.0,acciona
2018-08-21,71.620003,72.940002,71.440002,72.879997,66.60539200000001,90683.0,acciona
2018-08-22,73.199997,74.699997,72.839996,74.199997,67.811737,183809.0,acciona
2018-08-23,74.400002,74.879997,74.32,74.620003,68.19558,139603.0,acciona
2018-08-24,74.440002,74.839996,74.440002,74.68,68.25041999999999,90716.0,acciona
2018-08-27,74.800003,75.379997,74.58000200000001,75.32,68.83532,101009.0,acciona
2018-08-28,75.400002,75.940002,74.91999799999999,75.68,69.164322,102836.0,acciona
2018-08-29,75.800003,76.279999,75.220001,76.279999,69.712662,172339.0,acciona
2018-08-30,76.279999,76.58000200000001,75.599998,76.58000200000001,69.98683199999999,138372.0,acciona
2018-08-31,76.58000200000001,76.58000200000001,74.800003,75.839996,69.310539,104584.0,acciona
2018-09-03,75.839996,76.58000200000001,75.459999,75.599998,69.09120899999999,91027.0,acciona
2018-09-04,76.059998,76.260002,74.940002,75.18,68.707367,162240.0,acciona
2018-09-05,75.239998,75.91999799999999,75.220001,75.459999,68.963264,129613.0,acciona
2018-09-06,75.360001,75.779999,74.400002,74.660004,68.23214,135307.0,acciona
2018-09-07,74.400002,74.41999799999999,72.480003,73.339996,67.025787,157839.0,acciona
2018-09-10,73.760002,74.300003,73.279999,73.900002,67.537575,117517.0,acciona
2018-09-11,74.160004,74.599998,73.559998,74.599998,68.17729200000001,76591.0,acciona
2018-09-12,74.760002,75.120003,74.220001,75.120003,68.652534,113680.0,acciona
2018-09-13,75.099998,75.68,74.800003,74.839996,68.396637,63075.0,acciona
2018-09-14,75.339996,75.339996,74.699997,75.0,68.54287,47997.0,acciona
2018-09-17,75.18,75.980003,74.739998,74.860001,68.414925,101262.0,acciona
2018-09-18,74.900002,75.940002,74.879997,75.839996,69.310539,116382.0,acciona
2018-09-19,76.08000200000001,76.160004,74.980003,75.58000200000001,69.072929,71795.0,acciona
2018-09-20,,,,,,,acciona
2018-09-21,76.220001,76.5,75.059998,75.860001,69.328819,223266.0,acciona
2018-09-24,75.91999799999999,76.199997,74.91999799999999,75.139999,68.670815,52798.0,acciona
2018-09-25,75.360001,76.059998,75.099998,75.32,68.83532,55303.0,acciona
2018-09-26,75.599998,77.0,75.160004,77.0,70.370674,109708.0,acciona
2018-09-27,76.660004,78.379997,76.239998,77.68,70.992134,192263.0,acciona
2018-09-28,77.360001,78.18,77.199997,78.059998,71.339417,126914.0,acciona
2018-10-01,78.18,78.839996,77.559998,77.900002,71.193184,111945.0,acciona
2018-10-02,77.599998,78.5,76.599998,78.379997,71.63185899999999,170171.0,acciona
2018-10-03,78.5,78.760002,77.900002,78.339996,71.59530600000001,149921.0,acciona
2018-10-04,77.900002,78.099998,75.540001,75.760002,69.237434,180537.0,acciona
2018-10-05,76.099998,77.239998,75.059998,76.839996,70.22444899999999,174948.0,acciona
2018-10-08,76.660004,78.0,76.480003,77.559998,70.882462,127025.0,acciona
2018-10-09,77.800003,79.099998,77.639999,79.0,72.198486,158256.0,acciona
2018-10-10,79.0,79.0,77.279999,77.900002,71.193184,276267.0,acciona
2018-10-11,76.5,76.739998,74.5,74.5,68.085915,259676.0,acciona
2018-10-12,74.940002,75.0,70.959999,71.540001,65.38076,220810.0,acciona
2018-10-15,71.120003,72.720001,70.82,72.620003,66.367767,198983.0,acciona
2018-10-16,73.860001,75.139999,73.139999,74.900002,68.45146899999999,145555.0,acciona
2018-10-17,75.400002,75.459999,74.620003,75.239998,68.762199,121793.0,acciona
2018-10-18,75.339996,75.879997,74.5,74.5,68.085915,132869.0,acciona
2018-10-19,74.5,75.620003,74.300003,74.800003,68.360085,122243.0,acciona
2018-10-22,75.239998,75.239998,73.400002,73.400002,67.080612,113487.0,acciona
2018-10-23,72.599998,73.599998,72.599998,72.980003,66.69678499999999,118418.0,acciona
2018-10-24,73.239998,74.559998,73.199997,73.839996,67.48273499999999,126047.0,acciona
2018-10-25,73.440002,74.639999,73.199997,74.459999,68.049355,135679.0,acciona
2018-10-26,73.800003,74.5,73.639999,74.5,68.085915,104643.0,acciona
2018-10-29,74.040001,74.68,73.800003,74.199997,67.811737,58767.0,acciona
2018-10-30,74.199997,74.779999,73.720001,74.58000200000001,68.159035,98118.0,acciona
2018-10-31,74.900002,75.639999,74.139999,74.58000200000001,68.159035,93752.0,acciona
2018-11-01,74.559998,75.5,74.440002,75.239998,68.762199,69007.0,acciona
2018-11-02,76.0,76.300003,75.599998,76.260002,69.694389,130934.0,acciona
2018-11-05,76.459999,77.980003,76.260002,77.980003,71.266312,116434.0,acciona
2018-11-06,77.379997,78.739998,77.360001,78.699997,71.924309,117760.0,acciona
2018-11-07,78.699997,79.720001,78.599998,79.400002,72.564049,122119.0,acciona
2018-11-08,79.040001,79.879997,79.019997,79.68,72.819939,141289.0,acciona
2018-11-09,79.760002,80.940002,79.32,80.91999799999999,73.953171,171523.0,acciona
2018-11-12,80.82,81.639999,80.5,80.91999799999999,73.953171,129239.0,acciona
2018-11-13,80.68,81.0,77.860001,78.08000200000001,71.35768900000001,331920.0,acciona
2018-11-14,77.800003,78.08000200000001,76.400002,76.58000200000001,69.98683199999999,131101.0,acciona
2018-11-15,77.019997,78.599998,77.019997,77.41999799999999,70.754509,129039.0,acciona
2018-11-16,77.32,78.720001,76.800003,78.440002,71.686707,142328.0,acciona
2018-11-19,79.059998,79.940002,78.860001,79.199997,72.381264,123058.0,acciona
2018-11-20,79.0,79.620003,77.400002,78.199997,71.467354,155668.0,acciona
2018-11-21,78.279999,78.91999799999999,77.91999799999999,78.839996,72.052254,87097.0,acciona
2018-11-22,79.019997,79.91999799999999,78.5,78.839996,72.052254,66929.0,acciona
2018-11-23,78.800003,79.120003,78.139999,78.58000200000001,71.814644,61581.0,acciona
2018-11-26,78.900002,80.160004,78.879997,79.260002,72.436104,85663.0,acciona
2018-11-27,79.839996,80.800003,79.660004,80.139999,73.240341,115311.0,acciona
2018-11-28,80.300003,81.059998,80.099998,80.519997,73.587624,88877.0,acciona
2018-11-29,80.739998,81.220001,80.199997,81.099998,74.117676,99139.0,acciona
2018-11-30,81.139999,81.779999,80.82,81.099998,74.117676,117960.0,acciona
2018-12-03,82.0,82.699997,81.82,82.099998,75.031593,107834.0,acciona
2018-12-04,82.339996,82.660004,81.760002,82.300003,75.214371,92632.0,acciona
2018-12-05,81.5,81.58000200000001,80.779999,81.120003,74.135963,105910.0,acciona
2018-12-06,80.5,81.040001,79.68,80.220001,73.313446,94758.0,acciona
2018-12-07,80.839996,81.58000200000001,79.940002,80.099998,73.203781,77495.0,acciona
2018-12-10,79.860001,80.5,78.900002,79.0,72.198486,83015.0,acciona
2018-12-11,79.139999,80.459999,78.18,80.360001,73.44139100000001,281863.0,acciona
2018-12-12,80.980003,81.300003,79.839996,81.139999,74.154236,126193.0,acciona
2018-12-13,81.099998,81.18,79.32,81.019997,74.04457099999999,111378.0,acciona
2018-12-14,80.639999,81.08000200000001,78.800003,79.0,72.198486,114580.0,acciona
2018-12-17,78.980003,79.5,78.379997,78.379997,71.63185899999999,117122.0,acciona
2018-12-18,77.980003,78.760002,76.68,78.300003,71.55875400000001,157065.0,acciona
2018-12-19,78.559998,79.660004,78.360001,78.959999,72.161926,116744.0,acciona
2018-12-20,78.220001,78.519997,76.639999,76.639999,70.04167199999999,95233.0,acciona
2018-12-21,76.400002,76.839996,75.440002,75.760002,69.237434,187035.0,acciona
2018-12-24,75.800003,76.220001,75.32,75.5,68.99981700000001,35418.0,acciona
2018-12-27,75.699997,76.599998,71.800003,72.480003,66.239822,127862.0,acciona
2018-12-28,72.82,73.860001,72.199997,72.199997,65.983925,114598.0,acciona
2018-12-31,73.120003,74.660004,73.120003,73.900002,67.537575,62573.0,acciona
2019-01-02,73.720001,75.160004,72.379997,74.800003,68.360085,156300.0,acciona
2019-01-03,74.58000200000001,76.599998,74.540001,76.339996,69.76750200000001,140331.0,acciona
2019-01-04,76.779999,77.400002,76.400002,76.620003,70.023392,130309.0,acciona
2019-01-07,77.040001,77.300003,75.620003,77.139999,70.49861899999999,63349.0,acciona
2019-01-08,77.139999,78.459999,77.0,78.239998,71.503914,99300.0,acciona
2019-01-09,78.480003,78.82,76.599998,77.639999,70.955574,111912.0,acciona
2019-01-10,77.519997,78.879997,77.519997,78.739998,71.960861,76146.0,acciona
2019-01-11,79.0,79.699997,78.540001,79.08000200000001,72.271599,86809.0,acciona
2019-01-14,78.32,79.620003,78.32,79.279999,72.454376,97419.0,acciona
2019-01-15,79.58000200000001,80.0,79.32,80.0,73.11238900000001,71241.0,acciona
2019-01-16,79.800003,80.040001,76.779999,79.639999,72.783386,145102.0,acciona
2019-01-17,79.599998,80.0,78.839996,78.839996,72.052254,148732.0,acciona
2019-01-18,79.120003,80.260002,79.120003,79.68,72.819939,125542.0,acciona
2019-01-21,79.800003,80.18,79.519997,79.660004,72.801659,74057.0,acciona
2019-01-22,79.400002,80.68,79.199997,79.959999,73.075836,89460.0,acciona
2019-01-23,79.68,81.300003,79.68,80.980003,74.008026,83372.0,acciona
2019-01-24,81.379997,81.760002,80.800003,81.300003,74.30046800000001,120539.0,acciona
2019-01-25,81.5,83.0,81.5,81.900002,74.848816,107315.0,acciona
2019-01-28,81.839996,81.839996,80.099998,80.519997,73.587624,164014.0,acciona
2019-01-29,80.400002,81.68,80.400002,81.339996,74.337013,88383.0,acciona
2019-01-30,81.120003,81.940002,80.68,81.879997,74.83052099999999,83851.0,acciona
2019-01-31,82.0,83.480003,82.0,83.099998,75.945488,191204.0,acciona
2019-02-01,83.5,83.800003,82.379997,83.440002,76.256226,141670.0,acciona
2019-02-04,83.5,83.699997,82.839996,83.660004,76.457291,84330.0,acciona
2019-02-05,83.639999,84.839996,83.019997,84.839996,77.53568299999999,97803.0,acciona
2019-02-06,84.400002,84.900002,84.120003,84.18,76.93251,80244.0,acciona
2019-02-07,84.0,84.559998,83.279999,83.279999,76.109993,89052.0,acciona
2019-02-08,83.279999,83.360001,81.760002,81.860001,74.812256,96716.0,acciona
2019-02-11,81.900002,81.940002,80.300003,81.540001,74.519806,107490.0,acciona
2019-02-12,81.940002,83.099998,81.839996,82.599998,75.488541,97969.0,acciona
2019-02-13,82.720001,82.91999799999999,81.440002,81.720001,74.684311,93855.0,acciona
2019-02-14,82.239998,82.360001,81.32,81.58000200000001,74.55635799999999,164432.0,acciona
2019-02-15,81.480003,82.620003,81.120003,82.540001,75.433701,87521.0,acciona
2019-02-18,82.68,83.18,82.480003,83.139999,75.98204799999999,60039.0,acciona
2019-02-19,82.980003,83.480003,82.519997,82.82,75.689598,60819.0,acciona
2019-02-20,82.839996,83.82,82.839996,83.279999,76.109993,80483.0,acciona
2019-02-21,83.339996,84.199997,83.279999,84.139999,76.89595,97010.0,acciona
2019-02-22,84.0,84.379997,83.639999,83.900002,76.67662,77920.0,acciona
2019-02-25,84.059998,84.800003,83.900002,84.800003,77.49913000000001,81504.0,acciona
2019-02-26,84.300003,85.779999,84.199997,85.559998,78.19369499999999,96718.0,acciona
2019-02-27,85.300003,85.480003,84.639999,85.0,77.681915,120143.0,acciona
2019-02-28,84.720001,85.559998,83.699997,85.440002,78.08403,111855.0,acciona
2019-03-01,86.0,90.099998,86.0,89.599998,81.88588,269822.0,acciona
2019-03-04,88.099998,89.599998,87.160004,89.199997,81.520309,141006.0,acciona
2019-03-05,88.279999,89.900002,88.019997,89.900002,82.160042,96238.0,acciona
2019-03-06,89.82,90.0,88.959999,89.980003,82.233154,73424.0,acciona
2019-03-07,89.599998,90.839996,89.599998,90.839996,83.01911899999999,118501.0,acciona
2019-03-08,89.779999,91.0,89.760002,90.400002,82.616997,60598.0,acciona
2019-03-11,90.379997,91.779999,90.239998,91.779999,83.87818100000001,59614.0,acciona
2019-03-12,91.779999,92.040001,91.199997,91.860001,83.951302,66102.0,acciona
2019-03-13,91.720001,92.839996,91.720001,92.839996,84.846924,87280.0,acciona
2019-03-14,92.660004,93.400002,92.5,92.980003,84.974876,49915.0,acciona
2019-03-15,93.0,94.099998,92.860001,94.0,85.907059,184970.0,acciona
2019-03-18,93.839996,94.900002,93.440002,94.82,86.656456,171354.0,acciona
2019-03-19,94.459999,95.980003,94.360001,95.199997,87.00374599999999,276680.0,acciona
2019-03-20,95.0,96.760002,94.300003,96.400002,88.100433,112303.0,acciona
2019-03-21,96.540001,98.260002,96.5,97.959999,89.526123,97410.0,acciona
2019-03-22,98.720001,98.720001,97.599998,98.059998,89.6175,127996.0,acciona
2019-03-25,97.660004,97.900002,94.620003,97.620003,89.215401,160049.0,acciona
2019-03-26,97.720001,99.300003,97.720001,98.699997,90.20240799999999,94271.0,acciona
2019-03-27,98.699997,99.5,98.400002,99.139999,90.60453000000001,109198.0,acciona
2019-03-28,99.0,100.199997,99.0,99.980003,91.372208,112222.0,acciona
2019-03-29,100.5,101.599998,99.160004,99.300003,90.750748,150416.0,acciona
2019-04-01,100.0,100.099998,98.0,99.300003,90.750748,157781.0,acciona
2019-04-02,99.349998,102.300003,99.349998,101.5,92.76134499999999,210745.0,acciona
2019-04-03,102.300003,103.0,101.0,103.0,94.132202,111939.0,acciona
2019-04-04,103.0,105.900002,103.0,105.699997,96.599731,209996.0,acciona
2019-04-05,105.699997,105.900002,102.099998,103.900002,94.954712,190039.0,acciona
2019-04-08,104.0,104.699997,103.400002,104.5,95.503052,91482.0,acciona
2019-04-09,104.400002,104.900002,102.5,103.599998,94.68055,205168.0,acciona
2019-04-10,103.900002,106.599998,103.900002,105.199997,96.14278399999999,282571.0,acciona
2019-04-11,105.199997,105.900002,104.0,105.300003,96.23419200000001,101001.0,acciona
2019-04-12,105.099998,105.699997,103.0,103.0,94.132202,142693.0,acciona
2019-04-15,103.5,104.5,102.800003,103.400002,94.497765,138003.0,acciona
2019-04-16,102.800003,103.800003,102.5,103.0,94.132202,127645.0,acciona
2019-04-17,102.599998,102.599998,99.5,100.900002,92.212997,194067.0,acciona
2019-04-18,100.5,102.099998,100.5,101.900002,93.12690699999999,83548.0,acciona
2019-04-23,102.0,102.400002,100.699997,101.900002,93.12690699999999,76554.0,acciona
2019-04-24,101.5,102.0,100.099998,102.0,93.218292,87157.0,acciona
2019-04-25,101.699997,103.199997,101.699997,102.900002,94.04081,88678.0,acciona
2019-04-26,103.0,103.099998,101.900002,102.599998,93.766632,70877.0,acciona
2019-04-29,102.0,102.599998,100.400002,102.599998,93.766632,144134.0,acciona
2019-04-30,102.800003,103.300003,102.300003,103.300003,94.40637199999999,88175.0,acciona
2019-05-02,102.599998,103.099998,100.400002,100.400002,91.75605,127618.0,acciona
2019-05-03,101.0,101.699997,100.900002,101.199997,92.487167,67698.0,acciona
2019-05-06,100.699997,100.800003,98.400002,99.25,90.705055,111292.0,acciona
2019-05-07,98.900002,101.0,98.900002,99.849998,91.253395,102944.0,acciona
2019-05-08,100.0,100.400002,99.449997,99.800003,91.20770999999999,94774.0,acciona
2019-05-09,99.849998,101.099998,99.699997,101.0,92.30439,85788.0,acciona
2019-05-10,101.5,101.800003,96.0,97.949997,89.516968,229867.0,acciona
2019-05-13,97.300003,98.199997,94.900002,95.599998,87.36930100000001,156307.0,acciona
2019-05-14,95.75,98.199997,95.5,98.099998,89.65406,98947.0,acciona
2019-05-15,98.199997,98.650002,96.199997,97.349998,88.968643,79731.0,acciona
2019-05-16,96.5,97.150002,93.900002,94.5,86.364006,139760.0,acciona
2019-05-17,95.25,95.550003,94.199997,94.900002,86.729576,83261.0,acciona
2019-05-20,95.150002,96.449997,95.0,95.699997,87.460693,78454.0,acciona
2019-05-21,95.699997,96.650002,95.400002,96.599998,88.283211,65983.0,acciona
2019-05-22,96.75,97.300003,95.75,96.400002,88.100433,64312.0,acciona
2019-05-23,95.699997,95.949997,94.900002,94.900002,86.729576,96283.0,acciona
2019-05-24,94.699997,96.75,94.400002,95.949997,87.689163,84962.0,acciona
2019-05-27,96.199997,97.800003,96.150002,96.949997,88.603073,45259.0,acciona
2019-05-28,97.349998,97.900002,95.849998,95.849998,87.597778,97505.0,acciona
2019-05-29,95.849998,95.849998,94.699997,95.550003,87.323624,84712.0,acciona
2019-05-30,95.300003,96.650002,94.849998,95.25,87.049438,68547.0,acciona
2019-05-31,95.099998,96.050003,93.849998,95.849998,87.597778,92540.0,acciona
2019-06-03,95.199997,98.099998,94.349998,97.900002,89.471283,148352.0,acciona
2019-06-04,97.650002,99.75,97.050003,98.849998,90.3395,248024.0,acciona
2019-06-05,99.599998,100.900002,98.949997,100.599998,91.938828,117486.0,acciona
2019-06-06,100.900002,102.599998,100.800003,102.0,93.218292,132821.0,acciona
2019-06-07,102.199997,102.800003,101.300003,102.099998,93.309685,105772.0,acciona
2019-06-10,102.0,102.5,100.0,100.5,91.847443,65564.0,acciona
2019-06-11,100.699997,102.0,100.199997,101.5,92.76134499999999,89959.0,acciona
2019-06-12,101.0,102.400002,101.0,102.300003,93.49247,63128.0,acciona
2019-06-13,102.300003,104.400002,102.199997,103.699997,94.771935,109515.0,acciona
2019-06-14,103.599998,104.599998,103.099998,104.400002,95.411659,118582.0,acciona
2019-06-17,104.099998,104.199997,101.699997,101.699997,92.944122,79786.0,acciona
2019-06-18,102.0,103.400002,100.400002,102.5,93.675247,74946.0,acciona
2019-06-19,102.900002,102.900002,101.099998,102.0,93.218292,71820.0,acciona
2019-06-20,102.199997,103.199997,102.199997,102.699997,93.858017,78181.0,acciona
2019-06-21,102.900002,103.099998,100.300003,100.300003,91.664665,368958.0,acciona
2019-06-24,101.199997,101.599998,99.050003,99.25,90.705055,92599.0,acciona
2019-06-25,98.949997,100.5,98.449997,100.199997,91.573273,76902.0,acciona
2019-06-26,100.099998,100.199997,98.949997,99.900002,91.299095,116898.0,acciona
2019-06-27,96.5,96.550003,94.599998,95.0,89.994232,117172.0,acciona
2019-06-28,95.349998,95.800003,93.699997,94.400002,89.42585799999999,128599.0,acciona
2019-07-01,95.25,95.75,94.5,95.599998,90.562614,62322.0,acciona
2019-07-02,94.849998,97.400002,94.849998,96.949997,91.841484,71540.0,acciona
2019-07-03,97.400002,98.599998,97.349998,97.949997,92.788795,78387.0,acciona
2019-07-04,98.5,98.5,96.400002,97.099998,91.983582,58739.0,acciona
2019-07-05,97.099998,98.449997,96.0,96.650002,91.557289,87372.0,acciona
2019-07-08,96.0,97.099998,95.75,96.25,91.178368,74557.0,acciona
2019-07-09,95.949997,96.949997,95.650002,96.699997,91.60466,66191.0,acciona
2019-07-10,96.400002,97.650002,95.599998,97.550003,92.409874,71847.0,acciona
2019-07-11,97.5,98.300003,97.099998,97.800003,92.64670600000001,101032.0,acciona
2019-07-12,97.599998,98.099998,96.599998,98.099998,92.930885,55270.0,acciona
2019-07-15,98.099998,99.25,97.550003,98.75,93.546638,99343.0,acciona
2019-07-16,98.550003,99.699997,97.949997,99.699997,94.44657099999999,102953.0,acciona
2019-07-17,99.800003,99.949997,98.550003,99.050003,93.830833,58515.0,acciona
2019-07-18,98.0,99.0,96.699997,99.0,93.783463,75115.0,acciona
2019-07-19,99.349998,99.550003,97.650002,98.099998,92.930885,85766.0,acciona
2019-07-22,98.150002,99.199997,97.349998,99.199997,93.972916,51113.0,acciona
2019-07-23,99.25,100.699997,98.849998,99.300003,94.067665,85076.0,acciona
2019-07-24,99.300003,101.199997,99.300003,100.900002,95.583359,115198.0,acciona
2019-07-25,101.300003,103.5,100.699997,100.900002,95.583359,102970.0,acciona
2019-07-26,101.099998,101.300003,99.099998,99.349998,94.115021,64934.0,acciona
2019-07-29,99.25,100.199997,98.449997,99.699997,94.44657099999999,45677.0,acciona
2019-07-30,98.349998,98.599998,93.300003,96.25,91.178368,254659.0,acciona
2019-07-31,95.599998,96.300003,93.5,96.300003,91.225739,171601.0,acciona
2019-08-01,96.099998,97.650002,95.650002,96.900002,91.79412099999999,115618.0,acciona
2019-08-02,96.150002,97.199997,93.599998,94.199997,89.236389,142424.0,acciona
2019-08-05,93.75,93.849998,90.550003,91.650002,86.820755,135799.0,acciona
2019-08-06,91.0,92.050003,90.300003,90.449997,85.683983,157853.0,acciona
2019-08-07,91.0,91.599998,90.349998,90.349998,85.589249,123036.0,acciona
2019-08-08,91.0,91.949997,90.449997,91.699997,86.86811800000001,95707.0,acciona
2019-08-09,91.400002,91.650002,90.099998,90.150002,85.399796,77221.0,acciona
2019-08-12,91.050003,91.550003,89.400002,89.550003,84.831413,79999.0,acciona
2019-08-13,88.550003,91.050003,88.25,90.949997,86.157639,86480.0,acciona
2019-08-14,91.099998,91.800003,90.5,91.550003,86.726028,93429.0,acciona
2019-08-15,91.550003,92.199997,90.400002,91.349998,86.536552,71948.0,acciona
2019-08-16,91.599998,93.349998,91.599998,93.349998,88.431175,79450.0,acciona
2019-08-19,94.300003,95.099998,93.650002,95.0,89.994232,52131.0,acciona
2019-08-20,94.900002,96.400002,94.75,96.050003,90.988907,75121.0,acciona
2019-08-21,96.0,96.900002,95.550003,96.349998,91.27310200000001,54105.0,acciona
2019-08-22,96.0,96.800003,95.699997,95.849998,90.799446,73656.0,acciona
2019-08-23,96.699997,96.800003,94.800003,95.050003,90.041595,62941.0,acciona
2019-08-26,94.25,95.550003,93.849998,94.900002,89.899498,30877.0,acciona
2019-08-27,95.300003,96.5,95.150002,96.150002,91.083641,82210.0,acciona
2019-08-28,95.949997,97.949997,95.900002,97.849998,92.694061,71036.0,acciona
2019-08-29,97.849998,98.900002,97.550003,98.900002,93.68873599999999,60126.0,acciona
2019-08-30,98.75,99.650002,97.599998,97.599998,92.45723000000001,98411.0,acciona
2019-09-02,97.75,98.25,96.449997,96.949997,91.841484,47176.0,acciona
2019-09-03,96.849998,98.25,96.449997,98.0,92.836159,66467.0,acciona
2019-09-04,98.75,99.449997,98.5,99.449997,94.209747,51824.0,acciona
2019-09-05,99.5,100.199997,98.449997,98.800003,93.594009,63986.0,acciona
2019-09-06,99.0,99.349998,97.699997,97.699997,92.551971,59747.0,acciona
2019-09-09,98.25,98.349998,96.949997,97.199997,92.078316,50489.0,acciona
2019-09-10,96.900002,97.099998,93.599998,95.150002,90.13633,98488.0,acciona
2019-09-11,94.949997,97.900002,94.800003,97.900002,92.74143199999999,130145.0,acciona
2019-09-12,98.25,98.550003,95.550003,97.949997,92.788795,67024.0,acciona
2019-09-13,97.699997,97.699997,95.650002,97.449997,92.31514,83049.0,acciona
2019-09-16,97.199997,97.199997,95.449997,95.449997,90.420517,86945.0,acciona
2019-09-17,95.150002,96.150002,95.0,95.949997,90.894173,81382.0,acciona
2019-09-18,95.800003,97.150002,95.5,96.5,91.415192,76320.0,acciona
2019-09-19,96.5,96.699997,95.0,95.699997,90.657349,44436.0,acciona
2019-09-20,95.550003,96.0,94.949997,94.949997,89.946861,112742.0,acciona
2019-09-23,94.949997,95.449997,94.699997,95.449997,90.420517,42458.0,acciona
2019-09-24,95.099998,96.849998,95.099998,96.849998,91.746758,51437.0,acciona
2019-09-25,96.849998,96.849998,94.400002,94.599998,89.615318,71759.0,acciona
2019-09-26,94.650002,96.0,94.400002,95.650002,90.609985,89278.0,acciona
2019-09-27,96.300003,98.699997,96.300003,96.800003,91.699394,71642.0,acciona
2019-09-30,97.050003,97.099998,95.699997,97.099998,91.983582,50664.0,acciona
2019-10-01,96.949997,97.449997,95.300003,95.550003,90.515251,70994.0,acciona
2019-10-02,96.099998,98.650002,95.699997,95.699997,90.657349,152519.0,acciona
2019-10-03,95.949997,96.349998,94.550003,94.800003,89.80477900000001,59476.0,acciona
2019-10-04,95.349998,95.900002,94.800003,95.650002,90.609985,66631.0,acciona
2019-10-07,95.25,96.800003,94.75,96.800003,91.699394,62143.0,acciona
2019-10-08,96.199997,96.349998,91.5,91.949997,87.104935,225256.0,acciona
2019-10-09,90.800003,92.150002,88.300003,90.300003,85.541893,143066.0,acciona
2019-10-10,90.75,91.150002,89.550003,91.150002,86.347107,107339.0,acciona
2019-10-11,91.349998,91.699997,90.599998,91.25,86.441833,83714.0,acciona
2019-10-14,91.349998,93.150002,90.349998,92.5,87.625961,89716.0,acciona
2019-10-15,92.050003,93.050003,91.550003,91.699997,86.86811800000001,82148.0,acciona
2019-10-16,91.199997,92.699997,90.75,92.0,87.15230600000001,73838.0,acciona
2019-10-17,92.099998,92.349998,91.25,92.099998,87.24704,70356.0,acciona
2019-10-18,92.099998,92.550003,90.900002,91.199997,86.39447,54434.0,acciona
2019-10-21,91.349998,92.099998,90.800003,92.099998,87.24704,56127.0,acciona
2019-10-22,91.599998,92.699997,91.400002,92.050003,87.19968399999999,52673.0,acciona
2019-10-23,91.75,92.349998,90.849998,91.449997,86.631287,73598.0,acciona
2019-10-24,91.699997,92.650002,91.650002,92.349998,87.483864,44739.0,acciona
2019-10-25,92.25,92.650002,91.300003,91.599998,86.773384,37261.0,acciona
2019-10-28,91.349998,92.099998,90.949997,91.5,86.67865,36202.0,acciona
2019-10-29,91.349998,91.800003,90.349998,90.800003,86.015549,95420.0,acciona
2019-10-30,90.400002,92.400002,90.199997,92.400002,87.531235,63439.0,acciona
2019-10-31,92.25,93.449997,92.150002,93.449997,88.525902,77175.0,acciona
2019-11-01,93.099998,93.900002,92.800003,93.099998,88.194351,57325.0,acciona
2019-11-04,93.150002,93.949997,92.849998,92.849998,87.95752,170840.0,acciona
2019-11-05,92.800003,94.0,91.849998,92.449997,87.57859,86279.0,acciona
2019-11-06,92.449997,93.300003,92.050003,92.699997,87.815422,73620.0,acciona
2019-11-07,93.75,93.800003,92.25,92.75,87.86279300000001,69081.0,acciona
2019-11-08,92.150002,96.300003,91.800003,94.599998,89.615318,130028.0,acciona
2019-11-11,94.25,95.0,93.5,94.25,89.28376,73666.0,acciona
2019-11-12,94.300003,95.800003,93.550003,93.800003,88.85746800000001,78453.0,acciona
2019-11-13,93.349998,93.349998,90.650002,91.0,86.20500899999999,98928.0,acciona
2019-11-14,91.050003,91.800003,90.349998,91.199997,86.39447,66814.0,acciona
2019-11-15,91.5,92.050003,90.300003,91.449997,86.631287,148490.0,acciona
2019-11-18,91.800003,92.349998,91.449997,91.849998,87.01020799999999,67525.0,acciona
2019-11-19,92.449997,93.0,91.650002,92.449997,87.57859,258077.0,acciona
2019-11-20,92.550003,92.550003,91.5,92.199997,87.341766,135339.0,acciona
2019-11-21,91.599998,92.5,91.199997,91.300003,86.48919699999999,154778.0,acciona
2019-11-22,91.800003,93.050003,91.5,92.699997,87.815422,136353.0,acciona
2019-11-25,93.300003,94.449997,93.0,93.400002,88.478546,61692.0,acciona
2019-11-26,93.599998,94.050003,92.699997,93.400002,88.478546,75184.0,acciona
2019-11-27,93.949997,95.0,93.449997,93.75,88.81010400000001,84368.0,acciona
2019-11-28,93.349998,94.050003,93.199997,94.0,89.04692800000001,39958.0,acciona
2019-11-29,93.599998,94.449997,93.199997,94.0,89.04692800000001,70941.0,acciona
2019-12-02,94.400002,95.099998,92.5,93.0,88.09961700000001,68218.0,acciona
2019-12-03,92.800003,93.150002,91.150002,91.150002,86.347107,75194.0,acciona
2019-12-04,91.550003,92.25,91.150002,91.650002,86.820755,54924.0,acciona
2019-12-05,91.599998,92.400002,91.400002,91.449997,86.631287,92729.0,acciona
2019-12-06,91.599998,92.400002,91.25,92.0,87.15230600000001,51184.0,acciona
2019-12-09,91.449997,92.599998,91.449997,92.050003,87.19968399999999,129741.0,acciona
2019-12-10,92.099998,92.5,91.150002,91.949997,87.104935,46267.0,acciona
2019-12-11,92.449997,92.900002,92.050003,92.849998,87.95752,48398.0,acciona
2019-12-12,92.800003,93.449997,92.449997,93.300003,88.383812,46860.0,acciona
2019-12-13,94.349998,94.349998,93.449997,93.849998,88.904831,55309.0,acciona
2019-12-16,94.300003,94.650002,93.349998,94.650002,89.66268199999999,65973.0,acciona
2019-12-17,94.75,95.099998,94.449997,94.650002,89.66268199999999,58009.0,acciona
2019-12-18,94.599998,95.0,93.5,93.699997,88.762733,56945.0,acciona
2019-12-19,94.099998,94.5,92.150002,92.150002,87.294411,79216.0,acciona
2019-12-20,93.0,93.0,91.900002,92.050003,87.19968399999999,171772.0,acciona
2019-12-23,92.599998,92.599998,91.800003,92.25,87.389137,70262.0,acciona
2019-12-24,92.699997,92.849998,92.0,92.800003,87.910164,15981.0,acciona
2019-12-25,92.800003,92.800003,92.800003,92.800003,87.910164,0.0,acciona
2019-12-27,92.949997,94.800003,92.75,94.5,89.520584,51784.0,acciona
2019-12-30,94.449997,95.199997,94.199997,94.349998,89.37848699999999,63329.0,acciona
2019-12-31,94.400002,94.400002,93.449997,93.800003,88.85746800000001,36596.0,acciona
2020-01-02,94.650002,94.699997,92.449997,92.5,87.625961,59273.0,acciona
2020-01-03,92.449997,92.449997,90.599998,91.099998,86.299736,77511.0,acciona
2020-01-06,90.900002,90.900002,89.199997,90.25,85.494522,55129.0,acciona
2020-01-07,90.300003,91.550003,89.849998,90.25,85.494522,68954.0,acciona
2020-01-08,90.099998,90.400002,87.349998,90.199997,85.447159,137913.0,acciona
2020-01-09,90.550003,92.5,90.550003,92.0,87.15230600000001,82250.0,acciona
2020-01-10,92.349998,94.349998,91.75,94.050003,89.09429200000001,107639.0,acciona
2020-01-13,94.099998,95.0,93.949997,94.949997,89.946861,79727.0,acciona
2020-01-14,94.900002,96.0,94.050003,96.0,90.941536,75594.0,acciona
2020-01-15,96.099998,97.75,94.849998,97.75,92.599335,113813.0,acciona
2020-01-16,97.900002,99.0,97.449997,98.75,93.546638,117229.0,acciona
2020-01-17,99.150002,100.300003,99.050003,99.400002,94.16239200000001,123763.0,acciona
2020-01-20,99.449997,100.400002,98.449997,100.400002,95.109703,56266.0,acciona
2020-01-21,99.599998,100.400002,99.5,100.199997,94.920227,235494.0,acciona
2020-01-22,100.300003,101.800003,99.849998,101.300003,95.96228,75165.0,acciona
2020-01-23,101.400002,102.400002,100.699997,101.099998,95.772812,71978.0,acciona
2020-01-24,101.5,102.900002,101.5,102.699997,97.288498,65751.0,acciona
2020-01-27,101.400002,101.800003,99.650002,99.75,94.493942,68317.0,acciona
2020-01-28,100.0,101.599998,100.0,101.400002,96.057014,77240.0,acciona
2020-01-29,101.599998,101.900002,100.699997,101.400002,96.057014,88298.0,acciona
2020-01-30,100.699997,104.0,100.400002,102.199997,96.814842,90284.0,acciona
2020-01-31,102.699997,104.199997,102.400002,102.400002,97.004311,206252.0,acciona
2020-02-03,102.5,102.5,100.0,101.199997,95.867538,127249.0,acciona
2020-02-04,101.800003,102.099998,101.099998,101.800003,96.435928,51491.0,acciona
2020-02-05,101.900002,104.800003,101.900002,104.599998,99.088387,85064.0,acciona
2020-02-06,104.0,105.599998,104.0,105.400002,99.846237,79608.0,acciona
2020-02-07,105.0,107.800003,104.699997,107.800003,102.11977399999999,102336.0,acciona
2020-02-10,107.800003,108.0,106.800003,108.0,102.309235,85810.0,acciona
2020-02-11,108.800003,109.5,107.199997,109.099998,103.35128,88330.0,acciona
2020-02-12,109.599998,110.400002,108.699997,110.400002,104.582771,76202.0,acciona
2020-02-13,109.900002,110.5,107.599998,109.0,103.256546,96968.0,acciona
2020-02-14,109.400002,110.300003,108.900002,110.300003,104.488045,49931.0,acciona
2020-02-17,110.199997,111.800003,109.900002,111.300003,105.435356,57196.0,acciona
2020-02-18,111.5,114.699997,111.400002,114.400002,108.372009,107819.0,acciona
2020-02-19,114.800003,118.400002,114.400002,117.900002,111.68758400000002,196228.0,acciona
2020-02-20,117.800003,118.699997,115.699997,116.699997,110.550804,86496.0,acciona
2020-02-21,116.0,118.5,116.0,117.199997,111.02446,84116.0,acciona
2020-02-24,114.400002,116.199997,112.099998,112.400002,106.47739399999999,156216.0,acciona
2020-02-25,112.599998,113.5,110.599998,110.800003,104.9617,207431.0,acciona
2020-02-26,110.199997,113.599998,107.599998,112.0,106.09846499999999,143699.0,acciona
2020-02-27,110.5,112.300003,108.300003,109.099998,103.35128,113155.0,acciona
2020-02-28,104.300003,114.800003,102.099998,114.400002,108.372009,301331.0,acciona
2020-03-02,116.0,117.900002,111.900002,115.0,108.94039199999999,201726.0,acciona
2020-03-03,116.599998,119.099998,116.099998,116.300003,110.17188999999999,187133.0,acciona
2020-03-04,119.0,126.699997,118.199997,125.5,118.887115,325509.0,acciona
2020-03-05,125.699997,126.400002,122.300003,125.5,118.887115,183073.0,acciona
2020-03-06,123.599998,125.199997,117.300003,119.099998,112.824348,236524.0,acciona
2020-03-09,110.0,115.699997,108.099998,109.5,103.730194,310562.0,acciona
2020-03-10,110.800003,111.5,101.800003,102.199997,96.814842,276554.0,acciona
2020-03-11,103.0,105.099998,95.849998,97.199997,92.078316,306538.0,acciona
2020-03-12,93.300003,94.699997,80.199997,80.199997,75.974083,397538.0,acciona
2020-03-13,82.150002,102.400002,82.050003,92.150002,87.294411,274369.0,acciona
2020-03-16,84.0,85.099998,76.849998,83.650002,79.242294,388954.0,acciona
2020-03-17,95.949997,95.949997,81.75,92.550003,87.67334,248213.0,acciona
2020-03-18,89.150002,96.449997,83.0,96.050003,90.988907,242525.0,acciona
2020-03-19,97.349998,100.300003,90.550003,98.5,93.30980699999999,219174.0,acciona
2020-03-20,102.0,107.0,97.400002,105.0,99.467316,331403.0,acciona
2020-03-23,98.099998,101.800003,95.5,96.0,90.941536,152755.0,acciona
2020-03-24,103.0,104.699997,92.0,96.199997,91.131004,165376.0,acciona
2020-03-25,99.5,99.5,91.900002,93.699997,88.762733,189010.0,acciona
2020-03-26,93.5,94.75,90.599998,94.300003,89.331123,113494.0,acciona
2020-03-27,93.75,93.75,88.199997,90.0,85.257698,94528.0,acciona
2020-03-30,89.650002,94.75,86.25,94.050003,89.09429200000001,98055.0,acciona
2020-03-31,95.0,97.349998,91.800003,97.349998,92.220413,140203.0,acciona
2020-04-01,93.199997,95.699997,91.5,93.849998,88.904831,99141.0,acciona
2020-04-02,93.449997,93.449997,88.849998,91.150002,86.347107,139275.0,acciona
2020-04-03,91.0,91.599998,89.349998,90.150002,85.399796,119658.0,acciona
2020-04-06,94.050003,95.199997,92.25,95.0,89.994232,79701.0,acciona
2020-04-07,95.550003,96.400002,92.900002,95.5,90.467888,114638.0,acciona
2020-04-08,94.400002,97.5,93.099998,97.099998,91.983582,82177.0,acciona
2020-04-09,99.5,99.5,96.25,97.25,92.125679,70921.0,acciona
2020-04-14,99.400002,99.400002,95.550003,96.349998,91.27310200000001,130555.0,acciona
2020-04-15,95.0,96.449997,90.599998,90.800003,86.015549,172844.0,acciona
2020-04-16,92.400002,93.650002,91.849998,91.849998,87.01020799999999,75348.0,acciona
2020-04-17,94.449997,94.800003,92.199997,93.25,88.336449,71061.0,acciona
2020-04-20,94.25,94.25,92.349998,93.099998,88.194351,57891.0,acciona
2020-04-21,91.699997,93.400002,91.650002,92.0,87.15230600000001,59224.0,acciona
2020-04-22,92.0,92.300003,89.949997,91.0,86.20500899999999,116241.0,acciona
2020-04-23,91.550003,91.800003,90.099998,91.199997,86.39447,76871.0,acciona
2020-04-24,91.599998,91.599998,85.0,86.150002,81.61056500000001,149817.0,acciona
2020-04-27,87.599998,89.900002,87.0,89.900002,85.162964,68853.0,acciona
2020-04-28,89.900002,91.599998,88.75,91.0,86.20500899999999,105778.0,acciona
2020-04-29,90.900002,91.849998,90.099998,91.0,86.20500899999999,84524.0,acciona
2020-04-30,92.0,92.0,89.900002,90.400002,85.63662,76838.0,acciona
2020-05-04,90.0,90.0,86.400002,87.099998,82.510506,91232.0,acciona
2020-05-05,87.900002,89.650002,87.0,87.0,82.415779,57350.0,acciona
2020-05-06,89.0,89.0,85.150002,85.25,80.75798,106651.0,acciona
2020-05-07,85.599998,86.599998,84.5,84.849998,80.379059,67233.0,acciona
2020-05-08,84.900002,87.699997,84.900002,87.25,82.652603,96709.0,acciona
2020-05-11,87.900002,88.199997,84.550003,84.900002,80.42643000000001,58971.0,acciona
2020-05-12,84.449997,86.699997,84.400002,86.5,81.942123,51264.0,acciona
2020-05-13,86.900002,87.0,85.25,85.75,81.231636,63695.0,acciona
2020-05-14,85.300003,86.949997,81.199997,83.150002,78.76863900000001,75633.0,acciona
2020-05-15,82.449997,84.150002,81.599998,82.0,77.67923,53101.0,acciona
2020-05-18,83.400002,84.5,82.0,84.150002,79.715942,41594.0,acciona
2020-05-19,84.75,84.75,76.349998,79.150002,74.979416,483525.0,acciona
2020-05-20,79.099998,81.199997,77.199997,80.849998,76.589828,213120.0,acciona
2020-05-21,80.5,84.400002,79.949997,82.25,77.916061,209350.0,acciona
2020-05-22,81.300003,82.699997,79.650002,81.699997,77.395035,187966.0,acciona
2020-05-25,82.550003,85.949997,81.699997,85.349998,80.852715,110679.0,acciona
2020-05-26,86.699997,89.650002,86.150002,87.349998,82.74733,142825.0,acciona
2020-05-27,87.5,88.849998,86.75,88.849998,84.168289,121133.0,acciona
2020-05-28,89.699997,89.699997,87.5,88.349998,83.694633,135230.0,acciona
2020-05-29,88.699997,89.849998,86.75,89.800003,85.068237,155743.0,acciona
2020-06-01,90.0,91.5,88.599998,89.349998,84.64194499999999,103544.0,acciona
2020-06-02,90.25,93.199997,89.449997,93.150002,88.241722,126040.0,acciona
2020-06-03,94.150002,94.199997,91.550003,94.199997,89.236389,154122.0,acciona
2020-06-04,93.599998,96.25,93.449997,95.5,90.467888,144331.0,acciona
2020-06-05,96.5,96.849998,94.050003,95.699997,90.657349,272422.0,acciona
2020-06-08,95.800003,97.949997,94.650002,97.900002,92.74143199999999,158166.0,acciona
2020-06-09,98.0,98.0,94.25,94.449997,89.473213,172034.0,acciona
2020-06-10,96.599998,97.050003,93.5,95.5,90.467888,176912.0,acciona
2020-06-11,93.75,94.150002,89.199997,89.199997,84.499847,186938.0,acciona
2020-06-12,89.0,90.349998,87.050003,89.199997,84.499847,203047.0,acciona
2020-06-15,87.5,91.5,86.099998,90.849998,86.062904,154671.0,acciona
2020-06-16,92.5,94.75,91.800003,93.800003,88.85746800000001,124562.0,acciona
2020-06-17,93.650002,94.550003,92.75,93.050003,88.14698800000001,111328.0,acciona
2020-06-18,93.150002,93.150002,90.550003,91.199997,86.39447,131664.0,acciona
2020-06-19,92.0,92.25,90.699997,90.849998,86.062904,239652.0,acciona
2020-06-22,90.449997,91.400002,88.099998,89.0,84.310387,131589.0,acciona
2020-06-23,89.900002,91.199997,89.699997,90.900002,86.110275,200844.0,acciona
2020-06-24,90.199997,91.150002,87.900002,87.900002,83.268349,133711.0,acciona
2020-06-25,88.099998,89.449997,87.150002,88.550003,83.884102,154241.0,acciona
2020-06-26,88.650002,90.599998,88.349998,88.849998,84.168289,127484.0,acciona
2020-06-29,89.0,90.300003,88.150002,89.75,85.020866,122553.0,acciona
2020-06-30,88.400002,89.550003,86.449997,87.150002,84.378502,124239.0,acciona
2020-07-01,87.199997,87.300003,84.849998,86.949997,84.18486,158280.0,acciona
2020-07-02,87.75,93.050003,87.349998,91.900002,88.977448,227943.0,acciona
2020-07-03,92.599998,92.75,90.050003,90.75,87.864021,112068.0,acciona
2020-07-06,92.400002,93.599998,91.25,91.849998,88.92903100000001,133338.0,acciona
2020-07-07,91.199997,92.199997,91.050003,91.599998,88.686981,77285.0,acciona
2020-07-08,91.050003,92.900002,91.050003,92.900002,89.94564799999999,84761.0,acciona
2020-07-09,92.949997,94.400002,91.75,92.25,89.316315,143821.0,acciona
2020-07-10,92.449997,93.849998,91.849998,91.949997,89.025856,74967.0,acciona
2020-07-13,92.75,93.550003,91.949997,93.150002,90.187698,202947.0,acciona
2020-07-14,92.150002,92.25,89.599998,91.75,88.832222,110849.0,acciona
2020-07-15,92.5,94.349998,91.5,93.75,90.76861600000001,108750.0,acciona
2020-07-16,92.849998,99.449997,92.400002,98.949997,95.803246,236281.0,acciona
2020-07-17,98.900002,98.900002,95.900002,96.25,93.18911,213824.0,acciona
2020-07-20,96.849998,99.650002,95.949997,99.0,95.851662,114043.0,acciona
2020-07-21,100.0,101.0,97.0,97.650002,94.544586,225841.0,acciona
2020-07-22,97.650002,98.449997,97.150002,97.599998,94.496178,98849.0,acciona
2020-07-23,97.75,100.199997,97.349998,99.300003,96.142113,154269.0,acciona
2020-07-24,99.0,99.650002,96.199997,96.550003,93.479576,137317.0,acciona
2020-07-27,96.199997,96.199997,94.75,95.349998,92.31772600000001,81311.0,acciona
2020-07-28,96.949997,96.949997,94.800003,96.550003,93.479576,91391.0,acciona
2020-07-29,96.900002,96.900002,93.699997,95.650002,92.608192,101875.0,acciona
2020-07-30,94.849998,96.25,92.199997,95.300003,92.269325,163267.0,acciona
2020-07-31,95.5,95.800003,93.150002,93.800003,90.817032,204986.0,acciona
2020-08-03,93.699997,94.699997,91.550003,94.25,91.252716,152506.0,acciona
2020-08-04,94.75,95.150002,93.0,95.150002,92.124092,116592.0,acciona
2020-08-05,95.900002,97.099998,95.800003,96.199997,93.140701,157131.0,acciona
2020-08-06,96.400002,96.400002,94.349998,95.599998,92.559776,77920.0,acciona
2020-08-07,95.400002,97.349998,95.050003,97.300003,94.205727,108966.0,acciona
2020-08-10,97.550003,98.0,96.550003,98.0,94.883461,250606.0,acciona
2020-08-11,98.449997,101.5,98.300003,100.5,97.303955,112867.0,acciona
2020-08-12,101.0,103.0,99.900002,102.400002,99.143532,89814.0,acciona
2020-08-13,101.900002,102.5,101.199997,102.099998,98.853073,85327.0,acciona
2020-08-14,102.0,102.0,99.650002,100.099998,96.91667199999999,65883.0,acciona
2020-08-17,100.0,101.300003,99.050003,99.75,96.577812,90185.0,acciona
2020-08-18,98.699997,100.699997,98.349998,99.900002,96.723038,106114.0,acciona
2020-08-19,100.300003,100.400002,98.949997,100.400002,97.207138,63705.0,acciona
2020-08-20,99.5,99.75,98.699997,99.699997,96.52939599999999,64639.0,acciona
2020-08-21,99.699997,99.849998,97.650002,98.849998,95.70642099999999,58888.0,acciona
2020-08-24,99.5,102.699997,99.449997,102.699997,99.43399000000001,81363.0,acciona
2020-08-25,103.0,103.599998,100.599998,101.300003,98.078514,140206.0,acciona
2020-08-26,101.300003,101.900002,100.199997,101.099998,97.884872,59709.0,acciona
2020-08-27,100.400002,101.300003,99.650002,100.900002,97.691238,107219.0,acciona
2020-08-28,101.5,101.800003,99.75,101.199997,97.981689,81665.0,acciona
2020-08-31,101.5,102.099998,99.599998,100.199997,97.01349599999999,67573.0,acciona
2020-09-01,100.699997,102.300003,100.099998,100.699997,97.497597,63904.0,acciona
2020-09-02,101.099998,103.199997,100.900002,103.199997,99.918091,66113.0,acciona
2020-09-03,104.0,105.0,100.699997,101.5,98.27215600000001,91585.0,acciona
2020-09-04,100.900002,102.099998,97.849998,98.25,95.125511,131676.0,acciona
2020-09-07,98.650002,100.800003,98.550003,100.599998,97.400772,93686.0,acciona
2020-09-08,101.0,101.800003,97.849998,99.199997,96.045296,99955.0,acciona
2020-09-09,99.800003,101.400002,99.199997,100.699997,97.497597,65038.0,acciona
2020-09-10,100.5,101.0,99.349998,99.5,96.335762,64405.0,acciona
2020-09-11,99.5,100.199997,98.599998,99.0,95.851662,75976.0,acciona
2020-09-14,100.0,100.0,98.400002,99.0,95.851662,69817.0,acciona
2020-09-15,98.5,100.099998,98.5,99.75,96.577812,110015.0,acciona
2020-09-16,99.150002,100.300003,99.0,99.800003,96.626213,70893.0,acciona
2020-09-17,99.349998,102.5,98.75,102.0,98.75625600000001,125565.0,acciona
2020-09-18,102.0,102.0,98.050003,98.050003,94.93186999999999,179230.0,acciona
2020-09-21,98.0,98.0,93.5,93.800003,90.817032,164428.0,acciona
2020-09-22,94.550003,95.5,93.599998,94.599998,91.591576,75421.0,acciona
2020-09-23,95.349998,97.050003,94.650002,94.650002,91.639992,80885.0,acciona
2020-09-24,93.800003,94.849998,93.349998,94.349998,91.349533,66425.0,acciona
2020-09-25,93.800003,94.5,91.199997,92.650002,89.703598,126273.0,acciona
2020-09-28,94.0,95.099998,93.349998,94.0,91.010666,70948.0,acciona
2020-09-29,93.599998,94.400002,92.5,93.25,90.284515,81297.0,acciona
2020-09-30,92.949997,93.599998,91.300003,92.800003,89.848831,105472.0,acciona
2020-10-01,93.599998,94.099998,92.349998,92.5,89.55836500000001,94868.0,acciona
2020-10-02,91.5,93.75,90.25,93.599998,90.62338299999999,113177.0,acciona
2020-10-05,94.150002,95.5,93.5,94.199997,91.2043,64369.0,acciona
2020-10-06,95.199997,95.800003,93.900002,93.900002,90.913841,161897.0,acciona
2020-10-07,94.150002,95.650002,94.150002,94.550003,91.543182,67230.0,acciona
2020-10-08,95.050003,97.900002,95.0,97.900002,94.786636,89170.0,acciona
2020-10-09,97.900002,98.5,95.75,96.449997,93.382751,73844.0,acciona
2020-10-12,96.650002,98.550003,96.25,98.449997,95.31914499999999,65306.0,acciona
2020-10-13,97.900002,98.400002,96.650002,97.099998,94.012077,54427.0,acciona
2020-10-14,96.800003,98.050003,95.650002,97.599998,94.496178,93656.0,acciona
2020-10-15,96.5,97.400002,95.650002,96.550003,93.479576,80398.0,acciona
2020-10-16,97.050003,97.599998,96.099998,97.400002,94.302544,97327.0,acciona
2020-10-19,97.5,98.75,97.199997,97.199997,94.10889399999999,58663.0,acciona
2020-10-20,98.0,98.25,96.300003,97.349998,94.25412800000001,52781.0,acciona
2020-10-21,98.050003,98.75,95.0,95.349998,92.31772600000001,81650.0,acciona
2020-10-22,95.0,95.099998,93.400002,94.150002,91.155891,59041.0,acciona
2020-10-23,94.199997,96.300003,93.949997,96.099998,93.043877,76997.0,acciona
2020-10-26,95.0,96.699997,94.650002,95.050003,92.027283,46314.0,acciona
2020-10-27,95.25,95.25,91.699997,92.050003,89.122681,73222.0,acciona
2020-10-28,91.050003,91.599998,89.300003,89.900002,87.041046,201994.0,acciona
2020-10-29,90.449997,91.099998,86.699997,86.900002,84.136452,139018.0,acciona
2020-10-30,86.0,86.699997,85.150002,86.699997,83.94281,137172.0,acciona
2020-11-02,87.0,89.400002,85.699997,88.699997,85.879211,97353.0,acciona
2020-11-03,89.599998,91.949997,89.599998,91.949997,89.025856,72924.0,acciona
2020-11-04,90.050003,92.150002,88.400002,91.800003,88.88063000000001,98194.0,acciona
2020-11-05,91.650002,93.900002,91.650002,92.800003,89.848831,67307.0,acciona
2020-11-06,92.699997,95.599998,88.650002,89.75,86.895821,161175.0,acciona
2020-11-09,90.949997,94.400002,90.800003,92.300003,89.364731,220643.0,acciona
2020-11-10,91.650002,97.400002,91.5,97.400002,94.302544,203229.0,acciona
2020-11-11,97.699997,99.199997,95.75,99.199997,96.045296,150530.0,acciona
2020-11-12,98.5,99.150002,97.699997,97.900002,94.786636,86602.0,acciona
2020-11-13,97.699997,98.550003,97.150002,98.25,95.125511,61371.0,acciona
2020-11-16,99.0,101.300003,97.800003,99.150002,95.996887,105840.0,acciona
2020-11-17,99.349998,99.5,96.800003,98.050003,94.93186999999999,88255.0,acciona
2020-11-18,97.75,99.900002,97.400002,99.650002,96.480988,84987.0,acciona
2020-11-19,99.599998,100.599998,98.650002,100.0,96.819855,57051.0,acciona
2020-11-20,100.300003,102.400002,100.099998,102.400002,99.143532,139763.0,acciona
2020-11-23,102.300003,102.800003,99.800003,99.800003,96.626213,77151.0,acciona
2020-11-24,100.599998,101.199997,99.349998,100.599998,97.400772,94769.0,acciona
2020-11-25,101.0,104.599998,100.800003,104.599998,101.273567,214076.0,acciona
2020-11-26,104.900002,104.900002,103.5,104.0,100.69265,120660.0,acciona
2020-11-27,103.800003,104.800003,102.900002,104.099998,100.789467,56002.0,acciona
2020-11-30,105.0,108.699997,104.0,106.699997,103.306786,129269.0,acciona
2020-12-01,107.699997,107.800003,103.0,104.5,101.17675,118430.0,acciona
2020-12-02,103.5,104.5,102.199997,104.0,100.69265,100039.0,acciona
2020-12-03,103.699997,105.699997,103.300003,105.5,102.144951,90996.0,acciona
2020-12-04,105.0,107.0,104.599998,107.0,103.59724399999999,159714.0,acciona
2020-12-07,105.900002,108.599998,105.900002,108.599998,105.14636200000001,59377.0,acciona
2020-12-08,108.599998,109.900002,108.300003,109.800003,106.308205,86421.0,acciona
2020-12-09,110.0,112.300003,109.800003,112.199997,108.631882,128827.0,acciona
2020-12-10,112.599998,114.0,111.800003,113.0,109.406433,114503.0,acciona
2020-12-11,108.099998,110.199997,106.099998,108.699997,105.243179,2403914.0,acciona
2020-12-14,109.800003,111.0,106.800003,109.300003,105.824104,169252.0,acciona
2020-12-15,109.199997,110.400002,108.199997,110.400002,106.889122,172420.0,acciona
2020-12-16,110.0,114.199997,110.0,114.0,110.37463400000001,142551.0,acciona
2020-12-17,114.5,116.699997,114.099998,116.0,112.31102800000001,154447.0,acciona
2020-12-18,115.699997,117.0,113.599998,113.599998,109.987358,235502.0,acciona
2020-12-21,109.099998,112.0,107.099998,110.800003,107.27640500000001,113277.0,acciona
2020-12-22,111.599998,116.199997,111.199997,115.699997,112.020576,286442.0,acciona
2020-12-23,116.0,117.0,115.099998,115.900002,112.21421799999999,79949.0,acciona
2020-12-24,117.0,117.0,114.599998,114.599998,110.955551,23032.0,acciona
2020-12-28,115.900002,119.5,115.800003,119.0,115.21563,104646.0,acciona
2020-12-29,119.599998,119.599998,116.699997,117.699997,113.95696299999999,105030.0,acciona
2020-12-30,118.199997,118.199997,116.800003,117.0,113.279228,62222.0,acciona
2020-12-31,117.099998,117.699997,116.300003,116.699997,112.98876200000001,28151.0,acciona
2021-01-04,116.900002,118.099998,116.599998,117.099998,113.376053,105600.0,acciona
2021-01-05,117.300003,118.099998,116.0,116.5,112.795128,79442.0,acciona
2021-01-06,117.300003,119.599998,116.300003,119.5,115.69973,162252.0,acciona
2021-01-07,120.0,126.5,119.800003,126.099998,122.089836,174305.0,acciona
2021-01-08,127.699997,128.800003,126.699997,127.900002,123.832596,158751.0,acciona
2021-01-11,127.099998,127.599998,124.199997,124.599998,120.637543,194092.0,acciona
2021-01-12,125.699997,127.0,124.699997,125.300003,121.315285,139089.0,acciona
2021-01-13,122.900002,126.699997,121.800003,126.699997,122.670753,130530.0,acciona
2021-01-14,127.0,127.699997,125.900002,126.900002,122.864395,79797.0,acciona
2021-01-15,126.599998,126.900002,124.599998,125.699997,121.70255300000001,99955.0,acciona
2021-01-18,125.300003,127.5,123.699997,127.099998,123.05803700000001,71211.0,acciona
2021-01-19,127.699997,129.5,126.199997,128.899994,124.800789,221858.0,acciona
2021-01-20,129.399994,129.800003,127.5,128.699997,124.607147,60446.0,acciona
2021-01-21,129.0,130.699997,128.800003,128.800003,124.703979,100881.0,acciona
2021-01-22,128.699997,129.399994,127.099998,128.800003,124.703979,83435.0,acciona
2021-01-25,129.5,130.5,126.900002,129.0,124.89761399999999,90677.0,acciona
2021-01-26,129.699997,134.0,129.5,132.600006,128.38313300000002,182449.0,acciona
2021-01-27,133.100006,133.100006,120.699997,123.0,119.088425,225709.0,acciona
2021-01-28,121.800003,127.599998,117.5,126.599998,122.573936,171797.0,acciona
2021-01-29,125.199997,125.900002,123.400002,123.699997,119.766159,94555.0,acciona
2021-02-01,125.099998,126.099998,124.0,125.099998,121.12164299999999,78317.0,acciona
2021-02-02,125.800003,127.699997,125.599998,126.5,122.47711899999999,88013.0,acciona
2021-02-03,126.699997,128.300003,126.699997,127.599998,123.54213700000001,69926.0,acciona
2021-02-04,127.199997,127.699997,126.400002,127.0,122.96122,82598.0,acciona
2021-02-05,128.0,129.199997,126.5,129.0,124.89761399999999,85439.0,acciona
2021-02-08,129.600006,131.600006,129.300003,130.0,125.86581399999999,81666.0,acciona
2021-02-09,129.699997,129.699997,124.800003,125.599998,121.60574299999999,92557.0,acciona
2021-02-10,125.699997,126.5,123.400002,124.099998,120.153442,79429.0,acciona
2021-02-11,124.199997,125.800003,124.099998,124.800003,120.83118400000001,74206.0,acciona
2021-02-12,124.599998,124.699997,121.900002,122.900002,118.99160800000001,79292.0,acciona
2021-02-15,123.400002,124.5,123.199997,123.699997,119.766159,58613.0,acciona
2021-02-16,124.800003,128.5,123.900002,125.199997,121.218452,119909.0,acciona
2021-02-17,125.699997,125.699997,124.0,124.199997,120.25025900000001,82277.0,acciona
2021-02-18,131.5,139.399994,130.600006,138.399994,133.998688,312959.0,acciona
2021-02-19,137.199997,147.100006,137.199997,144.199997,139.614227,337095.0,acciona
2021-02-22,143.800003,143.800003,135.300003,136.5,132.15910300000002,144076.0,acciona
2021-02-23,136.800003,137.100006,127.599998,133.600006,129.351334,188010.0,acciona
2021-02-24,134.300003,136.899994,133.399994,134.399994,130.125885,104744.0,acciona
2021-02-25,135.199997,136.300003,133.800003,134.199997,129.93223600000002,87258.0,acciona
2021-02-26,133.0,134.899994,131.699997,133.399994,129.15768400000002,101400.0,acciona
2021-03-01,134.600006,136.300003,134.100006,135.0,130.706802,71846.0,acciona
2021-03-02,134.600006,135.300003,132.699997,133.100006,128.867233,71918.0,acciona
2021-03-03,133.699997,133.800003,126.5,127.099998,123.05803700000001,164454.0,acciona
2021-03-04,127.400002,128.399994,124.900002,126.199997,122.186653,142948.0,acciona
2021-03-05,126.0,128.100006,125.099998,126.0,121.99301899999999,116842.0,acciona
2021-03-08,127.5,127.5,122.800003,125.0,121.024818,200493.0,acciona
2021-03-09,125.5,131.600006,125.099998,129.399994,125.28488200000001,255876.0,acciona
2021-03-10,129.300003,129.699997,128.199997,129.399994,125.28488200000001,70789.0,acciona
2021-03-11,128.899994,134.600006,128.800003,132.5,128.286301,109335.0,acciona
2021-03-12,132.300003,132.699997,129.800003,131.100006,126.93083999999999,55511.0,acciona
2021-03-15,131.800003,139.5,131.800003,136.300003,131.96546899999998,186875.0,acciona
2021-03-16,137.0,137.399994,135.300003,136.0,131.675003,89495.0,acciona
2021-03-17,137.0,137.800003,134.100006,135.300003,130.997269,98423.0,acciona
2021-03-18,135.800003,136.5,133.100006,134.199997,129.93223600000002,75557.0,acciona
2021-03-19,133.800003,135.399994,133.0,135.199997,130.900436,132246.0,acciona
2021-03-22,135.0,137.100006,133.199997,137.100006,132.74002099999998,97343.0,acciona
2021-03-23,136.399994,138.899994,134.600006,138.0,133.611389,118561.0,acciona
2021-03-24,136.800003,138.300003,136.0,138.199997,133.805038,176248.0,acciona
2021-03-25,138.0,140.800003,137.5,139.199997,134.773239,147736.0,acciona
2021-03-26,139.600006,141.399994,138.5,140.699997,136.22554,125694.0,acciona
2021-03-29,140.600006,141.399994,138.699997,140.800003,136.322357,154630.0,acciona
2021-03-30,140.800003,143.199997,139.600006,142.399994,137.871475,134488.0,acciona
2021-03-31,142.899994,145.800003,141.899994,142.899994,138.355576,115726.0,acciona
2021-04-01,142.399994,144.199997,141.899994,144.100006,139.51741,98970.0,acciona
2021-04-06,138.300003,139.399994,133.899994,137.100006,132.74002099999998,191906.0,acciona
2021-04-07,138.0,140.199997,136.800003,138.199997,133.805038,148224.0,acciona
2021-04-08,138.600006,140.800003,137.899994,140.800003,136.322357,93028.0,acciona
2021-04-09,141.100006,141.199997,139.399994,140.0,135.547791,65199.0,acciona
2021-04-12,139.899994,142.399994,139.899994,141.100006,136.612823,64361.0,acciona
2021-04-13,141.199997,141.899994,138.899994,140.699997,136.22554,64205.0,acciona
2021-04-14,141.0,141.199997,137.800003,138.399994,133.998688,70280.0,acciona
2021-04-15,138.800003,139.800003,138.100006,138.600006,134.192322,50132.0,acciona
2021-04-16,138.699997,141.0,138.300003,140.5,136.031891,77828.0,acciona
2021-04-19,139.100006,141.399994,139.100006,140.199997,135.74143999999998,230655.0,acciona
2021-04-20,139.800003,140.399994,138.399994,139.800003,135.354172,72238.0,acciona
2021-04-21,140.600006,141.699997,138.699997,138.699997,134.28913899999998,65177.0,acciona
2021-04-22,139.0,143.699997,138.800003,143.0,138.452393,88245.0,acciona
2021-04-23,142.600006,144.600006,142.399994,144.600006,140.00151100000002,80452.0,acciona
2021-04-26,144.399994,145.5,143.699997,144.5,139.904694,58292.0,acciona
2021-04-27,142.399994,146.199997,142.399994,146.199997,141.55062900000001,133084.0,acciona
2021-04-28,146.899994,146.899994,144.300003,145.100006,140.485611,48039.0,acciona
2021-04-29,145.399994,145.899994,143.5,145.300003,140.67926,71400.0,acciona
2021-04-30,145.0,146.600006,143.800003,144.699997,140.098328,75007.0,acciona
2021-05-03,145.600006,145.800003,143.199997,145.600006,140.96971100000002,45053.0,acciona
2021-05-04,145.600006,146.0,138.0,138.100006,133.708221,123375.0,acciona
2021-05-05,139.5,139.899994,135.5,139.5,135.06368999999998,134041.0,acciona
2021-05-06,139.5,139.600006,134.5,136.399994,132.062286,110304.0,acciona
2021-05-07,138.800003,140.300003,136.600006,139.600006,135.160522,87146.0,acciona
2021-05-10,140.0,140.199997,137.800003,138.800003,134.38597099999998,71379.0,acciona
2021-05-11,137.800003,137.800003,133.300003,134.100006,129.83543400000002,109677.0,acciona
2021-05-12,134.100006,136.100006,131.399994,131.600006,127.41493200000001,95164.0,acciona
2021-05-13,130.5,131.800003,128.100006,131.600006,127.41493200000001,136574.0,acciona
2021-05-14,132.699997,135.600006,131.100006,135.399994,131.094086,106565.0,acciona
2021-05-17,137.0,137.600006,134.600006,135.300003,130.997269,81220.0,acciona
2021-05-18,136.100006,138.0,135.5,136.399994,132.062286,67915.0,acciona
2021-05-19,135.699997,137.800003,135.0,136.0,131.675003,72653.0,acciona
2021-05-20,136.600006,138.0,136.0,137.600006,133.224121,55525.0,acciona
2021-05-21,137.0,140.100006,137.0,139.0,134.57959,58312.0,acciona
2021-05-24,139.100006,140.699997,138.5,138.600006,134.192322,35071.0,acciona
2021-05-25,138.800003,140.300003,138.0,139.699997,135.257339,51623.0,acciona
2021-05-26,139.199997,142.399994,139.199997,140.899994,136.419174,70157.0,acciona
2021-05-27,141.100006,142.5,140.800003,141.600006,137.096924,121238.0,acciona
2021-05-28,141.800003,143.800003,141.100006,141.899994,137.387375,53014.0,acciona
2021-05-31,141.899994,142.199997,138.100006,138.100006,133.708221,56920.0,acciona
2021-06-01,138.800003,139.100006,137.100006,137.699997,133.32093799999998,77561.0,acciona
2021-06-02,138.100006,138.100006,134.199997,134.699997,130.416336,79254.0,acciona
2021-06-03,135.199997,135.699997,132.800003,133.800003,129.54496799999998,53578.0,acciona
2021-06-04,133.300003,134.699997,131.600006,134.399994,130.125885,165433.0,acciona
2021-06-07,134.100006,139.5,133.300003,137.0,132.643204,102077.0,acciona
2021-06-08,137.399994,143.0,137.399994,140.899994,136.419174,112357.0,acciona
2021-06-09,140.800003,140.800003,134.5,134.800003,130.513168,100025.0,acciona
2021-06-10,135.0,135.399994,131.800003,132.0,127.80220800000001,70196.0,acciona
2021-06-11,132.0,132.0,129.899994,131.300003,127.12447399999999,99891.0,acciona
2021-06-14,131.699997,136.199997,131.699997,135.699997,131.38453700000002,116363.0,acciona
2021-06-15,136.5,137.800003,135.399994,136.0,131.675003,59021.0,acciona
2021-06-16,136.0,139.699997,136.0,138.600006,134.192322,91608.0,acciona
2021-06-17,137.0,138.399994,135.800003,137.899994,133.514587,86105.0,acciona
2021-06-18,140.0,140.0,128.300003,128.399994,124.316689,359572.0,acciona
2021-06-21,129.300003,129.800003,126.300003,127.400002,123.348495,142468.0,acciona
2021-06-22,128.5,129.199997,125.800003,126.800003,122.767578,83580.0,acciona
2021-06-23,127.5,128.399994,125.199997,125.199997,121.218452,109387.0,acciona
2021-06-24,126.0,128.199997,124.5,127.0,122.96122,254656.0,acciona
2021-06-25,127.0,127.0,125.5,126.699997,122.670753,189434.0,acciona
2021-06-28,127.0,129.5,126.599998,127.199997,123.154854,124419.0,acciona
2021-06-29,127.199997,128.699997,125.5,127.900002,123.832596,134957.0,acciona
2021-06-30,127.5,128.0,125.199997,127.300003,123.251678,209907.0,acciona
2021-07-01,127.900002,129.399994,125.5,129.399994,125.28488200000001,234131.0,acciona
2021-07-02,130.5,131.800003,128.5,128.800003,124.703979,128695.0,acciona
2021-07-05,125.099998,125.199997,123.199997,124.300003,124.11978899999998,96600.0,acciona
2021-07-06,123.0,124.900002,122.5,124.800003,124.619064,91226.0,acciona
2021-07-07,125.400002,127.900002,123.900002,127.599998,127.415001,103910.0,acciona
2021-07-08,126.400002,127.099998,123.300003,124.900002,124.71891799999999,93134.0,acciona
2021-07-09,125.800003,127.599998,125.300003,127.199997,127.015579,117279.0,acciona
2021-07-12,126.800003,129.100006,126.800003,128.100006,127.91428400000001,51133.0,acciona
2021-07-13,128.5,129.0,127.599998,128.600006,128.41355900000002,70135.0,acciona
2021-07-14,128.699997,128.800003,125.900002,127.300003,127.11543999999999,56075.0,acciona
2021-07-15,127.199997,127.199997,125.0,125.699997,125.51775400000001,92327.0,acciona
2021-07-16,125.400002,127.599998,124.800003,127.0,126.815872,86403.0,acciona
2021-07-19,126.099998,126.099998,123.800003,125.0,124.818771,70499.0,acciona
2021-07-20,125.900002,126.599998,124.699997,125.800003,125.61761499999999,68834.0,acciona
2021-07-21,125.900002,128.800003,125.900002,128.300003,128.11398300000002,59019.0,acciona
2021-07-22,128.100006,130.699997,128.100006,129.5,129.312241,121595.0,acciona
2021-07-23,130.199997,132.0,128.199997,131.5,131.309341,94918.0,acciona
2021-07-26,130.5,132.399994,130.300003,131.800003,131.608917,62665.0,acciona
2021-07-27,132.300003,133.0,129.300003,130.5,130.310791,68221.0,acciona
2021-07-28,131.0,132.899994,130.899994,131.800003,131.608917,78438.0,acciona
2021-07-29,132.899994,133.699997,131.0,133.100006,132.907028,73209.0,acciona
2021-07-30,133.100006,133.100006,126.5,129.199997,129.01268000000002,127666.0,acciona
2021-08-02,129.300003,131.100006,128.399994,129.699997,129.511948,82420.0,acciona
2021-08-03,129.5,129.600006,126.5,128.100006,127.91428400000001,92096.0,acciona
2021-08-04,129.0,131.300003,128.199997,130.5,130.310791,65446.0,acciona
2021-08-05,131.5,133.5,130.699997,131.5,131.309341,55377.0,acciona
2021-08-06,132.0,132.300003,130.0,130.399994,130.210938,53570.0,acciona
2021-08-09,132.699997,134.899994,132.0,133.199997,133.00688200000002,111864.0,acciona
2021-08-10,132.300003,135.899994,132.300003,135.300003,135.103836,84734.0,acciona
2021-08-11,135.300003,136.199997,134.399994,135.800003,135.603119,53849.0,acciona
2021-08-12,136.0,137.199997,134.699997,137.199997,137.001083,65071.0,acciona
2021-08-13,136.600006,138.5,136.399994,137.699997,137.500351,56698.0,acciona
2021-08-16,137.5,138.300003,136.600006,138.0,137.799927,43196.0,acciona
2021-08-17,137.0,138.699997,136.699997,138.300003,138.099487,65248.0,acciona
2021-08-18,138.0,141.399994,137.600006,141.0,140.795578,92054.0,acciona
2021-08-19,139.399994,141.5,138.199997,139.5,139.297745,84339.0,acciona
2021-08-20,139.600006,139.899994,137.899994,139.800003,139.597321,55902.0,acciona
2021-08-23,139.600006,141.0,137.899994,140.600006,140.396164,52903.0,acciona
2021-08-24,141.199997,141.899994,140.0,140.699997,140.496002,98060.0,acciona
2021-08-25,139.5,141.5,139.300003,140.100006,139.896881,69982.0,acciona
2021-08-26,139.100006,139.199997,136.699997,136.899994,136.70150800000002,47073.0,acciona
2021-08-27,138.199997,138.699997,136.800003,137.0,136.801376,52616.0,acciona
2021-08-30,137.600006,139.800003,137.600006,137.899994,137.700058,46630.0,acciona
2021-08-31,138.0,139.899994,137.5,137.600006,137.400513,90828.0,acciona
2021-09-01,139.699997,141.0,138.600006,139.800003,139.597321,92179.0,acciona
2021-09-02,140.0,142.600006,139.5,142.199997,141.99383500000002,101912.0,acciona
2021-09-03,143.0,143.600006,140.800003,141.600006,141.394714,87599.0,acciona
2021-09-06,141.100006,142.0,140.399994,141.0,140.795578,49751.0,acciona
2021-09-07,140.600006,141.0,139.300003,140.0,139.797028,82419.0,acciona
2021-09-08,139.899994,141.399994,137.5,141.199997,140.995285,79222.0,acciona
2021-09-09,140.899994,143.5,140.100006,143.399994,143.192093,80005.0,acciona
2021-09-10,143.600006,144.0,142.399994,143.699997,143.491653,69691.0,acciona
2021-09-13,144.600006,149.5,144.600006,148.100006,147.885284,104248.0,acciona
2021-09-14,148.199997,149.600006,147.0,148.0,147.78543100000002,93272.0,acciona
2021-09-15,147.0,148.899994,145.199997,146.0,145.78833,99616.0,acciona
2021-09-16,146.199997,147.0,137.600006,141.0,140.795578,196921.0,acciona
2021-09-17,141.600006,145.899994,141.600006,144.100006,143.891083,149715.0,acciona
2021-09-20,142.5,142.600006,139.399994,139.899994,139.697159,91429.0,acciona
2021-09-21,141.100006,145.699997,140.199997,145.0,144.78978,116660.0,acciona
2021-09-22,145.600006,146.800003,143.399994,144.600006,144.390366,90432.0,acciona
2021-09-23,146.0,146.800003,145.399994,145.699997,145.488754,64337.0,acciona
2021-09-24,145.100006,148.0,145.100006,147.199997,146.98658799999998,102528.0,acciona
2021-09-27,148.199997,149.0,144.800003,149.0,148.783981,100374.0,acciona
2021-09-28,149.100006,149.5,142.199997,143.300003,143.09223899999998,139362.0,acciona
2021-09-29,144.399994,147.100006,143.899994,144.5,144.290497,94724.0,acciona
2021-09-30,146.399994,147.199997,143.100006,143.199997,142.992386,80450.0,acciona
2021-10-01,142.0,144.699997,140.800003,143.899994,143.69136,99369.0,acciona
2021-10-04,143.300003,144.899994,141.800003,142.199997,141.99383500000002,86099.0,acciona
2021-10-05,143.199997,143.199997,140.0,142.199997,141.99383500000002,84942.0,acciona
2021-10-06,140.800003,141.399994,137.899994,140.899994,140.69570900000002,91923.0,acciona
2021-10-07,141.800003,143.899994,141.800003,143.399994,143.192093,72485.0,acciona
2021-10-08,142.5,144.699997,142.5,144.100006,143.891083,89468.0,acciona
2021-10-11,143.800003,143.800003,141.300003,142.5,142.293396,89763.0,acciona
2021-10-12,141.0,145.5,140.199997,145.300003,145.08934,102998.0,acciona
2021-10-13,145.300003,147.899994,144.0,147.300003,147.08644099999998,67516.0,acciona
2021-10-14,148.0,149.600006,146.800003,148.300003,148.084991,64315.0,acciona
2021-10-15,149.199997,151.899994,148.300003,151.199997,150.980789,111686.0,acciona
2021-10-18,150.0,150.800003,147.300003,148.699997,148.484406,70707.0,acciona
2021-10-19,148.600006,151.5,148.600006,151.5,151.28035,107379.0,acciona
2021-10-20,151.100006,156.5,150.399994,156.0,155.77383400000002,163701.0,acciona
2021-10-21,155.399994,158.899994,154.199997,157.800003,157.571228,116243.0,acciona
2021-10-22,158.899994,162.199997,157.899994,161.100006,160.86643999999998,129637.0,acciona
2021-10-25,161.600006,163.5,159.300003,162.600006,162.364258,136386.0,acciona
2021-10-26,162.5,164.100006,160.600006,163.199997,162.963379,101270.0,acciona
2021-10-27,162.5,165.100006,162.199997,164.399994,164.16163600000002,96949.0,acciona
2021-10-28,164.300003,167.100006,164.300003,167.100006,166.857742,74165.0,acciona
2021-10-29,167.0,167.899994,164.100006,165.800003,165.559616,94860.0,acciona
2021-11-01,166.100006,168.899994,165.899994,166.0,165.759323,106842.0,acciona
2021-11-02,166.800003,168.800003,165.600006,166.899994,166.65802,72997.0,acciona
2021-11-03,166.800003,166.800003,158.300003,159.5,159.268753,195535.0,acciona
2021-11-04,160.699997,164.199997,158.800003,159.100006,158.869339,162844.0,acciona
2021-11-05,160.0,160.0,155.5,157.0,156.772385,156481.0,acciona
2021-11-08,157.0,159.600006,156.300003,157.699997,157.471359,84419.0,acciona
2021-11-09,157.199997,159.600006,156.300003,157.199997,156.972092,112468.0,acciona
2021-11-10,156.5,160.600006,156.5,159.699997,159.46846000000002,120131.0,acciona
2021-11-11,159.800003,160.100006,158.199997,159.100006,158.869339,75933.0,acciona
2021-11-12,159.100006,160.600006,157.699997,159.5,159.268753,51278.0,acciona
2021-11-15,160.0,161.5,158.899994,161.5,161.265854,82117.0,acciona
2021-11-16,161.399994,162.699997,160.899994,162.0,161.765121,63939.0,acciona
2021-11-17,162.600006,163.199997,160.899994,160.899994,160.666718,91963.0,acciona
2021-11-18,160.199997,160.5,156.899994,158.399994,158.170349,104792.0,acciona
2021-11-19,158.600006,160.5,157.800003,158.800003,158.569778,79516.0,acciona
2021-11-22,159.199997,160.399994,158.399994,160.399994,160.167435,87351.0,acciona
2021-11-23,159.899994,161.199997,156.100006,159.399994,159.1689,103631.0,acciona
2021-11-24,159.199997,162.399994,159.0,160.899994,160.666718,66009.0,acciona
2021-11-25,161.399994,163.399994,161.300003,163.0,162.76367199999999,63877.0,acciona
2021-11-26,159.0,161.100006,156.199997,159.300003,159.069046,110527.0,acciona
2021-11-29,158.5,161.100006,158.5,159.0,158.769485,81404.0,acciona
2021-11-30,158.0,158.5,156.300003,157.5,157.271652,150386.0,acciona
2021-12-01,157.100006,160.300003,157.100006,159.5,159.268753,72469.0,acciona
2021-12-02,157.5,159.699997,154.199997,155.199997,154.974991,98407.0,acciona
2021-12-03,155.899994,157.699997,153.899994,155.199997,154.974991,115763.0,acciona
2021-12-06,157.0,159.100006,156.300003,158.300003,158.070496,54425.0,acciona
2021-12-07,160.0,162.600006,159.399994,161.800003,161.56541399999998,67144.0,acciona
2021-12-08,161.399994,163.0,158.399994,159.100006,158.869339,70760.0,acciona
2021-12-09,159.800003,161.300003,159.399994,159.800003,159.568329,47412.0,acciona
2021-12-10,159.5,160.300003,158.0,158.699997,158.46991,50186.0,acciona
2021-12-13,159.5,161.5,158.5,159.399994,159.1689,86515.0,acciona
2021-12-14,160.399994,160.399994,155.399994,156.199997,155.97354099999998,63292.0,acciona
2021-12-15,157.0,159.800003,156.800003,159.199997,158.969193,66526.0,acciona
2021-12-16,160.5,162.199997,159.199997,160.5,160.267303,62274.0,acciona
2021-12-17,159.5,160.899994,156.199997,158.600006,158.370071,95654.0,acciona
2021-12-20,155.199997,159.399994,154.199997,159.199997,158.969193,63018.0,acciona
2021-12-21,161.0,161.899994,160.0,160.899994,160.666718,53449.0,acciona
2021-12-22,161.199997,165.100006,161.199997,164.199997,163.961929,74182.0,acciona
2021-12-23,164.899994,167.199997,164.100006,166.699997,166.45831299999998,55561.0,acciona
2021-12-27,166.300003,167.899994,165.300003,166.899994,166.65802,38396.0,acciona
2021-12-28,166.5,168.5,166.399994,167.600006,167.35701,32771.0,acciona
2021-12-29,168.399994,168.5,167.100006,168.0,167.756424,40518.0,acciona
2021-12-30,168.399994,169.699997,167.600006,168.100006,167.856293,47084.0,acciona
2022-01-03,168.100006,172.600006,168.100006,170.600006,170.352661,90917.0,acciona
2022-01-04,171.899994,172.699997,170.0,172.699997,172.449615,110045.0,acciona
2022-01-05,171.5,172.0,167.0,168.100006,167.856293,85807.0,acciona
2022-01-06,167.100006,167.100006,163.600006,165.0,164.760773,76589.0,acciona
2022-01-07,165.399994,166.5,164.0,164.899994,164.660919,52078.0,acciona
2022-01-10,165.5,166.100006,162.699997,163.600006,163.362808,68858.0,acciona
2022-01-11,164.800003,164.899994,158.100006,159.699997,159.46846000000002,96917.0,acciona
2022-01-12,159.5,160.399994,155.199997,159.199997,158.969193,81741.0,acciona
2022-01-13,159.100006,161.399994,157.800003,159.699997,159.46846000000002,83009.0,acciona
2022-01-14,158.800003,158.800003,156.600006,156.800003,156.572678,106587.0,acciona
2022-01-17,157.199997,157.399994,155.100006,155.5,155.274551,65850.0,acciona
2022-01-18,155.5,155.699997,151.399994,153.0,152.778183,71758.0,acciona
2022-01-19,150.899994,153.699997,150.300003,152.399994,152.179047,86212.0,acciona
2022-01-20,152.399994,155.699997,152.0,155.300003,155.07484399999998,56474.0,acciona
2022-01-21,153.100006,153.899994,151.300003,152.5,152.2789,94415.0,acciona
2022-01-24,151.199997,152.800003,146.899994,148.300003,148.084991,89419.0,acciona
2022-01-25,148.800003,151.0,148.5,148.600006,148.384567,84756.0,acciona
2022-01-26,149.5,154.399994,149.5,152.5,152.2789,79191.0,acciona
2022-01-27,150.300003,155.600006,149.699997,154.699997,154.475708,78390.0,acciona
2022-01-28,154.100006,155.5,151.399994,153.800003,153.577026,63400.0,acciona
2022-01-31,155.0,156.0,153.899994,154.300003,154.076294,65737.0,acciona
2022-02-01,153.300003,157.300003,145.399994,149.699997,149.482956,265001.0,acciona
2022-02-02,151.0,153.399994,148.0,152.300003,152.079193,96479.0,acciona
2022-02-03,152.300003,153.800003,150.199997,150.199997,149.982239,63025.0,acciona
2022-02-04,151.199997,151.600006,146.0,148.899994,148.684113,90858.0,acciona
2022-02-07,149.0,149.5,146.899994,147.5,147.286148,92659.0,acciona
2022-02-08,147.600006,149.5,144.600006,146.199997,145.98803700000002,80873.0,acciona
2022-02-09,147.300003,150.800003,147.300003,150.100006,149.882385,68706.0,acciona
2022-02-10,151.0,151.199997,143.300003,144.600006,144.390366,176124.0,acciona
2022-02-11,143.300003,145.600006,141.899994,144.0,143.79122900000002,101375.0,acciona
2022-02-14,141.800003,141.800003,138.600006,139.0,138.798477,97180.0,acciona
2022-02-15,138.100006,142.199997,137.199997,142.199997,141.99383500000002,135038.0,acciona
2022-02-16,142.699997,144.5,142.100006,142.800003,142.592972,90552.0,acciona
2022-02-17,143.199997,144.600006,142.100006,143.199997,142.992386,68217.0,acciona
2022-02-18,143.0,143.800003,139.600006,139.600006,139.39761399999998,93749.0,acciona
2022-02-21,141.399994,141.399994,136.300003,138.399994,138.199341,75682.0,acciona
2022-02-22,134.899994,138.199997,133.5,137.199997,137.001083,120196.0,acciona
2022-02-23,137.800003,137.899994,133.399994,134.100006,133.90557900000002,107529.0,acciona
2022-02-24,129.600006,141.600006,128.399994,140.0,139.797028,189309.0,acciona
2022-02-25,143.899994,149.300003,139.399994,147.100006,146.88673400000002,192860.0,acciona
2022-02-28,145.0,154.300003,144.600006,153.100006,152.878036,186473.0,acciona
2022-03-01,151.600006,153.0,147.5,147.5,147.286148,113031.0,acciona
2022-03-02,146.399994,148.5,143.399994,145.699997,145.488754,123567.0,acciona
2022-03-03,144.0,147.100006,140.899994,141.300003,141.095139,117424.0,acciona
2022-03-04,140.0,143.199997,137.899994,139.300003,139.098038,133579.0,acciona
2022-03-07,135.5,147.800003,135.199997,145.899994,145.68846100000002,156993.0,acciona
2022-03-08,143.300003,154.0,143.199997,150.0,149.782532,167594.0,acciona
2022-03-09,152.0,157.199997,151.100006,156.100006,155.873688,192222.0,acciona
2022-03-10,155.399994,159.300003,153.899994,155.199997,154.974991,124055.0,acciona
2022-03-11,157.0,164.199997,156.800003,161.300003,161.066147,159788.0,acciona
2022-03-14,162.600006,165.300003,157.699997,158.0,157.770935,100997.0,acciona
2022-03-15,157.0,162.0,155.600006,160.600006,160.36715700000002,116630.0,acciona
2022-03-16,163.0,163.899994,158.0,159.699997,159.46846000000002,148695.0,acciona
2022-03-17,161.800003,164.600006,159.899994,163.300003,163.063248,145231.0,acciona
2022-03-18,163.0,165.0,161.800003,163.899994,163.66236899999998,150742.0,acciona
2022-03-21,163.899994,166.800003,162.699997,164.600006,164.36135900000002,88048.0,acciona
2022-03-22,164.800003,166.199997,162.800003,165.600006,165.35990900000002,78694.0,acciona
2022-03-23,166.600006,167.0,161.199997,161.600006,161.36570700000001,69454.0,acciona
2022-03-24,163.899994,164.899994,161.600006,164.800003,164.56106599999998,94319.0,acciona
2022-03-25,165.399994,167.300003,163.699997,166.100006,165.85919199999998,76191.0,acciona
2022-03-28,166.100006,171.800003,166.100006,170.699997,170.45251499999998,138262.0,acciona
2022-03-29,171.100006,173.100006,168.399994,169.600006,169.35411100000002,182238.0,acciona
2022-03-30,167.199997,170.399994,167.199997,169.800003,169.553818,96667.0,acciona
2022-03-31,169.5,174.100006,169.5,173.5,173.248459,141337.0,acciona
2022-04-01,172.199997,176.600006,172.199997,175.800003,175.54512,152976.0,acciona
2022-04-04,177.0,178.300003,175.100006,177.600006,177.342514,94788.0,acciona
2022-04-05,179.399994,184.699997,175.300003,183.0,182.73468,152627.0,acciona
2022-04-06,182.100006,185.699997,180.899994,185.699997,185.430771,145611.0,acciona
2022-04-07,186.300003,190.600006,184.899994,187.0,186.728882,190954.0,acciona
2022-04-08,189.0,192.100006,187.300003,192.0,191.721634,101044.0,acciona
2022-04-11,191.899994,193.399994,188.300003,191.699997,191.422073,104751.0,acciona
2022-04-12,189.100006,193.199997,187.399994,192.199997,191.92134099999998,123666.0,acciona
2022-04-13,192.399994,194.300003,188.699997,189.899994,189.62468,152051.0,acciona
2022-04-14,189.199997,194.699997,188.800003,193.199997,192.91989099999998,100617.0,acciona
2022-04-19,194.100006,196.5,192.300003,196.5,196.5,138731.0,acciona
2022-04-20,195.0,197.0,192.699997,195.800003,195.800003,117760.0,acciona
2022-04-21,195.300003,196.800003,190.800003,191.399994,191.399994,150653.0,acciona
2022-04-22,190.0,192.800003,188.800003,188.800003,188.800003,103822.0,acciona
2022-04-25,187.199997,193.399994,186.899994,190.699997,190.699997,96746.0,acciona
2022-04-26,190.199997,192.300003,187.899994,189.5,189.5,125363.0,acciona
