2017-04-27,33.700001,33.814999,33.560001,33.814999,25.47612,1767921.0,acs
2017-04-28,33.59,34.139998999999996,33.474998,34.029999,25.638098,12520473.0,acs
2017-05-02,34.005001,34.5,33.900002,34.5,25.992197,2237104.0,acs
2017-05-03,34.455002,34.52,34.119999,34.264998999999996,25.815147,1520344.0,acs
2017-05-04,34.485001000000004,34.775002,34.299999,34.700001,26.142878,1104079.0,acs
2017-05-05,34.740002000000004,35.195,34.575001,35.0,26.368895000000002,1411331.0,acs
2017-05-08,35.080002,35.080002,34.365002000000004,34.689999,26.135344,1005681.0,acs
2017-05-09,34.700001,35.400002,34.654999,35.279999,26.579846999999997,2324040.0,acs
2017-05-10,35.09,35.23,34.799999,35.145,26.478134000000004,1070194.0,acs
2017-05-11,34.865002000000004,34.994999,34.419998,34.59,26.059998999999998,1152366.0,acs
2017-05-12,34.700001,36.095001,34.560001,35.66,26.866138,1333224.0,acs
2017-05-15,35.799999,35.955002,35.470001,35.744999,26.930173999999997,716701.0,acs
2017-05-16,35.794998,35.799999,35.349998,35.455002,26.711691,995509.0,acs
2017-05-17,35.209998999999996,35.580002,34.505001,34.544998,26.0261,2164920.0,acs
2017-05-18,34.415001000000004,34.889998999999996,33.959998999999996,34.759997999999996,26.188076000000002,1134462.0,acs
2017-05-19,34.645,35.689999,34.470001,35.689999,26.888740999999996,1091470.0,acs
2017-05-22,35.700001,36.02,35.48,35.529999,26.768192,1180151.0,acs
2017-05-23,35.224998,35.875,35.060001,35.849998,27.009279,933995.0,acs
2017-05-24,35.919998,36.5,35.84,36.07,27.17503,1415596.0,acs
2017-05-25,36.080002,36.540001000000004,35.799999,36.285,27.337015,823666.0,acs
2017-05-26,36.205002,36.224998,35.535,35.755001,26.937712,1325987.0,acs
2017-05-29,35.77,36.224998,35.689999,36.165001000000004,27.246603000000004,557630.0,acs
2017-05-30,35.924999,36.055,35.404999,35.595001,26.817169,913480.0,acs
2017-05-31,35.75,36.110001000000004,35.34,35.564999,26.794563,1506699.0,acs
2017-06-01,35.455002,35.900002,35.415001000000004,35.625,26.839767,3635336.0,acs
2017-06-02,35.799999,35.895,35.555,35.615002000000004,26.832237,1617417.0,acs
2017-06-05,35.549999,35.889998999999996,35.43,35.790001000000004,26.964081,668647.0,acs
2017-06-06,35.744999,35.865002000000004,35.52,35.700001,26.896278000000002,1054234.0,acs
2017-06-07,35.509997999999996,36.195,35.415001000000004,35.775002,26.952779999999997,759700.0,acs
2017-06-08,35.970001,35.970001,35.540001000000004,35.755001,26.937712,861030.0,acs
2017-06-09,35.799999,36.035,35.639998999999996,35.950001,27.084622999999997,1150357.0,acs
2017-06-12,35.830002,35.830002,35.529999,35.695,26.892508000000003,2069596.0,acs
2017-06-13,35.654999,35.985001000000004,35.560001,35.98,27.107224,2438979.0,acs
2017-06-14,35.935001,36.395,35.935001,35.990002000000004,27.114760999999998,1263042.0,acs
2017-06-15,35.849998,35.965,35.435001,35.695,26.892508000000003,1852113.0,acs
2017-06-16,35.695,36.255001,35.645,36.255001,27.314409,2608631.0,acs
2017-06-19,36.43,36.75,36.369999,36.490002000000004,27.491457,1053181.0,acs
2017-06-20,36.5,36.5,35.865002000000004,35.895,27.043188,813628.0,acs
2017-06-21,35.77,36.044998,35.314999,36.044998,27.156197,2838196.0,acs
2017-06-22,35.990002000000004,35.990002000000004,35.459998999999996,35.724998,26.915108,2741806.0,acs
2017-06-23,35.77,35.834998999999996,35.529999,35.654999,26.862370000000002,723657.0,acs
2017-06-26,35.764998999999996,36.099998,35.674999,35.884997999999996,27.03565,1361987.0,acs
2017-06-27,35.189999,35.209998999999996,34.82,34.860001000000004,26.824808,945804.0,acs
2017-06-28,34.75,35.244999,34.404999,35.150002,27.047966,1450813.0,acs
2017-06-29,35.200001,35.240002000000004,33.580002,33.779999,25.993748,1347790.0,acs
2017-06-30,33.759997999999996,34.355,33.59,33.825001,26.028374,971107.0,acs
2017-07-03,34.049999,34.43,33.93,34.43,26.493923,927522.0,acs
2017-07-04,34.294998,34.404999,34.105,34.16,26.28616,1087093.0,acs
2017-07-05,34.105,34.630001,34.105,34.360001000000004,26.44006,525949.0,acs
2017-07-06,34.41,34.41,33.5,33.549999,25.816761,707036.0,acs
2017-07-07,33.689999,33.810001,33.455002,33.779999,25.993748,562301.0,acs
2017-07-10,33.939999,34.134997999999996,33.529999,33.790001000000004,26.001444,549290.0,acs
2017-07-11,33.869999,34.049999,33.564999,33.720001,25.947578,845881.0,acs
2017-07-12,33.849998,34.619999,33.849998,34.459998999999996,26.517008,822718.0,acs
2017-07-13,34.57,34.599998,34.380001,34.514998999999996,26.559332,459024.0,acs
2017-07-14,34.419998,34.77,34.41,34.575001,26.605503000000002,426874.0,acs
2017-07-17,34.610001000000004,34.994999,34.549999,34.709998999999996,26.709384999999997,374132.0,acs
2017-07-18,34.580002,34.919998,34.264998999999996,34.334998999999996,26.420820000000003,535305.0,acs
2017-07-19,34.5,35.02,34.419998,35.02,26.947924,712373.0,acs
2017-07-20,35.200001,35.485001000000004,34.645,34.814999,26.79018,614911.0,acs
2017-07-21,34.450001,34.450001,32.389998999999996,32.605,25.089581,3053798.0,acs
2017-07-24,32.700001,32.849998,31.905001000000002,32.57,25.062653,999472.0,acs
2017-07-25,32.66,33.099998,32.549999,33.049999,25.432011,1483392.0,acs
2017-07-26,33.02,33.66,33.0,33.365002000000004,25.67441,894687.0,acs
2017-07-27,33.285,33.669998,33.125,33.314999,25.635929,586140.0,acs
2017-07-28,33.130001,33.25,32.599998,32.674999,25.14345,574873.0,acs
2017-07-31,32.810001,32.985001000000004,32.369999,32.424999,24.951073,851244.0,acs
2017-08-01,32.634997999999996,32.77,32.099998,32.299999,24.854886999999998,815603.0,acs
2017-08-02,32.459998999999996,32.654999,31.855,31.985001,24.612492,896298.0,acs
2017-08-03,31.91,32.220001,31.709999,32.049999,24.66251,500315.0,acs
2017-08-04,32.064999,32.23,31.940001000000002,32.200001,24.777936999999998,834619.0,acs
2017-08-07,32.334998999999996,32.669998,32.285,32.380001,24.916447,519510.0,acs
2017-08-08,32.435001,32.654999,32.25,32.654999,25.128059,708408.0,acs
2017-08-09,32.41,32.57,32.130001,32.27,24.831799,687360.0,acs
2017-08-10,32.174999,32.285,31.700001,31.82,24.485525,1032665.0,acs
2017-08-11,31.65,31.655001000000002,30.91,31.0,23.854534,1489499.0,acs
2017-08-14,31.15,31.99,31.110001,31.975,24.604797,633565.0,acs
2017-08-15,32.139998999999996,32.395,31.655001000000002,31.76,24.439356,479008.0,acs
2017-08-16,31.955,32.779999,31.950001,32.485001000000004,24.997246,719427.0,acs
2017-08-17,32.41,32.584998999999996,32.035,32.299999,24.854886999999998,563794.0,acs
2017-08-18,31.905001000000002,32.290001000000004,31.65,32.290001000000004,24.847195000000003,660537.0,acs
2017-08-21,32.110001000000004,32.389998999999996,31.99,32.145,24.735613,539154.0,acs
2017-08-22,32.419998,32.555,32.099998,32.540001000000004,25.039566,715606.0,acs
2017-08-23,32.599998,32.740002000000004,32.355,32.355,24.897207,630217.0,acs
2017-08-24,32.505001,32.560001,32.119999,32.174999,24.758701000000002,912180.0,acs
2017-08-25,32.259997999999996,32.544998,32.115002000000004,32.235001000000004,24.804867,470485.0,acs
2017-08-28,32.130001,32.27,31.6,31.67,24.370098000000002,450969.0,acs
2017-08-29,31.389999,31.48,30.790001,31.014999,23.866076,866289.0,acs
2017-08-30,31.34,31.535,31.155001000000002,31.475,24.220049,527061.0,acs
2017-08-31,31.67,31.795,31.469998999999998,31.76,24.439356,955215.0,acs
2017-09-01,31.950001,32.119999,31.834999,31.924999,24.566322,728601.0,acs
2017-09-04,31.780001000000002,32.060001,31.674999,31.98,24.608646,598401.0,acs
2017-09-05,32.119999,32.244999,31.969998999999998,31.969998999999998,24.600948000000002,612037.0,acs
2017-09-06,31.77,32.09,31.68,31.92,24.562476999999998,447785.0,acs
2017-09-07,32.07,32.220001,31.610001,31.815001000000002,24.481682,719992.0,acs
2017-09-08,31.610001,31.934998999999998,31.5,31.65,24.354713,384079.0,acs
2017-09-11,31.98,32.290001000000004,31.805,32.064999,24.674049,749043.0,acs
2017-09-12,32.110001000000004,32.325001,31.775,31.775,24.450897,596939.0,acs
2017-09-13,31.68,32.215,31.67,32.095001,24.697142000000003,1338084.0,acs
2017-09-14,32.115002000000004,32.264998999999996,31.77,32.200001,24.777936999999998,1285777.0,acs
2017-09-15,32.095001,32.34,32.064999,32.224998,24.797171,1154746.0,acs
2017-09-18,32.34,32.529999,32.18,32.395,24.927985999999997,628088.0,acs
2017-09-19,32.400002,32.595001,32.195,32.195,24.774085999999997,713285.0,acs
2017-09-20,32.154999,32.189999,30.52,30.969998999999998,23.831448,1736458.0,acs
2017-09-21,31.174999,31.4,30.91,31.225,24.02767,711856.0,acs
2017-09-22,31.26,31.405001000000002,30.99,31.295,24.081535000000002,332756.0,acs
2017-09-25,31.254998999999998,31.254998999999998,30.695,30.9,23.777584,765636.0,acs
2017-09-26,30.924999,30.959999,30.43,30.49,23.462091,761842.0,acs
2017-09-27,30.315001000000002,31.15,30.275,31.075001,23.912251,705971.0,acs
2017-09-28,31.07,31.344998999999998,31.02,31.344998999999998,24.120012,1397367.0,acs
2017-09-29,31.33,31.424999,30.950001,31.355,24.127707,557869.0,acs
2017-10-02,31.065001000000002,31.6,30.805,31.6,24.316236,830364.0,acs
2017-10-03,31.615,31.73,30.975,31.065001000000002,23.904552,593308.0,acs
2017-10-04,30.985001,31.045,29.799999,30.0,23.085033,1812212.0,acs
2017-10-05,29.885,31.065001000000002,29.865,31.065001000000002,23.904552,1762040.0,acs
2017-10-06,30.825001,30.865,30.385,30.605,23.550581,1020386.0,acs
2017-10-09,30.5,30.915001,30.5,30.780001000000002,23.685246,467054.0,acs
2017-10-10,30.674999,30.834999,30.445,30.684998999999998,23.612143,428548.0,acs
2017-10-11,30.83,31.200001,30.475,31.07,23.908401,1215305.0,acs
2017-10-12,31.190001000000002,31.525,30.99,31.084999,23.919943,804498.0,acs
2017-10-13,31.004998999999998,31.469998999999998,30.975,31.1,23.931484,718168.0,acs
2017-10-16,31.035,31.610001,30.879998999999998,31.34,24.116167,555481.0,acs
2017-10-17,31.34,31.809998999999998,31.120001000000002,31.43,24.185419,567574.0,acs
2017-10-18,31.49,33.900002,31.155001000000002,33.055,25.43586,2707270.0,acs
2017-10-19,32.98,33.619999,32.555,33.450001,25.739815,1888843.0,acs
2017-10-20,33.439999,33.514998999999996,32.939999,33.299999,25.624385999999998,672462.0,acs
2017-10-23,33.205002,33.240002000000004,32.779999,32.849998,25.278111,484983.0,acs
2017-10-24,32.799999,33.084998999999996,32.615002000000004,32.705002,25.166534,431937.0,acs
2017-10-25,32.535,32.75,32.380001,32.5,25.008789,566201.0,acs
2017-10-26,32.605,33.290001000000004,32.459998999999996,33.055,25.43586,982058.0,acs
2017-10-27,33.134997999999996,33.139998999999996,32.244999,32.785,25.228094,576206.0,acs
2017-10-30,33.099998,33.740002000000004,33.080002,33.599998,25.855235999999998,893400.0,acs
2017-10-31,33.709998999999996,34.16,33.695,33.855,26.051462,712769.0,acs
2017-11-01,34.150002,34.575001,34.055,34.509997999999996,26.555487,791194.0,acs
2017-11-02,34.52,34.889998999999996,34.355,34.485001000000004,26.536248999999998,639955.0,acs
2017-11-03,34.619999,34.619999,33.91,34.185001,26.305398999999998,516604.0,acs
2017-11-06,34.244999,34.395,34.029999,34.334998999999996,26.420820000000003,357818.0,acs
2017-11-07,34.465,34.610001000000004,33.735001000000004,33.794998,26.005291,440712.0,acs
2017-11-08,33.790001000000004,34.040001000000004,33.540001000000004,33.764998999999996,25.982203,650652.0,acs
2017-11-09,33.615002000000004,33.759997999999996,33.314999,33.540001000000004,25.809067000000002,582887.0,acs
2017-11-10,33.380001,33.599998,33.0,33.165001000000004,25.52051,763599.0,acs
2017-11-13,33.279999,33.34,32.549999,33.0,25.393538,416846.0,acs
2017-11-14,32.845001,33.259997999999996,32.139998999999996,32.580002,25.070347,579280.0,acs
2017-11-15,32.285,32.455002,31.969998999999998,32.375,24.9126,509056.0,acs
2017-11-16,32.529999,33.305,32.529999,33.16,25.516661,595326.0,acs
2017-11-17,33.235001000000004,33.235001000000004,32.654999,32.77,25.216553,541218.0,acs
2017-11-20,32.630001,33.130001,32.5,33.07,25.447403,394897.0,acs
2017-11-21,33.105,33.389998999999996,32.869999,32.990002000000004,25.385841,427675.0,acs
2017-11-22,32.955002,33.375,32.955002,33.130001,25.493578,458175.0,acs
2017-11-23,33.16,33.299999,33.0,33.115002000000004,25.482031,304276.0,acs
2017-11-24,33.110001000000004,33.5,32.830002,33.044998,25.428162,349370.0,acs
2017-11-27,32.900002,33.294998,32.34,32.34,24.885668,534774.0,acs
2017-11-28,32.384997999999996,32.875,32.349998,32.52,25.024178,628608.0,acs
2017-11-29,32.645,33.025002,32.59,32.814999,25.251177,1173327.0,acs
2017-11-30,32.785,32.939999,32.5,32.5,25.008789,1421981.0,acs
2017-12-01,32.634997999999996,32.685001,31.805,31.98,24.608646,1016077.0,acs
2017-12-04,32.299999,32.630001,32.139998999999996,32.450001,24.970312,483731.0,acs
2017-12-05,32.455002,32.799999,32.02,32.075001,24.681747,879449.0,acs
2017-12-06,31.85,32.18,31.5,31.950001,24.58556,558555.0,acs
2017-12-07,32.02,32.355,31.945,32.055,24.666361,612970.0,acs
2017-12-08,32.275002,32.689999,32.18,32.415001000000004,24.943382,477884.0,acs
2017-12-11,32.505001,32.549999,32.145,32.395,24.927985999999997,322699.0,acs
2017-12-12,32.439999,32.505001,32.119999,32.314999,24.866426,653223.0,acs
2017-12-13,32.215,32.389998999999996,32.084998999999996,32.200001,24.777936999999998,529745.0,acs
2017-12-14,32.200001,32.470001,31.98,32.009997999999996,24.631729,1240966.0,acs
2017-12-15,31.879998999999998,32.355,31.815001000000002,32.330002,24.877972,1228694.0,acs
2017-12-18,32.52,32.935001,32.330002,32.650002,25.124212,1005695.0,acs
2017-12-19,32.685001,33.049999,32.549999,32.619999,25.101126,569255.0,acs
2017-12-20,32.560001,32.650002,32.389998999999996,32.389998999999996,24.924139,574444.0,acs
2017-12-21,32.424999,32.959998999999996,32.23,32.845001,25.274267000000002,886251.0,acs
2017-12-22,32.535,32.785,32.380001,32.52,25.024178,542483.0,acs
2017-12-27,32.5,32.744999,32.450001,32.674999,25.14345,478642.0,acs
2017-12-28,32.66,32.799999,32.509997999999996,32.509997999999996,25.016481,360423.0,acs
2017-12-29,32.535,32.785,32.360001000000004,32.619999,25.101126,343004.0,acs
2018-01-02,32.639998999999996,32.639998999999996,32.07,32.255001,24.820261,1400344.0,acs
2018-01-03,32.400002,32.66,32.34,32.470001,24.985704000000002,448832.0,acs
2018-01-04,32.68,33.52,32.650002,33.490002000000004,25.770597,1369325.0,acs
2018-01-05,33.540001000000004,33.990002000000004,33.41,33.939999,26.116867000000003,577848.0,acs
2018-01-08,34.0,34.099998,33.650002,33.650002,25.893715,503889.0,acs
2018-01-09,33.700001,34.029999,33.599998,33.84,26.039917000000003,947301.0,acs
2018-01-10,33.799999,33.959998999999996,33.709998999999996,33.93,26.109173000000002,3594002.0,acs
2018-01-11,33.970001,33.990002000000004,33.43,33.560001,25.824461,601554.0,acs
2018-01-12,33.540001000000004,33.869999,33.369999,33.66,25.901407,657099.0,acs
2018-01-15,33.68,33.700001,33.349998,33.48,25.762898999999997,692443.0,acs
2018-01-16,33.540001000000004,33.990002000000004,33.330002,33.970001,26.139956,391950.0,acs
2018-01-17,33.860001000000004,33.990002000000004,33.639998999999996,33.77,25.986053,571641.0,acs
2018-01-18,33.799999,33.939999,33.59,33.75,25.970663000000002,345074.0,acs
2018-01-19,33.66,33.84,33.52,33.75,25.970663000000002,1515163.0,acs
2018-01-22,33.419998,33.740002000000004,33.400002,33.529999,26.149254,622343.0,acs
2018-01-23,33.619999,33.700001,33.389998999999996,33.419998,26.063465,548666.0,acs
2018-01-24,33.400002,33.450001,33.049999,33.049999,25.774916,664887.0,acs
2018-01-25,33.0,33.310001,32.650002,32.900002,25.657932000000002,707905.0,acs
2018-01-26,32.880001,33.009997999999996,32.57,32.77,25.556547,691830.0,acs
2018-01-29,32.82,33.0,32.5,32.630001,25.447364999999998,1321600.0,acs
2018-01-30,32.400002,32.580002,32.099998,32.23,25.135412,1949845.0,acs
2018-01-31,32.169998,32.439999,32.0,32.259997999999996,25.15881,823270.0,acs
2018-02-01,32.349998,32.599998,32.02,32.360001000000004,25.236801,639379.0,acs
2018-02-02,32.240002000000004,32.27,31.48,31.48,24.550507,575183.0,acs
2018-02-05,31.48,31.48,30.780001000000002,30.93,24.121576,585604.0,acs
2018-02-06,29.9,30.379998999999998,29.620001000000002,29.690001000000002,23.154529999999998,1537076.0,acs
2018-02-07,30.07,30.07,29.440001000000002,29.92,23.3339,938164.0,acs
2018-02-08,29.629998999999998,29.65,28.549999,28.709999,22.390251,1586686.0,acs
2018-02-09,28.459999,28.73,28.0,28.33,22.093899,932998.0,acs
2018-02-12,28.620001000000002,28.84,28.549999,28.74,22.413645000000002,604646.0,acs
2018-02-13,28.790001,28.790001,27.77,27.780001000000002,21.664967,1285185.0,acs
2018-02-14,28.0,28.549999,27.940001000000002,28.370001000000002,22.125092000000002,962177.0,acs
2018-02-15,28.809998999999998,29.059998999999998,28.4,28.6,22.304464000000003,748880.0,acs
2018-02-16,28.83,29.4,28.6,28.75,22.421446,1203896.0,acs
2018-02-19,28.870001000000002,28.870001000000002,28.370001000000002,28.49,22.218678,611083.0,acs
2018-02-20,28.5,29.26,28.49,29.129998999999998,22.7178,674083.0,acs
2018-02-21,29.1,29.1,28.57,28.6,22.304464000000003,747110.0,acs
2018-02-22,28.309998999999998,28.4,27.889999,28.219998999999998,22.008110000000002,991127.0,acs
2018-02-23,28.280001000000002,28.57,28.02,28.450001,22.187483,662040.0,acs
2018-02-26,28.610001,28.799999,28.530001000000002,28.68,22.366854,674887.0,acs
2018-02-27,28.780001000000002,29.040001,28.6,28.799999,22.460438,529222.0,acs
2018-02-28,28.52,28.629998999999998,28.27,28.33,22.093899,1148810.0,acs
2018-03-01,28.709999,29.26,28.07,28.34,22.101696,1694358.0,acs
2018-03-02,28.1,28.18,27.459999,27.540001,21.477797,986906.0,acs
2018-03-05,27.459999,27.66,27.200001,27.389999,21.360813,1878720.0,acs
2018-03-06,27.639999,27.700001,27.1,27.1,21.134651,2420034.0,acs
2018-03-07,27.0,27.290001,26.67,27.23,21.236034,1123581.0,acs
2018-03-08,27.610001,30.030001000000002,27.610001,29.34,22.881573,2411594.0,acs
2018-03-09,29.41,30.219998999999998,29.15,30.219998999999998,23.567861999999998,1779703.0,acs
2018-03-12,30.379998999999998,30.91,29.91,30.860001,24.066986,1585484.0,acs
2018-03-13,30.860001,31.9,30.459999,30.65,23.903214000000002,2141074.0,acs
2018-03-14,33.200001,33.220001,32.419998,33.09,25.80611,2953154.0,acs
2018-03-15,33.099998,33.200001,32.59,32.990002000000004,25.728120999999998,1924866.0,acs
2018-03-16,32.549999,33.23,32.5,33.080002,25.798309,1747530.0,acs
2018-03-19,32.970001,33.189999,32.439999,32.459998999999996,25.314787,2210315.0,acs
2018-03-20,32.439999,32.93,32.439999,32.599998,25.423967,1919632.0,acs
2018-03-21,32.619999,33.150002,32.509997999999996,32.75,25.540947,834339.0,acs
2018-03-22,32.5,32.880001,32.310001,32.389998999999996,25.260195,1220577.0,acs
2018-03-23,31.92,32.110001000000004,31.33,31.57,24.620697,1687586.0,acs
2018-03-26,31.690001000000002,32.02,31.309998999999998,31.41,24.495916,696564.0,acs
2018-03-27,31.98,32.07,31.469998999999998,31.82,24.815666,8498369.0,acs
2018-03-28,31.450001,31.969998999999998,30.969998999999998,31.85,24.839062,1231279.0,acs
2018-03-29,31.940001000000002,32.139998999999996,31.65,31.65,24.683088,1429648.0,acs
2018-04-03,31.139999,31.58,31.0,31.0,24.176167,1703668.0,acs
2018-04-04,31.0,31.1,30.559998999999998,30.99,24.168367,2008509.0,acs
2018-04-05,31.52,32.290001000000004,31.440001000000002,32.119999,25.049629,677529.0,acs
2018-04-06,32.040001000000004,32.119999,31.67,31.91,24.885853,973756.0,acs
2018-04-09,32.080002,32.459998999999996,32.060001,32.119999,25.049629,780822.0,acs
2018-04-10,32.900002,33.279999,32.66,33.150002,25.852903,1469125.0,acs
2018-04-11,33.23,33.299999,32.919998,33.0,25.73592,800587.0,acs
2018-04-12,33.029999,33.25,32.84,33.110001000000004,25.821707,501243.0,acs
2018-04-13,33.080002,33.650002,33.080002,33.259997999999996,25.938685999999997,476851.0,acs
2018-04-16,33.639998999999996,33.84,33.32,33.470001,26.102463,670687.0,acs
2018-04-17,33.5,33.939999,33.389998999999996,33.93,26.461206,2372157.0,acs
2018-04-18,33.959998999999996,34.200001,33.919998,34.139998999999996,26.624978999999996,546312.0,acs
2018-04-19,34.169998,34.299999,34.029999,34.23,26.695165999999997,1362783.0,acs
2018-04-20,34.200001,34.450001,34.07,34.290001000000004,26.741962,476385.0,acs
2018-04-23,34.259997999999996,34.48,34.049999,34.48,26.890139,497311.0,acs
2018-04-24,34.490002000000004,34.549999,34.189999,34.400002,26.827745,460980.0,acs
2018-04-25,34.23,34.349998,33.720001,34.200001,26.671771999999997,518741.0,acs
2018-04-26,34.200001,34.75,34.099998,34.75,27.1007,1158963.0,acs
2018-04-27,34.77,34.869999,34.540001000000004,34.610001000000004,26.991524,562985.0,acs
2018-04-30,34.700001,35.099998,34.639998999999996,35.029999,27.319069,801841.0,acs
2018-05-02,35.150002,35.66,35.150002,35.5,27.685609999999997,688965.0,acs
2018-05-03,35.450001,35.84,35.349998,35.66,27.81039,568801.0,acs
2018-05-04,35.66,36.09,35.599998,35.93,28.020958,759218.0,acs
2018-05-07,36.220001,36.450001,35.900002,36.450001,28.426493,712010.0,acs
2018-05-08,36.209998999999996,36.700001,35.860001000000004,36.450001,28.426493,2300257.0,acs
2018-05-09,36.259997999999996,36.450001,35.990002000000004,36.220001,28.247124,710049.0,acs
2018-05-10,36.200001,36.450001,35.310001,36.119999,28.169132,422888.0,acs
2018-05-11,36.299999,36.82,36.259997999999996,36.59,28.535681,2868076.0,acs
2018-05-14,36.639998999999996,36.810001,36.400002,36.799999,28.699451,1523993.0,acs
2018-05-15,36.799999,36.98,36.450001,36.779999,28.683853000000003,1333271.0,acs
2018-05-16,36.939999,37.060001,36.66,36.779999,28.683853000000003,749183.0,acs
2018-05-17,36.700001,37.049999,36.540001000000004,36.93,28.800835,724406.0,acs
2018-05-18,36.900002,37.299999,36.869999,36.990002000000004,28.847626,831693.0,acs
2018-05-21,37.189999,37.380001,36.869999,37.0,28.855425,967791.0,acs
2018-05-22,37.049999,37.279999,37.0,37.02,28.871025,626232.0,acs
2018-05-23,36.869999,36.889998999999996,36.23,36.700001,28.621464000000003,750826.0,acs
2018-05-24,36.630001,36.860001000000004,36.290001000000004,36.290001000000004,28.301714,1145310.0,acs
2018-05-25,36.5,37.0,35.59,35.669998,27.818188,2009529.0,acs
2018-05-28,35.869999,36.18,35.75,35.779999,27.903976,719244.0,acs
2018-05-29,35.549999,35.709998999999996,34.720001,35.48,27.670013,2201699.0,acs
2018-05-30,35.41,36.369999,35.34,36.189999,28.223724,1376413.0,acs
2018-05-31,36.400002,36.48,35.470001,35.509997999999996,27.693407,2945251.0,acs
2018-06-01,35.849998,36.740002000000004,35.849998,36.439999,28.418694,1256348.0,acs
2018-06-04,36.779999,37.0,36.5,36.82,28.715044,1067338.0,acs
2018-06-05,36.779999,37.349998,36.68,36.77,28.676053999999997,998719.0,acs
2018-06-06,36.799999,37.27,36.549999,36.959998999999996,28.824232000000002,1236633.0,acs
2018-06-07,37.0,37.43,37.0,37.16,28.980206,711967.0,acs
2018-06-08,36.950001,37.060001,36.689999,36.700001,28.621464000000003,894193.0,acs
2018-06-11,36.939999,37.5,36.689999,37.34,29.120583,885372.0,acs
2018-06-12,37.509997999999996,37.549999,36.799999,36.830002,28.722846999999998,462269.0,acs
2018-06-13,36.700001,36.939999,36.130001,36.240002000000004,28.262721999999997,2982892.0,acs
2018-06-14,36.150002,36.950001,36.150002,36.799999,28.699451,2294190.0,acs
2018-06-15,36.849998,36.91,36.110001000000004,36.209998999999996,28.239319000000002,7124257.0,acs
2018-06-18,36.130001,36.310001,35.700001,36.290001000000004,28.301714,655888.0,acs
2018-06-19,35.82,36.220001,35.700001,36.18,28.215929,2418742.0,acs
2018-06-20,36.419998,36.75,36.189999,36.240002000000004,28.262721999999997,1467484.0,acs
2018-06-21,36.41,36.560001,35.91,35.990002000000004,28.067753000000003,752719.0,acs
2018-06-22,35.240002000000004,35.66,35.009997999999996,35.369999,28.320776000000002,777466.0,acs
2018-06-25,35.119999,35.169998,34.790001000000004,34.790001000000004,27.856369,547703.0,acs
2018-06-26,34.98,35.0,34.450001,34.639998999999996,27.736258000000003,808133.0,acs
2018-06-27,34.619999,34.98,34.099998,34.759997999999996,27.832340000000002,1040302.0,acs
2018-06-28,34.560001,34.77,33.82,34.130001,27.327903999999997,595341.0,acs
2018-06-29,34.459998999999996,34.82,34.16,34.700001,27.784304,757191.0,acs
2018-07-02,34.450001,34.450001,34.029999,34.200001,27.383953,1259198.0,acs
2018-07-03,34.389998999999996,34.939999,34.189999,34.720001,27.800318,2654047.0,acs
2018-07-04,34.630001,34.779999,34.259997999999996,34.689999,27.776293,3098170.0,acs
2018-07-05,34.77,35.139998999999996,34.73,35.09,28.096573,369230.0,acs
2018-07-06,35.130001,35.709998999999996,34.959998999999996,35.709998999999996,28.593006,796869.0,acs
2018-07-09,35.900002,36.169998,35.669998,36.16,28.953325,627896.0,acs
2018-07-10,36.240002000000004,36.580002,36.049999,36.560001,29.273605,570281.0,acs
2018-07-11,36.279999,36.34,35.68,35.700001,28.585005,1287803.0,acs
2018-07-12,35.849998,35.849998,35.48,35.619999,28.520945,524422.0,acs
2018-07-13,35.700001,35.860001000000004,35.5,35.700001,28.585005,484295.0,acs
2018-07-16,35.580002,36.150002,35.549999,35.77,28.64105,698837.0,acs
2018-07-17,35.740002000000004,36.0,35.389998999999996,35.93,28.769165,514031.0,acs
2018-07-18,36.150002,36.150002,35.759997999999996,35.860001000000004,28.713115999999996,328069.0,acs
2018-07-19,35.919998,36.810001,35.919998,36.389998999999996,29.137487,674468.0,acs
2018-07-20,36.41,36.82,36.200001,36.740002000000004,29.417732,795504.0,acs
2018-07-23,36.599998,36.93,36.400002,36.93,29.569865999999998,703856.0,acs
2018-07-24,36.950001,37.580002,36.709998999999996,37.169998,29.762033000000002,1044481.0,acs
2018-07-25,37.380001,37.82,37.290001000000004,37.599998,30.106333000000003,785813.0,acs
2018-07-26,37.779999,37.779999,36.23,37.209998999999996,29.794062,763971.0,acs
2018-07-27,37.299999,38.360001000000004,37.189999,37.59,30.098328000000002,890951.0,acs
2018-07-30,37.5,38.07,37.470001,37.73,30.210424,697215.0,acs
2018-07-31,37.799999,38.009997999999996,37.52,37.52,30.042276,803525.0,acs
2018-08-01,37.5,37.57,36.740002000000004,36.740002000000004,29.417732,766900.0,acs
2018-08-02,36.610001000000004,36.610001000000004,35.810001,36.279999,29.049406,1479019.0,acs
2018-08-03,36.27,37.27,36.259997999999996,37.0,29.625914,461776.0,acs
2018-08-06,37.0,37.029999,36.57,36.619999,29.321648,402440.0,acs
2018-08-07,36.75,37.400002,36.75,36.939999,29.577869,420537.0,acs
2018-08-08,36.990002000000004,37.07,36.5,36.790001000000004,29.457765999999996,388430.0,acs
2018-08-09,36.779999,36.860001000000004,36.560001,36.75,29.425739,265650.0,acs
2018-08-10,36.5,36.560001,36.0,36.130001,28.929302000000003,445085.0,acs
2018-08-13,35.900002,36.369999,35.799999,36.27,29.041407,369587.0,acs
2018-08-14,36.549999,36.669998,35.970001,36.299999,29.065424,590175.0,acs
2018-08-15,36.330002,36.330002,35.32,35.450001,28.384828999999996,1738397.0,acs
2018-08-16,35.400002,35.5,33.330002,34.75,27.824334999999998,1602665.0,acs
2018-08-17,34.830002,34.869999,34.169998,34.630001,27.728253999999996,949745.0,acs
2018-08-20,34.66,35.02,34.540001000000004,34.700001,27.784304,1181969.0,acs
2018-08-21,34.689999,35.459998999999996,34.639998999999996,35.02,28.040523999999998,427945.0,acs
2018-08-22,35.09,35.900002,35.0,35.84,28.697104,1223576.0,acs
2018-08-23,35.700001,36.279999,35.68,35.959998999999996,28.793182,658203.0,acs
2018-08-24,36.0,36.34,35.959998999999996,36.09,28.89728,520084.0,acs
2018-08-27,36.189999,36.470001,36.080002,36.279999,29.049406,462346.0,acs
2018-08-28,36.279999,36.869999,36.279999,36.330002,29.089446999999996,1422301.0,acs
2018-08-29,36.48,36.57,36.060001,36.369999,29.121471000000003,480727.0,acs
2018-08-30,36.459998999999996,36.52,36.060001,36.470001,29.201544000000002,590402.0,acs
2018-08-31,36.490002000000004,36.490002000000004,35.759997999999996,35.880001,28.729129999999998,649964.0,acs
2018-09-03,35.77,36.009997999999996,35.57,35.720001,28.601019,305671.0,acs
2018-09-04,35.759997999999996,35.889998999999996,35.09,35.360001000000004,28.312763,518451.0,acs
2018-09-05,35.27,35.509997999999996,35.0,35.0,28.024513,666815.0,acs
2018-09-06,35.049999,35.389998999999996,34.75,34.959998999999996,27.992485,585541.0,acs
2018-09-07,34.970001,35.099998,34.700001,34.869999,27.920422,1168393.0,acs
2018-09-10,34.889998999999996,36.09,34.709998999999996,36.0,28.825214000000003,576386.0,acs
2018-09-11,36.09,36.110001000000004,35.540001000000004,35.689999,28.576996,513153.0,acs
2018-09-12,35.66,36.23,35.599998,36.080002,28.889273,613917.0,acs
2018-09-13,36.009997999999996,36.549999,35.860001000000004,36.049999,28.865246000000003,567592.0,acs
2018-09-14,36.139998999999996,36.950001,36.060001,36.939999,29.577869,693200.0,acs
2018-09-17,36.810001,37.669998,36.689999,37.049999,29.665953000000002,682571.0,acs
2018-09-18,37.130001,37.360001000000004,36.779999,36.91,29.553848,553531.0,acs
2018-09-19,37.040001000000004,37.139998999999996,36.43,36.509997999999996,29.233574,758095.0,acs
2018-09-20,,,,,,,acs
2018-09-21,36.93,37.959998999999996,36.93,37.830002,30.290490999999996,1378040.0,acs
2018-09-24,37.650002,37.919998,37.380001,37.5,30.026267999999998,350990.0,acs
2018-09-25,37.389998999999996,37.48,37.110001000000004,37.279999,29.850109000000003,417789.0,acs
2018-09-26,37.290001000000004,37.43,36.959998999999996,37.43,29.970213,530538.0,acs
2018-09-27,37.27,37.889998999999996,36.860001000000004,37.639998999999996,30.138365000000004,520346.0,acs
2018-09-28,37.450001,37.450001,36.549999,36.68,29.369694,833820.0,acs
2018-10-01,36.810001,37.209998999999996,36.639998999999996,36.790001000000004,29.457765999999996,1067417.0,acs
2018-10-02,36.540001000000004,36.700001,36.18,36.439999,29.177519,697324.0,acs
2018-10-03,36.400002,36.779999,36.400002,36.619999,29.321648,320251.0,acs
2018-10-04,36.41,36.580002,35.810001,35.860001000000004,28.713115999999996,584035.0,acs
2018-10-05,35.889998999999996,35.950001,35.580002,35.75,28.625035999999998,503596.0,acs
2018-10-08,35.740002000000004,36.34,35.700001,35.73,28.609026,374543.0,acs
2018-10-09,35.810001,36.130001,35.41,35.759997999999996,28.633045000000003,653085.0,acs
2018-10-10,35.889998999999996,35.91,35.060001,35.279999,28.248709,892835.0,acs
2018-10-11,34.700001,34.73,33.82,34.07,27.279858,1804840.0,acs
2018-10-12,34.34,34.470001,33.34,33.52,26.839478000000003,954916.0,acs
2018-10-15,33.349998,33.5,32.759997999999996,32.970001,26.399094,644352.0,acs
2018-10-16,32.939999,33.59,32.849998,33.57,26.879513,702729.0,acs
2018-10-17,33.73,33.82,32.939999,33.09,26.495178000000003,677188.0,acs
2018-10-18,32.91,33.619999,32.91,33.110001000000004,26.511191999999998,1007305.0,acs
2018-10-19,33.0,33.0,32.099998,32.450001,25.982725,760704.0,acs
2018-10-22,32.84,32.970001,31.92,31.98,25.6064,443067.0,acs
2018-10-23,31.67,32.029999,31.32,31.860001,25.510315,651670.0,acs
2018-10-24,32.110001000000004,32.57,31.809998999999998,31.9,25.542343,570844.0,acs
2018-10-25,31.700001,32.540001000000004,31.459999,32.380001,25.926678,736726.0,acs
2018-10-26,32.080002,32.080002,31.440001000000002,32.02,25.638426000000003,767754.0,acs
2018-10-29,31.879998999999998,33.509997999999996,31.879998999999998,33.150002,26.543221999999997,799630.0,acs
2018-10-30,33.189999,33.259997999999996,32.709998999999996,32.849998,26.303005,719090.0,acs
2018-10-31,33.110001000000004,33.810001,33.110001000000004,33.110001000000004,26.511191999999998,920226.0,acs
2018-11-01,33.060001,33.790001000000004,32.849998,33.09,26.495178000000003,409796.0,acs
2018-11-02,33.43,34.060001,33.369999,33.779999,27.047657,983681.0,acs
2018-11-05,33.830002,34.18,33.419998,33.720001,26.999616999999997,877010.0,acs
2018-11-06,33.709998999999996,33.759997999999996,33.209998999999996,33.290001000000004,26.655315,533519.0,acs
2018-11-07,33.650002,34.25,33.650002,34.200001,27.383953,534336.0,acs
2018-11-08,34.16,34.16,33.59,34.040001000000004,27.255840000000003,542434.0,acs
2018-11-09,33.830002,34.790001000000004,33.740002000000004,34.740002000000004,27.816332,656955.0,acs
2018-11-12,34.900002,35.189999,34.400002,34.540001000000004,27.656190999999996,603629.0,acs
2018-11-13,34.580002,34.900002,34.400002,34.900002,27.944443,634736.0,acs
2018-11-14,34.400002,34.66,34.009997999999996,34.59,27.696224,666901.0,acs
2018-11-15,35.07,35.470001,33.610001000000004,33.779999,27.047657,957460.0,acs
2018-11-16,33.860001000000004,34.5,33.169998,33.639998999999996,26.935558,800545.0,acs
2018-11-19,33.799999,34.25,32.939999,32.970001,26.399094,905323.0,acs
2018-11-20,32.799999,32.91,32.27,32.830002,26.286993,1109438.0,acs
2018-11-21,33.0,33.66,32.990002000000004,33.529999,26.847483,964275.0,acs
2018-11-22,33.34,33.599998,33.139998999999996,33.18,26.567238,573997.0,acs
2018-11-23,33.259997999999996,33.689999,33.23,33.57,26.879513,811295.0,acs
2018-11-26,33.84,34.650002,33.84,33.93,27.167765000000003,1055878.0,acs
2018-11-27,33.919998,34.259997999999996,33.700001,33.889998999999996,27.135734999999997,619739.0,acs
2018-11-28,33.889998999999996,34.200001,33.650002,33.68,26.967588,1781352.0,acs
2018-11-29,33.849998,34.130001,33.73,33.849998,27.103708,601883.0,acs
2018-11-30,33.950001,34.119999,33.59,33.880001,27.127728,1510659.0,acs
2018-12-03,34.700001,35.049999,34.16,34.189999,27.375944,616201.0,acs
2018-12-04,34.060001,34.400002,33.91,34.130001,27.327903999999997,660924.0,acs
2018-12-05,33.66,33.84,33.23,33.459998999999996,26.791433,676311.0,acs
2018-12-06,33.150002,33.150002,31.92,31.92,25.558357,1065853.0,acs
2018-12-07,32.259997999999996,32.599998,32.02,32.099998,25.702479999999998,900601.0,acs
2018-12-10,31.959999,32.0,31.4,31.450001,25.182028,693717.0,acs
2018-12-11,31.68,32.77,31.549999,32.650002,26.142866,2393608.0,acs
2018-12-12,32.73,33.330002,32.59,33.139998999999996,26.53521,652942.0,acs
2018-12-13,33.290001000000004,33.669998,33.169998,33.43,26.767414000000002,1124663.0,acs
2018-12-14,33.029999,33.700001,32.849998,33.549999,26.863495,589496.0,acs
2018-12-17,33.669998,33.93,33.049999,33.049999,26.46315,886451.0,acs
2018-12-18,33.139998999999996,33.52,32.740002000000004,32.740002000000004,26.214931,1079211.0,acs
2018-12-19,32.759997999999996,33.529999,32.669998,33.43,26.767414000000002,837602.0,acs
2018-12-20,33.040001000000004,33.040001000000004,32.209998999999996,32.619999,26.118847,659547.0,acs
2018-12-21,32.450001,32.599998,31.82,32.599998,26.102831,1265192.0,acs
2018-12-24,32.259997999999996,33.099998,32.240002000000004,33.099998,26.50318,269050.0,acs
2018-12-27,33.299999,33.459998999999996,31.73,32.0,25.622410000000002,672967.0,acs
2018-12-28,32.119999,32.849998,32.09,32.849998,26.303005,560202.0,acs
2018-12-31,32.84,33.91,32.84,33.830002,27.087696,281298.0,acs
2019-01-02,33.669998,33.669998,32.619999,33.240002000000004,26.615282,573291.0,acs
2019-01-03,32.900002,33.630001,32.799999,33.32,26.679335,816625.0,acs
2019-01-04,33.700001,33.990002000000004,33.57,33.82,27.079687,951581.0,acs
2019-01-07,34.099998,34.299999,33.630001,33.93,27.167765000000003,1484482.0,acs
2019-01-08,33.919998,34.630001,33.84,34.279999,27.448008,1250223.0,acs
2019-01-09,34.580002,34.93,34.349998,34.580002,27.688219,626899.0,acs
2019-01-10,34.240002000000004,34.41,33.93,34.290001000000004,27.456017,623213.0,acs
2019-01-11,34.380001,35.0,34.189999,34.619999,27.720245000000002,511848.0,acs
2019-01-14,34.599998,34.599998,34.009997999999996,34.119999,27.319893,465745.0,acs
2019-01-15,34.41,34.66,33.66,33.66,26.951574,1007077.0,acs
2019-01-16,33.77,34.139998999999996,33.650002,34.139998999999996,27.335909,590050.0,acs
2019-01-17,33.970001,34.580002,33.849998,34.450001,27.584128999999997,1288486.0,acs
2019-01-18,34.790001000000004,35.389998999999996,34.720001,35.32,28.280734999999996,805697.0,acs
2019-01-21,35.41,35.59,35.060001,35.330002,28.288748,624157.0,acs
2019-01-22,34.990002000000004,35.77,34.900002,35.549999,28.832136,705826.0,acs
2019-01-23,35.369999,36.080002,35.32,35.639998999999996,28.905127,814003.0,acs
2019-01-24,35.709998999999996,36.240002000000004,35.529999,35.900002,29.115999,783834.0,acs
2019-01-25,36.200001,36.540001000000004,36.02,36.200001,29.359303000000004,796477.0,acs
2019-01-28,36.18,36.630001,36.099998,36.27,29.416079999999997,671870.0,acs
2019-01-29,36.200001,36.23,35.610001000000004,36.0,29.1971,686454.0,acs
2019-01-30,36.0,36.220001,35.619999,36.220001,29.375525,2220602.0,acs
2019-01-31,36.43,36.490002000000004,35.93,36.099998,29.2782,658392.0,acs
2019-02-01,36.310001,36.43,36.040001000000004,36.299999,29.440407,553297.0,acs
2019-02-04,36.23,36.380001,35.540001000000004,35.860001000000004,29.083553000000002,842505.0,acs
2019-02-05,35.93,36.25,35.630001,36.209998999999996,29.367413,739395.0,acs
2019-02-06,36.200001,36.200001,35.77,35.799999,29.034893,668291.0,acs
2019-02-07,35.77,36.080002,35.189999,35.189999,28.540160999999998,1391673.0,acs
2019-02-08,35.07,35.419998,34.880001,35.169998,28.523937,476762.0,acs
2019-02-11,35.400002,35.959998999999996,35.290001000000004,35.82,29.051115000000003,543832.0,acs
2019-02-12,36.040001000000004,36.240002000000004,35.860001000000004,36.040001000000004,29.229540000000004,695527.0,acs
2019-02-13,36.07,36.720001,36.009997999999996,36.52,29.618832,795925.0,acs
2019-02-14,36.75,37.150002,36.450001,36.849998,29.886471000000004,687395.0,acs
2019-02-15,36.849998,37.470001,36.639998999999996,37.209998999999996,30.178446,1062967.0,acs
2019-02-18,37.240002000000004,37.549999,37.130001,37.549999,30.454195000000002,571194.0,acs
2019-02-19,37.540001000000004,37.700001,37.380001,37.5,30.413649,542064.0,acs
2019-02-20,37.119999,37.610001000000004,36.599998,37.240002000000004,30.202773999999998,1101631.0,acs
2019-02-21,37.419998,37.970001,37.360001000000004,37.509997999999996,30.421749,583831.0,acs
2019-02-22,37.490002000000004,38.150002,37.32,38.150002,30.940819,930893.0,acs
2019-02-25,38.16,38.490002000000004,37.860001000000004,38.490002000000004,31.216564,710665.0,acs
2019-02-26,38.290001000000004,38.59,38.049999,38.52,31.240894,674686.0,acs
2019-02-27,38.59,38.849998,38.419998,38.650002,31.346328999999997,708311.0,acs
2019-02-28,38.599998,39.290001000000004,38.25,38.98,31.613965999999998,1319267.0,acs
2019-03-01,39.299999,40.209998999999996,39.16,39.740002000000004,32.230354,1233346.0,acs
2019-03-04,40.0,40.18,39.68,40.0,32.441219,877904.0,acs
2019-03-05,39.919998,39.98,39.34,39.549999,32.076252000000004,920429.0,acs
2019-03-06,39.48,39.689999,39.27,39.5,32.035706,676479.0,acs
2019-03-07,39.529999,39.880001,39.34,39.34,31.905939,1020863.0,acs
2019-03-08,38.59,38.59,38.0,38.380001,31.12735,1353135.0,acs
2019-03-11,38.389998999999996,38.709998999999996,38.02,38.68,31.370659000000003,604200.0,acs
2019-03-12,38.740002000000004,38.810001,38.279999,38.52,31.240894,871988.0,acs
2019-03-13,38.380001,39.099998,38.290001000000004,39.09,31.703186,692130.0,acs
2019-03-14,39.09,39.549999,38.91,38.970001,31.605858,1089536.0,acs
2019-03-15,38.900002,39.439999,38.849998,39.349998,31.914046999999997,1243174.0,acs
2019-03-18,39.380001,39.540001000000004,39.200001,39.299999,31.873499,616935.0,acs
2019-03-19,39.400002,39.610001000000004,39.080002,39.439999,31.987045000000002,715988.0,acs
2019-03-20,39.369999,39.68,39.259997999999996,39.259997999999996,31.841059,889514.0,acs
2019-03-21,39.240002000000004,39.560001,39.09,39.34,31.905939,688329.0,acs
2019-03-22,39.529999,39.540001000000004,38.540001000000004,38.630001,31.330109000000004,837430.0,acs
2019-03-25,38.5,38.880001,38.349998,38.560001,31.273338,761034.0,acs
2019-03-26,38.639998999999996,38.880001,38.470001,38.619999,31.321995,625793.0,acs
2019-03-27,38.75,39.599998,38.75,39.5,32.035706,679919.0,acs
2019-03-28,39.400002,39.419998,38.580002,38.700001,31.386878999999997,529195.0,acs
2019-03-29,38.900002,39.459998999999996,38.740002000000004,39.16,31.759953000000003,825471.0,acs
2019-04-01,39.32,39.5,38.869999,39.200001,31.7924,759617.0,acs
2019-04-02,39.459998999999996,39.650002,39.16,39.509997999999996,32.043808,607033.0,acs
2019-04-03,39.75,39.919998,39.57,39.700001,32.197914000000004,470358.0,acs
2019-04-04,39.700001,40.290001000000004,39.700001,39.93,32.384445,898111.0,acs
2019-04-05,39.860001000000004,40.349998,39.759997999999996,40.139998999999996,32.554764,799851.0,acs
2019-04-08,40.049999,40.150002,39.84,40.139998999999996,32.554764,1578619.0,acs
2019-04-09,40.029999,40.43,39.279999,39.5,32.035706,1279891.0,acs
2019-04-10,39.5,39.66,39.07,39.459998999999996,32.003262,868644.0,acs
2019-04-11,39.52,40.599998,39.369999,40.52,32.862957,1105559.0,acs
2019-04-12,40.57,40.68,40.27,40.639998999999996,32.960285,924502.0,acs
2019-04-15,40.75,40.959998999999996,40.599998,40.77,33.065715999999995,564717.0,acs
2019-04-16,40.689999,40.93,40.240002000000004,40.259997999999996,32.652084,543974.0,acs
2019-04-17,40.150002,40.52,40.009997999999996,40.34,32.716972,610154.0,acs
2019-04-18,40.43,40.77,40.040001000000004,40.77,33.065715999999995,485683.0,acs
2019-04-23,40.939999,40.939999,40.150002,40.259997999999996,32.652084,572515.0,acs
2019-04-24,40.099998,40.490002000000004,40.060001,40.389998999999996,32.757523,505539.0,acs
2019-04-25,40.349998,40.630001,40.029999,40.490002000000004,32.838627,608760.0,acs
2019-04-26,40.700001,40.700001,40.259997999999996,40.490002000000004,32.838627,396924.0,acs
2019-04-29,40.290001000000004,40.889998999999996,40.23,40.830002,33.114376,328835.0,acs
2019-04-30,40.880001,40.970001,40.599998,40.93,33.195479999999996,533913.0,acs
2019-05-02,40.799999,40.900002,40.279999,40.43,32.789963,480925.0,acs
2019-05-03,40.509997999999996,40.639998999999996,40.080002,40.119999,32.538540000000005,517306.0,acs
2019-05-06,39.439999,39.439999,38.41,38.709998999999996,31.394989000000002,701426.0,acs
2019-05-07,38.720001,38.93,38.09,38.389998999999996,31.13546,693479.0,acs
2019-05-08,38.200001,38.32,37.630001,37.77,30.632618,928617.0,acs
2019-05-09,37.630001,37.630001,37.060001,37.060001,30.056789000000002,921506.0,acs
2019-05-10,37.349998,37.959998999999996,37.349998,37.66,30.543409000000004,595197.0,acs
2019-05-13,37.799999,37.849998,37.0,37.080002,30.073013,356019.0,acs
2019-05-14,37.32,37.32,36.799999,37.110001000000004,30.097345,777216.0,acs
2019-05-15,38.52,38.52,36.869999,37.139998999999996,30.12167,833839.0,acs
2019-05-16,37.150002,37.599998,37.0,37.360001000000004,30.300102000000003,769457.0,acs
2019-05-17,37.509997999999996,38.0,37.290001000000004,37.68,30.559628999999997,989781.0,acs
2019-05-20,37.790001000000004,37.98,37.490002000000004,37.740002000000004,30.608295000000002,1053916.0,acs
2019-05-21,37.75,38.400002,37.540001000000004,38.23,31.005695000000003,656941.0,acs
2019-05-22,38.279999,38.700001,38.169998,38.25,31.021915000000003,559216.0,acs
2019-05-23,37.82,37.93,37.049999,37.18,30.15411,953912.0,acs
2019-05-24,37.290001000000004,37.66,37.220001,37.279999,30.235215999999998,655982.0,acs
2019-05-27,37.459998999999996,37.919998,37.459998999999996,37.759997999999996,30.624509999999997,344815.0,acs
2019-05-28,37.759997999999996,38.049999,37.509997999999996,38.040001000000004,30.851596999999998,1225935.0,acs
2019-05-29,37.700001,37.700001,37.040001000000004,37.09,30.081118,691693.0,acs
2019-05-30,37.299999,37.5,37.0,37.349998,30.291988,368227.0,acs
2019-05-31,36.900002,37.009997999999996,36.75,36.900002,29.927028999999997,676611.0,acs
2019-06-03,36.720001,36.77,36.18,36.77,29.821590000000004,545788.0,acs
2019-06-04,36.490002000000004,37.450001,36.389998999999996,37.25,30.210888,722975.0,acs
2019-06-05,37.450001,37.77,37.23,37.400002,30.332544,1504343.0,acs
2019-06-06,37.580002,37.82,37.049999,37.189999,30.162221999999996,633910.0,acs
2019-06-07,37.189999,37.59,37.060001,37.299999,30.251435999999998,715118.0,acs
2019-06-10,37.459998999999996,38.200001,37.459998999999996,38.139998999999996,30.932705,484112.0,acs
2019-06-11,38.110001000000004,38.580002,37.970001,38.34,31.09491,830744.0,acs
2019-06-12,38.110001000000004,38.16,37.700001,37.700001,30.575851,496605.0,acs
2019-06-13,37.73,37.990002000000004,37.450001,37.860001000000004,30.705614,508258.0,acs
2019-06-14,37.73,37.900002,37.150002,37.27,30.227108,1794795.0,acs
2019-06-17,37.349998,37.599998,37.32,37.52,30.429863,876987.0,acs
2019-06-18,37.389998999999996,38.27,37.189999,38.169998,30.957031,749738.0,acs
2019-06-19,38.189999,38.459998999999996,38.07,38.18,30.965145,528550.0,acs
2019-06-20,38.369999,38.869999,38.119999,38.540001000000004,31.257118,698590.0,acs
2019-06-21,38.630001,38.830002,38.040001000000004,38.040001000000004,30.851596999999998,1089309.0,acs
2019-06-24,36.860001000000004,37.0,36.130001,36.32,30.623945000000003,816209.0,acs
2019-06-25,36.299999,36.549999,36.0,36.110001000000004,30.446877,1105913.0,acs
2019-06-26,36.139998999999996,36.220001,34.669998,34.740002000000004,29.291737,1326649.0,acs
2019-06-27,34.869999,35.18,34.5,34.740002000000004,29.291737,967077.0,acs
2019-06-28,34.389998999999996,35.349998,34.07,35.110001000000004,29.603708,1034870.0,acs
2019-07-01,35.48,35.91,35.34,35.669998,30.075882,860421.0,acs
2019-07-02,35.779999,36.080002,35.639998999999996,35.84,30.219223,719858.0,acs
2019-07-03,35.98,36.790001000000004,35.830002,36.75,30.986509,730066.0,acs
2019-07-04,36.799999,37.060001,36.48,36.580002,30.84317,1538152.0,acs
2019-07-05,36.5,36.560001,36.139998999999996,36.150002,30.48061,442274.0,acs
2019-07-08,36.560001,36.950001,36.23,36.810001,31.037097999999997,992941.0,acs
2019-07-09,36.810001,37.07,36.619999,37.07,31.256321000000003,1247490.0,acs
2019-07-10,37.060001,37.220001,36.849998,37.009997999999996,31.20573,849483.0,acs
2019-07-11,37.310001,38.279999,37.130001,38.189999,32.200672,1281377.0,acs
2019-07-12,38.209998999999996,38.740002000000004,37.91,38.459998999999996,32.428326,713780.0,acs
2019-07-15,38.669998,39.139998999999996,38.470001,38.959998999999996,32.849915,796877.0,acs
2019-07-16,38.950001,39.299999,38.810001,39.25,33.094433,660660.0,acs
2019-07-17,39.290001000000004,39.400002,38.150002,38.150002,32.16695,1186914.0,acs
2019-07-18,37.349998,37.349998,35.700001,36.560001,30.826303000000003,1912450.0,acs
2019-07-19,36.82,36.959998999999996,36.400002,36.790001000000004,31.020233,593403.0,acs
2019-07-22,36.889998999999996,37.209998999999996,36.720001,36.810001,31.037097999999997,406211.0,acs
2019-07-23,37.0,37.299999,36.560001,37.240002000000004,31.399658000000002,815473.0,acs
2019-07-24,37.18,37.529999,36.91,37.529999,31.64418,971254.0,acs
2019-07-25,37.529999,38.290001000000004,37.290001000000004,37.610001000000004,31.711634000000004,637081.0,acs
2019-07-26,37.709998999999996,37.709998999999996,37.389998999999996,37.549999,31.661045,483804.0,acs
2019-07-29,37.369999,37.75,37.09,37.59,31.694771000000003,715759.0,acs
2019-07-30,37.970001,37.970001,36.09,36.09,30.430017,837489.0,acs
2019-07-31,36.32,36.990002000000004,36.259997999999996,36.599998,30.860033,1445709.0,acs
2019-08-01,36.529999,37.049999,36.419998,36.91,31.121412,579745.0,acs
2019-08-02,36.029999,36.32,35.400002,35.59,30.008429,955416.0,acs
2019-08-05,35.18,35.200001,34.209998999999996,34.209998999999996,28.844853999999998,1005614.0,acs
2019-08-06,34.150002,34.490002000000004,33.849998,33.849998,28.541313,951336.0,acs
2019-08-07,33.98,34.529999,33.810001,34.009997999999996,28.67622,802635.0,acs
2019-08-08,34.68,35.060001,34.299999,35.060001,29.561548,659085.0,acs
2019-08-09,34.939999,35.02,34.580002,34.59,29.165257,468661.0,acs
2019-08-12,34.740002000000004,34.959998999999996,33.689999,33.860001000000004,28.549746000000003,583280.0,acs
2019-08-13,33.700001,34.48,33.48,34.060001,28.718378,699102.0,acs
2019-08-14,34.040001000000004,34.040001000000004,33.07,33.150002,27.951096999999997,829657.0,acs
2019-08-15,33.200001,33.34,32.32,32.790001000000004,27.647555999999998,769824.0,acs
2019-08-16,32.880001,33.27,32.669998,33.0,27.824619000000002,1006297.0,acs
2019-08-19,33.200001,33.869999,33.150002,33.790001000000004,28.490723,675168.0,acs
2019-08-20,33.689999,33.939999,33.009997999999996,33.060001,27.875212,693176.0,acs
2019-08-21,33.169998,33.77,33.169998,33.630001,28.355818,417086.0,acs
2019-08-22,33.439999,33.950001,33.32,33.360001000000004,28.128159999999998,702740.0,acs
2019-08-23,33.669998,33.91,33.099998,33.099998,27.908934000000002,596469.0,acs
2019-08-26,32.77,33.490002000000004,32.610001000000004,33.439999,28.195612,551922.0,acs
2019-08-27,33.299999,34.07,33.220001,33.700001,28.414837,1039310.0,acs
2019-08-28,33.5,33.689999,33.32,33.599998,28.330519,541718.0,acs
2019-08-29,33.650002,34.450001,33.610001000000004,34.400002,29.005059999999997,679163.0,acs
2019-08-30,34.41,34.799999,34.279999,34.369999,28.979759,625194.0,acs
2019-09-02,34.360001000000004,34.900002,34.349998,34.560001,29.139967,372187.0,acs
2019-09-03,34.540001000000004,34.919998,34.369999,34.599998,29.173690999999998,518148.0,acs
2019-09-04,34.919998,35.18,34.700001,34.77,29.317032,606028.0,acs
2019-09-05,35.049999,35.369999,34.77,34.860001000000004,29.39292,673965.0,acs
2019-09-06,34.860001000000004,35.119999,34.75,34.900002,29.426640999999996,483741.0,acs
2019-09-09,34.959998999999996,35.43,34.959998999999996,35.310001,29.772345,469380.0,acs
2019-09-10,35.310001,36.43,35.310001,36.34,30.640808000000003,783206.0,acs
2019-09-11,36.450001,36.959998999999996,36.27,36.799999,31.028667,1426622.0,acs
2019-09-12,37.0,37.169998,36.369999,36.490002000000004,30.767281,673477.0,acs
2019-09-13,36.509997999999996,36.880001,36.080002,36.080002,30.421584999999997,675134.0,acs
2019-09-16,35.860001000000004,36.009997999999996,35.41,35.869999,30.244514000000002,549684.0,acs
2019-09-17,35.73,36.099998,35.450001,36.099998,30.438446000000003,1008006.0,acs
2019-09-18,36.0,36.529999,35.950001,35.970001,30.328836,992276.0,acs
2019-09-19,35.919998,36.259997999999996,35.689999,36.029999,30.379421,992025.0,acs
2019-09-20,35.990002000000004,36.259997999999996,35.889998999999996,36.099998,30.438446000000003,1736199.0,acs
2019-09-23,36.0,36.099998,35.209998999999996,35.330002,29.789209000000003,896292.0,acs
2019-09-24,35.5,35.630001,35.110001000000004,35.110001000000004,29.603708,807721.0,acs
2019-09-25,35.0,35.060001,34.23,34.759997999999996,29.308596,961713.0,acs
2019-09-26,34.59,35.740002000000004,34.59,35.419998,29.865088,878455.0,acs
2019-09-27,35.599998,36.150002,35.48,35.740002000000004,30.134909000000004,493316.0,acs
2019-09-30,35.75,36.68,35.75,36.66,30.910621999999996,789499.0,acs
2019-10-01,36.470001,36.82,36.119999,36.189999,30.514332,608372.0,acs
2019-10-02,36.07,36.07,34.669998,34.669998,29.232709999999997,1180352.0,acs
2019-10-03,35.02,35.029999,34.450001,34.82,29.359188,703584.0,acs
2019-10-04,35.060001,35.259997999999996,34.75,35.16,29.645865999999998,819246.0,acs
2019-10-07,35.169998,35.41,34.990002000000004,35.32,29.780772999999996,649293.0,acs
2019-10-08,35.52,35.52,34.560001,34.790001000000004,29.333895000000002,425135.0,acs
2019-10-09,34.869999,35.150002,34.59,34.779999,29.325459999999996,518113.0,acs
2019-10-10,34.950001,35.279999,34.790001000000004,35.099998,29.595274,670703.0,acs
2019-10-11,35.259997999999996,36.189999,35.259997999999996,36.189999,30.514332,766163.0,acs
2019-10-14,36.150002,36.279999,35.73,36.139998999999996,30.472171999999997,684111.0,acs
2019-10-15,36.439999,36.66,36.18,36.290001000000004,30.59865,698995.0,acs
2019-10-16,36.290001000000004,36.349998,35.779999,35.900002,30.269817,1229018.0,acs
2019-10-17,35.790001000000004,36.5,35.790001000000004,35.98,30.337266999999997,679600.0,acs
2019-10-18,35.950001,36.060001,35.650002,35.740002000000004,30.134909000000004,1167278.0,acs
2019-10-21,35.779999,36.189999,35.669998,35.75,30.143337,1297006.0,acs
2019-10-22,35.700001,35.950001,35.459998999999996,35.84,30.219223,516938.0,acs
2019-10-23,35.73,36.060001,35.380001,36.060001,30.404723999999998,764155.0,acs
2019-10-24,36.049999,36.48,35.919998,36.16,30.489034999999998,525749.0,acs
2019-10-25,36.029999,36.450001,36.0,36.41,30.699828999999998,604861.0,acs
2019-10-28,36.330002,36.709998999999996,36.139998999999996,36.66,30.910621999999996,423170.0,acs
2019-10-29,36.740002000000004,36.869999,36.529999,36.869999,31.087688,682896.0,acs
2019-10-30,36.900002,36.93,36.290001000000004,36.610001000000004,30.868462,712277.0,acs
2019-10-31,36.77,36.77,36.009997999999996,36.389998999999996,30.682965999999997,572643.0,acs
2019-11-01,36.540001000000004,36.849998,36.200001,36.849998,31.070823999999998,1580824.0,acs
2019-11-04,36.900002,37.360001000000004,36.73,37.200001,31.365935999999998,622306.0,acs
2019-11-05,37.34,37.349998,36.700001,36.740002000000004,30.978075,499239.0,acs
2019-11-06,36.75,36.799999,36.330002,36.740002000000004,30.978075,656167.0,acs
2019-11-07,36.939999,36.990002000000004,35.939999,36.029999,30.379421,1237639.0,acs
2019-11-08,36.5,36.5,35.040001000000004,35.630001,30.042158,836810.0,acs
2019-11-11,35.43,35.84,35.16,35.77,30.1602,1603959.0,acs
2019-11-12,35.919998,36.060001,35.380001,35.610001000000004,30.025292999999998,681809.0,acs
2019-11-13,35.5,35.5,34.25,34.25,28.878584000000004,1223388.0,acs
2019-11-14,34.18,34.5,33.93,34.27,28.895445000000002,1054952.0,acs
2019-11-15,34.450001,34.740002000000004,34.27,34.650002,29.215851,815008.0,acs
2019-11-18,34.669998,34.82,34.43,34.639998999999996,29.207417,1475332.0,acs
2019-11-19,34.68,35.299999,34.68,34.880001,29.409782,672466.0,acs
2019-11-20,34.75,35.220001,34.52,34.900002,29.426640999999996,809391.0,acs
2019-11-21,34.650002,34.700001,34.169998,34.360001000000004,28.971333,1440336.0,acs
2019-11-22,34.459998999999996,34.869999,34.459998999999996,34.689999,29.249572999999998,1383957.0,acs
2019-11-25,34.860001000000004,35.02,34.48,34.52,29.106239000000002,863316.0,acs
2019-11-26,34.669998,34.970001,34.509997999999996,34.93,29.451933,1560327.0,acs
2019-11-27,34.959998999999996,35.419998,34.91,34.959998999999996,29.477232,1055605.0,acs
2019-11-28,35.040001000000004,35.34,34.860001000000004,35.34,29.797635999999997,747665.0,acs
2019-11-29,35.209998999999996,35.59,35.080002,35.330002,29.789209000000003,1173754.0,acs
2019-12-02,35.509997999999996,35.66,34.599998,34.599998,29.173690999999998,1392792.0,acs
2019-12-03,34.73,34.75,33.52,33.529999,28.271497999999998,1822655.0,acs
2019-12-04,33.630001,34.330002,33.599998,34.169998,28.811125,1045161.0,acs
2019-12-05,34.16,34.669998,34.110001000000004,34.150002,28.794265999999997,942330.0,acs
2019-12-06,34.209998999999996,34.880001,34.169998,34.759997999999996,29.308596,704739.0,acs
2019-12-09,34.77,34.91,34.650002,34.860001000000004,29.39292,617498.0,acs
2019-12-10,34.919998,35.310001,34.470001,35.099998,29.595274,1145971.0,acs
2019-12-11,35.220001,35.439999,34.91,35.0,29.510959999999997,876586.0,acs
2019-12-12,35.240002000000004,35.41,34.759997999999996,35.25,29.721753999999997,1249772.0,acs
2019-12-13,35.689999,35.98,35.240002000000004,35.34,29.797635999999997,682061.0,acs
2019-12-16,35.669998,35.799999,35.52,35.709998999999996,30.109603999999997,559936.0,acs
2019-12-17,35.709998999999996,36.0,35.599998,35.610001000000004,30.025292999999998,1142771.0,acs
2019-12-18,35.599998,35.849998,34.830002,34.869999,29.401348,1124279.0,acs
2019-12-19,35.009997999999996,35.049999,34.57,34.790001000000004,29.333895000000002,1505920.0,acs
2019-12-20,34.919998,35.040001000000004,34.450001,34.59,29.165257,1512069.0,acs
2019-12-23,34.68,35.0,34.549999,34.799999,29.342327,518556.0,acs
2019-12-24,34.889998999999996,35.709998999999996,34.759997999999996,35.380001,29.831364,277294.0,acs
2019-12-25,35.380001,35.380001,35.380001,35.380001,29.831364,0.0,acs
2019-12-27,35.529999,35.529999,35.169998,35.189999,29.671159999999997,457033.0,acs
2019-12-30,35.279999,35.360001000000004,35.080002,35.189999,29.671159999999997,385418.0,acs
2019-12-31,35.07,35.799999,35.02,35.650002,30.059023,396662.0,acs
2020-01-02,35.830002,35.889998999999996,35.189999,35.189999,29.671159999999997,541680.0,acs
2020-01-03,35.110001000000004,35.110001000000004,34.529999,34.759997999999996,29.308596,923613.0,acs
2020-01-06,34.700001,34.84,34.189999,34.540001000000004,29.123102000000003,652763.0,acs
2020-01-07,34.619999,34.98,34.470001,34.639998999999996,29.207417,743663.0,acs
2020-01-08,34.549999,34.82,34.34,34.740002000000004,29.291737,688003.0,acs
2020-01-09,35.150002,35.16,34.259997999999996,34.32,28.937601,759639.0,acs
2020-01-10,34.470001,34.540001000000004,34.119999,34.119999,28.768967,1258736.0,acs
2020-01-13,34.290001000000004,34.32,34.02,34.209998999999996,28.844853999999998,1049279.0,acs
2020-01-14,34.189999,34.32,33.830002,34.32,28.937601,1452362.0,acs
2020-01-15,34.119999,34.380001,33.299999,33.299999,28.07757,1250394.0,acs
2020-01-16,33.330002,34.299999,33.220001,34.299999,28.920740000000002,896164.0,acs
2020-01-17,34.779999,35.459998999999996,34.599998,34.599998,29.173690999999998,1220431.0,acs
2020-01-20,34.77,34.950001,34.439999,34.529999,29.114667999999998,1012280.0,acs
2020-01-21,34.369999,34.549999,34.139998999999996,34.150002,28.794265999999997,704088.0,acs
2020-01-22,34.27,34.439999,33.669998,33.700001,28.414837,566802.0,acs
2020-01-23,32.099998,32.689999,31.309998999999998,31.9,26.897130999999998,2520832.0,acs
2020-01-24,32.200001,32.279999,31.879998999999998,31.93,26.922424,818569.0,acs
2020-01-27,31.85,32.029999,31.200001,31.469998999999998,26.534569,866388.0,acs
2020-01-28,31.51,31.700001,31.030001000000002,31.700001,26.728498,875369.0,acs
2020-01-29,31.65,31.85,31.07,31.57,26.618885,1077583.0,acs
2020-01-30,31.299999,31.530001000000002,31.07,31.219998999999998,26.323776000000002,842547.0,acs
2020-01-31,31.219998999999998,31.24,29.950001,30.030001000000002,25.320401999999998,1498822.0,acs
2020-02-03,30.030001000000002,30.030001000000002,29.33,29.559998999999998,24.924112,1333165.0,acs
2020-02-04,29.809998999999998,30.059998999999998,29.700001,29.780001000000002,25.109613,1246301.0,acs
2020-02-05,29.76,30.76,29.52,30.450001,25.674536,1127784.0,acs
2020-02-06,30.700001,30.92,30.059998999999998,30.15,25.421583,1424058.0,acs
2020-02-07,30.0,30.52,29.950001,30.52,25.733557,1238655.0,acs
2020-02-10,30.5,30.85,30.309998999999998,30.379998999999998,25.615510999999998,1052390.0,acs
2020-02-11,30.76,31.639999,30.309998999999998,31.52,26.576727,1321015.0,acs
2020-02-12,31.52,31.809998999999998,31.200001,31.76,26.779087,1578178.0,acs
2020-02-13,31.549999,31.83,31.219998999999998,31.780001000000002,26.795952000000003,792774.0,acs
2020-02-14,31.879998999999998,31.959999,31.26,31.26,26.357502,969141.0,acs
2020-02-17,31.6,32.0,31.41,32.0,26.981446999999996,871644.0,acs
2020-02-18,31.540001,31.540001,30.93,31.110001,26.604316999999998,956721.0,acs
2020-02-19,31.48,31.540001,29.75,29.75,25.441288,2475822.0,acs
2020-02-20,29.76,30.84,29.360001,30.77,26.313562,1548078.0,acs
2020-02-21,30.530001000000002,30.530001000000002,29.91,30.040001,25.689289000000002,1864217.0,acs
2020-02-24,29.280001000000002,29.540001,28.41,28.99,24.791357,1918404.0,acs
2020-02-25,29.09,29.190001000000002,27.620001000000002,27.620001000000002,23.61978,2300722.0,acs
2020-02-26,27.610001,28.129998999999998,27.290001,27.620001000000002,23.61978,2208406.0,acs
2020-02-27,27.389999,27.65,26.620001000000002,27.34,23.380329,1900556.0,acs
2020-02-28,27.0,27.049999,26.35,26.85,22.961298,3450961.0,acs
2020-03-02,27.27,27.309998999999998,26.1,26.790001,22.909986,1977148.0,acs
2020-03-03,27.26,27.75,26.709999,26.74,22.867228,2358566.0,acs
2020-03-04,26.82,27.219998999999998,26.52,26.709999,22.841572,2568042.0,acs
2020-03-05,26.940001000000002,27.02,25.530001000000002,25.9,22.148885999999997,2179929.0,acs
2020-03-06,25.5,25.65,24.51,24.68,21.105577,2117472.0,acs
2020-03-09,23.42,23.620001000000002,22.209999,22.209999,18.993309,3387485.0,acs
2020-03-10,22.379998999999998,23.200001,21.18,21.18,18.112488,3026255.0,acs
2020-03-11,21.370001000000002,21.940001000000002,20.24,20.4,17.445454,5795983.0,acs
2020-03-12,19.33,19.48,16.504998999999998,16.549999,14.153051000000001,4197153.0,acs
2020-03-13,19.639999,19.639999,16.42,16.594998999999998,14.191533999999999,2924307.0,acs
2020-03-16,15.645,15.69,13.175,14.215,12.156232000000001,4487407.0,acs
2020-03-17,14.8,15.275,12.61,13.625,11.651683,3602222.0,acs
2020-03-18,13.38,13.74,11.6,11.625,9.941344,5103193.0,acs
2020-03-19,11.86,12.315,11.2,11.445,9.787413,3886144.0,acs
2020-03-20,12.58,13.69,12.17,13.375,11.437889,4349600.0,acs
2020-03-23,13.05,14.09,12.78,13.655,11.677337,2576623.0,acs
2020-03-24,14.57,15.0,14.15,14.5,12.399956,3386704.0,acs
2020-03-25,15.15,17.0,14.925,16.16,13.819536,3060967.0,acs
2020-03-26,15.77,17.5,15.5,17.110001,14.631947,2578512.0,acs
2020-03-27,17.120001000000002,17.690001000000002,15.525,16.055,13.729744,2639532.0,acs
2020-03-30,15.695,16.799999,14.51,16.290001,13.930710000000001,6211978.0,acs
2020-03-31,16.690001000000002,17.969998999999998,16.205,17.815001000000002,15.234842,2478100.0,acs
2020-04-01,17.135,18.115,16.879998999999998,16.985001,14.525051000000001,2560905.0,acs
2020-04-02,17.049999,17.530001000000002,16.700001,17.195,14.704637,1852006.0,acs
2020-04-03,17.200001,17.73,16.9,16.9,14.452360999999998,1388617.0,acs
2020-04-06,18.5,18.67,17.84,18.17,15.538426999999999,1794423.0,acs
2020-04-07,18.73,20.9,18.725,19.844998999999998,16.970835,2678277.0,acs
2020-04-08,19.645,20.540001,19.219998999999998,19.695,16.842558,2002670.0,acs
2020-04-09,20.25,20.52,19.559998999999998,20.0,17.103385999999997,2746445.0,acs
2020-04-14,20.959999,21.34,20.370001000000002,20.57,17.590834,2331092.0,acs
2020-04-15,20.6,20.780001000000002,20.0,20.049999,17.146145,2126327.0,acs
2020-04-16,20.1,20.440001000000002,19.299999,19.73,16.872492,2738231.0,acs
2020-04-17,20.299999,20.85,20.08,20.85,17.83028,1846630.0,acs
2020-04-20,21.0,21.09,20.209999,20.690001000000002,17.693455,1742029.0,acs
2020-04-21,20.219998999999998,20.620001000000002,20.0,20.0,17.103385999999997,2407581.0,acs
2020-04-22,20.1,20.5,20.02,20.43,17.471107,1687157.0,acs
2020-04-23,20.290001,20.9,20.290001,20.75,17.744761999999998,1291259.0,acs
2020-04-24,20.4,20.9,20.15,20.9,17.873037,1285033.0,acs
2020-04-27,21.17,21.469998999999998,21.120001000000002,21.34,18.249313,1508766.0,acs
2020-04-28,21.5,22.33,21.360001,22.33,19.095932,1603564.0,acs
2020-04-29,22.4,23.66,22.299999,23.530001000000002,20.122135,1353147.0,acs
2020-04-30,23.709999,23.950001,22.6,22.77,19.472206,2759977.0,acs
2020-05-04,22.32,22.67,21.92,22.33,19.095932,1957485.0,acs
2020-05-05,22.799999,23.120001000000002,22.25,23.01,19.677446,2040876.0,acs
2020-05-06,22.91,23.700001,22.610001,23.33,19.951101,2466034.0,acs
2020-05-07,23.4,23.66,23.379998999999998,23.42,20.028067,1253841.0,acs
2020-05-08,23.700001,23.950001,23.540001,23.74,20.301722,1233663.0,acs
2020-05-11,24.129998999999998,24.209999,23.620001000000002,23.65,20.224754,1260395.0,acs
2020-05-12,23.639999,23.93,23.41,23.85,20.395788,1450984.0,acs
2020-05-13,23.41,23.860001,23.200001,23.360001,19.976757,1242184.0,acs
2020-05-14,23.23,23.43,22.09,22.299999,19.070273999999998,1864143.0,acs
2020-05-15,22.299999,22.68,22.0,22.0,18.813725,1853096.0,acs
2020-05-18,22.129998999999998,23.07,22.129998999999998,23.07,19.728756,1620638.0,acs
2020-05-19,23.200001,23.290001,20.23,20.9,17.873037,3855426.0,acs
2020-05-20,20.59,20.860001,19.709999,20.32,17.377043,3158979.0,acs
2020-05-21,20.059998999999998,21.17,19.950001,20.75,17.744761999999998,1749226.0,acs
2020-05-22,20.530001000000002,20.99,20.34,20.59,17.607939000000002,1359914.0,acs
2020-05-25,20.870001000000002,22.1,20.719998999999998,21.950001,18.770966,1308153.0,acs
2020-05-26,22.309998999999998,24.18,22.190001000000002,24.08,20.592478,2601436.0,acs
2020-05-27,24.0,24.620001000000002,23.24,23.309998999999998,19.933998000000003,3769871.0,acs
2020-05-28,23.73,23.98,23.18,23.719998999999998,20.284618,1559085.0,acs
2020-05-29,23.299999,23.639999,22.82,22.950001,19.626137,2240521.0,acs
2020-06-01,23.450001,24.08,23.23,23.85,20.395788,1177623.0,acs
2020-06-02,23.940001000000002,24.67,23.9,24.4,20.866131,1169435.0,acs
2020-06-03,24.780001000000002,26.07,24.700001,26.059998999999998,22.285711,1620876.0,acs
2020-06-04,25.799999,26.33,25.25,25.379998999999998,21.704199,2072156.0,acs
2020-06-05,25.91,26.35,25.709999,26.049999,22.277163,1879892.0,acs
2020-06-08,26.0,27.4,25.719998999999998,26.629998999999998,22.773159,1672082.0,acs
2020-06-09,26.620001000000002,26.77,25.049999,25.809998999999998,22.071920000000002,2010737.0,acs
2020-06-10,25.68,26.299999,24.58,24.700001,21.122684,1173470.0,acs
2020-06-11,24.040001,24.059998999999998,22.860001,22.860001,19.549170999999998,1666858.0,acs
2020-06-12,22.780001000000002,23.440001000000002,22.23,22.629998999999998,19.352482000000002,1771443.0,acs
2020-06-15,22.0,23.190001000000002,21.58,23.01,19.677446,1812282.0,acs
2020-06-16,24.040001,24.950001,23.6,24.610001,21.045719000000002,2072757.0,acs
2020-06-17,24.59,25.0,23.790001,24.049999,20.56682,3078288.0,acs
2020-06-18,23.91,24.49,23.34,23.85,20.395788,1577367.0,acs
2020-06-19,24.07,24.559998999999998,23.75,23.75,20.310272,5077474.0,acs
2020-06-22,23.700001,23.84,23.15,23.67,20.241858999999998,1451725.0,acs
2020-06-23,22.58,23.700001,22.440001000000002,22.92,20.813971,1855241.0,acs
2020-06-24,22.879998999999998,23.4,21.77,21.84,19.833208,2116034.0,acs
2020-06-25,21.9,22.65,21.610001,22.450001,20.387157000000002,1974596.0,acs
2020-06-26,22.620001000000002,22.719998999999998,21.98,21.98,19.96034,1257065.0,acs
2020-06-29,21.700001,22.700001,21.66,22.59,20.514292,1242558.0,acs
2020-06-30,22.5,22.77,22.26,22.440001000000002,20.378076999999998,1689256.0,acs
2020-07-01,22.35,22.75,21.93,22.530001000000002,20.459806,1455229.0,acs
2020-07-02,22.65,23.620001000000002,22.58,23.49,21.484167000000003,1683707.0,acs
2020-07-03,23.52,23.620001000000002,22.870001000000002,23.280001000000002,21.292101000000002,861870.0,acs
2020-07-06,23.68,24.4,23.620001000000002,23.889999,21.850012,2003123.0,acs
2020-07-07,23.879998999999998,23.889999,23.280001000000002,23.4,21.401854,1363411.0,acs
2020-07-08,23.15,23.549999,22.879998999999998,23.129998999999998,21.154907,1013890.0,acs
2020-07-09,23.34,23.469998999999998,22.780001000000002,22.780001000000002,20.834795,881352.0,acs
2020-07-10,22.66,23.950001,22.620001000000002,23.790001,21.758551,1115776.0,acs
2020-07-13,24.0,24.450001,23.799999,24.139999,22.078665,1135396.0,acs
2020-07-14,23.870001000000002,23.99,23.08,23.58,21.566482999999998,1327598.0,acs
2020-07-15,23.84,24.25,23.540001,24.209999,22.142687,1271955.0,acs
2020-07-16,24.16,24.32,23.6,23.66,21.639651999999998,1246444.0,acs
2020-07-17,23.66,23.82,23.299999,23.559998999999998,21.548189,805951.0,acs
2020-07-20,23.57,23.620001000000002,23.1,23.41,21.410999,711713.0,acs
2020-07-21,23.790001,23.93,23.27,23.309998999999998,21.319538,859705.0,acs
2020-07-22,23.200001,23.450001,23.059998999999998,23.379998999999998,21.383557999999997,688710.0,acs
2020-07-23,23.5,23.629998999999998,23.09,23.26,21.273808,570973.0,acs
2020-07-24,23.0,23.26,22.280001000000002,22.280001000000002,20.377491,1053227.0,acs
2020-07-27,22.219998999999998,22.280001000000002,21.4,21.5,19.664095,1496908.0,acs
2020-07-28,21.450001,21.969998999999998,21.33,21.389999,19.563488,886965.0,acs
2020-07-29,21.379998999999998,21.5,21.139999,21.209999,19.398857,746933.0,acs
2020-07-30,21.209999,21.23,19.9,20.08,18.365351,1273964.0,acs
2020-07-31,20.120001000000002,20.42,19.535,19.549999,17.880608,1636016.0,acs
2020-08-03,19.52,20.1,19.125,20.08,18.365351,1419189.0,acs
2020-08-04,20.389999,20.950001,20.219998999999998,20.82,19.042162,1278742.0,acs
2020-08-05,21.0,21.49,21.0,21.33,19.508612,950876.0,acs
2020-08-06,21.26,21.26,20.559998999999998,20.959999,19.170206,786082.0,acs
2020-08-07,20.75,20.9,20.110001,20.5,18.749487,1036559.0,acs
2020-08-10,20.629998999999998,21.139999,20.52,21.139999,19.334837,812492.0,acs
2020-08-11,21.450001,22.33,21.450001,22.280001000000002,20.377491,947519.0,acs
2020-08-12,22.129998999999998,22.24,21.780001000000002,21.780001000000002,19.920187,578339.0,acs
2020-08-13,21.790001,21.99,21.52,21.52,19.682388,771586.0,acs
2020-08-14,21.5,21.5,20.48,21.27,19.453737,869349.0,acs
2020-08-17,21.190001000000002,21.389999,20.9,21.16,19.353127999999998,842990.0,acs
2020-08-18,21.34,21.67,21.1,21.15,19.343982999999998,631806.0,acs
2020-08-19,21.120001000000002,21.709999,20.870001000000002,21.709999,19.856163000000002,635549.0,acs
2020-08-20,21.27,21.42,20.969998999999998,21.34,19.517757,534334.0,acs
2020-08-21,21.48,21.709999,20.99,21.6,19.755556,766630.0,acs
2020-08-24,21.790001,22.059998999999998,21.559998999999998,22.059998999999998,20.176275,730039.0,acs
2020-08-25,22.1,22.33,21.459999,21.459999,19.62751,770626.0,acs
2020-08-26,21.379998999999998,21.67,21.08,21.32,19.499466,610467.0,acs
2020-08-27,21.200001,21.52,21.08,21.25,19.435442000000002,599727.0,acs
2020-08-28,21.34,21.459999,21.1,21.219998999999998,19.408003,524333.0,acs
2020-08-31,21.49,21.49,20.52,20.52,18.767778,1066986.0,acs
2020-09-01,20.959999,20.959999,20.23,20.52,18.767778,718210.0,acs
2020-09-02,20.610001,20.98,20.52,20.860001,19.078745,643283.0,acs
2020-09-03,21.02,21.58,20.969998999999998,21.059998999999998,19.261667000000003,801043.0,acs
2020-09-04,21.0,21.190001000000002,20.610001,20.68,18.914116,895795.0,acs
2020-09-07,20.82,21.290001,20.700001,21.26,19.444589999999998,606735.0,acs
2020-09-08,21.24,21.559998999999998,20.48,20.639999,18.877531,904073.0,acs
2020-09-09,20.58,20.969998999999998,20.450001,20.940001000000002,19.151917,760607.0,acs
2020-09-10,20.91,21.200001,20.780001000000002,20.889999,19.106184,686378.0,acs
2020-09-11,20.889999,21.26,20.719998999999998,21.24,19.426296,688501.0,acs
2020-09-14,21.459999,21.58,21.110001,21.110001,19.307398000000003,745104.0,acs
2020-09-15,21.17,21.27,20.969998999999998,21.049999,19.25252,648178.0,acs
2020-09-16,21.049999,21.360001,20.85,21.360001,19.536051,741962.0,acs
2020-09-17,21.049999,21.290001,20.91,21.16,19.353127999999998,667949.0,acs
2020-09-18,21.219998999999998,21.219998999999998,20.280001000000002,20.280001000000002,18.548273000000002,2366313.0,acs
2020-09-21,20.08,20.08,18.205,18.205,16.650457,2176025.0,acs
2020-09-22,18.799999,18.799999,18.285,18.51,16.929415,1331781.0,acs
2020-09-23,18.73,19.719998999999998,18.565001000000002,19.4,17.743416,1209398.0,acs
2020-09-24,19.075001,19.635,19.01,19.360001,17.706831,852236.0,acs
2020-09-25,19.315001000000002,19.375,18.605,18.99,17.368425,931215.0,acs
2020-09-28,19.365,19.865,19.280001000000002,19.68,17.999506,678104.0,acs
2020-09-29,19.535,19.535,18.995001000000002,18.995001000000002,17.373001000000002,718699.0,acs
2020-09-30,18.9,19.639999,18.775,19.365,17.711405,811129.0,acs
2020-10-01,19.434998999999998,19.58,18.610001,18.610001,17.020876,869542.0,acs
2020-10-02,19.0,23.42,18.855,23.42,21.420145,5239030.0,acs
2020-10-05,23.42,24.360001,22.620001000000002,24.17,22.106102,2030132.0,acs
2020-10-06,24.190001000000002,25.26,24.059998999999998,24.98,22.846933,1601769.0,acs
2020-10-07,24.889999,25.129998999999998,23.639999,24.620001000000002,22.517675,1234756.0,acs
2020-10-08,24.940001000000002,25.379998999999998,24.879998999999998,25.139999,22.993271,793841.0,acs
2020-10-09,25.120001000000002,25.49,24.43,24.620001000000002,22.517675,759424.0,acs
2020-10-12,24.68,24.709999,24.110001,24.23,22.160978,569396.0,acs
2020-10-13,24.059998999999998,24.200001,23.42,23.48,21.475020999999998,795146.0,acs
2020-10-14,23.459999,24.02,23.290001,23.889999,21.850012,480831.0,acs
2020-10-15,23.43,23.43,22.969998999999998,23.35,21.356123,696411.0,acs
2020-10-16,23.440001000000002,23.57,22.99,23.309998999999998,21.319538,664375.0,acs
2020-10-19,23.43,23.83,23.0,23.190001000000002,21.209785,513380.0,acs
2020-10-20,23.040001,23.459999,22.92,23.030001000000002,21.063448,631772.0,acs
2020-10-21,23.200001,23.200001,22.58,22.59,20.66102,956673.0,acs
2020-10-22,22.5,22.799999,22.07,22.66,20.725042000000002,2047099.0,acs
2020-10-23,22.58,23.200001,22.5,22.9,20.944548,943217.0,acs
2020-10-26,22.59,22.799999,21.75,21.75,19.892748,959082.0,acs
2020-10-27,21.709999,21.77,20.68,21.0,19.206791,1322054.0,acs
2020-10-28,20.6,20.93,20.08,20.08,18.365351,1210161.0,acs
2020-10-29,20.18,20.889999,19.52,20.459999,18.712902,1716003.0,acs
2020-10-30,20.25,20.700001,20.01,20.4,18.658023999999997,1175194.0,acs
2020-11-02,20.42,22.26,20.219998999999998,22.030001000000002,20.148838,1683165.0,acs
2020-11-03,22.299999,22.459999,21.450001,22.33,20.423222,1404568.0,acs
2020-11-04,21.65,22.25,21.450001,21.77,19.911041,1121790.0,acs
2020-11-05,21.879998999999998,22.59,21.790001,22.59,20.66102,2615072.0,acs
2020-11-06,22.32,22.66,22.200001,22.43,20.514681,606339.0,acs
2020-11-09,23.110001,25.110001,22.870001000000002,24.73,22.618282,1676443.0,acs
2020-11-10,24.690001000000002,26.0,24.209999,25.780001000000002,23.578625,2233781.0,acs
2020-11-11,25.780001000000002,26.219998999999998,24.889999,25.049999,22.910957,1151627.0,acs
2020-11-12,24.629998999999998,25.030001000000002,24.52,24.809998999999998,22.691451999999998,688090.0,acs
2020-11-13,24.559998999999998,25.26,24.559998999999998,25.26,23.103025,603979.0,acs
2020-11-16,25.59,26.65,25.27,25.950001,23.734106,1069325.0,acs
2020-11-17,25.83,25.99,25.379998999999998,25.950001,23.734106,790352.0,acs
2020-11-18,25.879998999999998,26.15,25.700001,26.1,23.871298,943427.0,acs
2020-11-19,25.77,25.92,25.469998999999998,25.530001000000002,23.349972,468977.0,acs
2020-11-20,25.530001000000002,25.73,25.33,25.459999,23.285948,552046.0,acs
2020-11-23,25.719998999999998,26.35,25.709999,26.35,24.099951,620413.0,acs
2020-11-24,26.459999,27.82,26.459999,27.75,25.380404000000002,1098168.0,acs
2020-11-25,27.969998999999998,28.190001000000002,27.120001000000002,27.879998999999998,25.499302,1564668.0,acs
2020-11-26,27.940001000000002,27.940001000000002,27.09,27.09,24.77676,1533365.0,acs
2020-11-27,27.0,27.129998999999998,26.559998999999998,26.82,24.529816,475025.0,acs
2020-11-30,26.74,27.1,26.209999,26.49,24.227995,1184223.0,acs
2020-12-01,26.690001000000002,27.190001000000002,26.209999,26.379998999999998,24.127385999999998,591952.0,acs
2020-12-02,26.200001,26.84,26.07,26.84,24.548109,649568.0,acs
2020-12-03,26.6,26.879998999999998,26.43,26.629998999999998,24.356039000000003,2220490.0,acs
2020-12-04,26.690001000000002,27.700001,26.58,27.52,25.170042000000002,776963.0,acs
2020-12-07,27.5,27.6,26.98,27.120001000000002,24.804199,519937.0,acs
2020-12-08,27.040001,27.15,26.59,26.780001000000002,24.493233,349220.0,acs
2020-12-09,27.02,27.35,26.93,27.32,24.98712,927681.0,acs
2020-12-10,27.23,27.299999,26.299999,26.530001000000002,24.26458,746931.0,acs
2020-12-11,26.51,26.690001000000002,25.9,26.68,24.401772,632540.0,acs
2020-12-14,26.969998999999998,27.43,26.370001000000002,26.52,24.255432,725313.0,acs
2020-12-15,26.59,27.35,26.389999,27.32,24.98712,772476.0,acs
2020-12-16,27.379998999999998,27.52,26.629998999999998,26.959999,24.65786,873872.0,acs
2020-12-17,27.200001,27.200001,26.639999,26.719998999999998,24.438356,3464728.0,acs
2020-12-18,26.57,27.08,26.16,26.309998999999998,24.063364,1388289.0,acs
2020-12-21,25.59,26.33,24.879998999999998,26.18,23.944466000000002,1356654.0,acs
2020-12-22,26.459999,26.77,26.200001,26.59,24.319457999999997,506720.0,acs
2020-12-23,26.82,27.65,26.74,27.290001,24.959684,746451.0,acs
2020-12-24,27.309998999999998,27.309998999999998,26.860001,27.23,24.904806,132632.0,acs
2020-12-28,27.51,27.690001000000002,27.24,27.33,24.996265,338405.0,acs
2020-12-29,27.49,27.66,27.139999,27.219998999999998,24.895657999999997,409765.0,acs
2020-12-30,27.219998999999998,27.65,27.049999,27.42,25.078583,511234.0,acs
2020-12-31,27.42,27.58,27.15,27.15,24.831636,379705.0,acs
2021-01-04,27.49,28.139999,26.889999,27.01,24.70359,1275167.0,acs
2021-01-05,26.790001,27.459999,26.75,27.450001,25.10602,444721.0,acs
2021-01-06,27.690001000000002,28.42,27.620001000000002,28.049999,25.654785,809842.0,acs
2021-01-07,28.27,28.32,27.559998999999998,27.74,25.371256,2174604.0,acs
2021-01-08,27.950001,28.209999,27.74,27.809998999999998,25.435278,515619.0,acs
2021-01-11,27.809998999999998,28.379998999999998,27.709999,28.129998999999998,25.727953,3601480.0,acs
2021-01-12,28.25,29.200001,28.1,29.129998999999998,26.642563,2142636.0,acs
2021-01-13,29.129998999999998,29.139999,28.52,28.65,26.203548,1698942.0,acs
2021-01-14,28.65,29.469998999999998,28.41,29.25,26.752315999999997,774985.0,acs
2021-01-15,29.049999,29.48,28.620001000000002,28.91,26.441349,1880732.0,acs
2021-01-18,28.77,29.040001,28.49,29.040001,26.560249,592480.0,acs
2021-01-19,29.209999,29.280001000000002,28.709999,28.950001,26.477934,661235.0,acs
2021-01-20,29.01,29.24,28.82,28.860001,26.395618,525332.0,acs
2021-01-21,28.84,29.08,27.620001000000002,27.629998999999998,25.270649,1037063.0,acs
2021-01-22,27.110001,27.110001,26.6,27.0,25.105141,1066430.0,acs
2021-01-25,27.120001000000002,27.190001000000002,26.15,26.469998999999998,24.612337,865686.0,acs
2021-01-26,26.0,26.76,26.0,26.25,24.407776000000002,496581.0,acs
2021-01-27,26.1,26.290001,25.129998999999998,25.469998999999998,23.682516,1198528.0,acs
2021-01-28,25.129998999999998,26.43,25.1,26.26,24.417076,573606.0,acs
2021-01-29,25.799999,26.110001,25.49,25.719998999999998,23.91497,824280.0,acs
2021-02-01,26.0,26.209999,25.82,26.209999,24.370583,519666.0,acs
2021-02-02,26.32,26.93,26.290001,26.719998999999998,24.844791,521702.0,acs
2021-02-03,27.040001,27.24,26.389999,26.43,24.575144,587641.0,acs
2021-02-04,26.459999,26.709999,26.280001000000002,26.4,24.547249,470504.0,acs
2021-02-05,26.450001,27.200001,26.440001000000002,26.459999,24.603037,918871.0,acs
2021-02-08,26.6,26.91,26.200001,26.459999,24.603037,453476.0,acs
2021-02-09,26.52,26.559998999999998,25.639999,25.83,24.017252,829113.0,acs
2021-02-10,25.299999,25.299999,24.24,24.98,23.226904,1785373.0,acs
2021-02-11,25.059998999999998,25.68,24.98,25.58,23.784798000000002,692303.0,acs
2021-02-12,25.469998999999998,25.6,24.98,25.6,23.803394,546885.0,acs
2021-02-15,25.809998999999998,26.219998999999998,25.610001,26.15,24.314795,2104412.0,acs
2021-02-16,26.23,26.23,25.51,25.639999,23.840584,468224.0,acs
2021-02-17,25.530001000000002,25.549999,25.110001,25.25,23.477954999999998,621893.0,acs
2021-02-18,25.129998999999998,25.440001000000002,24.91,24.969998999999998,23.217606,2126636.0,acs
2021-02-19,24.969998999999998,25.309998999999998,24.84,25.219998999999998,23.450062,755659.0,acs
2021-02-22,25.049999,25.440001000000002,24.780001000000002,25.42,23.636026,1968602.0,acs
2021-02-23,25.42,26.1,25.23,26.1,24.268304999999998,902905.0,acs
2021-02-24,26.07,26.33,25.74,25.84,24.02655,674888.0,acs
2021-02-25,26.0,26.16,25.58,25.700001,23.896376,662639.0,acs
2021-02-26,25.200001,25.35,24.719998999999998,25.34,23.56164,3642290.0,acs
2021-03-01,25.59,26.629998999999998,25.57,26.459999,24.603037,991371.0,acs
2021-03-02,26.6,26.92,26.4,26.450001,24.59374,576980.0,acs
2021-03-03,26.52,26.610001,25.65,25.82,24.007954,969823.0,acs
2021-03-04,25.610001,26.379998999999998,25.559998999999998,26.379998999999998,24.528651999999997,653646.0,acs
2021-03-05,26.129998999999998,26.52,26.030001000000002,26.09,24.259005,626608.0,acs
2021-03-08,26.52,26.68,26.030001000000002,26.459999,24.603037,622778.0,acs
2021-03-09,26.6,27.26,26.51,27.049999,25.151629999999997,946307.0,acs
2021-03-10,26.9,27.370001000000002,26.780001000000002,27.25,25.337597,630374.0,acs
2021-03-11,27.120001000000002,27.26,26.66,26.82,24.937773,647466.0,acs
2021-03-12,26.790001,27.16,26.75,27.040001,25.142336,688536.0,acs
2021-03-15,27.18,28.1,27.17,27.59,25.653734,1197753.0,acs
2021-03-16,27.780001000000002,27.969998999999998,27.389999,27.719998999999998,25.774611,619903.0,acs
2021-03-17,27.709999,27.73,27.16,27.34,25.42128,661353.0,acs
2021-03-18,27.540001,27.780001000000002,27.200001,27.75,25.802505,2155799.0,acs
2021-03-19,27.52,27.52,26.9,27.1,25.198124,1054951.0,acs
2021-03-22,27.030001000000002,27.030001000000002,26.280001000000002,26.5,24.64023,1291791.0,acs
2021-03-23,26.41,26.540001,25.84,26.0,24.175322,762991.0,acs
2021-03-24,25.959999,26.379998999999998,25.65,26.290001,24.444969,1576411.0,acs
2021-03-25,26.299999,26.35,25.709999,26.32,24.472862,480188.0,acs
2021-03-26,26.51,26.969998999999998,26.309998999999998,26.67,24.798302,618102.0,acs
2021-03-29,26.75,27.17,26.629998999999998,26.959999,25.067947,462531.0,acs
2021-03-30,27.379998999999998,28.18,27.379998999999998,27.68,25.737419,888509.0,acs
2021-03-31,27.709999,28.42,27.65,28.26,26.276715999999997,1443085.0,acs
2021-04-01,28.41,28.51,27.74,28.219998999999998,26.239521000000003,959446.0,acs
2021-04-06,28.559998999999998,28.59,27.889999,27.92,25.960577,563929.0,acs
2021-04-07,28.02,28.43,27.92,28.02,26.053558,586059.0,acs
2021-04-08,28.25,28.25,27.459999,27.83,25.876892,745032.0,acs
2021-04-09,27.950001,27.98,27.52,27.610001,25.672333,761526.0,acs
2021-04-12,27.799999,27.84,27.469998999999998,27.65,25.709524,398412.0,acs
2021-04-13,27.629998999999998,28.0,27.07,27.559998999999998,25.625841,768924.0,acs
2021-04-14,27.6,27.860001,27.27,27.85,25.895489,446700.0,acs
2021-04-15,27.889999,27.889999,27.57,27.690001000000002,25.746717,429012.0,acs
2021-04-16,27.620001000000002,28.09,27.459999,28.059998999999998,26.09075,1630467.0,acs
2021-04-19,28.09,28.700001,28.049999,28.4,26.406889000000003,711448.0,acs
2021-04-20,28.33,28.33,27.200001,27.219998999999998,25.309701999999998,818817.0,acs
2021-04-21,27.370001000000002,27.6,27.030001000000002,27.08,25.179527,489788.0,acs
2021-04-22,27.200001,27.5,27.040001,27.209999,25.300402,757949.0,acs
2021-04-23,27.07,27.290001,26.83,27.040001,25.142336,908451.0,acs
2021-04-26,26.950001,27.49,26.950001,27.360001,25.439877,1451547.0,acs
2021-04-27,27.299999,27.459999,26.98,27.440001000000002,25.514260999999998,477436.0,acs
2021-04-28,27.5,27.5,27.209999,27.24,25.328298999999998,411567.0,acs
2021-04-29,27.34,27.469998999999998,26.93,27.07,25.170227,862537.0,acs
2021-04-30,27.0,27.67,26.93,27.129998999999998,25.226017000000002,575262.0,acs
2021-05-03,27.0,27.25,26.9,27.1,25.198124,397085.0,acs
2021-05-04,27.139999,28.18,27.139999,27.23,25.318998,567659.0,acs
2021-05-05,27.610001,27.98,27.379998999999998,27.98,26.016363000000002,463781.0,acs
2021-05-06,27.950001,28.32,27.92,28.32,26.332502,475290.0,acs
2021-05-07,28.49,28.57,28.110001,28.370001000000002,26.378994,282427.0,acs
2021-05-10,28.52,28.52,28.219998999999998,28.35,26.360398999999997,388626.0,acs
2021-05-11,28.02,28.09,27.389999,27.530001000000002,25.597946,456517.0,acs
2021-05-12,27.530001000000002,27.690001000000002,27.33,27.66,25.718822,492841.0,acs
2021-05-13,27.290001,27.290001,26.58,26.959999,25.067947,743632.0,acs
2021-05-14,26.6,27.07,26.120001000000002,26.629998999999998,24.761105999999998,1295678.0,acs
2021-05-17,26.799999,27.280001000000002,26.59,26.6,24.733214999999998,446963.0,acs
2021-05-18,26.719998999999998,26.719998999999998,26.32,26.4,24.547249,516307.0,acs
2021-05-19,26.25,26.27,25.52,25.66,23.859182,907652.0,acs
2021-05-20,25.75,25.959999,25.4,25.940001000000002,24.119533999999998,544289.0,acs
2021-05-21,25.98,26.08,25.66,25.870001000000002,24.054445,489286.0,acs
2021-05-24,26.0,26.08,25.84,25.93,24.110232999999997,302540.0,acs
2021-05-25,26.049999,26.09,25.530001000000002,25.530001000000002,23.738308,642314.0,acs
2021-05-26,25.690001000000002,25.799999,25.35,25.35,23.57094,559766.0,acs
2021-05-27,25.34,25.58,25.120001000000002,25.23,23.459357999999998,1748130.0,acs
2021-05-28,25.4,25.700001,25.299999,25.299999,23.524445999999998,550797.0,acs
2021-05-31,25.41,25.860001,25.389999,25.5,23.710410999999997,381008.0,acs
2021-06-01,25.59,25.860001,25.25,25.709999,23.905672,485026.0,acs
2021-06-02,25.75,25.959999,25.530001000000002,25.709999,23.905672,439491.0,acs
2021-06-03,25.709999,25.719998999999998,25.35,25.67,23.868481,460703.0,acs
2021-06-04,25.9,25.9,25.120001000000002,25.139999,23.375675,804360.0,acs
2021-06-07,25.200001,25.42,25.030001000000002,25.24,23.468657999999998,512839.0,acs
2021-06-08,25.32,25.41,25.110001,25.309998999999998,23.533745,588894.0,acs
2021-06-09,25.35,25.49,25.24,25.280001000000002,23.505851999999997,732241.0,acs
2021-06-10,25.379998999999998,25.41,25.0,25.01,23.254801,938607.0,acs
2021-06-11,25.01,25.43,25.01,25.42,23.636026,2645870.0,acs
2021-06-14,25.549999,25.83,25.5,25.57,23.775497,1445997.0,acs
2021-06-15,25.73,25.790001,25.48,25.540001,23.747604,7666398.0,acs
2021-06-16,25.68,25.73,25.200001,25.219998999999998,23.450062,717426.0,acs
2021-06-17,25.200001,25.35,24.700001,24.700001,22.966557,1244818.0,acs
2021-06-18,24.790001,24.790001,24.110001,24.4,22.687609,1821665.0,acs
2021-06-21,24.459999,24.870001000000002,24.190001000000002,24.34,22.631821,926967.0,acs
2021-06-22,23.379998999999998,23.379998999999998,22.860001,22.940001000000002,22.50429,979154.0,acs
2021-06-23,23.0,23.01,22.6,22.6,22.170748,827275.0,acs
2021-06-24,22.879998999999998,22.99,22.620001000000002,22.66,22.229607,963320.0,acs
2021-06-25,22.860001,23.030001000000002,22.68,22.790001,22.35714,1123610.0,acs
2021-06-28,22.799999,23.0,22.32,22.32,21.896065,983642.0,acs
2021-06-29,22.41,22.700001,22.27,22.559998999999998,22.131505999999998,859168.0,acs
2021-06-30,22.58,22.74,22.26,22.59,22.160936,865698.0,acs
2021-07-01,22.75,23.09,22.67,23.02,22.582769,716145.0,acs
2021-07-02,23.1,23.530001000000002,23.040001,23.219998999999998,22.778971,699624.0,acs
2021-07-05,23.26,23.33,22.940001000000002,23.25,22.808401,411946.0,acs
2021-07-06,23.219998999999998,23.370001000000002,22.809998999999998,22.85,22.415998000000002,628335.0,acs
2021-07-07,23.0,23.139999,22.32,22.32,21.896065,1062653.0,acs
2021-07-08,22.25,22.299999,21.530001000000002,21.67,21.258411,1068147.0,acs
2021-07-09,21.82,22.23,21.719998999999998,22.120001000000002,21.699865,621059.0,acs
2021-07-12,22.26,22.49,21.92,22.440001000000002,22.013786,500291.0,acs
2021-07-13,22.5,22.52,22.200001,22.26,21.837206,706039.0,acs
2021-07-14,22.17,22.34,21.950001,22.120001000000002,21.699865,496184.0,acs
2021-07-15,22.02,22.02,21.459999,21.58,21.17012,569541.0,acs
2021-07-16,21.700001,21.93,21.24,21.51,21.10145,616336.0,acs
2021-07-19,21.379998999999998,21.379998999999998,20.549999,20.809998999999998,20.414745,953920.0,acs
2021-07-20,21.299999,21.34,20.620001000000002,20.9,20.503035,548479.0,acs
2021-07-21,21.09,21.85,21.0,21.67,21.258411,747621.0,acs
2021-07-22,21.84,22.27,21.83,21.860001,21.444803,672400.0,acs
2021-07-23,22.0,22.26,21.889999,22.02,21.601763000000002,914852.0,acs
2021-07-26,21.950001,22.23,21.82,22.15,21.729294,1001273.0,acs
2021-07-27,22.07,22.23,21.65,22.07,21.650814,1166745.0,acs
2021-07-28,22.18,22.940001000000002,22.059998999999998,22.620001000000002,22.190369,1020482.0,acs
2021-07-29,22.719998999999998,22.99,22.34,22.52,22.092266,1217849.0,acs
2021-07-30,22.389999,22.52,22.040001,22.16,21.739103,979457.0,acs
2021-08-02,22.5,22.860001,22.370001000000002,22.59,22.160936,555817.0,acs
2021-08-03,22.66,22.700001,22.4,22.559998999999998,22.131505999999998,396081.0,acs
2021-08-04,22.799999,22.799999,22.41,22.5,22.072647,300533.0,acs
2021-08-05,22.49,22.870001000000002,22.35,22.860001,22.425810000000002,434162.0,acs
2021-08-06,22.92,22.92,22.48,22.83,22.396378,453947.0,acs
2021-08-09,22.860001,22.93,22.65,22.700001,22.268848000000002,349859.0,acs
2021-08-10,22.690001000000002,22.85,22.559998999999998,22.76,22.327707,381112.0,acs
2021-08-11,22.9,23.190001000000002,22.870001000000002,23.129998999999998,22.69068,384967.0,acs
2021-08-12,23.129998999999998,23.4,23.129998999999998,23.24,22.798592000000003,336067.0,acs
2021-08-13,23.389999,23.6,23.33,23.48,23.034032999999997,333745.0,acs
2021-08-16,23.27,23.379998999999998,22.85,23.040001,22.60239,499706.0,acs
2021-08-17,22.85,23.08,22.700001,22.959999,22.523909,493476.0,acs
2021-08-18,22.940001000000002,23.34,22.9,23.219998999999998,22.778971,373033.0,acs
2021-08-19,22.780001000000002,23.059998999999998,22.4,22.75,22.317898,691401.0,acs
2021-08-20,22.719998999999998,22.790001,22.52,22.67,22.239418,463420.0,acs
2021-08-23,22.700001,23.049999,22.700001,22.809998999999998,22.376759,379789.0,acs
2021-08-24,23.0,23.059998999999998,22.799999,22.950001,22.514098999999998,361936.0,acs
2021-08-25,23.030001000000002,23.120001000000002,22.9,23.0,22.56315,473102.0,acs
2021-08-26,22.9,23.18,22.85,23.0,22.56315,1181974.0,acs
2021-08-27,23.049999,23.049999,22.709999,23.030001000000002,22.592581,436108.0,acs
2021-08-30,23.08,23.16,22.85,22.85,22.415998000000002,373260.0,acs
2021-08-31,22.85,23.059998999999998,22.700001,22.860001,22.425810000000002,898309.0,acs
2021-09-01,22.98,23.66,22.98,23.51,23.063463,528055.0,acs
2021-09-02,23.450001,23.639999,23.4,23.459999,23.014412,459257.0,acs
2021-09-03,23.43,23.690001000000002,23.25,23.27,22.828022,547625.0,acs
2021-09-06,23.34,23.5,23.23,23.280001000000002,22.837831,302738.0,acs
2021-09-07,23.32,23.459999,23.23,23.4,22.955551,734864.0,acs
2021-09-08,23.26,23.629998999999998,23.110001,23.35,22.906502,591272.0,acs
2021-09-09,23.24,23.24,22.77,22.91,22.474859,615185.0,acs
2021-09-10,22.91,22.98,22.309998999999998,22.5,22.072647,765590.0,acs
2021-09-13,22.690001000000002,23.530001000000002,22.67,23.4,22.955551,621275.0,acs
2021-09-14,23.49,23.67,23.219998999999998,23.35,22.906502,488629.0,acs
2021-09-15,23.34,23.389999,22.84,22.870001000000002,22.435619,571028.0,acs
2021-09-16,22.93,23.33,22.93,23.129998999999998,22.69068,948977.0,acs
2021-09-17,23.27,23.32,22.799999,22.799999,22.366947,1423559.0,acs
2021-09-20,22.57,22.610001,21.950001,22.52,22.092266,1170359.0,acs
2021-09-21,22.620001000000002,23.1,22.58,22.690001000000002,22.259039,591815.0,acs
2021-09-22,22.870001000000002,23.49,22.870001000000002,23.32,22.877071,573572.0,acs
2021-09-23,23.450001,23.67,23.360001,23.459999,23.014412,450824.0,acs
2021-09-24,23.4,23.610001,23.4,23.440001000000002,22.994792999999998,759519.0,acs
2021-09-27,23.690001000000002,24.27,23.620001000000002,23.959999,23.504915,908774.0,acs
2021-09-28,23.950001,24.32,23.440001000000002,23.49,23.043842,1736664.0,acs
2021-09-29,23.5,23.780001000000002,23.4,23.620001000000002,23.171375,872640.0,acs
2021-09-30,23.879998999999998,23.98,23.360001,23.450001,23.004602,947946.0,acs
2021-10-01,23.1,23.43,22.879998999999998,23.24,22.798592000000003,928350.0,acs
2021-10-04,23.25,23.450001,23.15,23.15,22.7103,873663.0,acs
2021-10-05,23.200001,23.200001,22.57,22.83,22.396378,1153564.0,acs
2021-10-06,22.610001,22.629998999999998,22.08,22.41,21.984356,1042780.0,acs
2021-10-07,22.57,22.889999,22.5,22.73,22.298277,670042.0,acs
2021-10-08,22.709999,22.85,22.620001000000002,22.76,22.327707,596396.0,acs
2021-10-11,22.67,22.799999,22.440001000000002,22.52,22.092266,1187684.0,acs
2021-10-12,22.379998999999998,22.52,22.26,22.450001,22.023595999999998,1828791.0,acs
2021-10-13,22.440001000000002,22.440001000000002,22.219998999999998,22.299999,21.876444,577323.0,acs
2021-10-14,22.52,22.639999,22.219998999999998,22.290001,21.866636,1342269.0,acs
2021-10-15,22.5,22.77,22.389999,22.73,22.298277,1016805.0,acs
2021-10-18,22.73,22.790001,22.34,22.41,21.984356,689126.0,acs
2021-10-19,22.469998999999998,22.68,22.4,22.6,22.170748,554430.0,acs
2021-10-20,22.58,23.01,22.52,23.0,22.56315,1202422.0,acs
2021-10-21,22.91,23.290001,22.76,23.049999,22.6122,948264.0,acs
2021-10-22,23.18,23.309998999999998,22.940001000000002,23.059998999999998,22.622009,663622.0,acs
2021-10-25,22.99,23.0,22.549999,22.799999,22.366947,845558.0,acs
2021-10-26,23.030001000000002,23.18,22.879998999999998,22.99,22.553339,1050332.0,acs
2021-10-27,23.030001000000002,23.24,22.66,22.700001,22.268848000000002,655817.0,acs
2021-10-28,22.67,22.76,22.35,22.629998999999998,22.200176000000003,2099583.0,acs
2021-10-29,22.73,22.75,22.51,22.629998999999998,22.200176000000003,605251.0,acs
2021-11-01,22.85,23.200001,22.799999,23.02,22.582769,561232.0,acs
2021-11-02,23.0,23.030001000000002,22.719998999999998,22.719998999999998,22.288467,576043.0,acs
2021-11-03,22.700001,22.83,22.35,22.49,22.062835999999997,664753.0,acs
2021-11-04,22.67,22.91,22.26,22.26,21.837206,2472807.0,acs
2021-11-05,22.219998999999998,23.35,22.15,23.309998999999998,22.867262,1094273.0,acs
2021-11-08,23.27,23.370001000000002,22.950001,23.120001000000002,22.680872,811873.0,acs
2021-11-09,23.139999,23.459999,23.139999,23.209999,22.769159,567543.0,acs
2021-11-10,23.200001,23.549999,23.200001,23.360001,22.916313,561707.0,acs
2021-11-11,23.33,23.6,23.030001000000002,23.07,22.631821,1173669.0,acs
2021-11-12,23.610001,23.610001,22.75,23.18,22.739731,555622.0,acs
2021-11-15,23.110001,23.540001,23.049999,23.459999,23.014412,682746.0,acs
2021-11-16,23.440001000000002,23.51,23.120001000000002,23.120001000000002,22.680872,575175.0,acs
2021-11-17,23.1,23.190001000000002,22.780001000000002,22.85,22.415998000000002,1614302.0,acs
2021-11-18,22.9,22.9,22.4,22.450001,22.023595999999998,652191.0,acs
2021-11-19,22.51,22.59,21.67,21.73,21.31727,1282781.0,acs
2021-11-22,21.870001000000002,22.059998999999998,21.389999,21.879998999999998,21.464422,1000224.0,acs
2021-11-23,21.700001,22.379998999999998,21.51,22.27,21.847015,707160.0,acs
2021-11-24,22.32,22.459999,22.09,22.309998999999998,21.886255,619059.0,acs
2021-11-25,22.299999,22.48,22.08,22.4,21.974545000000003,628941.0,acs
2021-11-26,21.790001,21.790001,20.98,21.02,20.620758,1656529.0,acs
2021-11-29,21.24,21.59,21.030001000000002,21.540001,21.130879999999998,1099422.0,acs
2021-11-30,21.299999,21.58,21.02,21.209999,20.807148,1649299.0,acs
2021-12-01,21.34,21.959999,21.290001,21.65,21.238791,799335.0,acs
2021-12-02,21.27,21.57,21.139999,21.49,21.081829,642759.0,acs
2021-12-03,21.639999,21.790001,21.26,21.35,20.944489,856684.0,acs
2021-12-06,21.549999,21.950001,21.360001,21.83,21.415371,495964.0,acs
2021-12-07,22.139999,22.34,22.02,22.02,21.601763000000002,867941.0,acs
2021-12-08,21.950001,22.049999,21.41,21.709999,21.297649,1623438.0,acs
2021-12-09,21.719998999999998,21.77,21.360001,21.41,21.003349,629484.0,acs
2021-12-10,21.35,21.6,21.299999,21.440001000000002,21.03278,494038.0,acs
2021-12-13,21.49,21.67,21.16,21.17,20.767908,651799.0,acs
2021-12-14,21.24,21.4,21.200001,21.299999,20.895437,610983.0,acs
2021-12-15,21.26,21.370001000000002,21.08,21.129998999999998,20.728666,576698.0,acs
2021-12-16,21.43,21.700001,21.4,21.610001,21.199551,641985.0,acs
2021-12-17,21.43,21.879998999999998,21.4,21.75,21.336891,1196602.0,acs
2021-12-20,21.08,21.639999,20.58,21.559998999999998,21.150499,1476897.0,acs
2021-12-21,21.83,22.209999,21.77,22.129998999999998,21.709673000000002,637478.0,acs
2021-12-22,22.07,22.6,22.030001000000002,22.469998999999998,22.043215,763322.0,acs
2021-12-23,22.6,23.049999,22.6,22.99,22.553339,623202.0,acs
2021-12-27,22.83,23.190001000000002,22.82,23.110001,22.671060999999998,532447.0,acs
2021-12-28,23.110001,23.370001000000002,23.1,23.18,22.739731,414957.0,acs
2021-12-29,23.219998999999998,23.389999,23.129998999999998,23.32,22.877071,498165.0,acs
2021-12-30,23.219998999999998,23.58,23.219998999999998,23.57,23.122322,639412.0,acs
2022-01-03,23.6,23.82,23.469998999999998,23.639999,23.190992,1613865.0,acs
2022-01-04,23.879998999999998,24.09,23.809998999999998,23.83,23.377384,884048.0,acs
2022-01-05,23.83,23.99,23.75,23.870001000000002,23.416626,679638.0,acs
2022-01-06,23.5,23.98,23.309998999999998,23.84,23.387196,868241.0,acs
2022-01-07,23.889999,23.889999,23.52,23.73,23.279284,6183795.0,acs
2022-01-10,23.860001,24.59,23.83,24.18,23.720737,3315081.0,acs
2022-01-11,24.370001000000002,24.719998999999998,24.26,24.719998999999998,24.250481,952303.0,acs
2022-01-12,24.870001000000002,24.93,24.530001000000002,24.82,24.348581,966177.0,acs
2022-01-13,24.870001000000002,24.870001000000002,24.639999,24.639999,24.171999,1023277.0,acs
2022-01-14,24.18,24.18,23.84,23.99,23.99,874569.0,acs
2022-01-17,24.18,24.23,23.99,24.07,24.07,554681.0,acs
2022-01-18,23.91,23.98,23.620001000000002,23.700001,23.700001,833082.0,acs
2022-01-19,23.52,23.540001,22.42,22.84,22.84,1916601.0,acs
2022-01-20,22.84,23.280001000000002,22.84,23.07,23.07,787546.0,acs
2022-01-21,22.799999,23.110001,22.690001000000002,23.110001,23.110001,1033582.0,acs
2022-01-24,22.969998999999998,23.049999,22.18,22.48,22.48,1335416.0,acs
2022-01-25,22.74,22.799999,22.26,22.49,22.49,909504.0,acs
2022-01-26,22.639999,23.17,22.610001,22.84,22.84,637904.0,acs
2022-01-27,22.540001,22.950001,22.43,22.73,22.73,1820668.0,acs
2022-01-28,22.65,22.719998999999998,22.09,22.25,22.25,974587.0,acs
2022-01-31,22.530001000000002,22.559998999999998,22.209999,22.290001,22.290001,789057.0,acs
2022-02-01,22.450001,22.629998999999998,22.35,22.549999,22.549999,3878812.0,acs
2022-02-02,22.610001,22.690001000000002,22.42,22.42,22.42,833296.0,acs
2022-02-03,22.57,22.93,22.42,22.75,22.75,4014078.0,acs
2022-02-04,22.950001,22.98,22.27,22.41,22.41,668295.0,acs
2022-02-07,22.59,22.65,22.059998999999998,22.059998999999998,22.059998999999998,1207490.0,acs
2022-02-08,22.1,22.43,22.07,22.27,22.27,1599639.0,acs
2022-02-09,22.469998999999998,22.889999,22.41,22.85,22.85,696915.0,acs
2022-02-10,22.82,23.030001000000002,22.52,22.709999,22.709999,1013878.0,acs
2022-02-11,22.5,22.620001000000002,22.32,22.6,22.6,697011.0,acs
2022-02-14,22.049999,22.139999,21.540001,21.959999,21.959999,1244580.0,acs
2022-02-15,21.799999,22.34,21.74,22.290001,22.290001,697215.0,acs
2022-02-16,22.43,22.709999,22.35,22.530001000000002,22.530001000000002,569966.0,acs
2022-02-17,22.620001000000002,22.77,22.33,22.43,22.43,612576.0,acs
2022-02-18,22.42,22.76,22.190001000000002,22.32,22.32,857503.0,acs
2022-02-21,22.41,22.58,21.879998999999998,21.950001,21.950001,721196.0,acs
2022-02-22,21.34,21.969998999999998,21.030001000000002,21.75,21.75,1213519.0,acs
2022-02-23,21.799999,22.370001000000002,21.59,22.02,22.02,1077672.0,acs
2022-02-24,20.860001,21.67,20.65,21.15,21.15,2035238.0,acs
2022-02-25,21.799999,22.1,20.84,21.84,21.84,1524440.0,acs
2022-02-28,21.290001,21.82,21.1,21.82,21.82,2573321.0,acs
2022-03-01,21.73,22.09,21.379998999999998,21.48,21.48,1288654.0,acs
2022-03-02,21.32,22.540001,21.15,22.370001000000002,22.370001000000002,1625083.0,acs
2022-03-03,22.32,22.57,21.799999,22.0,22.0,1268599.0,acs
2022-03-04,21.780001000000002,21.870001000000002,21.24,21.27,21.27,1517540.0,acs
2022-03-07,20.76,21.18,19.844998999999998,20.799999,20.799999,1711831.0,acs
2022-03-08,20.709999,22.129998999999998,20.5,21.709999,21.709999,1358958.0,acs
2022-03-09,22.35,22.99,22.190001000000002,22.709999,22.709999,1423545.0,acs
2022-03-10,22.709999,23.040001,22.48,22.75,22.75,919053.0,acs
2022-03-11,22.870001000000002,23.719998999999998,22.860001,23.34,23.34,1164930.0,acs
2022-03-14,23.68,24.07,23.610001,23.91,23.91,1381681.0,acs
2022-03-15,23.700001,24.190001000000002,23.540001,23.98,23.98,1155179.0,acs
2022-03-16,24.299999,24.67,24.200001,24.4,24.4,1468489.0,acs
2022-03-17,24.52,24.700001,24.32,24.639999,24.639999,986521.0,acs
2022-03-18,24.74,24.75,24.1,24.1,24.1,5609074.0,acs
2022-03-21,24.0,24.379998999999998,23.889999,24.139999,24.139999,1166578.0,acs
2022-03-22,24.35,24.67,24.209999,24.67,24.67,676839.0,acs
2022-03-23,24.59,24.93,24.379998999999998,24.379998999999998,24.379998999999998,659141.0,acs
2022-03-24,24.48,24.790001,24.459999,24.58,24.58,610102.0,acs
2022-03-25,24.790001,24.790001,24.459999,24.620001000000002,24.620001000000002,434029.0,acs
2022-03-28,24.690001000000002,24.99,24.629998999999998,24.700001,24.700001,606071.0,acs
2022-03-29,24.93,25.1,24.75,24.93,24.93,879936.0,acs
2022-03-30,24.75,25.09,24.540001,24.690001000000002,24.690001000000002,715290.0,acs
2022-03-31,24.780001000000002,24.91,24.389999,24.5,24.5,740556.0,acs
2022-04-01,24.5,24.790001,24.32,24.59,24.59,473609.0,acs
2022-04-04,24.719998999999998,24.77,24.139999,24.24,24.24,755995.0,acs
2022-04-05,24.379998999999998,24.48,24.07,24.389999,24.389999,879265.0,acs
2022-04-06,24.34,24.540001,23.379998999999998,23.459999,23.459999,1251560.0,acs
2022-04-07,23.41,24.07,23.41,23.549999,23.549999,949227.0,acs
2022-04-08,23.84,24.139999,23.73,24.07,24.07,702632.0,acs
2022-04-11,24.07,24.540001,24.049999,24.49,24.49,652597.0,acs
2022-04-12,24.190001000000002,24.690001000000002,24.049999,24.58,24.58,525057.0,acs
2022-04-13,24.530001000000002,24.950001,24.49,24.780001000000002,24.780001000000002,546944.0,acs
2022-04-14,24.940001000000002,25.1,24.719998999999998,24.91,24.91,536378.0,acs
2022-04-19,24.85,24.969998999999998,24.709999,24.74,24.74,617437.0,acs
2022-04-20,24.860001,24.99,24.74,24.92,24.92,483362.0,acs
2022-04-21,24.959999,25.15,24.860001,24.969998999999998,24.969998999999998,1080560.0,acs
2022-04-22,24.700001,24.92,24.559998999999998,24.559998999999998,24.559998999999998,2428277.0,acs
2022-04-25,24.190001000000002,24.57,24.08,24.360001,24.360001,622804.0,acs
2022-04-26,24.530001000000002,25.09,24.530001000000002,24.639999,24.639999,829617.0,acs
