2017-04-27,8.0,8.14,7.97,8.04,6.545254,8164800,bbva
2017-04-28,8.06,8.06,7.99,8.0,6.51269,6686700,bbva
2017-05-01,8.07,8.08,8.02,8.06,6.561536,2958100,bbva
2017-05-02,8.12,8.14,8.09,8.14,6.626663000000001,2846700,bbva
2017-05-03,8.18,8.26,8.17,8.23,6.69993,8137600,bbva
2017-05-04,8.36,8.44,8.35,8.44,6.8708860000000005,4095100,bbva
2017-05-05,8.57,8.7,8.55,8.7,7.08255,3932700,bbva
2017-05-08,8.49,8.54,8.47,8.47,6.895311,3816500,bbva
2017-05-09,8.41,8.43,8.25,8.28,6.740634,4767100,bbva
2017-05-10,8.18,8.25,8.18,8.24,6.708069999999999,2744800,bbva
2017-05-11,8.11,8.12,8.04,8.07,6.569675999999999,2992500,bbva
2017-05-12,8.04,8.12,8.02,8.1,6.594099000000001,2054500,bbva
2017-05-15,8.15,8.19,8.15,8.17,6.651084,1748700,bbva
2017-05-16,8.3,8.31,8.24,8.29,6.748775,2823300,bbva
2017-05-17,8.11,8.19,8.06,8.07,6.569675999999999,3640100,bbva
2017-05-18,8.04,8.16,8.02,8.08,6.577816,4878600,bbva
2017-05-19,8.24,8.36,8.23,8.31,6.7650570000000005,2612600,bbva
2017-05-22,8.27,8.31,8.22,8.24,6.708069999999999,1813900,bbva
2017-05-23,8.42,8.44,8.35,8.41,6.846466,2831900,bbva
2017-05-24,8.41,8.44,8.34,8.39,6.830184,2280100,bbva
2017-05-25,8.41,8.43,8.37,8.42,6.854607000000001,11301300,bbva
2017-05-26,8.27,8.37,8.27,8.36,6.80576,7390700,bbva
2017-05-30,8.31,8.32,8.19,8.25,6.716212,6380700,bbva
2017-05-31,8.33,8.34,8.17,8.22,6.691789,2887900,bbva
2017-06-01,8.07,8.19,8.05,8.16,6.642942999999999,2520800,bbva
2017-06-02,8.19,8.25,8.16,8.19,6.667367,4260500,bbva
2017-06-05,8.17,8.23,8.16,8.2,6.6755070000000005,1950900,bbva
2017-06-06,8.13,8.15,8.06,8.09,6.585958,2750400,bbva
2017-06-07,8.31,8.36,8.24,8.29,6.748775,4430000,bbva
2017-06-08,8.25,8.4,8.25,8.38,6.822042999999999,3209800,bbva
2017-06-09,8.33,8.39,8.26,8.33,6.781338000000001,3843300,bbva
2017-06-12,8.31,8.32,8.23,8.23,6.69993,4188700,bbva
2017-06-13,8.36,8.4,8.31,8.38,6.822042999999999,3447300,bbva
2017-06-14,8.31,8.34,8.21,8.25,6.716212,3332400,bbva
2017-06-15,8.08,8.17,8.05,8.15,6.634803,3158600,bbva
2017-06-16,8.15,8.23,8.12,8.22,6.691789,4001900,bbva
2017-06-19,8.34,8.36,8.29,8.31,6.7650570000000005,2173500,bbva
2017-06-20,8.26,8.26,8.16,8.17,6.651084,2383900,bbva
2017-06-21,8.16,8.21,8.15,8.15,6.634803,2442900,bbva
2017-06-22,8.13,8.19,8.09,8.13,6.6185220000000005,2364500,bbva
2017-06-23,8.14,8.16,8.09,8.11,6.602239,2063000,bbva
2017-06-26,8.26,8.3,8.19,8.21,6.683648,2074700,bbva
2017-06-27,8.36,8.39,8.31,8.38,6.822042999999999,2840500,bbva
2017-06-28,8.41,8.55,8.4,8.54,6.952297,2739300,bbva
2017-06-29,8.65,8.65,8.42,8.51,6.927875,6676200,bbva
2017-06-30,8.46,8.48,8.29,8.36,6.80576,4536800,bbva
2017-07-03,8.48,8.55,8.45,8.52,6.936014999999999,1977900,bbva
2017-07-05,8.56,8.57,8.47,8.55,6.960438000000001,3816100,bbva
2017-07-06,8.52,8.65,8.51,8.6,7.001142999999999,4748800,bbva
2017-07-07,8.58,8.65,8.54,8.63,7.025564,2273200,bbva
2017-07-10,8.55,8.64,8.53,8.61,7.009282000000001,2448700,bbva
2017-07-11,8.62,8.69,8.58,8.69,7.074408999999999,2268000,bbva
2017-07-12,8.61,8.65,8.59,8.65,7.0418449999999995,2652000,bbva
2017-07-13,8.75,8.8,8.73,8.79,7.155819,2525400,bbva
2017-07-14,8.8,8.88,8.76,8.85,7.204664,3108000,bbva
2017-07-17,8.76,8.78,8.72,8.76,7.1313960000000005,2323800,bbva
2017-07-18,8.7,8.73,8.65,8.7,7.08255,2512300,bbva
2017-07-19,8.63,8.7,8.62,8.67,7.058128,3086300,bbva
2017-07-20,8.73,8.79,8.72,8.75,7.123255,3304700,bbva
2017-07-21,8.65,8.69,8.61,8.68,7.066269,2310700,bbva
2017-07-24,8.74,8.83,8.74,8.82,7.1802399999999995,4224000,bbva
2017-07-25,9.01,9.04,8.94,8.96,7.294213,2426600,bbva
2017-07-26,8.95,8.98,8.89,8.92,7.261649,2973700,bbva
2017-07-27,8.99,9.09,8.94,9.02,7.343058999999999,5734300,bbva
2017-07-28,9.01,9.08,8.97,9.07,7.383762,2782600,bbva
2017-07-31,9.04,9.09,9.0,9.08,7.391902,4327300,bbva
2017-08-01,9.21,9.24,9.18,9.21,7.4977339999999995,3174300,bbva
2017-08-02,9.18,9.22,9.13,9.19,7.481453,2552800,bbva
2017-08-03,9.22,9.3,9.21,9.25,7.530297999999999,3030000,bbva
2017-08-04,9.3,9.31,9.22,9.24,7.522157000000001,2192900,bbva
2017-08-07,9.28,9.3,9.25,9.27,7.5465800000000005,1842600,bbva
2017-08-08,9.34,9.35,9.23,9.24,7.522157000000001,2202100,bbva
2017-08-09,9.03,9.11,9.01,9.1,7.4081850000000005,3817900,bbva
2017-08-10,8.96,8.97,8.83,8.83,7.188381,5768200,bbva
2017-08-11,8.84,8.86,8.74,8.79,7.155819,5705200,bbva
2017-08-14,8.92,8.98,8.92,8.94,7.277931,3765200,bbva
2017-08-15,8.95,9.0,8.88,8.99,7.3186350000000004,2486000,bbva
2017-08-16,8.97,9.04,8.96,8.97,7.302353,2443800,bbva
2017-08-17,8.8,8.86,8.71,8.71,7.090692,4759100,bbva
2017-08-18,8.7,8.84,8.69,8.78,7.147676,2871200,bbva
2017-08-21,8.79,8.81,8.74,8.77,7.139537,1618500,bbva
2017-08-22,8.78,8.91,8.78,8.89,7.237226,2643800,bbva
2017-08-23,8.78,8.81,8.74,8.78,7.147676,2135900,bbva
2017-08-24,8.89,8.89,8.83,8.86,7.212803999999999,2667700,bbva
2017-08-25,8.9,8.95,8.87,8.9,7.245367,1817200,bbva
2017-08-28,8.93,8.94,8.89,8.9,7.245367,1684300,bbva
2017-08-29,8.81,8.87,8.79,8.85,7.204664,1668000,bbva
2017-08-30,8.82,8.83,8.76,8.77,7.139537,1262300,bbva
2017-08-31,8.86,8.88,8.82,8.84,7.196522,2119000,bbva
2017-09-01,8.86,8.89,8.82,8.87,7.220944,1899100,bbva
2017-09-05,8.68,8.69,8.56,8.59,6.993001,3660400,bbva
2017-09-06,8.64,8.72,8.63,8.68,7.066269,2304800,bbva
2017-09-07,8.74,8.76,8.64,8.67,7.058128,4094200,bbva
2017-09-08,8.68,8.72,8.63,8.63,7.025564,3253500,bbva
2017-09-11,8.76,8.88,8.76,8.85,7.204664,1965100,bbva
2017-09-12,8.86,8.91,8.84,8.91,7.253507000000001,4226400,bbva
2017-09-13,8.9,8.93,8.82,8.84,7.196522,2690700,bbva
2017-09-14,8.82,8.86,8.81,8.85,7.204664,4250600,bbva
2017-09-15,8.8,8.83,8.77,8.79,7.155819,5154900,bbva
2017-09-18,8.87,8.9,8.84,8.85,7.204664,5352000,bbva
2017-09-19,8.91,8.97,8.9,8.96,7.294213,3307800,bbva
2017-09-20,8.85,8.91,8.81,8.89,7.237226,3708100,bbva
2017-09-21,8.97,8.99,8.93,8.97,7.302353,1548900,bbva
2017-09-22,8.98,9.01,8.97,8.99,7.3186350000000004,1289700,bbva
2017-09-25,8.8,8.81,8.67,8.71,7.090692,9675400,bbva
2017-09-26,8.71,8.72,8.64,8.66,7.049987,1830000,bbva
2017-09-27,8.85,8.86,8.81,8.83,7.188381,2438500,bbva
2017-09-28,8.81,8.83,8.76,8.81,7.172101,2004200,bbva
2017-09-29,8.85,8.94,8.85,8.92,7.261649,2378500,bbva
2017-10-02,8.63,8.69,8.61,8.68,7.066269,2499300,bbva
2017-10-03,8.68,8.76,8.66,8.76,7.1313960000000005,1946200,bbva
2017-10-04,8.5,8.51,8.42,8.44,6.8708860000000005,3076500,bbva
2017-10-05,8.44,8.69,8.43,8.51,7.0159899999999995,3688500,bbva
2017-10-06,8.57,8.61,8.52,8.54,7.040722,2805500,bbva
2017-10-09,8.55,8.56,8.43,8.46,6.974767,2724400,bbva
2017-10-10,8.44,8.73,8.43,8.73,7.197366000000001,7511600,bbva
2017-10-11,8.69,8.74,8.68,8.73,7.197366000000001,1477300,bbva
2017-10-12,8.69,8.73,8.66,8.69,7.164388000000001,1698900,bbva
2017-10-13,8.7,8.73,8.67,8.68,7.1561449999999995,1478400,bbva
2017-10-16,8.54,8.55,8.47,8.51,7.0159899999999995,1499600,bbva
2017-10-17,8.53,8.57,8.48,8.5,7.007745,1340400,bbva
2017-10-18,8.52,8.58,8.52,8.57,7.065456,2037900,bbva
2017-10-19,8.54,8.57,8.51,8.53,7.032478,2747700,bbva
2017-10-20,8.69,8.71,8.56,8.57,7.065456,4931300,bbva
2017-10-23,8.47,8.49,8.39,8.41,6.933545,3347200,bbva
2017-10-24,8.5,8.58,8.49,8.54,7.040722,2757000,bbva
2017-10-25,8.6,8.62,8.53,8.57,7.065456,3414500,bbva
2017-10-26,8.76,8.79,8.58,8.6,7.09019,5273200,bbva
2017-10-27,8.29,8.35,8.23,8.32,6.859344999999999,4632900,bbva
2017-10-30,8.58,8.64,8.55,8.61,7.098433,2986800,bbva
2017-10-31,8.72,8.77,8.71,8.74,7.205610000000001,2204900,bbva
2017-11-01,8.68,8.71,8.64,8.69,7.164388000000001,3151100,bbva
2017-11-02,8.65,8.72,8.62,8.71,7.180877000000001,2094800,bbva
2017-11-03,8.5,8.52,8.45,8.51,7.0159899999999995,1923600,bbva
2017-11-06,8.39,8.48,8.39,8.47,6.9830119999999996,2203100,bbva
2017-11-07,8.45,8.45,8.31,8.32,6.859344999999999,2255800,bbva
2017-11-08,8.32,8.39,8.3,8.36,6.892322999999999,1866900,bbva
2017-11-09,8.39,8.42,8.28,8.35,6.88408,2369000,bbva
2017-11-10,8.38,8.42,8.32,8.33,6.867589,1767700,bbva
2017-11-13,8.26,8.35,8.26,8.33,6.867589,1937300,bbva
2017-11-14,8.35,8.37,8.31,8.35,6.88408,1851000,bbva
2017-11-15,8.37,8.52,8.36,8.46,6.974767,2765600,bbva
2017-11-16,8.56,8.57,8.51,8.54,7.040722,1505500,bbva
2017-11-17,8.48,8.53,8.47,8.53,7.032478,2966100,bbva
2017-11-20,8.39,8.39,8.33,8.36,6.892322999999999,1740700,bbva
2017-11-21,8.27,8.3,8.25,8.26,6.809879,1987700,bbva
2017-11-22,8.39,8.4,8.31,8.36,6.892322999999999,1690100,bbva
2017-11-24,8.5,8.52,8.49,8.52,7.024235000000001,848800,bbva
2017-11-27,8.47,8.53,8.44,8.45,6.966523,1191300,bbva
2017-11-28,8.46,8.56,8.42,8.54,7.040722,1812300,bbva
2017-11-29,8.6,8.68,8.59,8.63,7.114922999999999,2061500,bbva
2017-11-30,8.66,8.67,8.55,8.56,7.057212,2753600,bbva
2017-12-01,8.5,8.52,8.41,8.49,6.9995009999999995,2900500,bbva
2017-12-04,8.52,8.52,8.45,8.49,6.9995009999999995,1582800,bbva
2017-12-05,8.52,8.56,8.45,8.46,6.974767,1585200,bbva
2017-12-06,8.36,8.39,8.32,8.34,6.875833999999999,2298000,bbva
2017-12-07,8.39,8.48,8.39,8.45,6.966523,1897300,bbva
2017-12-08,8.57,8.58,8.48,8.49,6.9995009999999995,1627800,bbva
2017-12-11,8.53,8.55,8.51,8.53,7.032478,1400100,bbva
2017-12-12,8.45,8.5,8.4,8.47,6.9830119999999996,12995900,bbva
2017-12-13,8.48,8.49,8.43,8.44,6.958277000000001,2145100,bbva
2017-12-14,8.46,8.49,8.36,8.37,6.900567,1820400,bbva
2017-12-15,8.43,8.43,8.36,8.37,6.900567,2287200,bbva
2017-12-18,8.5,8.57,8.5,8.52,7.024235000000001,1774700,bbva
2017-12-19,8.6,8.62,8.56,8.59,7.081944,1653900,bbva
2017-12-20,8.59,8.65,8.58,8.59,7.081944,1981600,bbva
2017-12-21,8.62,8.75,8.62,8.66,7.139656,2682400,bbva
2017-12-22,8.59,8.63,8.55,8.6,7.09019,1706100,bbva
2017-12-26,8.6,8.64,8.58,8.6,7.09019,971200,bbva
2017-12-27,8.55,8.57,8.5,8.53,7.032478,1718900,bbva
2017-12-28,8.52,8.56,8.49,8.52,7.024235000000001,2101200,bbva
2017-12-29,8.51,8.53,8.46,8.5,7.007745,1550700,bbva
2018-01-02,8.52,8.55,8.49,8.54,7.040722,2123100,bbva
2018-01-03,8.49,8.55,8.47,8.54,7.040722,2050600,bbva
2018-01-04,8.68,8.77,8.67,8.68,7.1561449999999995,2735000,bbva
2018-01-05,8.7,8.77,8.66,8.77,7.230345,2072500,bbva
2018-01-08,8.67,8.69,8.65,8.67,7.1479,1878400,bbva
2018-01-09,8.65,8.7,8.61,8.68,7.1561449999999995,2132100,bbva
2018-01-10,8.83,8.84,8.79,8.82,7.271566,2745200,bbva
2018-01-11,8.89,8.92,8.85,8.9,7.337521000000001,2172200,bbva
2018-01-12,9.0,9.11,9.0,9.1,7.50241,2729400,bbva
2018-01-16,9.14,9.16,9.12,9.15,7.5436309999999995,3769400,bbva
2018-01-17,9.06,9.13,8.98,9.1,7.50241,2353500,bbva
2018-01-18,9.06,9.1,9.0,9.09,7.494166000000001,2560600,bbva
2018-01-19,9.05,9.11,9.01,9.1,7.50241,2239000,bbva
2018-01-22,9.21,9.27,9.17,9.26,7.63432,2290000,bbva
2018-01-23,9.23,9.25,9.19,9.24,7.617831,2015800,bbva
2018-01-24,9.28,9.34,9.25,9.3,7.6672970000000005,2918100,bbva
2018-01-25,9.44,9.52,9.4,9.46,7.799208,3155400,bbva
2018-01-26,9.47,9.54,9.47,9.54,7.865164,1668000,bbva
2018-01-29,9.43,9.51,9.42,9.51,7.840428999999999,2562900,bbva
2018-01-30,9.4,9.43,9.36,9.39,7.741498,2952500,bbva
2018-01-31,9.4,9.43,9.37,9.39,7.741498,3125900,bbva
2018-02-01,9.3,9.37,9.25,9.35,7.70852,3408000,bbva
2018-02-02,9.19,9.2,9.08,9.1,7.50241,3260700,bbva
2018-02-05,9.0,9.08,8.69,8.74,7.205610000000001,10520700,bbva
2018-02-06,8.75,8.97,8.73,8.97,7.395232000000001,6841100,bbva
2018-02-07,8.85,8.94,8.8,8.83,7.2798110000000005,4365500,bbva
2018-02-08,8.84,8.85,8.6,8.61,7.098433,5356600,bbva
2018-02-09,8.62,8.68,8.36,8.61,7.098433,8613100,bbva
2018-02-12,8.67,8.82,8.65,8.75,7.213855000000001,3409400,bbva
2018-02-13,8.65,8.7,8.63,8.67,7.1479,2461800,bbva
2018-02-14,8.55,8.8,8.54,8.8,7.255077,3273600,bbva
2018-02-15,8.81,8.82,8.7,8.79,7.2468330000000005,2222800,bbva
2018-02-16,8.72,8.82,8.72,8.78,7.238588,3096600,bbva
2018-02-20,8.72,8.74,8.61,8.63,7.114922999999999,5261500,bbva
2018-02-21,8.6,8.62,8.51,8.51,7.0159899999999995,9673800,bbva
2018-02-22,8.55,8.6,8.47,8.49,6.9995009999999995,12410400,bbva
2018-02-23,8.5,8.51,8.44,8.48,6.991256,16492100,bbva
2018-02-26,8.5,8.61,8.46,8.6,7.09019,10686800,bbva
2018-02-27,8.53,8.54,8.41,8.42,6.941791,6757900,bbva
2018-02-28,8.43,8.43,8.3,8.32,6.859344999999999,6003800,bbva
2018-03-01,8.27,8.32,8.13,8.21,6.768658,3657600,bbva
2018-03-02,8.18,8.25,8.15,8.25,6.801635000000001,3060800,bbva
2018-03-05,8.11,8.19,8.07,8.18,6.743924000000001,3223100,bbva
2018-03-06,8.28,8.3,8.21,8.26,6.809879,2948900,bbva
2018-03-07,8.19,8.27,8.16,8.26,6.809879,3058500,bbva
2018-03-08,8.26,8.3,8.16,8.21,6.768658,2354800,bbva
2018-03-09,8.2,8.23,8.17,8.2,6.760412,1979900,bbva
2018-03-12,8.19,8.25,8.17,8.23,6.785146000000001,3214300,bbva
2018-03-13,8.28,8.31,8.18,8.2,6.760412,2286300,bbva
2018-03-14,8.21,8.21,8.08,8.12,6.694458,3225400,bbva
2018-03-15,8.02,8.05,8.0,8.01,6.603769000000001,4244600,bbva
2018-03-16,8.14,8.18,8.12,8.13,6.702703,2416800,bbva
2018-03-19,8.14,8.14,8.0,8.07,6.653236,1672100,bbva
2018-03-20,8.07,8.13,8.04,8.09,6.669724,5730500,bbva
2018-03-21,8.06,8.08,7.98,8.02,6.612014,3308700,bbva
2018-03-22,7.92,7.93,7.82,7.82,6.447125,5013600,bbva
2018-03-23,7.76,7.78,7.65,7.65,6.306971,4994900,bbva
2018-03-26,7.82,7.84,7.72,7.82,6.447125,2648800,bbva
2018-03-27,7.79,7.8,7.63,7.66,6.315215,6594500,bbva
2018-03-28,7.72,7.85,7.71,7.78,6.414148,3097900,bbva
2018-03-29,7.95,7.97,7.86,7.9,6.513081,2561700,bbva
2018-04-02,7.9,7.91,7.71,7.79,6.422391999999999,2393200,bbva
2018-04-03,7.81,7.83,7.76,7.8,6.430636,2613600,bbva
2018-04-04,7.71,7.83,7.71,7.82,6.447125,2099500,bbva
2018-04-05,7.93,7.97,7.9,7.92,6.52957,3637400,bbva
2018-04-06,7.78,7.82,7.7,7.73,6.527036,3498800,bbva
2018-04-09,7.83,7.92,7.82,7.82,6.603031,2174700,bbva
2018-04-10,7.94,7.94,7.86,7.89,6.6621369999999995,2276500,bbva
2018-04-11,7.86,7.87,7.81,7.82,6.603031,1287900,bbva
2018-04-12,7.76,7.81,7.76,7.79,6.577699000000001,1549300,bbva
2018-04-13,7.96,7.97,7.83,7.85,6.628361999999999,1393900,bbva
2018-04-16,7.92,7.96,7.91,7.96,6.721242999999999,2855800,bbva
2018-04-17,7.91,7.93,7.86,7.89,6.6621369999999995,1502300,bbva
2018-04-18,7.98,8.04,7.98,8.0,6.755019,1250700,bbva
2018-04-19,8.05,8.06,8.01,8.05,6.797237,2087500,bbva
2018-04-20,8.04,8.08,8.0,8.08,6.8225679999999995,1428100,bbva
2018-04-23,8.01,8.05,7.98,8.02,6.7719059999999995,1142400,bbva
2018-04-24,7.98,8.03,7.92,7.95,6.712799,1735200,bbva
2018-04-25,7.94,7.97,7.9,7.95,6.712799,1314100,bbva
2018-04-26,7.93,7.93,7.86,7.87,6.645249000000001,1645000,bbva
2018-04-27,8.11,8.13,8.06,8.07,6.814125,2279600,bbva
2018-04-30,8.07,8.12,8.05,8.06,6.805681,1645800,bbva
2018-05-01,8.07,8.07,7.87,7.97,6.729686,3084900,bbva
2018-05-02,8.09,8.1,8.02,8.03,6.780349,1684900,bbva
2018-05-03,8.01,8.01,7.91,7.97,6.729686,2157400,bbva
2018-05-04,7.93,8.07,7.93,8.05,6.797237,1614900,bbva
2018-05-07,8.04,8.08,8.02,8.04,6.788792999999999,1352900,bbva
2018-05-08,7.98,8.0,7.95,7.97,6.729686,1248700,bbva
2018-05-09,8.02,8.09,8.02,8.06,6.805681,1116400,bbva
2018-05-10,8.1,8.15,8.08,8.15,6.881675,805100,bbva
2018-05-11,8.17,8.18,8.14,8.15,6.881675,760700,bbva
2018-05-14,8.15,8.17,8.13,8.14,6.873232000000001,1024200,bbva
2018-05-15,7.93,7.98,7.88,7.95,6.712799,2723900,bbva
2018-05-16,7.78,7.84,7.74,7.81,6.594586,2102300,bbva
2018-05-17,7.85,7.89,7.84,7.87,6.645249000000001,1078100,bbva
2018-05-18,7.74,7.76,7.69,7.71,6.510149,1299100,bbva
2018-05-21,7.67,7.67,7.61,7.65,6.459486,1466400,bbva
2018-05-22,7.75,7.8,7.75,7.77,6.560811999999999,1944100,bbva
2018-05-23,7.52,7.6,7.49,7.57,6.391936,4178700,bbva
2018-05-24,7.51,7.51,7.42,7.48,6.315942,3417300,bbva
2018-05-25,7.18,7.24,7.1,7.23,6.1048480000000005,3319900,bbva
2018-05-29,6.82,6.91,6.65,6.69,5.648884,5487100,bbva
2018-05-30,6.87,6.93,6.8,6.89,5.81776,5156800,bbva
2018-05-31,6.81,6.89,6.73,6.88,5.809316,5746300,bbva
2018-06-01,7.0,7.03,6.91,6.98,5.893754,4957000,bbva
2018-06-04,7.08,7.09,7.01,7.03,5.9359720000000005,4266400,bbva
2018-06-05,6.99,7.01,6.88,6.91,5.834647,2387400,bbva
2018-06-06,6.92,7.11,6.92,7.1,5.9950779999999995,4182200,bbva
2018-06-07,7.2,7.21,7.1,7.14,6.028853,4403600,bbva
2018-06-08,7.11,7.15,7.07,7.12,6.011966,1862500,bbva
2018-06-11,7.22,7.33,7.21,7.3,6.1639550000000005,1983500,bbva
2018-06-12,7.34,7.35,7.21,7.23,6.1048480000000005,2572100,bbva
2018-06-13,7.2,7.21,7.15,7.17,6.0541849999999995,2065800,bbva
2018-06-14,7.07,7.1,7.04,7.06,5.961304,2118700,bbva
2018-06-15,6.9,6.97,6.88,6.95,5.868422,2620300,bbva
2018-06-18,6.87,6.87,6.81,6.84,5.77554,6193500,bbva
2018-06-19,6.83,6.93,6.8,6.91,5.834647,2267900,bbva
2018-06-20,6.99,7.0,6.92,6.96,5.876866000000001,2395500,bbva
2018-06-21,6.9,6.93,6.82,6.89,5.81776,2134500,bbva
2018-06-22,6.99,7.03,6.95,6.99,5.902197,2963200,bbva
2018-06-25,6.99,7.01,6.92,6.94,5.859978,2403400,bbva
2018-06-26,7.01,7.03,6.94,7.01,5.919085,2622200,bbva
2018-06-27,6.9,6.95,6.81,6.81,5.750209,3165000,bbva
2018-06-28,6.87,6.91,6.84,6.87,5.800872,2661100,bbva
2018-06-29,7.04,7.09,6.99,7.0,5.910641,2914600,bbva
2018-07-02,6.87,6.91,6.84,6.89,5.81776,2373100,bbva
2018-07-03,6.98,7.03,6.95,6.95,5.868422,1772700,bbva
2018-07-05,7.36,7.39,7.33,7.37,6.22306,4388800,bbva
2018-07-06,7.39,7.46,7.38,7.43,6.273724,2009100,bbva
2018-07-09,7.46,7.5,7.44,7.47,6.307498000000001,2570900,bbva
2018-07-10,7.26,7.29,7.21,7.29,6.15551,2206900,bbva
2018-07-11,7.12,7.15,7.02,7.06,5.961304,2885100,bbva
2018-07-12,7.08,7.1,7.05,7.1,5.9950779999999995,1915700,bbva
2018-07-13,7.0,7.04,6.97,7.02,5.927529,2211100,bbva
2018-07-16,7.03,7.08,7.01,7.05,5.95286,2091800,bbva
2018-07-17,6.95,6.96,6.8,6.85,5.7839849999999995,31381700,bbva
2018-07-18,6.87,6.98,6.86,6.95,5.868422,8525500,bbva
2018-07-19,6.89,6.94,6.86,6.92,5.843091,7448600,bbva
2018-07-20,6.95,6.99,6.92,6.97,5.8853089999999995,3052800,bbva
2018-07-23,7.01,7.05,7.0,7.02,5.927529,2976800,bbva
2018-07-24,7.17,7.21,7.13,7.14,6.028853,3021200,bbva
2018-07-25,7.06,7.1,7.01,7.1,5.9950779999999995,3550500,bbva
2018-07-26,7.11,7.13,7.04,7.05,5.95286,2470500,bbva
2018-07-27,7.16,7.21,7.14,7.18,6.062629,4493400,bbva
2018-07-30,7.21,7.3,7.21,7.27,6.138623,2390300,bbva
2018-07-31,7.35,7.37,7.28,7.3,6.1639550000000005,1780800,bbva
2018-08-01,7.27,7.29,7.17,7.19,6.071073,3096100,bbva
2018-08-02,7.01,7.05,6.96,7.04,5.944417,3369200,bbva
2018-08-03,6.99,7.04,6.97,7.04,5.944417,1835500,bbva
2018-08-06,6.96,6.98,6.91,6.92,5.843091,1892800,bbva
2018-08-07,6.98,7.0,6.96,6.98,5.893754,1933300,bbva
2018-08-08,6.92,6.97,6.9,6.94,5.859978,1344000,bbva
2018-08-09,6.86,6.87,6.81,6.81,5.750209,1599100,bbva
2018-08-10,6.39,6.46,6.36,6.4,5.404015,7096300,bbva
2018-08-13,6.21,6.25,6.14,6.14,5.184476,4712200,bbva
2018-08-14,6.15,6.22,6.1,6.19,5.226696,4418500,bbva
2018-08-15,6.07,6.14,6.0,6.12,5.1675889999999995,3947400,bbva
2018-08-16,6.21,6.28,6.16,6.17,5.209808,7599200,bbva
2018-08-17,6.16,6.23,6.15,6.22,5.252027,4493800,bbva
2018-08-20,6.17,6.22,6.15,6.17,5.209808,2325500,bbva
2018-08-21,6.32,6.35,6.28,6.31,5.328021,2765100,bbva
2018-08-22,6.41,6.43,6.36,6.37,5.3786830000000005,3106600,bbva
2018-08-23,6.35,6.4,6.3,6.31,5.328021,3616300,bbva
2018-08-24,6.4,6.42,6.35,6.37,5.3786830000000005,2928700,bbva
2018-08-27,6.41,6.49,6.41,6.46,5.454676999999999,2906300,bbva
2018-08-28,6.46,6.47,6.36,6.37,5.3786830000000005,1925800,bbva
2018-08-29,6.35,6.45,6.33,6.41,5.412458,3179300,bbva
2018-08-30,6.27,6.27,6.22,6.23,5.260471,3327300,bbva
2018-08-31,6.25,6.28,6.17,6.2,5.235139,17243600,bbva
2018-09-04,6.13,6.24,6.11,6.23,5.260471,3917800,bbva
2018-09-05,6.25,6.29,6.21,6.24,5.268914,2746000,bbva
2018-09-06,6.13,6.16,6.05,6.08,5.133814,2676400,bbva
2018-09-07,5.97,6.01,5.96,6.01,5.074708,3166100,bbva
2018-09-10,6.07,6.08,6.01,6.01,5.074708,2659300,bbva
2018-09-11,5.99,6.08,5.98,6.08,5.133814,2984100,bbva
2018-09-12,5.99,6.08,5.98,6.06,5.116927,2293200,bbva
2018-09-13,6.34,6.4,6.32,6.35,5.361796,4522600,bbva
2018-09-14,6.32,6.37,6.28,6.31,5.328021,9063000,bbva
2018-09-17,6.43,6.46,6.41,6.43,5.429346,3546900,bbva
2018-09-18,6.39,6.46,6.39,6.44,5.437790000000001,4379200,bbva
2018-09-19,6.48,6.59,6.48,6.58,5.556003,7234300,bbva
2018-09-20,6.75,6.78,6.67,6.75,5.699547,4094700,bbva
2018-09-21,6.62,6.64,6.59,6.61,5.581334,2589200,bbva
2018-09-24,6.64,6.64,6.55,6.56,5.539115,3053600,bbva
2018-09-25,6.62,6.63,6.58,6.59,5.564446,1276000,bbva
2018-09-26,6.56,6.57,6.48,6.49,5.480009,2961600,bbva
2018-09-27,6.46,6.54,6.46,6.49,5.480009,3148500,bbva
2018-09-28,6.3,6.4,6.29,6.3,5.319578,2482600,bbva
2018-10-01,6.45,6.45,6.35,6.37,5.3786830000000005,1863900,bbva
2018-10-02,6.25,6.25,6.16,6.17,5.209808,2386200,bbva
2018-10-03,6.22,6.23,6.14,6.17,5.209808,3238500,bbva
2018-10-04,6.15,6.15,6.07,6.1,5.150702,2783600,bbva
2018-10-05,5.98,5.98,5.92,5.95,5.024045,2117700,bbva
2018-10-08,5.9,6.05,5.9,6.04,5.100039,2946200,bbva
2018-10-09,6.03,6.08,5.97,6.04,5.100039,5015600,bbva
2018-10-10,6.12,6.13,5.98,5.98,5.0493760000000005,4255900,bbva
2018-10-11,6.15,6.17,6.02,6.05,5.1084830000000006,4817300,bbva
2018-10-12,6.17,6.19,5.98,6.07,5.125371,3533700,bbva
2018-10-15,6.1,6.2,6.08,6.14,5.184476,6675000,bbva
2018-10-16,6.2,6.22,6.16,6.19,5.226696,2854500,bbva
2018-10-17,6.13,6.16,6.07,6.1,5.150702,2316200,bbva
2018-10-18,5.98,6.01,5.81,5.81,4.905832,4328200,bbva
2018-10-19,5.94,6.04,5.9,5.98,5.0493760000000005,3792200,bbva
2018-10-22,5.88,5.89,5.81,5.82,4.914276,2651200,bbva
2018-10-23,5.79,5.88,5.76,5.85,4.939607,4457800,bbva
2018-10-24,5.73,5.74,5.59,5.59,4.72007,4303300,bbva
2018-10-25,5.77,5.82,5.74,5.77,4.872056,5780300,bbva
2018-10-26,5.75,5.82,5.68,5.77,4.872056,4680300,bbva
2018-10-29,5.81,5.87,5.71,5.76,4.863614,3696000,bbva
2018-10-30,5.68,5.71,5.58,5.62,4.7454,3685200,bbva
2018-10-31,5.54,5.54,5.46,5.47,4.618743,3869400,bbva
2018-11-01,5.66,5.76,5.66,5.75,4.855169999999999,3445000,bbva
2018-11-02,5.89,5.93,5.84,5.89,4.973382,4096400,bbva
2018-11-05,5.93,5.97,5.87,5.9,4.981826,2748900,bbva
2018-11-06,5.88,6.04,5.85,6.03,5.091595,6177800,bbva
2018-11-07,6.02,6.03,5.98,6.0,5.066264,4651400,bbva
2018-11-08,5.96,5.98,5.76,5.77,4.872056,5831200,bbva
2018-11-09,5.58,5.78,5.53,5.77,4.872056,10150500,bbva
2018-11-12,5.63,5.63,5.45,5.46,4.6103,7578500,bbva
2018-11-13,5.58,5.64,5.55,5.58,4.711625,5436600,bbva
2018-11-14,5.66,5.66,5.5,5.59,4.72007,3183200,bbva
2018-11-15,5.56,5.69,5.54,5.64,4.762288,3375300,bbva
2018-11-16,5.6,5.63,5.56,5.58,4.711625,3218200,bbva
2018-11-19,5.63,5.63,5.54,5.59,4.72007,2890700,bbva
2018-11-20,5.51,5.52,5.43,5.44,4.593412,3275900,bbva
2018-11-21,5.6,5.61,5.53,5.55,4.686294,2820100,bbva
2018-11-23,5.53,5.56,5.52,5.54,4.67785,1365900,bbva
2018-11-26,5.71,5.76,5.68,5.69,4.804506,4386600,bbva
2018-11-27,5.49,5.56,5.46,5.52,4.6609620000000005,4128300,bbva
2018-11-28,5.6,5.72,5.56,5.7,4.81295,4668100,bbva
2018-11-29,5.68,5.71,5.59,5.64,4.762288,4535400,bbva
2018-11-30,5.63,5.67,5.61,5.66,4.779175,2629600,bbva
2018-12-03,5.77,5.79,5.72,5.75,4.855169999999999,3491300,bbva
2018-12-04,5.68,5.7,5.43,5.43,4.584969,4784100,bbva
2018-12-06,5.31,5.41,5.28,5.39,4.551193,6278200,bbva
2018-12-07,5.37,5.41,5.28,5.31,4.483644,4397500,bbva
2018-12-10,5.25,5.27,5.15,5.18,4.373875,5802800,bbva
2018-12-11,5.19,5.2,4.99,5.02,4.238773999999999,10585000,bbva
2018-12-12,5.22,5.3,5.2,5.23,4.416093,6876900,bbva
2018-12-13,5.41,5.41,5.27,5.31,4.483644,6336000,bbva
2018-12-14,5.24,5.3,5.23,5.27,4.449868,4276400,bbva
2018-12-17,5.3,5.36,5.24,5.25,4.432981,8418500,bbva
2018-12-18,5.31,5.34,5.25,5.25,4.432981,5663700,bbva
2018-12-19,5.36,5.42,5.19,5.24,4.424536,6185600,bbva
2018-12-20,5.25,5.3,5.23,5.25,4.432981,6270900,bbva
2018-12-21,5.2,5.25,5.08,5.11,4.314768,5069500,bbva
2018-12-24,5.12,5.21,5.08,5.09,4.297880999999999,4075100,bbva
2018-12-26,5.06,5.22,5.01,5.22,4.407649,4187200,bbva
2018-12-27,5.12,5.22,5.06,5.21,4.3992059999999995,5410200,bbva
2018-12-28,5.29,5.31,5.24,5.27,4.449868,3854100,bbva
2018-12-31,5.26,5.32,5.23,5.29,4.466756,4875600,bbva
2019-01-02,5.18,5.31,5.18,5.31,4.483644,3799800,bbva
2019-01-03,5.33,5.37,5.28,5.33,4.500531,4583600,bbva
2019-01-04,5.47,5.57,5.45,5.54,4.67785,4078400,bbva
2019-01-07,5.54,5.62,5.5,5.55,4.686294,4206300,bbva
2019-01-08,5.62,5.62,5.55,5.6,4.7285129999999995,2190700,bbva
2019-01-09,5.72,5.75,5.65,5.7,4.81295,3218800,bbva
2019-01-10,5.7,5.77,5.7,5.76,4.863614,3565100,bbva
2019-01-11,5.74,5.84,5.73,5.79,4.888944,10369000,bbva
2019-01-14,5.68,5.84,5.67,5.79,4.888944,6021400,bbva
2019-01-15,5.69,5.76,5.68,5.76,4.863614,5144100,bbva
2019-01-16,5.8,5.88,5.77,5.86,4.948051,3628500,bbva
2019-01-17,5.79,5.84,5.74,5.79,4.888944,4043700,bbva
2019-01-18,5.92,5.98,5.88,5.95,5.024045,4240200,bbva
2019-01-22,5.88,5.91,5.86,5.9,4.981826,4892000,bbva
2019-01-23,5.97,6.0,5.94,5.99,5.057819,3911800,bbva
2019-01-24,5.93,5.95,5.87,5.93,5.007157,3311700,bbva
2019-01-25,5.99,6.11,5.99,6.1,5.150702,4431700,bbva
2019-01-28,6.01,6.09,6.0,6.07,5.125371,4120800,bbva
2019-01-29,6.03,6.05,6.0,6.02,5.083151,2250100,bbva
2019-01-30,6.04,6.11,6.0,6.07,5.125371,1785000,bbva
2019-01-31,5.88,5.99,5.87,5.97,5.040933,3468600,bbva
2019-02-01,5.92,6.0,5.88,5.96,5.032488,3438600,bbva
2019-02-04,5.91,6.0,5.86,5.97,5.040933,3416200,bbva
2019-02-05,5.96,6.0,5.92,6.0,5.066264,2009400,bbva
2019-02-06,5.95,6.0,5.94,5.96,5.032488,2449000,bbva
2019-02-07,5.88,5.88,5.77,5.8,4.897387999999999,3012600,bbva
2019-02-08,5.77,5.8,5.7,5.79,4.888944,2636600,bbva
2019-02-11,5.82,5.82,5.77,5.78,4.880502,1622100,bbva
2019-02-12,5.86,5.91,5.86,5.9,4.981826,6349300,bbva
2019-02-13,5.85,5.85,5.76,5.78,4.880502,2084700,bbva
2019-02-14,5.69,5.76,5.67,5.72,4.829838,2202300,bbva
2019-02-15,5.82,5.9,5.8,5.89,4.973382,3264100,bbva
2019-02-19,5.85,5.94,5.83,5.9,4.981826,1631700,bbva
2019-02-20,5.91,6.02,5.9,5.98,5.0493760000000005,4885800,bbva
2019-02-21,5.95,5.96,5.87,5.89,4.973382,3128000,bbva
2019-02-22,5.95,5.98,5.93,5.95,5.024045,2103900,bbva
2019-02-25,5.99,6.01,5.94,5.96,5.032488,2128900,bbva
2019-02-26,5.93,6.0,5.93,5.97,5.040933,1660900,bbva
2019-02-27,6.08,6.14,6.08,6.13,5.176033,2892600,bbva
2019-02-28,6.2,6.24,6.17,6.18,5.218251,3592400,bbva
2019-03-01,6.2,6.25,6.09,6.15,5.19292,3708900,bbva
2019-03-04,6.07,6.08,5.99,6.05,5.1084830000000006,3597300,bbva
2019-03-05,6.01,6.05,5.95,6.01,5.074708,3165000,bbva
2019-03-06,6.1,6.12,6.05,6.07,5.125371,2236500,bbva
2019-03-07,5.92,5.93,5.79,5.81,4.905832,4152100,bbva
2019-03-08,5.75,5.82,5.74,5.8,4.897387999999999,3666500,bbva
2019-03-11,5.82,5.89,5.81,5.86,4.948051,2423400,bbva
2019-03-12,5.88,5.89,5.82,5.87,4.956494999999999,2107600,bbva
2019-03-13,5.96,6.0,5.95,5.97,5.040933,2212500,bbva
2019-03-14,5.98,6.01,5.97,5.97,5.040933,1728500,bbva
2019-03-15,6.03,6.11,6.03,6.08,5.133814,1831900,bbva
2019-03-18,6.21,6.21,6.14,6.18,5.218251,1944800,bbva
2019-03-19,6.26,6.31,6.16,6.2,5.235139,2996400,bbva
2019-03-20,6.17,6.21,6.13,6.15,5.19292,3099000,bbva
2019-03-21,6.1,6.13,6.08,6.09,5.142257,2793700,bbva
2019-03-22,5.94,5.96,5.8,5.83,4.922719,6179500,bbva
2019-03-25,5.9,5.93,5.83,5.84,4.931163,4050000,bbva
2019-03-26,5.82,5.83,5.73,5.79,4.888944,5662500,bbva
2019-03-27,5.85,5.86,5.72,5.78,4.880502,4614800,bbva
2019-03-28,5.69,5.7,5.62,5.69,4.804506,2557400,bbva
2019-03-29,5.73,5.74,5.66,5.73,4.8382819999999995,2927800,bbva
2019-04-01,5.89,6.02,5.89,5.99,5.057819,6176400,bbva
2019-04-02,5.99,6.05,5.96,6.01,5.074708,4492800,bbva
2019-04-03,6.1,6.15,6.08,6.1,5.150702,3345100,bbva
2019-04-04,6.15,6.2,6.15,6.19,5.226696,2944500,bbva
2019-04-05,6.2,6.24,6.16,6.2,5.235139,5980900,bbva
2019-04-08,6.02,6.06,6.0,6.05,5.262976999999999,2644600,bbva
2019-04-09,6.05,6.07,6.02,6.03,5.245578,6320600,bbva
2019-04-10,5.98,6.02,5.94,6.01,5.22818,2308900,bbva
2019-04-11,6.06,6.12,6.05,6.06,5.271676,1734000,bbva
2019-04-12,6.23,6.26,6.19,6.24,5.428259,3704100,bbva
2019-04-15,6.24,6.26,6.19,6.21,5.402163,1572200,bbva
2019-04-16,6.22,6.32,6.21,6.28,5.463057,3381000,bbva
2019-04-17,6.42,6.44,6.35,6.4,5.567446,4191800,bbva
2019-04-18,6.25,6.33,6.22,6.29,5.471756,2632500,bbva
2019-04-22,6.26,6.32,6.24,6.27,5.454357,1300400,bbva
2019-04-23,6.17,6.19,6.13,6.15,5.3499669999999995,1990400,bbva
2019-04-24,6.11,6.11,6.02,6.04,5.254277,2898700,bbva
2019-04-25,5.95,6.01,5.95,5.98,5.202083,1926400,bbva
2019-04-26,6.0,6.04,5.97,6.02,5.236878,1835700,bbva
2019-04-29,6.01,6.14,6.01,6.09,5.297772,1680900,bbva
2019-04-30,6.06,6.1,6.03,6.09,5.297772,1771200,bbva
2019-05-01,6.1,6.12,6.01,6.02,5.236878,1924900,bbva
2019-05-02,6.02,6.04,5.96,5.99,5.210781,1987900,bbva
2019-05-03,5.96,6.02,5.93,6.02,5.236878,1766400,bbva
2019-05-06,5.88,5.96,5.87,5.92,5.149888,3054300,bbva
2019-05-07,5.8,5.81,5.72,5.74,4.993303,3153600,bbva
2019-05-08,5.77,5.84,5.77,5.78,5.0281,2787200,bbva
2019-05-09,5.72,5.79,5.68,5.76,5.010701999999999,3570600,bbva
2019-05-10,5.72,5.82,5.68,5.81,5.054197,3692200,bbva
2019-05-13,5.63,5.65,5.58,5.59,4.862817,2377900,bbva
2019-05-14,5.64,5.73,5.64,5.69,4.949807,3615800,bbva
2019-05-15,5.64,5.74,5.61,5.69,4.949807,3308600,bbva
2019-05-16,5.76,5.81,5.75,5.78,5.0281,1740700,bbva
2019-05-17,5.71,5.78,5.69,5.72,4.975905,1755700,bbva
2019-05-20,5.67,5.73,5.66,5.69,4.949807,2330800,bbva
2019-05-21,5.73,5.77,5.69,5.75,5.002003,1684200,bbva
2019-05-22,5.64,5.66,5.6,5.62,4.888914,2192900,bbva
2019-05-23,5.58,5.61,5.55,5.58,4.854116,2449400,bbva
2019-05-24,5.64,5.68,5.63,5.66,4.92371,1541100,bbva
2019-05-28,5.65,5.67,5.6,5.6,4.8715150000000005,1582500,bbva
2019-05-29,5.57,5.63,5.55,5.62,4.888914,2227900,bbva
2019-05-30,5.65,5.7,5.64,5.67,4.932409,1735700,bbva
2019-05-31,5.43,5.49,5.42,5.43,4.72363,3176400,bbva
2019-06-03,5.41,5.49,5.4,5.47,4.758426,3579000,bbva
2019-06-04,5.6,5.67,5.58,5.67,4.932409,2384100,bbva
2019-06-05,5.58,5.64,5.55,5.6,4.8715150000000005,2156000,bbva
2019-06-06,5.6,5.63,5.54,5.6,4.8715150000000005,3128400,bbva
2019-06-07,5.58,5.61,5.56,5.59,4.862817,1717500,bbva
2019-06-10,5.7,5.76,5.69,5.72,4.975905,2420100,bbva
2019-06-11,5.7,5.73,5.66,5.69,4.949807,3335400,bbva
2019-06-12,5.62,5.63,5.57,5.58,4.854116,2322300,bbva
2019-06-13,5.57,5.58,5.53,5.56,4.836719,1495400,bbva
2019-06-14,5.53,5.53,5.45,5.49,4.775825,6742500,bbva
2019-06-17,5.49,5.51,5.44,5.45,4.741028,1685300,bbva
2019-06-18,5.44,5.52,5.44,5.48,4.767126,2657000,bbva
2019-06-19,5.58,5.67,5.58,5.59,4.862817,4082100,bbva
2019-06-20,5.63,5.65,5.57,5.63,4.897613,22136700,bbva
2019-06-21,5.59,5.6,5.5,5.56,4.836719,37740500,bbva
2019-06-24,5.59,5.63,5.55,5.57,4.8454180000000004,2682800,bbva
2019-06-25,5.53,5.55,5.5,5.52,4.801922,2898900,bbva
2019-06-26,5.52,5.58,5.51,5.55,4.8280199999999995,2245600,bbva
2019-06-27,5.54,5.58,5.54,5.56,4.836719,2250000,bbva
2019-06-28,5.57,5.6,5.56,5.56,4.836719,2193600,bbva
2019-07-01,5.67,5.68,5.58,5.59,4.862817,1889600,bbva
2019-07-02,5.55,5.56,5.53,5.55,4.8280199999999995,1952200,bbva
2019-07-03,5.61,5.64,5.61,5.62,4.888914,2047500,bbva
2019-07-05,5.72,5.74,5.67,5.68,4.941108,3070700,bbva
2019-07-08,5.57,5.6,5.55,5.56,4.836719,2121400,bbva
2019-07-09,5.55,5.56,5.43,5.47,4.758426,6498600,bbva
2019-07-10,5.55,5.59,5.52,5.54,4.819319999999999,2858400,bbva
2019-07-11,5.5,5.56,5.48,5.55,4.8280199999999995,2057000,bbva
2019-07-12,5.54,5.55,5.49,5.51,4.793223,1780300,bbva
2019-07-15,5.52,5.58,5.49,5.56,4.836719,8618000,bbva
2019-07-16,5.58,5.61,5.52,5.53,4.810622,4793600,bbva
2019-07-17,5.5,5.52,5.47,5.47,4.758426,3210300,bbva
2019-07-18,5.44,5.47,5.41,5.43,4.72363,3126000,bbva
2019-07-19,5.36,5.37,5.32,5.35,4.654037000000001,1945100,bbva
2019-07-22,5.31,5.32,5.26,5.29,4.6018419999999995,1961000,bbva
2019-07-23,5.4,5.45,5.4,5.41,4.706232,1818500,bbva
2019-07-24,5.41,5.45,5.41,5.41,4.706232,1991600,bbva
2019-07-25,5.5,5.51,5.39,5.39,4.688833,2629900,bbva
2019-07-26,5.38,5.39,5.33,5.37,4.671435,2418200,bbva
2019-07-29,5.33,5.34,5.31,5.31,4.6192400000000005,1631800,bbva
2019-07-30,5.16,5.2,5.13,5.18,4.506151999999999,3188100,bbva
2019-07-31,5.08,5.13,5.07,5.11,4.445258,4037800,bbva
2019-08-01,5.08,5.11,4.96,4.98,4.332169,5029000,bbva
2019-08-02,5.02,5.04,4.96,5.02,4.366966000000001,5565900,bbva
2019-08-05,4.94,4.97,4.89,4.94,4.297372,4210400,bbva
2019-08-06,4.95,4.98,4.89,4.94,4.297372,5513500,bbva
2019-08-07,4.88,4.95,4.87,4.94,4.297372,4706500,bbva
2019-08-08,4.98,5.04,4.95,4.98,4.332169,2679400,bbva
2019-08-09,4.95,4.99,4.91,4.95,4.306071,2928400,bbva
2019-08-12,4.81,4.83,4.75,4.76,4.140788,3095800,bbva
2019-08-13,4.79,4.9,4.79,4.85,4.21908,21161400,bbva
2019-08-14,4.75,4.77,4.69,4.71,4.0972919999999995,10581800,bbva
2019-08-15,4.73,4.78,4.65,4.69,4.079894,4102100,bbva
2019-08-16,4.74,4.84,4.74,4.82,4.192983,4147900,bbva
2019-08-19,4.8,4.81,4.7,4.71,4.0972919999999995,2944700,bbva
2019-08-20,4.67,4.7,4.62,4.62,4.019,4294200,bbva
2019-08-21,4.69,4.71,4.68,4.68,4.0711949999999995,2828900,bbva
2019-08-22,4.82,4.84,4.76,4.79,4.166885,2658300,bbva
2019-08-23,4.75,4.8,4.67,4.68,4.0711949999999995,3400800,bbva
2019-08-26,4.76,4.78,4.73,4.76,4.140788,3066500,bbva
2019-08-27,4.76,4.78,4.71,4.71,4.0972919999999995,2660100,bbva
2019-08-28,4.7,4.75,4.69,4.71,4.0972919999999995,3472800,bbva
2019-08-29,4.75,4.79,4.75,4.76,4.140788,1982100,bbva
2019-08-30,4.79,4.79,4.72,4.75,4.132089,1862100,bbva
2019-09-03,4.69,4.72,4.67,4.7,4.088593,2576000,bbva
2019-09-04,4.79,4.81,4.75,4.77,4.149487000000001,4812000,bbva
2019-09-05,4.93,4.98,4.92,4.95,4.306071,4091300,bbva
2019-09-06,4.97,4.98,4.94,4.95,4.306071,2199500,bbva
2019-09-09,5.06,5.08,5.04,5.08,4.419159,3315100,bbva
2019-09-10,5.17,5.24,5.15,5.24,4.558346,5032200,bbva
2019-09-11,5.17,5.19,5.12,5.16,4.488753,2866400,bbva
2019-09-12,5.14,5.27,5.12,5.25,4.567044999999999,5348100,bbva
2019-09-13,5.31,5.38,5.3,5.35,4.654037000000001,5649800,bbva
2019-09-16,5.26,5.29,5.26,5.26,4.5757449999999995,1860100,bbva
2019-09-17,5.15,5.21,5.13,5.2,4.52355,2471800,bbva
2019-09-18,5.2,5.23,5.17,5.2,4.52355,1963700,bbva
2019-09-19,5.23,5.27,5.22,5.24,4.558346,2073900,bbva
2019-09-20,5.29,5.36,5.27,5.34,4.645339,7088500,bbva
2019-09-23,5.17,5.18,5.12,5.15,4.480054,3168000,bbva
2019-09-24,5.15,5.16,5.07,5.1,4.436558,2974100,bbva
2019-09-25,5.05,5.14,5.05,5.12,4.453957,2463300,bbva
2019-09-26,5.13,5.15,5.11,5.13,4.462656,5534600,bbva
2019-09-27,5.16,5.2,5.15,5.18,4.506151999999999,2405500,bbva
2019-09-30,5.19,5.23,5.17,5.2,4.52355,2105900,bbva
2019-10-01,5.21,5.22,5.11,5.13,4.462656,2863000,bbva
2019-10-02,5.02,5.05,4.95,4.98,4.332169,3282400,bbva
2019-10-03,4.95,5.0,4.91,4.99,4.340868,4203300,bbva
2019-10-04,4.95,5.03,4.93,5.03,4.375665000000001,2919000,bbva
2019-10-07,5.0,5.08,5.0,5.04,4.384364,3626500,bbva
2019-10-08,4.96,4.98,4.93,4.95,4.306071,3339000,bbva
2019-10-09,4.97,5.01,4.94,4.98,4.332169,2833300,bbva
2019-10-10,5.06,5.12,5.04,5.1,4.436558,3303700,bbva
2019-10-11,5.15,5.22,5.15,5.18,4.605485,5864800,bbva
2019-10-14,5.07,5.13,5.05,5.12,4.5521400000000005,2972300,bbva
2019-10-15,5.11,5.28,5.09,5.25,4.667722,4750100,bbva
2019-10-16,5.31,5.35,5.3,5.31,4.721067,4046500,bbva
2019-10-17,5.31,5.35,5.24,5.3,4.712177,4511100,bbva
2019-10-18,5.31,5.38,5.31,5.38,4.783304,3246000,bbva
2019-10-21,5.48,5.49,5.44,5.47,4.863322,2838200,bbva
2019-10-22,5.41,5.48,5.38,5.41,4.809977,5450000,bbva
2019-10-23,5.46,5.49,5.45,5.48,4.8722129999999995,2304800,bbva
2019-10-24,5.48,5.5,5.4,5.43,4.827758,2747900,bbva
2019-10-25,5.39,5.43,5.38,5.42,4.818867,4256200,bbva
2019-10-28,5.42,5.44,5.4,5.41,4.809977,3533500,bbva
2019-10-29,5.38,5.39,5.34,5.38,4.783304,5233100,bbva
2019-10-30,5.26,5.27,5.2,5.25,4.667722,4161800,bbva
2019-10-31,5.21,5.27,5.18,5.23,4.64994,3878200,bbva
2019-11-01,5.23,5.3,5.2,5.29,4.703286,3873000,bbva
2019-11-04,5.42,5.43,5.41,5.43,4.827758,2258000,bbva
2019-11-05,5.48,5.51,5.46,5.51,4.898885,3575000,bbva
2019-11-06,5.44,5.46,5.38,5.38,4.783304,4399200,bbva
2019-11-07,5.49,5.52,5.47,5.47,4.863322,3629900,bbva
2019-11-08,5.45,5.48,5.44,5.46,4.854431,2786700,bbva
2019-11-11,5.42,5.49,5.42,5.47,4.863322,1951300,bbva
2019-11-12,5.44,5.44,5.39,5.41,4.809977,2036400,bbva
2019-11-13,5.2,5.25,5.19,5.23,4.64994,2734300,bbva
2019-11-14,5.22,5.25,5.2,5.24,4.658831,2508200,bbva
2019-11-15,5.26,5.29,5.24,5.29,4.703286,2576000,bbva
2019-11-18,5.21,5.26,5.2,5.25,4.667722,2253700,bbva
2019-11-19,5.31,5.32,5.25,5.28,4.694395,2654200,bbva
2019-11-20,5.22,5.26,5.19,5.24,4.658831,4434500,bbva
2019-11-21,5.28,5.29,5.24,5.25,4.667722,3349300,bbva
2019-11-22,5.28,5.34,5.28,5.28,4.694395,3967900,bbva
2019-11-25,5.32,5.33,5.28,5.32,4.729959,4401000,bbva
2019-11-26,5.26,5.27,5.22,5.22,4.641049,7701400,bbva
2019-11-27,5.31,5.31,5.23,5.25,4.667722,24333300,bbva
2019-11-29,5.26,5.27,5.22,5.23,4.64994,7755900,bbva
2019-12-02,5.21,5.23,5.15,5.16,4.5877040000000004,5304300,bbva
2019-12-03,5.15,5.15,5.1,5.15,4.578814,7519700,bbva
2019-12-04,5.18,5.23,5.17,5.2,4.623267,8146800,bbva
2019-12-05,5.25,5.26,5.2,5.23,4.64994,9600000,bbva
2019-12-06,5.29,5.29,5.23,5.25,4.667722,8027400,bbva
2019-12-09,5.26,5.29,5.22,5.22,4.641049,6410200,bbva
2019-12-10,5.22,5.26,5.2,5.22,4.641049,13812500,bbva
2019-12-11,5.26,5.29,5.23,5.24,4.658831,9196800,bbva
2019-12-12,5.32,5.46,5.32,5.45,4.84554,16828200,bbva
2019-12-13,5.52,5.59,5.44,5.46,4.854431,11606700,bbva
2019-12-16,5.56,5.61,5.55,5.57,4.952230999999999,5083700,bbva
2019-12-17,5.59,5.6,5.57,5.58,4.9611220000000005,3945800,bbva
2019-12-18,5.61,5.63,5.59,5.59,4.970013,5090600,bbva
2019-12-19,5.64,5.7,5.63,5.64,5.014467,5349900,bbva
2019-12-20,5.67,5.68,5.6,5.6,4.978904,3826800,bbva
2019-12-23,5.59,5.61,5.57,5.58,4.9611220000000005,2859800,bbva
2019-12-24,5.59,5.59,5.54,5.54,4.9255580000000005,1136900,bbva
2019-12-26,5.58,5.6,5.56,5.59,4.970013,1935100,bbva
2019-12-27,5.58,5.6,5.57,5.59,4.970013,2135900,bbva
2019-12-30,5.59,5.61,5.54,5.56,4.94334,3048700,bbva
2019-12-31,5.55,5.58,5.54,5.58,4.9611220000000005,2162200,bbva
2020-01-02,5.66,5.72,5.63,5.72,5.085594,2571200,bbva
2020-01-03,5.58,5.63,5.57,5.58,4.9611220000000005,3094900,bbva
2020-01-06,5.54,5.63,5.54,5.62,4.996686,3995300,bbva
2020-01-07,5.56,5.57,5.52,5.54,4.9255580000000005,3098300,bbva
2020-01-08,5.54,5.62,5.54,5.6,4.978904,1981600,bbva
2020-01-09,5.63,5.64,5.59,5.61,4.987794999999999,2427000,bbva
2020-01-10,5.55,5.56,5.49,5.49,4.881104,6349600,bbva
2020-01-13,5.45,5.48,5.42,5.48,4.8722129999999995,5302600,bbva
2020-01-14,5.39,5.4,5.36,5.36,4.765522,13536600,bbva
2020-01-15,5.32,5.33,5.27,5.27,4.685503,3141600,bbva
2020-01-16,5.31,5.33,5.29,5.32,4.729959,2042600,bbva
2020-01-17,5.34,5.35,5.31,5.33,4.738849,2421300,bbva
2020-01-21,5.27,5.27,5.21,5.21,4.632158,3685200,bbva
2020-01-22,5.17,5.2,5.15,5.18,4.605485,2820700,bbva
2020-01-23,5.15,5.19,5.1,5.16,4.5877040000000004,3645200,bbva
2020-01-24,5.15,5.15,5.02,5.03,4.472123000000001,7893600,bbva
2020-01-27,4.94,4.99,4.92,4.95,4.400994,4910000,bbva
2020-01-28,5.0,5.06,4.99,5.02,4.463232,4774600,bbva
2020-01-29,5.08,5.11,5.06,5.07,4.507686,4750900,bbva
2020-01-30,5.08,5.22,5.08,5.19,4.614376999999999,7681200,bbva
2020-01-31,5.16,5.17,5.09,5.12,4.5521400000000005,4424800,bbva
2020-02-03,5.1,5.15,5.09,5.09,4.525468,2697100,bbva
2020-02-04,5.25,5.25,5.2,5.21,4.632158,1940600,bbva
2020-02-05,5.33,5.38,5.31,5.36,4.765522,3841700,bbva
2020-02-06,5.59,5.6,5.55,5.56,4.94334,7836700,bbva
2020-02-07,5.62,5.69,5.6,5.65,5.023358,7479600,bbva
2020-02-10,5.69,5.72,5.65,5.69,5.058921,3639900,bbva
2020-02-11,5.64,5.7,5.64,5.7,5.067812,3954900,bbva
2020-02-12,5.77,5.8,5.77,5.8,5.156722,4953300,bbva
2020-02-13,5.71,5.73,5.69,5.71,5.076703,16934500,bbva
2020-02-14,5.67,5.69,5.63,5.64,5.014467,10646100,bbva
2020-02-18,5.57,5.6,5.52,5.55,4.934449,11565300,bbva
2020-02-19,5.56,5.58,5.51,5.51,4.898885,8622500,bbva
2020-02-20,5.56,5.56,5.47,5.54,4.9255580000000005,12639200,bbva
2020-02-21,5.46,5.52,5.44,5.52,4.907776,4074500,bbva
2020-02-24,5.28,5.34,5.26,5.28,4.694395,5257600,bbva
2020-02-25,5.21,5.22,5.04,5.07,4.507686,13077000,bbva
2020-02-26,5.12,5.16,5.04,5.05,4.489904,7510400,bbva
2020-02-27,4.96,5.04,4.88,4.89,4.34765,9088500,bbva
2020-02-28,4.7,4.81,4.63,4.76,4.232068,14256700,bbva
2020-03-02,4.71,4.88,4.64,4.87,4.329868,10083600,bbva
2020-03-03,4.86,4.92,4.65,4.7,4.1787220000000005,12842700,bbva
2020-03-04,4.76,4.88,4.7,4.88,4.338759,9029500,bbva
2020-03-05,4.58,4.61,4.5,4.52,4.018686,9910800,bbva
2020-03-06,4.51,4.6,4.46,4.52,4.018686,9567900,bbva
2020-03-09,3.98,4.09,3.85,3.88,3.449669,6597500,bbva
2020-03-10,4.07,4.11,3.88,4.09,3.6363779999999997,8825100,bbva
2020-03-11,4.02,4.04,3.84,3.88,3.449669,11914800,bbva
2020-03-12,3.55,3.55,3.27,3.36,2.987342,14453000,bbva
2020-03-13,3.67,3.7,3.28,3.65,3.2451779999999997,7816700,bbva
2020-03-16,2.86,3.01,2.85,2.89,2.56947,9564200,bbva
2020-03-17,2.97,3.15,2.91,3.12,2.7739599999999998,6146300,bbva
2020-03-18,2.93,3.03,2.8,2.96,2.6317060000000003,5988900,bbva
2020-03-19,2.96,3.05,2.92,3.0,2.6672700000000003,5498800,bbva
2020-03-20,3.08,3.09,2.9,2.99,2.658379,10655000,bbva
2020-03-23,3.02,3.08,2.92,2.97,2.640597,5470500,bbva
2020-03-24,3.14,3.32,3.06,3.25,2.8895419999999996,5727600,bbva
2020-03-25,3.41,3.62,3.27,3.47,3.085142,8186900,bbva
2020-03-26,3.52,3.62,3.5,3.62,3.218505,4301900,bbva
2020-03-27,3.43,3.44,3.31,3.35,2.9784509999999997,4761300,bbva
2020-03-30,3.22,3.3,3.16,3.26,2.8984330000000003,3660700,bbva
2020-03-31,3.12,3.22,3.04,3.06,2.720615,5348200,bbva
2020-04-01,2.97,2.98,2.9,2.9,2.578361,4290700,bbva
2020-04-02,2.82,2.92,2.8,2.85,2.533906,6173900,bbva
2020-04-03,2.92,2.95,2.87,2.93,2.605034,3429700,bbva
2020-04-06,3.19,3.19,3.12,3.14,2.7917419999999997,4642400,bbva
2020-04-07,3.24,3.25,3.05,3.09,2.907477,5347000,bbva
2020-04-08,3.15,3.21,3.11,3.19,3.00157,2863500,bbva
2020-04-09,3.25,3.3,3.18,3.23,3.0392069999999998,2583800,bbva
2020-04-13,3.27,3.27,3.13,3.2,3.0109790000000003,2351300,bbva
2020-04-14,3.26,3.28,3.15,3.17,2.982752,3658400,bbva
2020-04-15,3.01,3.01,2.91,2.93,2.756928,2593600,bbva
2020-04-16,2.89,2.89,2.79,2.8,2.634607,4792100,bbva
2020-04-17,2.89,2.9,2.84,2.89,2.719291,2864800,bbva
2020-04-20,2.78,2.88,2.75,2.83,2.662835,2783800,bbva
2020-04-21,2.71,2.75,2.64,2.67,2.512286,5867100,bbva
2020-04-22,2.76,2.77,2.72,2.76,2.5969700000000002,2038400,bbva
2020-04-23,2.84,2.94,2.79,2.83,2.662835,3389200,bbva
2020-04-24,2.81,2.81,2.73,2.76,2.5969700000000002,3322000,bbva
2020-04-27,2.81,2.91,2.8,2.88,2.709882,4381700,bbva
2020-04-28,3.1,3.14,3.05,3.12,2.935705,4527700,bbva
2020-04-29,3.32,3.4,3.3,3.39,3.189756,3533000,bbva
2020-04-30,3.17,3.25,3.14,3.2,3.0109790000000003,3090100,bbva
2020-05-01,3.18,3.18,3.08,3.12,2.935705,1111800,bbva
2020-05-04,3.05,3.08,3.01,3.04,2.86043,1971900,bbva
2020-05-05,3.02,3.04,2.97,2.98,2.803974,2689100,bbva
2020-05-06,2.95,2.95,2.88,2.91,2.738109,1895600,bbva
2020-05-07,2.87,2.91,2.86,2.86,2.691063,3027000,bbva
2020-05-08,2.93,2.95,2.9,2.94,2.766337,1944200,bbva
2020-05-11,2.86,2.87,2.82,2.87,2.700472,2474800,bbva
2020-05-12,2.89,2.91,2.81,2.82,2.653425,3037900,bbva
2020-05-13,2.8,2.81,2.72,2.75,2.58756,2404400,bbva
2020-05-14,2.7,2.82,2.66,2.81,2.644016,4090500,bbva
2020-05-15,2.81,2.81,2.76,2.79,2.625198,2100200,bbva
2020-05-18,2.9,3.02,2.87,3.02,2.841612,3080800,bbva
2020-05-19,2.82,2.85,2.75,2.79,2.625198,7774500,bbva
2020-05-20,2.76,2.84,2.75,2.8,2.634607,4558400,bbva
2020-05-21,2.82,2.86,2.79,2.8,2.634607,2930800,bbva
2020-05-22,2.86,2.87,2.77,2.82,2.653425,3853900,bbva
2020-05-26,3.0,3.11,3.0,3.09,2.907477,4174000,bbva
2020-05-27,3.23,3.25,3.15,3.22,3.029798,4359100,bbva
2020-05-28,3.27,3.27,3.2,3.2,3.0109790000000003,3600100,bbva
2020-05-29,3.13,3.15,3.07,3.11,2.926295,3607000,bbva
2020-06-01,3.1,3.2,3.1,3.19,3.00157,3162700,bbva
2020-06-02,3.34,3.4,3.32,3.34,3.142709,4225300,bbva
2020-06-03,3.47,3.56,3.46,3.54,3.330896,3997500,bbva
2020-06-04,3.59,3.69,3.55,3.63,3.4155800000000003,3785800,bbva
2020-06-05,3.92,3.98,3.87,3.9,3.669631,6582000,bbva
2020-06-08,4.06,4.08,3.9,3.98,3.744905,4557800,bbva
2020-06-09,3.85,3.86,3.77,3.83,3.6037660000000002,3236000,bbva
2020-06-10,3.82,3.84,3.68,3.68,3.462626,5405300,bbva
2020-06-11,3.48,3.57,3.37,3.37,3.170938,4826100,bbva
2020-06-12,3.53,3.57,3.44,3.51,3.302668,4671700,bbva
2020-06-15,3.34,3.49,3.32,3.45,3.246212,3855600,bbva
2020-06-16,3.57,3.6,3.42,3.49,3.283849,4663200,bbva
2020-06-17,3.53,3.54,3.46,3.47,3.265031,2618800,bbva
2020-06-18,3.41,3.46,3.38,3.41,3.208575,2804100,bbva
2020-06-19,3.52,3.52,3.36,3.38,3.1803470000000003,2380600,bbva
2020-06-22,3.38,3.43,3.36,3.42,3.217984,2593200,bbva
2020-06-23,3.56,3.6,3.51,3.52,3.3120769999999995,4565000,bbva
2020-06-24,3.44,3.45,3.34,3.35,3.152119,3047300,bbva
2020-06-25,3.33,3.49,3.32,3.48,3.2744400000000002,5041100,bbva
2020-06-26,3.42,3.43,3.3,3.3,3.1050720000000003,3996300,bbva
2020-06-29,3.38,3.46,3.35,3.42,3.217984,2848000,bbva
2020-06-30,3.33,3.41,3.32,3.4,3.199166,4911700,bbva
2020-07-01,3.36,3.43,3.35,3.35,3.152119,2815800,bbva
2020-07-02,3.57,3.63,3.53,3.53,3.321486,3990700,bbva
2020-07-06,3.71,3.75,3.66,3.68,3.462626,3589000,bbva
2020-07-07,3.64,3.64,3.53,3.54,3.330896,3458100,bbva
2020-07-08,3.49,3.56,3.47,3.53,3.321486,3275500,bbva
2020-07-09,3.52,3.53,3.41,3.42,3.217984,3458100,bbva
2020-07-10,3.43,3.56,3.43,3.55,3.3403050000000003,3812600,bbva
2020-07-13,3.61,3.63,3.52,3.53,3.321486,4242700,bbva
2020-07-14,3.5,3.59,3.5,3.59,3.377942,4138900,bbva
2020-07-15,3.67,3.71,3.63,3.67,3.453217,1964600,bbva
2020-07-16,3.65,3.71,3.65,3.66,3.443808,2426300,bbva
2020-07-17,3.64,3.65,3.61,3.63,3.4155800000000003,1726400,bbva
2020-07-20,3.58,3.63,3.57,3.61,3.396761,5322800,bbva
2020-07-21,3.64,3.67,3.58,3.58,3.368533,6974700,bbva
2020-07-22,3.62,3.66,3.61,3.63,3.4155800000000003,3803800,bbva
2020-07-23,3.59,3.63,3.56,3.59,3.377942,2405400,bbva
2020-07-24,3.6,3.62,3.55,3.56,3.349714,1931500,bbva
2020-07-27,3.48,3.53,3.47,3.49,3.283849,6818700,bbva
2020-07-28,3.5,3.53,3.48,3.52,3.3120769999999995,2407400,bbva
2020-07-29,3.37,3.45,3.33,3.45,3.246212,2105800,bbva
2020-07-30,3.09,3.19,3.07,3.19,3.00157,4037400,bbva
2020-07-31,3.15,3.15,3.04,3.07,2.8886580000000004,5111800,bbva
2020-08-03,3.13,3.18,3.1,3.15,2.9639330000000004,3420200,bbva
2020-08-04,3.18,3.26,3.18,3.26,3.0674349999999997,4690700,bbva
2020-08-05,3.18,3.19,3.12,3.13,2.945114,3193900,bbva
2020-08-06,3.06,3.1,3.04,3.09,2.907477,3396000,bbva
2020-08-07,2.92,3.01,2.92,3.0,2.822793,4662600,bbva
2020-08-10,2.99,3.04,2.99,3.03,2.851021,3141500,bbva
2020-08-11,3.14,3.18,3.11,3.13,2.945114,4625000,bbva
2020-08-12,3.19,3.19,3.08,3.08,2.8980669999999997,2789300,bbva
2020-08-13,3.04,3.07,3.0,3.02,2.841612,3321700,bbva
2020-08-14,2.94,2.99,2.93,2.97,2.794565,3834800,bbva
2020-08-17,3.01,3.02,2.96,2.97,2.794565,2202700,bbva
2020-08-18,2.99,3.0,2.91,2.93,2.756928,5529900,bbva
2020-08-19,2.95,3.0,2.92,2.93,2.756928,8689400,bbva
2020-08-20,2.89,2.89,2.86,2.88,2.709882,3729600,bbva
2020-08-21,2.8,2.84,2.79,2.83,2.662835,2700200,bbva
2020-08-24,2.86,2.9,2.82,2.88,2.709882,2248500,bbva
2020-08-25,3.0,3.03,2.9,2.93,2.756928,2980900,bbva
2020-08-26,2.96,2.99,2.95,2.95,2.775747,2155900,bbva
2020-08-27,2.95,2.97,2.93,2.96,2.785156,2642300,bbva
2020-08-28,3.05,3.08,3.01,3.06,2.879249,3008100,bbva
2020-08-31,2.97,2.98,2.88,2.89,2.719291,2788800,bbva
2020-09-01,2.89,2.92,2.86,2.88,2.709882,3361300,bbva
2020-09-02,2.82,2.82,2.78,2.8,2.634607,3874700,bbva
2020-09-03,2.89,2.94,2.83,2.84,2.672244,8329400,bbva
2020-09-04,3.0,3.05,2.95,3.04,2.86043,7286700,bbva
2020-09-08,2.94,2.94,2.89,2.91,2.738109,3620900,bbva
2020-09-09,2.91,2.96,2.9,2.94,2.766337,2363800,bbva
2020-09-10,2.97,3.0,2.9,2.91,2.738109,4086200,bbva
2020-09-11,2.88,2.89,2.84,2.86,2.691063,2590100,bbva
2020-09-14,2.91,2.94,2.88,2.91,2.738109,3423800,bbva
2020-09-15,2.87,2.88,2.81,2.82,2.653425,5763500,bbva
2020-09-16,2.76,2.85,2.75,2.82,2.653425,2591400,bbva
2020-09-17,2.79,2.85,2.77,2.83,2.662835,2864300,bbva
2020-09-18,2.75,2.77,2.7,2.73,2.568742,6032900,bbva
2020-09-21,2.58,2.61,2.52,2.56,2.408783,6153200,bbva
2020-09-22,2.58,2.6,2.5,2.53,2.3805560000000003,4427000,bbva
2020-09-23,2.61,2.64,2.49,2.49,2.342918,6053800,bbva
2020-09-24,2.61,2.68,2.58,2.66,2.5028770000000002,6159800,bbva
2020-09-25,2.67,2.68,2.64,2.68,2.5216950000000002,3609900,bbva
2020-09-28,2.7,2.77,2.7,2.76,2.5969700000000002,3794700,bbva
2020-09-29,2.73,2.74,2.68,2.7,2.540514,4060400,bbva
2020-09-30,2.75,2.8,2.73,2.74,2.5781509999999996,3226600,bbva
2020-10-01,2.78,2.8,2.74,2.76,2.5969700000000002,2241500,bbva
2020-10-02,2.69,2.79,2.69,2.78,2.6157880000000002,1724500,bbva
2020-10-05,2.77,2.82,2.77,2.81,2.644016,2712000,bbva
2020-10-06,2.91,2.92,2.82,2.83,2.662835,5382600,bbva
2020-10-07,2.84,2.86,2.79,2.81,2.644016,1832700,bbva
2020-10-08,2.86,2.86,2.82,2.84,2.672244,1775700,bbva
2020-10-09,2.84,2.85,2.78,2.8,2.634607,2190100,bbva
2020-10-12,2.76,2.77,2.73,2.76,2.5969700000000002,1489000,bbva
2020-10-13,2.69,2.69,2.62,2.63,2.4746490000000003,3213900,bbva
2020-10-14,2.68,2.68,2.62,2.62,2.465239,1899200,bbva
2020-10-15,2.58,2.66,2.58,2.65,2.493467,1726200,bbva
2020-10-16,2.67,2.75,2.65,2.72,2.559332,4217100,bbva
2020-10-19,2.74,2.8,2.72,2.74,2.5781509999999996,2345600,bbva
2020-10-20,2.85,2.91,2.85,2.87,2.700472,3700300,bbva
2020-10-21,2.84,2.88,2.83,2.84,2.672244,1568600,bbva
2020-10-22,2.83,2.89,2.81,2.89,2.719291,3312800,bbva
2020-10-23,2.96,2.96,2.91,2.92,2.747519,3802700,bbva
2020-10-26,2.89,2.9,2.84,2.88,2.709882,3018100,bbva
2020-10-27,2.92,2.94,2.81,2.82,2.653425,2533800,bbva
2020-10-28,2.78,2.81,2.73,2.74,2.5781509999999996,3439600,bbva
2020-10-29,2.71,2.79,2.68,2.75,2.58756,4026400,bbva
2020-10-30,2.83,2.89,2.81,2.89,2.719291,4218000,bbva
2020-11-02,2.88,2.91,2.86,2.91,2.738109,3469200,bbva
2020-11-03,3.0,3.08,2.99,3.07,2.8886580000000004,3838300,bbva
2020-11-04,2.89,2.91,2.83,2.84,2.672244,3335700,bbva
2020-11-05,2.97,3.02,2.95,3.01,2.832202,3214300,bbva
2020-11-06,2.97,2.98,2.92,2.92,2.747519,2406000,bbva
2020-11-09,3.42,3.47,3.32,3.43,3.227393,7512100,bbva
2020-11-10,3.57,3.64,3.53,3.62,3.40617,5147200,bbva
2020-11-11,3.65,3.69,3.62,3.64,3.424989,3755700,bbva
2020-11-12,3.54,3.62,3.52,3.57,3.359124,3357200,bbva
2020-11-13,3.68,3.76,3.67,3.74,3.519082,2790000,bbva
2020-11-16,4.44,4.45,4.14,4.21,3.9613199999999997,16989700,bbva
2020-11-17,4.03,4.14,3.99,4.11,3.8672269999999997,7528000,bbva
2020-11-18,4.16,4.19,4.02,4.03,3.7919519999999998,8250000,bbva
2020-11-19,4.15,4.25,4.14,4.24,3.989547,4305300,bbva
2020-11-20,4.22,4.25,4.2,4.21,3.9613199999999997,2207300,bbva
2020-11-23,4.28,4.3,4.22,4.27,4.0177760000000005,3191800,bbva
2020-11-24,4.32,4.47,4.31,4.46,4.196552,4557800,bbva
2020-11-25,4.43,4.49,4.38,4.45,4.187143,3379200,bbva
2020-11-27,4.59,4.69,4.58,4.65,4.375329,3748600,bbva
2020-11-30,4.68,4.71,4.58,4.58,4.309464,6601600,bbva
2020-12-01,4.67,4.8,4.67,4.79,4.50706,5931800,bbva
2020-12-02,4.8,4.97,4.78,4.97,4.6764269999999994,12874800,bbva
2020-12-03,4.91,4.97,4.88,4.88,4.591743,12828600,bbva
2020-12-04,5.01,5.22,5.01,5.21,4.902251000000001,14296200,bbva
2020-12-07,5.11,5.13,5.04,5.05,4.751702,5178400,bbva
2020-12-08,5.03,5.07,4.99,5.0,4.704655000000001,5899100,bbva
2020-12-09,5.03,5.05,4.96,5.02,4.7234739999999995,4974400,bbva
2020-12-10,4.86,4.94,4.84,4.91,4.619971,3616900,bbva
2020-12-11,4.78,4.83,4.76,4.78,4.497651,4227200,bbva
2020-12-14,4.93,4.95,4.83,4.84,4.554106,2692900,bbva
2020-12-15,4.91,4.99,4.89,4.92,4.6293809999999995,4017100,bbva
2020-12-16,4.92,4.93,4.85,4.88,4.591743,2764900,bbva
2020-12-17,4.95,4.97,4.91,4.91,4.619971,2339900,bbva
2020-12-18,4.91,4.93,4.88,4.9,4.610562,4618300,bbva
2020-12-21,4.68,4.79,4.66,4.77,4.488241,4472000,bbva
2020-12-22,4.81,4.85,4.76,4.77,4.488241,2239600,bbva
2020-12-23,4.85,4.96,4.85,4.95,4.657608,2971400,bbva
2020-12-24,4.94,4.97,4.92,4.96,4.667018,1134600,bbva
2020-12-28,4.88,5.03,4.85,5.01,4.714065,9475000,bbva
2020-12-29,5.03,5.04,4.94,4.95,4.657608,2378700,bbva
2020-12-30,5.01,5.06,4.96,4.98,4.685836,3254500,bbva
2020-12-31,4.95,4.96,4.91,4.94,4.648199,1630400,bbva
2021-01-04,5.0,5.01,4.91,4.94,4.648199,5275400,bbva
2021-01-05,4.96,5.05,4.95,5.02,4.7234739999999995,1963000,bbva
2021-01-06,5.23,5.36,5.23,5.31,4.996344000000001,3688600,bbva
2021-01-07,5.31,5.35,5.28,5.3,4.986935,3531300,bbva
2021-01-08,5.27,5.28,5.19,5.26,4.9492970000000005,4418800,bbva
2021-01-11,5.13,5.24,5.12,5.23,4.921069,4568100,bbva
2021-01-12,5.18,5.21,5.15,5.18,4.874022,5291500,bbva
2021-01-13,5.14,5.16,5.09,5.12,4.8175669999999995,2767300,bbva
2021-01-14,5.06,5.1,5.05,5.07,4.770521,1780600,bbva
2021-01-15,5.0,5.03,4.86,4.95,4.657608,2596700,bbva
2021-01-19,4.95,4.95,4.88,4.92,4.6293809999999995,2413700,bbva
2021-01-20,4.9,4.95,4.86,4.94,4.648199,1418400,bbva
2021-01-21,4.97,4.99,4.89,4.92,4.6293809999999995,2126400,bbva
2021-01-22,4.92,4.95,4.84,4.88,4.591743,3992300,bbva
2021-01-25,4.77,4.8,4.69,4.79,4.50706,3379100,bbva
2021-01-26,4.81,4.86,4.79,4.81,4.525878,2496700,bbva
2021-01-27,4.71,4.71,4.59,4.6,4.328283,3435500,bbva
2021-01-28,4.76,4.81,4.74,4.79,4.50706,2068000,bbva
2021-01-29,4.64,4.68,4.56,4.58,4.309464,3489400,bbva
2021-02-01,4.6,4.6,4.53,4.54,4.271827,2260700,bbva
2021-02-02,4.72,4.85,4.71,4.84,4.554106,3044700,bbva
2021-02-03,4.8,4.89,4.76,4.88,4.591743,3592000,bbva
2021-02-04,5.12,5.2,5.12,5.17,4.8646139999999995,2905600,bbva
2021-02-05,5.29,5.31,5.24,5.29,4.977525,3097400,bbva
2021-02-08,5.36,5.44,5.36,5.42,5.099846,2582200,bbva
2021-02-09,5.29,5.31,5.26,5.28,4.968116,2988900,bbva
2021-02-10,5.37,5.4,5.27,5.28,4.968116,1649100,bbva
2021-02-11,5.26,5.31,5.25,5.31,4.996344000000001,1166300,bbva
2021-02-12,5.26,5.34,5.26,5.32,5.0057540000000005,1490900,bbva
2021-02-16,5.42,5.46,5.37,5.44,5.118665,1766800,bbva
2021-02-17,5.34,5.38,5.3,5.38,5.062208999999999,1966300,bbva
2021-02-18,5.39,5.42,5.35,5.38,5.062208999999999,2188100,bbva
2021-02-19,5.43,5.5,5.43,5.45,5.128074,1568400,bbva
2021-02-22,5.37,5.46,5.37,5.41,5.090436,2275300,bbva
2021-02-23,5.59,5.61,5.5,5.57,5.240986,3254800,bbva
2021-02-24,5.57,5.66,5.56,5.66,5.325669,1793000,bbva
2021-02-25,5.82,5.86,5.63,5.65,5.31626,6346600,bbva
2021-02-26,5.6,5.6,5.51,5.57,5.240986,3998200,bbva
2021-03-01,5.54,5.57,5.51,5.55,5.222167,2144100,bbva
2021-03-02,5.51,5.55,5.48,5.53,5.203349,1923900,bbva
2021-03-03,5.58,5.68,5.56,5.6,5.269214,2598100,bbva
2021-03-04,5.61,5.66,5.5,5.56,5.2315760000000004,2883700,bbva
2021-03-05,5.72,5.73,5.59,5.72,5.382125,3122800,bbva
2021-03-08,5.71,5.74,5.67,5.73,5.391535,3436100,bbva
2021-03-09,5.56,5.65,5.49,5.62,5.288033,2888200,bbva
2021-03-10,5.61,5.65,5.53,5.63,5.297442,4172400,bbva
2021-03-11,5.56,5.65,5.53,5.63,5.297442,4703000,bbva
2021-03-12,5.71,5.76,5.67,5.76,5.419763,1699000,bbva
2021-03-15,5.68,5.71,5.55,5.65,5.31626,2268000,bbva
2021-03-16,5.63,5.63,5.53,5.6,5.269214,2064100,bbva
2021-03-17,5.71,5.75,5.65,5.73,5.391535,4070400,bbva
2021-03-18,5.72,5.84,5.67,5.68,5.344488,5420000,bbva
2021-03-19,5.59,5.62,5.54,5.58,5.250395,2707300,bbva
2021-03-22,5.21,5.21,5.14,5.16,4.8552040000000005,3796800,bbva
2021-03-23,5.16,5.19,5.08,5.1,4.798748000000001,3336200,bbva
2021-03-24,5.14,5.22,5.13,5.15,4.845795,2432000,bbva
2021-03-25,5.08,5.17,5.04,5.15,4.845795,2760600,bbva
2021-03-26,5.24,5.28,5.21,5.25,4.939888,1797900,bbva
2021-03-29,5.22,5.26,5.14,5.17,4.8646139999999995,2518800,bbva
2021-03-30,5.25,5.3,5.24,5.28,4.968116,1886300,bbva
2021-03-31,5.26,5.26,5.19,5.22,4.9116599999999995,2000500,bbva
2021-04-01,5.24,5.26,5.21,5.25,4.939888,1612300,bbva
2021-04-05,5.3,5.34,5.29,5.33,5.015162,949300,bbva
2021-04-06,5.39,5.41,5.34,5.36,5.0433900000000005,1358500,bbva
2021-04-07,5.37,5.41,5.35,5.41,5.090436,1349700,bbva
2021-04-08,5.32,5.43,5.29,5.42,5.099846,1153800,bbva
2021-04-09,5.3,5.33,5.26,5.3,4.986935,2514600,bbva
2021-04-12,5.31,5.35,5.3,5.33,5.015162,1065900,bbva
2021-04-13,5.28,5.31,5.24,5.29,4.977525,919600,bbva
2021-04-14,5.3,5.37,5.3,5.35,5.033981,973300,bbva
2021-04-15,5.31,5.32,5.19,5.23,4.921069,1912200,bbva
2021-04-16,5.21,5.27,5.2,5.27,4.958705999999999,1853100,bbva
2021-04-19,5.41,5.47,5.4,5.42,5.099846,2310100,bbva
2021-04-20,5.31,5.31,5.18,5.2,4.892841000000001,1894900,bbva
2021-04-21,5.09,5.23,5.08,5.21,4.902251000000001,1670900,bbva
2021-04-22,5.28,5.31,5.24,5.26,4.9492970000000005,1945400,bbva
2021-04-23,5.25,5.28,5.22,5.26,4.9492970000000005,1219400,bbva
2021-04-26,5.36,5.43,5.36,5.4,5.081028,1448700,bbva
2021-04-27,5.4,5.47,5.37,5.46,5.137484,1177400,bbva
2021-04-28,5.43,5.47,5.42,5.46,5.137484,1171300,bbva
2021-04-29,5.6,5.62,5.5,5.55,5.222167,2095300,bbva
2021-04-30,5.67,5.69,5.59,5.6,5.269214,2050400,bbva
2021-05-03,5.66,5.68,5.6,5.64,5.306851,2051400,bbva
2021-05-04,5.68,5.71,5.58,5.66,5.325669,2147400,bbva
2021-05-05,5.75,5.76,5.71,5.76,5.419763,1407900,bbva
2021-05-06,5.78,5.84,5.72,5.84,5.495037,1487800,bbva
2021-05-07,5.78,5.91,5.77,5.91,5.560903,1383300,bbva
2021-05-10,6.01,6.05,5.91,5.92,5.570312,2117300,bbva
2021-05-11,5.93,6.03,5.92,5.96,5.607949,2915200,bbva
2021-05-12,5.95,5.98,5.84,5.86,5.513856,1614300,bbva
2021-05-13,5.88,5.97,5.87,5.96,5.607949,2874900,bbva
2021-05-14,6.04,6.16,6.03,6.16,5.796135,1567500,bbva
2021-05-17,6.07,6.11,6.04,6.1,5.739679,4288700,bbva
2021-05-18,6.23,6.27,6.19,6.22,5.852591,7235300,bbva
2021-05-19,6.07,6.11,6.0,6.08,5.72086,5233300,bbva
2021-05-20,6.05,6.09,6.01,6.09,5.73027,19383700,bbva
2021-05-21,6.19,6.22,6.15,6.21,5.843182,1622800,bbva
2021-05-24,6.16,6.21,6.14,6.18,5.814954,1678900,bbva
2021-05-25,6.24,6.26,6.16,6.17,5.805544,1640700,bbva
2021-05-26,6.12,6.2,6.1,6.18,5.814954,1527100,bbva
2021-05-27,6.26,6.32,6.23,6.31,5.937275,2207000,bbva
2021-05-28,6.2,6.25,6.16,6.23,5.862,2139900,bbva
2021-06-01,6.35,6.39,6.33,6.37,5.9937309999999995,2018500,bbva
2021-06-02,6.35,6.39,6.31,6.36,5.984321,1371100,bbva
2021-06-03,6.38,6.41,6.36,6.4,6.021958000000001,1361900,bbva
2021-06-04,6.39,6.39,6.3,6.34,5.965503,2968100,bbva
2021-06-07,6.43,6.47,6.4,6.44,6.059596,2144300,bbva
2021-06-08,6.39,6.47,6.37,6.42,6.040776999999999,1430500,bbva
2021-06-09,6.35,6.41,6.31,6.37,5.9937309999999995,2238600,bbva
2021-06-10,6.43,6.43,6.35,6.36,5.984321,1512300,bbva
2021-06-11,6.32,6.38,6.29,6.37,5.9937309999999995,1376800,bbva
2021-06-14,6.37,6.46,6.35,6.42,6.040776999999999,2262700,bbva
2021-06-15,6.47,6.53,6.45,6.51,6.1254610000000005,7360200,bbva
2021-06-16,6.43,6.48,6.36,6.42,6.040776999999999,1867900,bbva
2021-06-17,6.51,6.53,6.34,6.36,5.984321,2124700,bbva
2021-06-18,6.18,6.2,6.12,6.17,5.805544,2092200,bbva
2021-06-21,6.16,6.28,6.15,6.27,5.8996379999999995,1712300,bbva
2021-06-22,6.24,6.3,6.21,6.3,5.927866000000001,854400,bbva
2021-06-23,6.31,6.36,6.28,6.29,5.918456,1451300,bbva
2021-06-24,6.34,6.44,6.32,6.44,6.059596,2046100,bbva
2021-06-25,6.44,6.51,6.42,6.49,6.106642,2172700,bbva
2021-06-28,6.39,6.39,6.28,6.33,5.956093,1717500,bbva
2021-06-29,6.31,6.34,6.24,6.25,5.880819,2301000,bbva
2021-06-30,6.19,6.24,6.16,6.21,5.843182,1510200,bbva
2021-07-01,6.35,6.4,6.32,6.4,6.021958000000001,1342300,bbva
2021-07-02,6.35,6.35,6.24,6.26,5.890228,935500,bbva
2021-07-06,6.38,6.39,6.2,6.21,5.843182,1768900,bbva
2021-07-07,6.11,6.17,6.05,6.14,5.777317,1453200,bbva
2021-07-08,6.0,6.01,5.88,5.93,5.57972,2507700,bbva
2021-07-09,6.07,6.22,6.05,6.22,5.852591,1720300,bbva
2021-07-12,6.11,6.23,6.09,6.23,5.862,946400,bbva
2021-07-13,6.1,6.11,6.03,6.07,5.7114519999999995,1322900,bbva
2021-07-14,6.15,6.18,6.07,6.12,5.758498,944900,bbva
2021-07-15,6.07,6.14,6.05,6.11,5.749089,1019900,bbva
2021-07-16,6.05,6.06,5.92,5.93,5.57972,1223000,bbva
2021-07-19,5.79,5.8,5.7,5.72,5.382125,4175100,bbva
2021-07-20,5.74,5.92,5.73,5.89,5.542084,1573800,bbva
2021-07-21,6.02,6.17,6.02,6.17,5.805544,3467900,bbva
2021-07-22,6.23,6.23,6.1,6.12,5.758498,1310700,bbva
2021-07-23,6.27,6.3,6.23,6.25,5.880819,1407600,bbva
2021-07-26,6.33,6.44,6.33,6.4,6.021958000000001,1169100,bbva
2021-07-27,6.36,6.44,6.33,6.41,6.031368,1213500,bbva
2021-07-28,6.35,6.37,6.27,6.35,5.974912000000001,2876000,bbva
2021-07-29,6.44,6.46,6.38,6.42,6.040776999999999,828400,bbva
2021-07-30,6.38,6.43,6.36,6.37,5.9937309999999995,1729200,bbva
2021-08-02,6.49,6.53,6.39,6.41,6.031368,1453600,bbva
2021-08-03,6.55,6.62,6.48,6.62,6.228962999999999,1380700,bbva
2021-08-04,6.61,6.67,6.6,6.64,6.247782,1334400,bbva
2021-08-05,6.61,6.68,6.6,6.64,6.247782,964600,bbva
2021-08-06,6.72,6.77,6.7,6.77,6.370103,872500,bbva
2021-08-09,6.71,6.76,6.68,6.72,6.323055999999999,830800,bbva
2021-08-10,6.73,6.82,6.71,6.8,6.398331,843200,bbva
2021-08-11,6.86,6.94,6.84,6.93,6.520652,1014200,bbva
2021-08-12,6.91,6.92,6.87,6.9,6.492424,902900,bbva
2021-08-13,6.88,6.9,6.85,6.87,6.464196,895300,bbva
2021-08-16,6.86,6.86,6.8,6.85,6.445377,849000,bbva
2021-08-17,6.68,6.71,6.54,6.61,6.2195540000000005,1375100,bbva
2021-08-18,6.66,6.77,6.65,6.69,6.294828,1107000,bbva
2021-08-19,6.57,6.6,6.49,6.53,6.144279,1268500,bbva
2021-08-20,6.46,6.52,6.43,6.52,6.134869999999999,995700,bbva
2021-08-23,6.53,6.56,6.5,6.53,6.144279,1614800,bbva
2021-08-24,6.41,6.49,6.4,6.46,6.0784139999999995,867200,bbva
2021-08-25,6.64,6.73,6.6,6.7,6.304238,1305500,bbva
2021-08-26,6.63,6.65,6.54,6.56,6.172507,859400,bbva
2021-08-27,6.49,6.6,6.49,6.56,6.172507,2154000,bbva
2021-08-30,6.56,6.56,6.48,6.49,6.106642,741500,bbva
2021-08-31,6.47,6.56,6.45,6.54,6.153689,2592900,bbva
2021-09-01,6.63,6.69,6.62,6.65,6.257191000000001,1687600,bbva
2021-09-02,6.61,6.65,6.57,6.59,6.200736,831400,bbva
2021-09-03,6.63,6.66,6.57,6.61,6.2195540000000005,724700,bbva
2021-09-07,6.57,6.63,6.55,6.55,6.163098000000001,815200,bbva
2021-09-08,6.55,6.6,6.48,6.49,6.106642,1123100,bbva
2021-09-09,6.47,6.53,6.45,6.48,6.097233,959500,bbva
2021-09-10,6.51,6.53,6.44,6.44,6.059596,839000,bbva
2021-09-13,6.54,6.62,6.52,6.59,6.200736,2136000,bbva
2021-09-14,6.69,6.71,6.54,6.56,6.172507,996600,bbva
2021-09-15,6.58,6.64,6.56,6.64,6.247782,836900,bbva
2021-09-16,6.73,6.78,6.67,6.77,6.370103,1086400,bbva
2021-09-17,6.8,6.85,6.64,6.65,6.257191000000001,2660500,bbva
2021-09-20,6.2,6.27,6.05,6.12,5.758498,3715600,bbva
2021-09-21,6.21,6.26,6.12,6.16,5.796135,1623200,bbva
2021-09-22,6.31,6.37,6.29,6.3,5.927866000000001,1001900,bbva
2021-09-23,6.4,6.53,6.4,6.51,6.1254610000000005,836400,bbva
2021-09-24,6.57,6.63,6.57,6.62,6.228962999999999,1173900,bbva
2021-09-27,6.68,6.75,6.68,6.71,6.3136470000000005,1432400,bbva
2021-09-28,6.71,6.75,6.61,6.63,6.238373,3141000,bbva
2021-09-29,6.55,6.65,6.51,6.62,6.228962999999999,1357200,bbva
2021-09-30,6.64,6.68,6.58,6.59,6.200736,1922300,bbva
2021-10-01,6.52,6.59,6.46,6.55,6.163098000000001,1939700,bbva
2021-10-04,6.57,6.65,6.52,6.55,6.163098000000001,1922500,bbva
2021-10-05,6.79,6.96,6.77,6.88,6.473606,2414600,bbva
2021-10-06,6.84,6.91,6.79,6.88,6.473606,1858900,bbva
2021-10-07,6.95,6.99,6.88,6.89,6.483015,1517000,bbva
2021-10-08,6.82,6.87,6.81,6.82,6.504951999999999,776700,bbva
2021-10-11,6.82,6.84,6.73,6.73,6.41911,912800,bbva
2021-10-12,6.78,6.79,6.73,6.77,6.457262,870300,bbva
2021-10-13,6.69,6.69,6.54,6.59,6.285577,1042200,bbva
2021-10-14,6.56,6.58,6.49,6.53,6.228349,1223100,bbva
2021-10-15,6.7,6.75,6.65,6.71,6.400034,1076100,bbva
2021-10-18,6.67,6.77,6.65,6.74,6.428648,1081000,bbva
2021-10-19,6.7,6.75,6.69,6.72,6.409572,1169200,bbva
2021-10-20,6.69,6.82,6.68,6.81,6.495414,702300,bbva
2021-10-21,6.64,6.66,6.57,6.6,6.295115,1336200,bbva
2021-10-22,6.61,6.66,6.58,6.61,6.304653,1403100,bbva
2021-10-25,6.61,6.63,6.57,6.59,6.285577,1208800,bbva
2021-10-26,6.58,6.61,6.53,6.56,6.256963,959900,bbva
2021-10-27,6.51,6.53,6.46,6.48,6.180658,972800,bbva
2021-10-28,6.48,6.6,6.47,6.59,6.285577,1140800,bbva
2021-10-29,6.98,7.08,6.94,6.97,6.648022999999999,2359400,bbva
2021-11-01,7.22,7.26,7.19,7.23,6.896012,1759800,bbva
2021-11-02,7.13,7.13,7.07,7.09,6.76248,1108100,bbva
2021-11-03,7.02,7.2,7.01,7.16,6.829246,758800,bbva
2021-11-04,7.04,7.04,6.89,6.94,6.619408999999999,1100800,bbva
2021-11-05,6.97,7.0,6.88,6.93,6.609871000000001,849800,bbva
2021-11-08,6.95,6.98,6.92,6.95,6.628947,550800,bbva
2021-11-09,6.89,6.92,6.84,6.85,6.533566,720600,bbva
2021-11-10,6.92,6.95,6.85,6.86,6.543105000000001,631700,bbva
2021-11-11,6.91,6.96,6.9,6.94,6.619408999999999,849400,bbva
2021-11-12,6.95,6.99,6.92,6.95,6.628947,618200,bbva
2021-11-15,6.67,6.7,6.63,6.65,6.342805,1374700,bbva
2021-11-16,6.59,6.62,6.54,6.54,6.237887000000001,1451700,bbva
2021-11-17,6.53,6.56,6.5,6.52,6.218811,941500,bbva
2021-11-18,6.14,6.25,6.09,6.22,5.932669000000001,2355300,bbva
2021-11-19,6.13,6.15,6.07,6.11,5.827751,4458400,bbva
2021-11-22,6.04,6.14,6.02,6.1,5.818213,2796200,bbva
2021-11-23,6.04,6.06,5.95,5.99,5.713294,2186800,bbva
2021-11-24,5.87,5.92,5.79,5.83,5.560684999999999,1694000,bbva
2021-11-26,5.59,5.61,5.48,5.53,5.274544000000001,2097700,bbva
2021-11-29,5.53,5.54,5.41,5.42,5.169625,2780900,bbva
2021-11-30,5.42,5.45,5.28,5.3,5.055169,3050600,bbva
2021-12-01,5.45,5.47,5.27,5.27,5.026554,3663200,bbva
2021-12-02,5.35,5.46,5.35,5.42,5.169625,1678500,bbva
2021-12-03,5.49,5.49,5.36,5.38,5.131473000000001,2094400,bbva
2021-12-06,5.52,5.65,5.49,5.61,5.350848,2135100,bbva
2021-12-07,5.7,5.74,5.69,5.73,5.465304,7871300,bbva
2021-12-08,5.89,5.92,5.82,5.84,5.570223,5143500,bbva
2021-12-09,5.82,5.85,5.67,5.7,5.4366900000000005,3562400,bbva
2021-12-10,5.73,5.81,5.71,5.78,5.512995,2402700,bbva
2021-12-13,5.76,5.78,5.68,5.68,5.417614,2217000,bbva
2021-12-14,5.74,5.83,5.68,5.71,5.446229,2811900,bbva
2021-12-15,5.76,5.77,5.65,5.74,5.474843,2831700,bbva
2021-12-16,5.79,5.81,5.67,5.7,5.4366900000000005,2337900,bbva
2021-12-17,5.51,5.6,5.48,5.52,5.265006,3813700,bbva
2021-12-20,5.55,5.63,5.5,5.61,5.350848,4193800,bbva
2021-12-21,5.64,5.67,5.63,5.65,5.389,2690400,bbva
2021-12-22,5.68,5.75,5.67,5.73,5.465304,1756400,bbva
2021-12-23,5.79,5.84,5.78,5.82,5.551147,1786200,bbva
2021-12-27,5.86,5.91,5.83,5.89,5.617913,1893900,bbva
2021-12-28,5.87,5.91,5.85,5.86,5.589299,1095700,bbva
2021-12-29,5.89,5.95,5.88,5.91,5.636989,1699200,bbva
2021-12-30,5.92,5.93,5.88,5.89,5.617913,825800,bbva
2021-12-31,5.86,5.9,5.85,5.87,5.5988370000000005,849500,bbva
2022-01-03,5.9,5.95,5.89,5.95,5.675141,3082200,bbva
2022-01-04,6.11,6.12,6.06,6.07,5.789598000000001,2367100,bbva
2022-01-05,6.13,6.13,5.96,5.97,5.694218,1413000,bbva
2022-01-06,6.13,6.21,6.08,6.21,5.923131,1927800,bbva
2022-01-07,6.21,6.36,6.21,6.36,6.066202,1515500,bbva
2022-01-10,6.33,6.36,6.27,6.33,6.0375879999999995,1868300,bbva
2022-01-11,6.35,6.42,6.3,6.42,6.12343,2431400,bbva
2022-01-12,6.46,6.54,6.44,6.54,6.237887000000001,1518500,bbva
2022-01-13,6.55,6.61,6.53,6.54,6.237887000000001,1640200,bbva
2022-01-14,6.55,6.64,6.53,6.63,6.32373,1348300,bbva
2022-01-18,6.57,6.63,6.53,6.56,6.256963,2571500,bbva
2022-01-19,6.54,6.56,6.4,6.41,6.113892,4046200,bbva
2022-01-20,6.41,6.49,6.35,6.37,6.075740000000001,2643900,bbva
2022-01-21,6.36,6.39,6.3,6.31,6.018512,2317300,bbva
2022-01-24,6.2,6.27,6.03,6.27,5.98036,2591800,bbva
2022-01-25,6.18,6.32,6.1,6.27,5.98036,2539300,bbva
2022-01-26,6.36,6.42,6.24,6.29,5.999435,2822800,bbva
2022-01-27,6.38,6.42,6.24,6.31,6.018512,1953200,bbva
2022-01-28,6.29,6.38,6.25,6.37,6.075740000000001,2109400,bbva
2022-01-31,6.29,6.39,6.27,6.38,6.085278,2067600,bbva
2022-02-01,6.43,6.52,6.42,6.51,6.2092730000000005,1507700,bbva
2022-02-02,6.61,6.65,6.56,6.63,6.32373,1711800,bbva
2022-02-03,6.53,6.59,6.43,6.47,6.171119999999999,2191500,bbva
2022-02-04,6.48,6.65,6.47,6.58,6.276039,1990800,bbva
2022-02-07,6.57,6.63,6.55,6.57,6.266501,2272100,bbva
2022-02-08,6.7,6.8,6.69,6.79,6.476338,2511900,bbva
2022-02-09,6.79,6.88,6.79,6.85,6.533566,2841100,bbva
2022-02-10,6.86,6.97,6.86,6.91,6.590795,2717300,bbva
2022-02-11,6.76,6.8,6.53,6.58,6.276039,7695300,bbva
2022-02-14,6.55,6.57,6.39,6.43,6.132968,3602600,bbva
2022-02-15,6.58,6.69,6.58,6.65,6.342805,2160200,bbva
2022-02-16,6.53,6.64,6.53,6.61,6.304653,1791100,bbva
2022-02-17,6.57,6.58,6.44,6.48,6.180658,1587700,bbva
2022-02-18,6.49,6.53,6.42,6.46,6.161582,1806400,bbva
2022-02-22,6.41,6.51,6.32,6.38,6.085278,3359600,bbva
2022-02-23,6.48,6.5,6.3,6.33,6.0375879999999995,2860600,bbva
2022-02-24,5.87,6.08,5.84,6.06,5.78006,4384400,bbva
2022-02-25,6.08,6.16,6.07,6.14,5.856365,3136800,bbva
2022-02-28,5.84,5.98,5.83,5.88,5.608376,2599900,bbva
2022-03-01,5.81,5.83,5.54,5.61,5.350848,4242600,bbva
2022-03-02,5.81,5.83,5.73,5.81,5.541608999999999,3723400,bbva
2022-03-03,5.72,5.74,5.59,5.64,5.379462,3569700,bbva
2022-03-04,5.35,5.38,5.22,5.29,5.04563,5277200,bbva
2022-03-07,5.04,5.06,4.76,4.8,4.578266,6317500,bbva
2022-03-08,5.17,5.34,4.97,5.16,4.921635,7490100,bbva
2022-03-09,5.44,5.62,5.41,5.53,5.274544000000001,6267600,bbva
2022-03-10,5.53,5.63,5.46,5.51,5.2554669999999994,4641400,bbva
2022-03-11,5.57,5.61,5.38,5.39,5.141011,3344100,bbva
2022-03-14,5.56,5.64,5.51,5.56,5.303157,3392600,bbva
2022-03-15,5.62,5.69,5.56,5.65,5.389,3824600,bbva
2022-03-16,5.8,6.0,5.77,5.91,5.636989,5415900,bbva
2022-03-17,5.79,5.93,5.77,5.9,5.627451000000001,2887600,bbva
2022-03-18,5.74,5.86,5.73,5.85,5.579761,2445000,bbva
2022-03-21,5.85,5.87,5.78,5.84,5.570223,3012600,bbva
2022-03-22,5.89,5.95,5.87,5.88,5.608376,2861900,bbva
2022-03-23,5.75,5.78,5.66,5.66,5.398537999999999,1729800,bbva
2022-03-24,5.65,5.72,5.63,5.66,5.398537999999999,2825300,bbva
2022-03-25,5.61,5.69,5.59,5.68,5.417614,2137000,bbva
2022-03-28,5.72,5.75,5.63,5.75,5.484381,2660000,bbva
2022-03-29,6.08,6.12,5.98,6.05,5.770523000000001,3519100,bbva
2022-03-30,6.02,6.03,5.91,5.94,5.665604,2863600,bbva
2022-03-31,5.82,5.83,5.68,5.69,5.4271519999999995,3010400,bbva
2022-04-01,5.82,5.85,5.7,5.76,5.493919,8192900,bbva
2022-04-04,5.76,5.83,5.72,5.83,5.560684999999999,6675100,bbva
2022-04-05,5.67,5.72,5.63,5.65,5.389,3092100,bbva
2022-04-06,5.29,5.31,5.22,5.27,5.27,3312100,bbva
2022-04-07,5.37,5.4,5.24,5.33,5.33,3168700,bbva
2022-04-08,5.32,5.34,5.29,5.29,5.29,2284200,bbva
2022-04-11,5.39,5.45,5.32,5.33,5.33,2731100,bbva
2022-04-12,5.4,5.43,5.3,5.34,5.34,2071700,bbva
2022-04-13,5.3,5.39,5.29,5.38,5.38,1589000,bbva
2022-04-14,5.38,5.46,5.36,5.41,5.41,2822400,bbva
2022-04-18,5.39,5.47,5.35,5.45,5.45,1236400,bbva
2022-04-19,5.47,5.53,5.47,5.5,5.5,1189500,bbva
2022-04-20,5.6,5.61,5.45,5.5,5.5,1566600,bbva
2022-04-21,5.61,5.63,5.46,5.47,5.47,1495700,bbva
2022-04-22,5.47,5.48,5.34,5.34,5.34,2017000,bbva
2022-04-25,5.27,5.29,5.14,5.29,5.29,2417300,bbva
2022-04-26,5.05,5.09,4.95,4.95,4.95,3205200,bbva
