2017-04-27,17.187416,17.356882000000002,16.982273,17.334585,15.088674,623387.0,cie
2017-04-28,17.347963,17.695814000000002,17.289989000000002,17.611082,15.329347,376083.0,cie
2017-05-02,17.660137,17.758249,17.553106,17.722572,15.426388000000001,232733.0,cie
2017-05-03,17.727034,17.785007,17.432697,17.557568,15.282764000000002,315420.0,cie
2017-05-04,17.700275,17.869741,17.432697,17.758249,15.457445000000002,486518.0,cie
2017-05-05,17.588783,18.021368,17.481752,17.874201,15.558373000000001,430720.0,cie
2017-05-08,18.061504,18.061504,17.816225,17.958933,15.632128,215714.0,cie
2017-05-09,17.963392000000002,18.016909,17.816225,17.927715,15.604956,188632.0,cie
2017-05-10,17.892038,17.981232000000002,17.838524,17.981232000000002,15.651534,201108.0,cie
2017-05-11,17.941095,17.976772,17.856361,17.927715,15.604956,264496.0,cie
2017-05-12,18.262188000000002,18.262188000000002,17.842983,17.958933,15.632128,203773.0,cie
2017-05-15,18.061504,18.150698000000002,17.874201,18.1061,15.760229,186195.0,cie
2017-05-16,18.164076,18.24435,17.967854,18.222051999999998,15.861157,926175.0,cie
2017-05-17,18.128398999999998,18.355841,17.972313,18.172997,15.818453,306101.0,cie
2017-05-18,18.204212,18.204212,17.615541,17.798388,15.492386999999999,408279.0,cie
2017-05-19,17.789467000000002,17.927715,17.6423,17.789467000000002,15.484617000000002,312033.0,cie
2017-05-22,17.838524,17.838524,17.615541,17.758249,15.457445000000002,216186.0,cie
2017-05-23,17.718113,18.338001000000002,17.718113,18.097181,15.752464000000002,339593.0,cie
2017-05-24,18.039207,18.208673,18.034746,18.159616,15.806809,174953.0,cie
2017-05-25,18.159616,18.96681,18.159616,18.855318,16.412374,320163.0,cie
2017-05-26,18.868698000000002,18.890997,18.569902,18.810722,16.373556,452566.0,cie
2017-05-29,18.850861,19.024784,18.73045,18.962351,16.505541,142747.0,cie
2017-05-30,18.980188000000002,19.113977,18.917753,18.998028,16.536592000000002,653634.0,cie
2017-05-31,18.948973000000002,18.98465,18.739368,18.908834,16.458956,387779.0,cie
2017-06-01,18.908834,19.221007999999998,18.864239,19.176413,16.691866,151764.0,cie
2017-06-02,19.176413,19.724947,19.176413,19.640214999999998,17.095577,423732.0,cie
2017-06-05,19.608997,19.693729,19.314660999999997,19.368177,16.858784,105469.0,cie
2017-06-06,19.328039,19.501966,19.09614,19.176413,16.691866,112102.0,cie
2017-06-07,19.09614,19.22547,19.011406,19.100599,16.625877,85134.0,cie
2017-06-08,18.748287,19.176413,18.734909,18.828561999999998,16.389082000000002,268536.0,cie
2017-06-09,18.792885000000002,18.98465,18.578820999999998,18.645718,16.229931,205189.0,cie
2017-06-12,18.578820999999998,18.72599,18.476252,18.578820999999998,16.171703,140605.0,cie
2017-06-13,18.659095999999998,18.788425,18.507467000000002,18.721531,16.295919,69926.0,cie
2017-06-14,18.699232000000002,18.859779,18.610041,18.681395000000002,16.260983,94293.0,cie
2017-06-15,18.650175,18.650175,18.355841,18.422735,16.035837,119819.0,cie
2017-06-16,18.453953,18.641256,18.320164000000002,18.47179,16.078537,239535.0,cie
2017-06-19,18.60112,19.002487,18.587742000000002,18.788425,16.354149,421932.0,cie
2017-06-20,18.913294,18.913294,18.618959,18.668015,16.249336,165508.0,cie
2017-06-21,18.498549,18.752748,18.395977,18.694773,16.272631,190796.0,cie
2017-06-22,18.583282,18.810722,18.556524,18.71261,16.288155,104131.0,cie
2017-06-23,18.659095999999998,18.73045,18.400436,18.592201,16.183348000000002,119827.0,cie
2017-06-26,18.663555,18.73045,18.538685,18.552065,16.148413,161378.0,cie
2017-06-27,18.418276000000002,18.453953,17.392559,18.181915,15.826217000000002,1612243.0,cie
2017-06-28,18.141779,18.364759,17.918797,18.297864999999998,15.927147,134180.0,cie
2017-06-29,18.378139,18.378139,17.762711,17.762711,15.461325,205184.0,cie
2017-06-30,17.762711,18.00799,17.762711,17.923256,15.601071,96483.0,cie
2017-07-03,17.88312,18.101643,17.490671,17.958933,15.817453,95975.0,cie
2017-07-04,17.838524,17.909878,17.704735,17.838524,15.711403,99460.0,cie
2017-07-05,17.900957000000002,18.11948,17.807306,18.030289,15.880301000000001,125878.0,cie
2017-07-06,17.976772,17.981232000000002,17.758249,17.954473,15.813526999999999,82459.0,cie
2017-07-07,17.918797,18.181915,17.76717,18.181915,16.013847,133318.0,cie
2017-07-10,18.195293,18.280027,18.016909,18.146238,15.982427,108104.0,cie
2017-07-11,18.159616,18.297864999999998,18.097181,18.11948,15.958855999999999,70656.0,cie
2017-07-12,18.253269,18.329082,18.155157,18.311243,16.127751999999997,121902.0,cie
2017-07-13,18.369219,18.538685,18.288946,18.431654,16.233805,55077.0,cie
2017-07-14,18.462872,18.534225,18.333542,18.458412,16.257374,43110.0,cie
2017-07-17,18.538685,18.614498,18.320164000000002,18.605579000000002,16.386992000000003,64530.0,cie
2017-07-18,18.569902,18.596660999999997,18.239889,18.418276000000002,16.222025,92271.0,cie
2017-07-19,18.462872,19.105059,18.458412,19.105059,16.82691,307389.0,cie
2017-07-20,18.993568,18.998028,18.708151,18.828561999999998,16.583387,113419.0,cie
2017-07-21,18.734909,18.980188000000002,18.404898,18.592201,16.37521,267962.0,cie
2017-07-24,18.610041,18.743828,18.195293,18.685852,16.457691,135365.0,cie
2017-07-25,18.614498,18.792885000000002,18.355841,18.583282,16.367353,91436.0,cie
2017-07-26,18.395977,18.779507000000002,18.324623000000003,18.708151,16.477332999999998,95711.0,cie
2017-07-27,18.623419000000002,18.868698000000002,18.462872,18.476252,16.273087,84709.0,cie
2017-07-28,18.453953,18.690313,18.306786,18.632338,16.410563,101366.0,cie
2017-07-31,18.525307,18.743828,18.525307,18.668015,16.441982,89534.0,cie
2017-08-01,18.868698000000002,19.399393,18.819641,19.265606,16.968315,168332.0,cie
2017-08-02,19.3325,19.386015,19.033704999999998,19.247766,16.952602,150590.0,cie
2017-08-03,19.207629999999998,19.296823999999997,18.917753,18.998028,16.732641,231276.0,cie
2017-08-04,19.015864999999998,19.015864999999998,18.904375,18.935593,16.67765,281822.0,cie
2017-08-07,18.926674,19.024784,18.833021,18.873158,16.622662,90772.0,cie
2017-08-08,18.922214999999998,19.047082999999997,18.890997,18.926674,16.6698,97076.0,cie
2017-08-09,18.819641,18.908834,18.48517,18.71261,16.48126,118073.0,cie
2017-08-10,18.71261,18.850861,18.511929000000002,18.828561999999998,16.583387,74492.0,cie
2017-08-11,18.72599,18.890997,18.453953,18.636797,16.414486,93246.0,cie
2017-08-14,18.694773,19.118437,18.618959,19.118437,16.838697,147739.0,cie
2017-08-15,19.247766,19.274525,18.962351,19.033704999999998,16.764067,57617.0,cie
2017-08-16,19.189792999999998,19.243307,19.060463000000002,19.198711,16.909397,114045.0,cie
2017-08-17,19.069382,19.265606,19.069382,19.261147,16.964388,122242.0,cie
2017-08-18,19.154116000000002,19.154116000000002,18.824102,18.975729,16.713005,69786.0,cie
2017-08-21,18.908834,19.020326999999998,18.761667000000003,18.97127,16.709073999999998,209322.0,cie
2017-08-22,19.015864999999998,19.131817,18.882076,19.087219,16.811199,50168.0,cie
2017-08-23,19.176413,19.198711,19.038164000000002,19.163034,16.877974,41586.0,cie
2017-08-24,19.091681,19.176413,18.96681,19.069382,16.79549,65694.0,cie
2017-08-25,19.180872,19.180872,18.890997,18.948973000000002,16.689435999999997,48659.0,cie
2017-08-28,18.96681,18.96681,18.73045,18.73045,16.496973,45273.0,cie
2017-08-29,18.775045000000002,18.775045000000002,18.315704,18.449493,16.249516,148321.0,cie
2017-08-30,18.623419000000002,18.734909,18.467331,18.73045,16.496973,57541.0,cie
2017-08-31,18.73045,18.810722,18.462872,18.775045000000002,16.536248999999998,71714.0,cie
2017-09-01,18.980188000000002,19.3325,18.859779,19.176413,16.889758999999998,256962.0,cie
2017-09-04,18.98465,19.140735999999997,18.895456,19.002487,16.736572,57287.0,cie
2017-09-05,19.056004,19.314660999999997,18.953429999999997,19.265606,16.968315,80174.0,cie
2017-09-06,19.234388,19.301282999999998,19.015864999999998,19.136276000000002,16.854406,67772.0,cie
2017-09-07,19.216549,19.216549,18.944511,19.015864999999998,16.748352,123712.0,cie
2017-09-08,18.828561999999998,19.006947,18.668015,18.828561999999998,16.583387,100086.0,cie
2017-09-11,19.216549,19.310202,18.904375,19.310202,17.007593,65627.0,cie
2017-09-12,19.21209,19.234388,18.676933,19.21209,16.921179000000002,260013.0,cie
2017-09-13,19.149654,19.399393,19.122896,19.359258999999998,17.0508,162516.0,cie
2017-09-14,19.345879,19.345879,18.953429999999997,19.265606,16.968315,103849.0,cie
2017-09-15,19.283443,19.426151,19.105059,19.394935999999998,17.082226000000002,226321.0,cie
2017-09-18,19.394935999999998,19.796301,19.278984,19.756165,17.400377,124510.0,cie
2017-09-19,19.996984,20.335917000000002,19.898872,20.179831,17.773523,146367.0,cie
2017-09-20,20.126314,20.175369,19.921170999999998,20.010365,17.624268,77949.0,cie
2017-09-21,20.023743,20.157532,19.996984,20.077257,17.683184,54817.0,cie
2017-09-22,20.05496,20.05496,19.662512,19.93009,17.553564,76163.0,cie
2017-09-25,19.983605999999998,20.001444,19.831978,19.947929000000002,17.569275,117807.0,cie
2017-09-26,19.889954,20.233345,19.889954,20.014824,17.628199,96353.0,cie
2017-09-27,20.086178,20.246723,19.889954,20.188748999999998,17.78138,58040.0,cie
2017-09-28,20.18429,20.246723,20.086178,20.18429,17.777452,69613.0,cie
2017-09-29,20.139692,20.31362,20.028202,20.148611,17.746026999999998,180033.0,cie
2017-10-02,19.720488,20.326998,19.711569,20.242264000000002,17.828514000000002,174221.0,cie
2017-10-03,20.451866,20.514301,20.099556,20.30024,17.879576,222239.0,cie
2017-10-04,20.291321,20.804178,20.117395000000002,20.670389,18.205589,234873.0,cie
2017-10-05,20.670389,20.755121,20.541059,20.679308,18.213444,124237.0,cie
2017-10-06,20.772961,21.165407000000002,20.772961,21.116352,18.598373000000002,363505.0,cie
2017-10-09,21.227842000000003,21.504339,21.227842000000003,21.317035999999998,18.775126,251604.0,cie
2017-10-10,21.317035999999998,21.593532999999997,21.223383,21.459743,18.900814,155242.0,cie
2017-10-11,21.669346,21.771917000000002,21.406226999999998,21.62921,19.050074,484661.0,cie
2017-10-12,21.62921,21.62921,21.468662,21.584614000000002,19.010798,56240.0,cie
2017-10-13,21.571236,21.803135,21.468662,21.540016,18.971519,174971.0,cie
2017-10-16,21.428526,21.727322,21.406226999999998,21.62921,19.050074,68950.0,cie
2017-10-17,21.553396,21.919086,21.553396,21.727322,19.13649,78411.0,cie
2017-10-18,21.892328,21.936923999999998,21.709482,21.709482,19.120775,95114.0,cie
2017-10-19,21.562314999999998,21.834352,21.303658,21.51326,18.947951999999997,98308.0,cie
2017-10-20,21.490961,21.620291,21.464203,21.584614000000002,19.010798,94242.0,cie
2017-10-23,21.606913,21.660427,21.406226999999998,21.589073000000003,19.014723,55066.0,cie
2017-10-24,21.522179,21.544477,21.37055,21.517719,18.951883,111563.0,cie
2017-10-25,21.540016,21.86557,21.424067,21.495420000000003,18.932241,172527.0,cie
2017-10-26,21.62921,21.852192000000002,21.504339,21.771917000000002,19.17577,216967.0,cie
2017-10-27,21.62921,22.061794,21.62921,21.941383,19.325024,109550.0,cie
2017-10-30,22.253557,22.284775,22.101931,22.110848999999998,19.474283,121918.0,cie
2017-10-31,22.280314999999998,22.82885,22.244638000000002,22.761955,20.047747,154345.0,cie
2017-11-01,22.744118,23.033993,22.69952,22.82439,20.102739,112982.0,cie
2017-11-02,22.931421,23.181162,22.69952,22.788713,20.071317999999998,92926.0,cie
2017-11-03,22.873447,23.029532999999997,22.58803,22.761955,20.047747,127826.0,cie
2017-11-06,22.837770000000003,23.190081,22.744118,22.967098,20.228432,94917.0,cie
2017-11-07,23.248056,23.368465,22.958179,23.181162,20.416965,364409.0,cie
2017-11-08,23.256975,23.355087,22.73074,22.837770000000003,20.114523000000002,124230.0,cie
2017-11-09,22.886826,22.895744,22.445322,22.552353,19.863142,126678.0,cie
2017-11-10,22.654923999999998,22.654923999999998,22.182203,22.226801000000002,19.576406,105517.0,cie
2017-11-13,22.307074,22.369509,21.74962,21.834352,19.230757,117563.0,cie
2017-11-14,21.771917000000002,22.030576999999997,21.771917000000002,21.852192000000002,19.246469,108113.0,cie
2017-11-15,21.856651,21.856651,21.290277,21.357172,18.810476,102594.0,cie
2017-11-16,21.51326,21.696104000000002,21.441904,21.450825,18.892962,232074.0,cie
2017-11-17,21.562314999999998,21.950302,21.499879999999997,21.812056,19.211117,272453.0,cie
2017-11-20,21.852192000000002,21.963682000000002,21.633669,21.852192000000002,19.246469,119793.0,cie
2017-11-21,21.852192000000002,22.115311,21.771917000000002,21.86557,19.258253,95205.0,cie
2017-11-22,21.878948,22.115311,21.807594,21.936923999999998,19.321095,123590.0,cie
2017-11-23,21.945845000000002,22.186664999999998,21.88341,21.88341,19.27396,72261.0,cie
2017-11-24,21.887869,22.164366,21.807594,22.164366,19.521416000000002,104755.0,cie
2017-11-27,22.075172,22.23572,21.968142,22.035035999999998,19.407511,94856.0,cie
2017-11-28,22.101931,22.275856,22.030576999999997,22.119768,19.48214,60108.0,cie
2017-11-29,22.200043,22.289234,22.012736999999998,22.075172,19.442857999999998,81475.0,cie
2017-11-30,22.146526,22.159906,21.807594,21.9949,19.37216,159220.0,cie
2017-12-01,22.030576999999997,22.030576999999997,21.031617999999998,21.366091,18.818331,363221.0,cie
2017-12-04,21.522179,21.647049,21.357172,21.392849,18.841896,236226.0,cie
2017-12-05,21.397308,21.486501999999998,21.183247,21.285818,18.747633,188555.0,cie
2017-12-06,21.214464000000003,21.74962,21.094053,21.709482,19.120775,178199.0,cie
2017-12-07,21.633669,21.700563,21.276899,21.410688,18.857611,73772.0,cie
2017-12-08,21.468662,21.531097,21.227842000000003,21.299196,18.759413000000002,75278.0,cie
2017-12-11,21.285818,21.392849,21.076216,21.165407000000002,18.641579,80825.0,cie
2017-12-12,21.174328,21.317035999999998,20.960264000000002,21.174328,18.649433,107906.0,cie
2017-12-13,21.187706,21.464203,21.183247,21.321495000000002,18.779053,125884.0,cie
2017-12-14,21.361631,21.718403,21.334873,21.673804999999998,19.089354,213669.0,cie
2017-12-15,21.638128,21.718403,21.432985000000002,21.548937,18.979372,254884.0,cie
2017-12-18,21.548937,21.762999,21.540016,21.593532999999997,19.018656,99694.0,cie
2017-12-19,21.589073000000003,21.762999,21.548937,21.722862,19.132563,85482.0,cie
2017-12-20,21.762999,22.093011999999998,21.709482,21.829893,19.22683,147931.0,cie
2017-12-21,21.9949,22.195583,21.620291,22.128689,19.489995999999998,315111.0,cie
2017-12-22,21.945845000000002,21.968142,21.789757,21.870029000000002,19.262179999999997,69623.0,cie
2017-12-27,21.852192000000002,21.910166,21.713943,21.816513,19.215044,94005.0,cie
2017-12-28,21.731780999999998,21.941383,21.731780999999998,21.812056,19.211117,80046.0,cie
2017-12-29,21.780835999999997,21.780835999999997,21.477583,21.593532999999997,19.018656,82738.0,cie
2018-01-02,21.602451000000002,21.678267,21.138651,21.678267,19.093283,134885.0,cie
2018-01-03,21.655967999999998,21.870029000000002,21.459743,21.477583,19.164054999999998,127245.0,cie
2018-01-04,21.691645,22.405185999999997,21.691645,22.405185999999997,19.991739000000003,145341.0,cie
2018-01-05,22.58357,22.744118,22.4587,22.654923999999998,20.214575,134165.0,cie
2018-01-08,22.761955,22.940342,22.60141,22.654923999999998,20.214575,667574.0,cie
2018-01-09,22.654923999999998,23.225758,22.654923999999998,23.047373,20.564749,148686.0,cie
2018-01-10,23.029532999999997,23.029532999999997,22.726278,22.868986,20.405579,100346.0,cie
2018-01-11,22.922503,22.976019,22.58357,22.779795,20.325994,129940.0,cie
2018-01-12,22.779795,23.029532999999997,22.726278,22.744118,20.294163,55337.0,cie
2018-01-15,22.868986,22.868986,22.654923999999998,22.833309,20.373743,120634.0,cie
2018-01-16,22.833309,23.011696,22.708441,22.958179,20.485165,102791.0,cie
2018-01-17,22.797632,23.011696,22.708441,22.886826,20.421495,123946.0,cie
2018-01-18,22.886826,22.904663,22.672764,22.833309,20.373743,62136.0,cie
2018-01-19,22.761955,23.314951,22.726278,23.261435000000002,20.755754,214634.0,cie
2018-01-22,23.190081,23.421982,22.976019,23.404142,20.883087,173642.0,cie
2018-01-23,23.54685,23.974976,23.529013,23.850105,21.281013,211636.0,cie
2018-01-24,23.921459,24.278230999999998,23.707397,24.099846,21.503853,175295.0,cie
2018-01-25,24.010653,24.349585,23.885782,24.331745,21.710773,224029.0,cie
2018-01-26,24.403098999999997,25.205833,24.313907999999998,24.670676999999998,22.013195,270059.0,cie
2018-01-29,24.706354,24.795547,24.492292000000003,24.635,21.981361,164494.0,cie
2018-01-30,24.581485999999998,24.635,24.206877,24.385262,21.758523999999998,187394.0,cie
2018-01-31,24.385262,24.795547,24.331745,24.652839999999998,21.997276,152417.0,cie
2018-02-01,24.759871,24.884741,24.438778,24.635,21.981361,144022.0,cie
2018-02-02,24.599323000000002,24.777707999999997,23.939299,24.046329,21.4561,211353.0,cie
2018-02-05,23.778751,23.903622,23.243595000000003,23.743074,21.185510999999998,149824.0,cie
2018-02-06,23.314951,23.974976,22.976019,23.707397,21.153679,334388.0,cie
2018-02-07,23.832268,24.527969,23.832268,24.510132000000002,21.869944,168080.0,cie
2018-02-08,24.420938,24.474455,23.992813,24.082006,21.487932,219416.0,cie
2018-02-09,23.957136,24.1712,23.54685,23.778751,21.217346,438415.0,cie
2018-02-12,24.064169,24.1712,23.778751,23.903622,21.328764000000003,174060.0,cie
2018-02-13,23.921459,23.957136,23.636044000000002,23.636044000000002,21.090007999999997,168650.0,cie
2018-02-14,23.778751,24.474455,23.743074,24.278230999999998,21.663019,182684.0,cie
2018-02-15,24.420938,24.599323000000002,24.010653,24.15336,21.551601,107730.0,cie
2018-02-16,24.189037,24.403098999999997,23.992813,24.331745,21.710773,93348.0,cie
2018-02-19,24.385262,24.474455,24.296067999999998,24.349585,21.726685999999997,63498.0,cie
2018-02-20,24.385262,24.599323000000002,24.349585,24.527969,21.885862,80761.0,cie
2018-02-21,24.403098999999997,24.510132000000002,24.278230999999998,24.403098999999997,21.774439,121642.0,cie
2018-02-22,24.206877,24.884741,24.15336,24.795547,22.124615,108066.0,cie
2018-02-23,24.938254999999998,24.973932,24.385262,24.474455,21.838106,109927.0,cie
2018-02-26,24.635,24.795547,24.492292000000003,24.581485999999998,21.933613,86480.0,cie
2018-02-27,24.617163,24.706354,24.331745,24.474455,21.838106,129882.0,cie
2018-02-28,24.510132000000002,24.973932,24.456615,24.706354,22.045029,163083.0,cie
2018-03-01,24.724194,24.759871,24.028489999999998,24.064169,21.472017,134726.0,cie
2018-03-02,23.957136,23.957136,23.06521,23.279272,20.771669,271246.0,cie
2018-03-05,23.08305,23.314951,22.637087,23.011696,20.532913,331768.0,cie
2018-03-06,23.190081,23.404142,22.886826,23.011696,20.532913,273122.0,cie
2018-03-07,22.958179,23.190081,22.744118,23.154404,20.660252,252229.0,cie
2018-03-08,23.172241,23.725237,23.154404,23.439819,20.914925,409185.0,cie
2018-03-09,23.457659,24.117683,23.457659,24.117683,21.519768,632699.0,cie
2018-03-12,24.349585,24.367422,23.885782,24.010653,21.424267,159869.0,cie
2018-03-13,24.010653,24.296067999999998,23.992813,24.224714000000002,21.615269,257739.0,cie
2018-03-14,24.224714000000002,24.331745,24.028489999999998,24.206877,21.599352,626964.0,cie
2018-03-15,24.206877,24.527969,24.099846,24.492292000000003,21.854025,198982.0,cie
2018-03-16,24.527969,24.635,24.367422,24.545809,21.901775,151585.0,cie
2018-03-19,24.492292000000003,25.295026999999997,24.367422,25.152317,22.442953,188406.0,cie
2018-03-20,25.24151,25.776667,25.170156,25.651796,22.88863,236113.0,cie
2018-03-21,25.758827,25.883698000000003,25.402058,25.633959,22.872711,251970.0,cie
2018-03-22,25.633959,25.865858,25.384218,25.633959,22.872711,665778.0,cie
2018-03-23,25.437735,25.651796,25.11664,25.473412,22.72946,508943.0,cie
2018-03-26,25.633959,26.044245,25.616119,25.687473,22.920462,301041.0,cie
2018-03-27,26.044245,26.115599,25.669635999999997,25.72315,22.952297,122540.0,cie
2018-03-28,25.687473,25.687473,25.277186999999998,25.419895,22.681708999999998,422976.0,cie
2018-03-29,25.580442,26.079922,25.580442,25.865858,23.079634,116682.0,cie
2018-04-03,25.705313,26.615076000000002,25.651796,26.543722,23.684476999999998,235071.0,cie
2018-04-04,26.579399,26.846977000000003,25.687473,25.883698000000003,23.095551999999998,328447.0,cie
2018-04-05,26.20479,26.739946000000003,26.151276,26.650755,23.779984,159656.0,cie
2018-04-06,26.525885,26.900494000000002,26.383177000000003,26.882654,23.9869,200246.0,cie
2018-04-09,27.025364,27.096718,26.597239000000002,26.989684999999998,24.082403,769660.0,cie
2018-04-10,27.239426,27.578358,27.168072,27.275103,24.337073999999998,806036.0,cie
2018-04-11,27.239426,27.328616999999998,26.329659999999997,26.579399,23.716312,476404.0,cie
2018-04-12,26.579399,27.043201,26.508045000000003,27.007524,24.098316,196133.0,cie
2018-04-13,27.043201,27.114555,26.882654,27.078878000000003,24.161987,166984.0,cie
2018-04-16,27.185909000000002,27.239426,26.936171,27.114555,24.193821,188800.0,cie
2018-04-17,27.185909000000002,27.185909000000002,26.615076000000002,26.971847999999998,24.066485999999998,371193.0,cie
2018-04-18,27.096718,27.096718,26.454531,26.597239000000002,23.732229,281888.0,cie
2018-04-19,26.632915,27.489164000000002,26.597239000000002,27.257263000000002,24.321158999999998,504079.0,cie
2018-04-20,27.328616999999998,27.489164000000002,26.989684999999998,27.382133000000003,24.432579,147724.0,cie
2018-04-23,27.43565,27.43565,27.114555,27.399973,24.448496,220494.0,cie
2018-04-24,27.29294,27.614034999999998,27.114555,27.239426,24.305241,303252.0,cie
2018-04-25,27.114555,27.560518,26.775623,27.168072,24.241573000000002,202461.0,cie
2018-04-26,27.203749,27.614034999999998,27.078878000000003,27.614034999999998,24.639498,204904.0,cie
2018-04-27,27.738905,27.738905,27.399973,27.649712,24.671332999999997,284487.0,cie
2018-04-30,27.489164000000002,27.828096000000002,27.489164000000002,27.685389,24.703163,286330.0,cie
2018-05-02,27.738905,28.202704999999998,27.685389,28.131351000000002,25.101091,189184.0,cie
2018-05-03,28.077834999999997,28.095675,27.810259000000002,27.91729,24.910088000000002,114055.0,cie
2018-05-04,28.042158,28.541636999999998,27.828096000000002,28.077834999999997,25.053337,223029.0,cie
2018-05-07,28.149191,28.345413,27.935127,28.006481,24.989672,243331.0,cie
2018-05-08,28.006481,28.220545,28.006481,28.167028000000002,25.132925,156490.0,cie
2018-05-09,28.274059,28.541636999999998,28.059997999999997,28.505959999999998,25.435349,159486.0,cie
2018-05-10,28.595153999999997,28.969763,28.505959999999998,28.737862,25.642267,153550.0,cie
2018-05-11,28.9876,28.9876,28.505959999999998,28.630831,25.546770000000002,174110.0,cie
2018-05-14,28.452444,28.809215999999996,28.274059,28.381090000000004,25.323929,171776.0,cie
2018-05-15,28.452444,29.165985,28.381090000000004,29.041117,25.912857000000002,203280.0,cie
2018-05-16,29.076794,29.237340999999997,28.951922999999997,29.148148,26.00836,112586.0,cie
2018-05-17,29.165985,29.237340999999997,29.094631,29.165985,26.024275,108359.0,cie
2018-05-18,29.255178000000004,29.433563,29.005440000000004,29.165985,26.024275,104330.0,cie
2018-05-21,29.308695,29.558434000000002,29.219501,29.397886,26.231196999999998,232022.0,cie
2018-05-22,29.558434000000002,30.040073,29.540594,29.879526000000002,26.660957,196222.0,cie
2018-05-23,29.843849,30.254134999999998,29.594109999999997,30.254134999999998,26.995213,308781.0,cie
2018-05-24,30.218458000000002,30.468199,29.790335,30.468199,27.186214,207502.0,cie
2018-05-25,30.503876,30.771454,30.093590000000003,30.182781,26.931542999999998,200821.0,cie
2018-05-28,30.236297999999998,30.450359000000002,30.057913,30.164944000000002,26.915628,160354.0,cie
2018-05-29,30.057913,30.057913,28.39893,28.880569,25.769602,549731.0,cie
2018-05-30,28.452444,29.380049,28.381090000000004,29.094631,25.960607999999997,327121.0,cie
2018-05-31,29.094631,29.255178000000004,28.595153999999997,29.023277,25.896938000000002,723669.0,cie
2018-06-01,29.183825,30.129267,28.898409,29.950879999999998,26.724622999999998,418511.0,cie
2018-06-04,30.129267,30.753614000000002,30.129267,30.753614000000002,27.440887,342827.0,cie
2018-06-05,30.860645,31.752571000000003,30.842808,31.288771,27.9184,462800.0,cie
2018-06-06,31.306608,31.592026,31.306608,31.574185999999997,28.173069,316713.0,cie
2018-06-07,31.859603999999997,32.234211,31.681216999999997,31.716894,28.300407,277165.0,cie
2018-06-08,31.930958,31.966634999999997,30.593066999999998,31.556348999999997,28.157152000000004,626346.0,cie
2018-06-11,31.877440999999997,32.127182,31.788248,31.966634999999997,28.523245000000003,371945.0,cie
2018-06-12,32.020148999999996,32.376919,31.395802000000003,31.520671999999998,28.125320000000002,287855.0,cie
2018-06-13,31.449317999999998,31.484995,30.949839,31.18174,27.822895000000003,455566.0,cie
2018-06-14,31.092546000000002,31.199577,30.931998999999998,31.199577,27.838812,920173.0,cie
2018-06-15,31.377962,31.592026,31.110386,31.110386,27.759228000000004,2107385.0,cie
2018-06-18,31.217416999999998,31.377962,30.414682,31.021193,27.679641999999998,520035.0,cie
2018-06-19,30.789291,30.914162,30.432522,30.717937,27.409053999999998,315194.0,cie
2018-06-20,30.878484999999998,30.878484999999998,29.629787,29.790335,26.581371,373626.0,cie
2018-06-21,29.808171999999995,29.879526000000002,28.238382,28.309735999999997,25.260258,900594.0,cie
2018-06-22,28.452444,28.684345,27.239426,27.41781,24.464411,920449.0,cie
2018-06-25,27.114555,27.114555,25.812344,26.615076000000002,23.748144,1000052.0,cie
2018-06-26,26.668591999999997,27.29294,26.668591999999997,26.846977000000003,23.955069,545696.0,cie
2018-06-27,26.846977000000003,27.275103,26.169113,27.025364,24.114237,503367.0,cie
2018-06-28,27.096718,27.239426,26.311822999999997,26.436690999999996,23.588976000000002,497596.0,cie
2018-06-29,26.1,26.68,24.620001000000002,25.280001000000002,22.798347,794289.0,cie
2018-07-02,25.0,25.92,24.780001000000002,25.620001000000002,23.104969,425955.0,cie
2018-07-03,25.92,25.92,25.540001,25.9,23.357483,307530.0,cie
2018-07-04,25.98,26.059998999999998,25.68,25.940001000000002,23.393557,1470803.0,cie
2018-07-05,26.139999,27.360001,26.1,27.26,24.583976999999997,1119237.0,cie
2018-07-06,27.5,27.860001,27.139999,27.860001,25.125073999999998,695718.0,cie
2018-07-09,28.0,28.32,27.82,28.1,25.341518,556265.0,cie
2018-07-10,28.18,28.280001000000002,27.200001,27.24,24.565941,356865.0,cie
2018-07-11,26.74,26.799999,26.120001000000002,26.26,23.682144,532778.0,cie
2018-07-12,26.360001,26.5,26.08,26.32,23.736252,425875.0,cie
2018-07-13,26.84,27.0,26.48,26.940001000000002,24.295386999999998,472178.0,cie
2018-07-16,26.959999,27.280001000000002,26.700001,27.0,24.349503,242688.0,cie
2018-07-17,26.959999,27.24,26.719998999999998,27.16,24.493793,575823.0,cie
2018-07-18,27.440001000000002,28.0,27.440001000000002,27.6,24.890598,324778.0,cie
2018-07-19,27.52,27.719998999999998,27.18,27.440001000000002,24.746307,374519.0,cie
2018-07-20,27.379998999999998,27.440001000000002,26.559998999999998,26.9,24.259314,554025.0,cie
2018-07-23,26.92,27.280001000000002,26.639999,27.1,24.439684,234233.0,cie
2018-07-24,27.42,27.68,27.040001,27.059998999999998,24.403608,250225.0,cie
2018-07-25,26.98,27.280001000000002,25.559998999999998,26.1,23.537851,646311.0,cie
2018-07-26,26.84,27.1,26.34,26.66,24.042875,532039.0,cie
2018-07-27,26.52,26.82,26.379998999999998,26.6,23.988764,321345.0,cie
2018-07-30,26.6,26.76,26.120001000000002,26.299999,23.718216,291583.0,cie
2018-07-31,26.16,26.360001,25.700001,26.299999,23.718216,427945.0,cie
2018-08-01,26.360001,26.4,25.58,25.620001000000002,23.104969,249632.0,cie
2018-08-02,25.6,25.6,25.120001000000002,25.219998999999998,22.744234,554918.0,cie
2018-08-03,25.219998999999998,25.700001,25.059998999999998,25.379998999999998,22.888527,260656.0,cie
2018-08-06,25.440001000000002,25.639999,25.219998999999998,25.26,22.78031,246588.0,cie
2018-08-07,25.440001000000002,25.6,25.200001,25.200001,22.7262,419141.0,cie
2018-08-08,25.200001,25.32,25.120001000000002,25.24,22.762273999999998,256498.0,cie
2018-08-09,25.219998999999998,25.459999,25.120001000000002,25.32,22.834417000000002,230028.0,cie
2018-08-10,25.139999,25.26,24.82,24.959999,22.509757999999998,236867.0,cie
2018-08-13,24.9,25.059998999999998,24.700001,24.9,22.455652,421565.0,cie
2018-08-14,25.040001,25.780001000000002,24.98,25.639999,23.123005,430523.0,cie
2018-08-15,25.719998999999998,25.719998999999998,24.860001,25.200001,22.7262,414744.0,cie
2018-08-16,25.360001,25.620001000000002,25.32,25.459999,22.960673999999997,291036.0,cie
2018-08-17,25.540001,25.540001,24.799999,24.860001,22.419577,227601.0,cie
2018-08-20,24.84,25.219998999999998,24.639999,25.08,22.617981,316800.0,cie
2018-08-21,25.08,25.24,25.040001,25.1,22.636017000000002,183051.0,cie
2018-08-22,25.139999,25.18,24.059998999999998,24.280001000000002,21.896515,605450.0,cie
2018-08-23,24.34,24.58,24.18,24.34,21.950623,424502.0,cie
2018-08-24,24.280001000000002,24.74,24.280001000000002,24.700001,22.275282,171366.0,cie
2018-08-27,24.860001,25.700001,24.74,25.700001,23.177116,185530.0,cie
2018-08-28,25.879998999999998,26.74,25.799999,26.66,24.042875,554847.0,cie
2018-08-29,26.799999,27.0,26.440001000000002,26.459999,23.862510999999998,356440.0,cie
2018-08-30,26.540001,26.959999,26.040001,26.799999,24.169134,364391.0,cie
2018-08-31,26.82,26.82,25.92,26.440001000000002,23.844473,395544.0,cie
2018-09-03,26.440001000000002,26.440001000000002,25.459999,25.639999,23.123005,352901.0,cie
2018-09-04,25.799999,25.799999,25.08,25.5,22.99675,703617.0,cie
2018-09-05,25.559998999999998,25.68,24.98,25.02,22.563871,319753.0,cie
2018-09-06,25.02,25.02,24.5,24.559998999999998,22.149027,288263.0,cie
2018-09-07,24.719998999999998,24.74,24.459999,24.620001000000002,22.203135999999997,280052.0,cie
2018-09-10,24.700001,24.860001,24.360001,24.84,22.401541,195382.0,cie
2018-09-11,24.98,24.98,24.559998999999998,24.719998999999998,22.293318,166566.0,cie
2018-09-12,24.84,25.0,24.68,25.0,22.545834,273225.0,cie
2018-09-13,25.02,25.4,25.0,25.24,22.762273999999998,450293.0,cie
2018-09-14,25.379998999999998,25.620001000000002,25.299999,25.440001000000002,22.94264,134826.0,cie
2018-09-17,25.32,26.700001,25.280001000000002,26.559998999999998,23.952692000000003,438016.0,cie
2018-09-18,26.559998999999998,26.799999,26.200001,26.780001000000002,24.151096,281057.0,cie
2018-09-19,26.799999,27.32,26.68,26.76,24.13306,393087.0,cie
2018-09-20,,,,,,,cie
2018-09-21,27.6,28.059998999999998,27.559998999999998,27.66,24.94471,437984.0,cie
2018-09-24,27.719998999999998,27.76,27.299999,27.5,24.800417000000003,221978.0,cie
2018-09-25,27.559998999999998,27.84,26.98,27.08,24.421646,471593.0,cie
2018-09-26,27.24,27.24,26.639999,27.0,24.349503,326529.0,cie
2018-09-27,27.02,27.48,26.559998999999998,27.280001000000002,24.602010999999997,342905.0,cie
2018-09-28,27.219998999999998,27.299999,26.799999,26.959999,24.313426999999997,354991.0,cie
2018-10-01,27.02,27.4,26.9,27.200001,24.529869,464048.0,cie
2018-10-02,26.959999,27.139999,26.66,26.82,24.187170000000002,225831.0,cie
2018-10-03,27.040001,27.18,26.780001000000002,26.92,24.277351,147976.0,cie
2018-10-04,26.799999,26.959999,26.24,26.299999,23.718216,561240.0,cie
2018-10-05,26.139999,26.32,25.0,25.4,22.906567000000003,938910.0,cie
2018-10-08,25.18,25.34,24.459999,24.6,22.185101,404705.0,cie
2018-10-09,24.6,24.799999,23.959999,24.719998999999998,22.293318,517786.0,cie
2018-10-10,24.700001,24.700001,23.16,23.16,20.886460999999997,1023581.0,cie
2018-10-11,22.700001,23.42,22.16,22.940001000000002,20.688057,832428.0,cie
2018-10-12,23.200001,23.6,22.5,22.540001,20.327326,235655.0,cie
2018-10-15,22.24,22.68,22.120001000000002,22.34,20.146955,345652.0,cie
2018-10-16,22.24,22.940001000000002,21.66,22.92,20.670021,517912.0,cie
2018-10-17,23.120001000000002,23.18,22.459999,22.9,20.651982999999998,371611.0,cie
2018-10-18,22.799999,23.219998999999998,22.700001,22.76,20.525726000000002,330684.0,cie
2018-10-19,22.76,22.76,21.879998999999998,22.52,20.309288000000002,697416.0,cie
2018-10-22,22.700001,23.379998999999998,22.700001,23.16,20.886460999999997,599044.0,cie
2018-10-23,22.299999,22.76,21.74,22.040001,19.876407999999998,639514.0,cie
2018-10-24,22.1,22.959999,21.440001000000002,21.48,19.371378,793108.0,cie
2018-10-25,21.360001,22.4,21.18,22.0,19.840334,476601.0,cie
2018-10-26,21.860001,22.02,21.18,21.98,19.822295999999998,490781.0,cie
2018-10-29,21.959999,23.18,21.959999,22.58,20.363395999999998,359920.0,cie
2018-10-30,22.799999,22.84,22.299999,22.559998999999998,20.34536,1071328.0,cie
2018-10-31,22.66,23.559998999999998,22.66,23.4,21.1029,566188.0,cie
2018-11-01,23.4,23.799999,22.799999,23.440001000000002,21.138973,406724.0,cie
2018-11-02,23.9,24.559998999999998,23.6,23.74,21.409523,472670.0,cie
2018-11-05,23.76,23.879998999999998,23.219998999999998,23.219998999999998,20.940571,309951.0,cie
2018-11-06,23.200001,23.639999,22.860001,23.440001000000002,21.138973,349536.0,cie
2018-11-07,23.780001000000002,24.32,23.6,24.24,21.860437,290549.0,cie
2018-11-08,24.48,24.48,23.700001,23.700001,21.373449,322379.0,cie
2018-11-09,23.620001000000002,23.66,22.76,23.1,20.83235,264824.0,cie
2018-11-12,23.1,23.4,22.92,23.0,20.742167000000002,250701.0,cie
2018-11-13,23.0,23.379998999999998,22.68,23.139999,20.868422,201407.0,cie
2018-11-14,23.059998999999998,23.42,22.52,22.559998999999998,20.34536,303728.0,cie
2018-11-15,22.58,22.860001,22.139999,22.4,20.201065,201911.0,cie
2018-11-16,22.52,22.74,22.040001,22.040001,19.876407999999998,204763.0,cie
2018-11-19,22.02,22.52,22.02,22.139999,19.966589000000003,302024.0,cie
2018-11-20,22.0,22.26,21.719998999999998,22.120001000000002,19.948553,279487.0,cie
2018-11-21,22.120001000000002,22.74,22.1,22.719998999999998,20.489651000000002,305210.0,cie
2018-11-22,22.559998999999998,22.860001,22.299999,22.620001000000002,20.399473,203469.0,cie
2018-11-23,22.540001,22.959999,22.459999,22.780001000000002,20.543762,629947.0,cie
2018-11-26,23.1,23.6,22.98,23.42,21.120935,331058.0,cie
2018-11-27,23.4,23.58,22.440001000000002,22.5,20.291248,431025.0,cie
2018-11-28,22.74,22.74,22.219998999999998,22.459999,20.255177,297457.0,cie
2018-11-29,22.66,23.120001000000002,22.66,22.98,20.724131,247874.0,cie
2018-11-30,22.879998999999998,22.959999,22.16,22.200001,20.0207,185133.0,cie
2018-12-03,22.76,23.32,22.719998999999998,22.9,20.651982999999998,262113.0,cie
2018-12-04,22.82,22.82,22.219998999999998,22.280001000000002,20.09285,212178.0,cie
2018-12-05,22.0,22.08,21.780001000000002,21.82,19.678003,214005.0,cie
2018-12-06,21.58,21.66,20.440001000000002,20.540001,18.523657,399340.0,cie
2018-12-07,20.799999,21.200001,20.48,20.700001,18.66795,380599.0,cie
2018-12-10,20.42,20.48,19.9,19.99,18.027651000000002,394215.0,cie
2018-12-11,20.34,20.940001000000002,20.280001000000002,20.360001,18.361328,487463.0,cie
2018-12-12,20.639999,21.82,20.379998999999998,21.559998999999998,19.443527,217492.0,cie
2018-12-13,21.780001000000002,21.9,21.059998999999998,21.48,19.371378,267885.0,cie
2018-12-14,21.32,21.32,20.799999,20.940001000000002,18.88439,258431.0,cie
2018-12-17,21.040001,21.200001,20.42,20.76,18.722058999999998,546314.0,cie
2018-12-18,20.5,21.639999,20.5,21.5,19.389414000000002,394542.0,cie
2018-12-19,21.700001,21.879998999999998,21.440001000000002,21.719998999999998,19.58782,228762.0,cie
2018-12-20,21.299999,21.58,21.139999,21.32,19.227087,309392.0,cie
2018-12-21,21.219998999999998,21.42,20.76,21.059998999999998,18.992611,1643424.0,cie
2018-12-24,20.860001,21.52,20.780001000000002,21.5,19.389414000000002,101943.0,cie
2018-12-27,21.780001000000002,21.82,20.559998999999998,20.799999,18.758132999999997,288708.0,cie
2018-12-28,20.6,21.1,20.6,21.040001,18.974573,173540.0,cie
2018-12-31,21.299999,21.440001000000002,21.16,21.440001000000002,19.335304,94032.0,cie
2019-01-02,21.379998999999998,21.48,20.559998999999998,21.299999,19.490868,222965.0,cie
2019-01-03,21.32,21.32,20.620001000000002,20.799999,19.033335,179146.0,cie
2019-01-04,21.040001,22.08,21.0,22.08,20.204617000000002,280642.0,cie
2019-01-07,22.32,22.379998999999998,21.719998999999998,21.84,19.985003,236814.0,cie
2019-01-08,21.98,22.68,21.68,22.459999,20.552341000000002,235226.0,cie
2019-01-09,22.860001,23.4,22.76,23.1,21.137985,210785.0,cie
2019-01-10,23.0,23.16,22.639999,22.9,20.954971,183774.0,cie
2019-01-11,23.040001,23.059998999999998,22.280001000000002,22.700001,20.771957,231659.0,cie
2019-01-14,22.6,23.120001000000002,22.459999,23.059998999999998,21.101383,155746.0,cie
2019-01-15,23.200001,23.42,22.780001000000002,22.860001,20.918367,426112.0,cie
2019-01-16,22.98,23.84,22.959999,23.74,21.723623,356616.0,cie
2019-01-17,23.68,23.76,23.4,23.74,21.723623,482669.0,cie
2019-01-18,23.879998999999998,24.299999,23.879998999999998,24.299999,22.236059,203467.0,cie
2019-01-21,24.32,24.4,24.040001,24.120001000000002,22.071348,187576.0,cie
2019-01-22,24.059998999999998,24.18,23.9,24.16,22.107951999999997,169046.0,cie
2019-01-23,24.0,24.48,23.959999,24.26,22.199459,311182.0,cie
2019-01-24,24.280001000000002,24.959999,24.280001000000002,24.92,22.8034,281499.0,cie
2019-01-25,25.120001000000002,25.42,25.02,25.26,23.114525,569303.0,cie
2019-01-28,25.4,25.4,24.559998999999998,24.639999,22.547183999999998,164377.0,cie
2019-01-29,24.440001000000002,24.440001000000002,24.02,24.200001,22.144554,265737.0,cie
2019-01-30,24.219998999999998,24.299999,23.5,23.76,21.741926,294269.0,cie
2019-01-31,23.98,24.52,23.719998999999998,24.5,22.419073,372876.0,cie
2019-02-01,24.559998999999998,24.68,24.26,24.42,22.345869,288294.0,cie
2019-02-04,24.379998999999998,24.48,24.120001000000002,24.26,22.199459,407902.0,cie
2019-02-05,24.34,24.559998999999998,23.940001000000002,24.540001,22.455675,372055.0,cie
2019-02-06,24.52,24.639999,24.42,24.52,22.437374,103224.0,cie
2019-02-07,24.299999,24.6,23.719998999999998,23.719998999999998,21.705322,538221.0,cie
2019-02-08,23.540001,23.6,23.02,23.08,21.119682,264080.0,cie
2019-02-11,23.26,23.52,23.200001,23.5,21.504007,140409.0,cie
2019-02-12,23.639999,24.52,23.639999,24.24,22.181154,278682.0,cie
2019-02-13,24.299999,24.620001000000002,24.26,24.299999,22.236059,117595.0,cie
2019-02-14,24.459999,24.74,24.18,24.52,22.437374,269872.0,cie
2019-02-15,24.440001000000002,25.34,24.24,25.1,22.968113,248347.0,cie
2019-02-18,25.26,25.280001000000002,24.879998999999998,25.139999,23.004713,155006.0,cie
2019-02-19,25.0,25.1,24.32,24.379998999999998,22.309263,410941.0,cie
2019-02-20,24.4,25.08,24.379998999999998,24.98,22.858303,268873.0,cie
2019-02-21,25.0,25.360001,24.9,25.02,22.894907,241777.0,cie
2019-02-22,25.16,25.32,25.0,25.0,22.876606,141758.0,cie
2019-02-25,25.4,25.940001000000002,25.24,25.879998999999998,23.681862,296109.0,cie
2019-02-26,26.02,26.08,25.26,25.700001,23.517149,266318.0,cie
2019-02-27,25.68,25.700001,25.040001,25.16,23.023014,158530.0,cie
2019-02-28,25.0,25.040001,24.719998999999998,25.0,22.876606,171214.0,cie
2019-03-01,25.200001,25.459999,25.120001000000002,25.26,23.114525,192978.0,cie
2019-03-04,25.440001000000002,25.48,25.08,25.120001000000002,22.986414,282824.0,cie
2019-03-05,25.18,25.280001000000002,24.700001,25.280001000000002,23.132826,188387.0,cie
2019-03-06,25.24,25.34,25.0,25.24,23.096220000000002,339743.0,cie
2019-03-07,25.24,25.24,24.24,24.360001,22.290966,243944.0,cie
2019-03-08,24.0,24.02,23.5,23.700001,21.687025,302755.0,cie
2019-03-11,23.68,23.84,23.459999,23.84,21.815132000000002,233359.0,cie
2019-03-12,23.92,24.360001,23.92,24.02,21.979845,169265.0,cie
2019-03-13,24.0,24.299999,23.940001000000002,24.059998999999998,22.016443,124883.0,cie
2019-03-14,24.02,24.280001000000002,23.639999,23.639999,21.632116,142959.0,cie
2019-03-15,23.639999,24.0,23.559998999999998,24.0,21.961544,279351.0,cie
2019-03-18,24.0,24.34,23.799999,23.799999,21.778526,160459.0,cie
2019-03-19,23.879998999999998,24.34,23.84,24.24,22.181154,144618.0,cie
2019-03-20,24.16,24.24,23.620001000000002,23.719998999999998,21.705322,145094.0,cie
2019-03-21,23.780001000000002,24.02,23.42,23.639999,21.632116,179689.0,cie
2019-03-22,23.700001,23.82,22.700001,22.700001,20.771957,373793.0,cie
2019-03-25,22.48,22.799999,22.16,22.719998999999998,20.790257,299074.0,cie
2019-03-26,22.879998999999998,22.959999,22.540001,22.940001000000002,20.991573000000002,159480.0,cie
2019-03-27,23.02,23.639999,23.0,23.219998999999998,21.247791,182149.0,cie
2019-03-28,23.18,23.48,23.059998999999998,23.26,21.284392999999998,283861.0,cie
2019-03-29,23.4,24.139999,23.4,23.98,21.943239000000002,424397.0,cie
2019-04-01,24.4,24.66,24.0,24.1,22.053048999999998,412712.0,cie
2019-04-02,24.1,24.26,24.0,24.1,22.053048999999998,172331.0,cie
2019-04-03,24.379998999999998,24.540001,24.26,24.32,22.254364000000002,195709.0,cie
2019-04-04,24.42,24.5,24.32,24.459999,22.382467000000002,236341.0,cie
2019-04-05,24.52,24.6,24.42,24.440001000000002,22.364168,248396.0,cie
2019-04-08,24.459999,24.48,24.24,24.4,22.327566,121512.0,cie
2019-04-09,24.26,24.5,23.959999,24.120001000000002,22.071348,142768.0,cie
2019-04-10,24.1,24.26,23.98,24.040001,21.998146,235466.0,cie
2019-04-11,24.139999,24.360001,24.0,24.120001000000002,22.071348,140867.0,cie
2019-04-12,24.200001,24.639999,23.959999,24.5,22.419073,370867.0,cie
2019-04-15,24.68,24.700001,24.42,24.5,22.419073,162217.0,cie
2019-04-16,24.52,24.68,24.4,24.620001000000002,22.528881,129077.0,cie
2019-04-17,24.719998999999998,25.32,24.66,25.16,23.023014,233995.0,cie
2019-04-18,25.1,25.379998999999998,24.76,25.379998999999998,23.224327,146357.0,cie
2019-04-23,25.5,25.540001,25.02,25.08,22.94981,116802.0,cie
2019-04-24,25.120001000000002,25.120001000000002,24.700001,25.02,22.894907,161554.0,cie
2019-04-25,24.860001,25.040001,24.76,24.9,22.785097,87200.0,cie
2019-04-26,25.040001,25.139999,24.700001,25.040001,22.91321,154934.0,cie
2019-04-29,24.719998999999998,25.26,24.719998999999998,25.18,23.041315,142067.0,cie
2019-04-30,25.26,25.299999,24.799999,24.860001,22.748495000000002,155101.0,cie
2019-05-02,24.84,25.219998999999998,24.799999,24.9,22.785097,294984.0,cie
2019-05-03,25.08,25.08,24.84,24.98,22.858303,124148.0,cie
2019-05-06,24.540001,24.540001,23.68,24.120001000000002,22.071348,262303.0,cie
2019-05-07,24.24,24.299999,23.74,23.780001000000002,21.760229000000002,177714.0,cie
2019-05-08,23.98,25.360001,23.120001000000002,25.360001,23.20603,379776.0,cie
2019-05-09,25.18,25.860001,24.9,25.08,22.94981,446967.0,cie
2019-05-10,25.379998999999998,25.940001000000002,25.32,25.639999,23.462246,427750.0,cie
2019-05-13,25.700001,25.700001,24.48,24.6,22.510579999999997,359834.0,cie
2019-05-14,24.780001000000002,25.059998999999998,24.620001000000002,24.959999,22.840002,131400.0,cie
2019-05-15,24.98,25.280001000000002,24.1,25.139999,23.004713,260613.0,cie
2019-05-16,25.24,25.299999,24.700001,24.940001000000002,22.821703,127091.0,cie
2019-05-17,24.98,24.98,24.42,24.74,22.638687,179195.0,cie
2019-05-20,24.76,24.879998999999998,24.299999,24.34,22.272665,177728.0,cie
2019-05-21,24.5,24.700001,24.139999,24.219998999999998,22.162851,119155.0,cie
2019-05-22,24.299999,24.459999,23.92,24.08,22.034746,166864.0,cie
2019-05-23,23.860001,23.860001,23.32,23.540001,21.540615,162822.0,cie
2019-05-24,23.540001,23.74,23.4,23.440001000000002,21.449104000000002,99506.0,cie
2019-05-27,23.5,23.959999,23.360001,23.360001,21.3759,80032.0,cie
2019-05-28,23.559998999999998,23.879998999999998,23.26,23.4,21.412502,347666.0,cie
2019-05-29,23.24,23.26,22.639999,22.76,20.826862,206332.0,cie
2019-05-30,22.9,23.1,22.6,22.66,20.735353,124022.0,cie
2019-05-31,22.299999,22.299999,21.4,21.66,19.820292000000002,511966.0,cie
2019-06-03,21.4,22.139999,21.200001,21.98,20.113111,353021.0,cie
2019-06-04,21.799999,22.780001000000002,21.74,22.66,20.735353,259695.0,cie
2019-06-05,22.68,22.959999,22.52,22.74,20.808560999999997,125164.0,cie
2019-06-06,22.6,22.9,22.360001,22.6,20.680452,163858.0,cie
2019-06-07,22.9,23.1,22.540001,22.700001,20.771957,220675.0,cie
2019-06-10,23.0,23.5,23.0,23.48,21.485706,157749.0,cie
2019-06-11,23.58,23.799999,23.540001,23.58,21.577213,152256.0,cie
2019-06-12,23.52,23.9,23.360001,23.9,21.870031,192800.0,cie
2019-06-13,23.84,24.18,23.639999,24.059998999999998,22.016443,175401.0,cie
2019-06-14,24.1,24.1,23.459999,23.620001000000002,21.613817,638883.0,cie
2019-06-17,23.799999,24.059998999999998,23.559998999999998,23.82,21.796829000000002,317266.0,cie
2019-06-18,23.780001000000002,24.16,23.4,24.1,22.053048999999998,86057.0,cie
2019-06-19,24.059998999999998,24.5,24.059998999999998,24.360001,22.290966,98987.0,cie
2019-06-20,24.4,24.879998999999998,24.4,24.780001000000002,22.675291,165846.0,cie
2019-06-21,24.620001000000002,24.959999,24.620001000000002,24.959999,22.840002,368791.0,cie
2019-06-24,25.0,25.26,24.9,25.1,22.968113,150381.0,cie
2019-06-25,25.1,25.16,24.879998999999998,24.9,22.785097,155676.0,cie
2019-06-26,25.0,25.379998999999998,24.92,25.280001000000002,23.132826,110308.0,cie
2019-06-27,25.379998999999998,25.68,25.26,25.4,23.242628,798660.0,cie
2019-06-28,25.24,25.6,25.02,25.459999,23.297531,179724.0,cie
2019-07-01,25.379998999999998,25.860001,24.940001000000002,25.120001000000002,23.269745,255649.0,cie
2019-07-02,25.120001000000002,25.219998999999998,24.639999,24.780001000000002,22.95479,169359.0,cie
2019-07-03,24.84,24.98,24.559998999999998,24.58,22.76952,181174.0,cie
2019-07-04,24.700001,24.9,23.940001000000002,24.02,22.250767,257276.0,cie
2019-07-05,24.0,24.08,23.32,23.719998999999998,21.972862,206527.0,cie
2019-07-08,23.5,23.799999,23.1,23.139999,21.435582999999998,230365.0,cie
2019-07-09,23.059998999999998,23.16,22.5,22.58,20.916832,825829.0,cie
2019-07-10,22.68,22.799999,22.16,22.200001,20.564821,184551.0,cie
2019-07-11,22.42,22.459999,22.08,22.16,20.527769,196839.0,cie
2019-07-12,22.299999,23.0,22.059998999999998,22.6,20.935361999999998,241126.0,cie
2019-07-15,22.76,23.08,22.620001000000002,22.959999,21.268841000000002,206480.0,cie
2019-07-16,23.059998999999998,23.440001000000002,22.959999,23.379998999999998,21.657907,206085.0,cie
2019-07-17,23.559998999999998,23.559998999999998,22.92,22.940001000000002,21.250317000000003,124158.0,cie
2019-07-18,22.9,22.9,22.360001,22.4,20.75009,196028.0,cie
2019-07-19,22.66,22.940001000000002,22.440001000000002,22.620001000000002,20.953888,166204.0,cie
2019-07-22,22.52,22.860001,22.379998999999998,22.540001,20.879782000000002,524254.0,cie
2019-07-23,22.719998999999998,23.5,22.719998999999998,23.200001,21.491167,313965.0,cie
2019-07-24,23.4,24.16,23.1,24.0,22.232241000000002,211235.0,cie
2019-07-25,24.040001,24.379998999999998,23.52,24.0,22.232241000000002,243235.0,cie
2019-07-26,24.0,24.0,23.6,23.700001,21.954338,110909.0,cie
2019-07-29,23.780001000000002,23.879998999999998,23.360001,23.780001000000002,22.028446,150872.0,cie
2019-07-30,23.940001000000002,23.940001000000002,23.280001000000002,23.5,21.769068,278553.0,cie
2019-07-31,23.559998999999998,23.639999,22.940001000000002,22.940001000000002,21.250317000000003,131893.0,cie
2019-08-01,22.82,22.98,22.34,22.52,20.86125,163148.0,cie
2019-08-02,22.059998999999998,22.1,21.360001,21.5,19.91638,312378.0,cie
2019-08-05,21.32,21.32,20.76,21.08,19.527317,252508.0,cie
2019-08-06,20.98,21.34,20.799999,20.82,19.28647,200830.0,cie
2019-08-07,20.9,21.02,20.620001000000002,20.879998999999998,19.342049,310894.0,cie
2019-08-08,21.16,21.219998999999998,20.879998999999998,21.120001000000002,19.564370999999998,140824.0,cie
2019-08-09,21.120001000000002,21.120001000000002,20.440001000000002,20.459999,18.952984,130931.0,cie
2019-08-12,20.58,20.68,19.959999,20.18,18.693609,190572.0,cie
2019-08-13,20.1,20.959999,19.77,20.700001,19.175307999999998,432383.0,cie
2019-08-14,20.74,20.9,19.809998999999998,20.02,18.545393,206528.0,cie
2019-08-15,20.040001,20.1,19.309998999999998,19.67,18.221173999999998,226009.0,cie
2019-08-16,19.549999,20.120001000000002,19.549999,20.120001000000002,18.638029,174582.0,cie
2019-08-19,20.34,20.559998999999998,20.16,20.32,18.823298,141522.0,cie
2019-08-20,20.219998999999998,20.42,20.059998999999998,20.200001,18.712135,107622.0,cie
2019-08-21,20.120001000000002,20.620001000000002,20.059998999999998,20.299999,18.804768,127619.0,cie
2019-08-22,20.32,20.84,20.16,20.6,19.082674,186043.0,cie
2019-08-23,20.940001000000002,21.0,20.139999,20.139999,18.656554999999997,165096.0,cie
2019-08-26,19.959999,20.48,19.870001000000002,20.379998999999998,18.878878,91834.0,cie
2019-08-27,20.42,20.76,20.139999,20.280001000000002,18.786245,150957.0,cie
2019-08-28,20.299999,20.360001,20.0,20.32,18.823298,139461.0,cie
2019-08-29,20.360001,20.700001,20.08,20.700001,19.175307999999998,193806.0,cie
2019-08-30,20.52,21.280001000000002,20.52,21.08,19.527317,173500.0,cie
2019-09-02,21.120001000000002,21.219998999999998,20.620001000000002,20.780001000000002,19.249414,143266.0,cie
2019-09-03,20.799999,20.9,20.42,20.6,19.082674,209483.0,cie
2019-09-04,20.719998999999998,21.68,20.719998999999998,21.48,19.897854000000002,152893.0,cie
2019-09-05,21.66,22.780001000000002,21.66,22.68,21.009466,244584.0,cie
2019-09-06,22.799999,22.9,22.4,22.440001000000002,20.787144,217533.0,cie
2019-09-09,22.440001000000002,23.059998999999998,22.4,22.940001000000002,21.250317000000003,119439.0,cie
2019-09-10,23.0,23.540001,22.84,23.120001000000002,21.417059,204519.0,cie
2019-09-11,23.42,23.66,23.1,23.26,21.546745,215239.0,cie
2019-09-12,23.459999,23.639999,23.040001,23.58,21.843173999999998,190383.0,cie
2019-09-13,23.6,24.32,23.559998999999998,24.08,22.306347,410334.0,cie
2019-09-16,23.959999,24.52,23.74,24.52,22.71394,267828.0,cie
2019-09-17,24.52,24.52,23.940001000000002,24.139999,22.361929,304882.0,cie
2019-09-18,24.08,24.08,23.52,23.700001,21.954338,231847.0,cie
2019-09-19,23.620001000000002,23.940001000000002,23.360001,23.360001,21.639381,157612.0,cie
2019-09-20,23.4,23.540001,22.74,22.84,21.157682,301957.0,cie
2019-09-23,22.799999,22.799999,22.1,22.540001,20.879782000000002,174152.0,cie
2019-09-24,22.540001,22.700001,22.34,22.34,20.694511,73811.0,cie
2019-09-25,22.26,22.42,21.9,22.360001,20.713037,146895.0,cie
2019-09-26,22.379998999999998,22.940001000000002,22.32,22.32,20.675983,135244.0,cie
2019-09-27,22.379998999999998,22.719998999999998,22.299999,22.68,21.009466,80808.0,cie
2019-09-30,22.799999,23.280001000000002,22.620001000000002,23.0,21.305895,178729.0,cie
2019-10-01,23.200001,23.4,22.4,22.540001,20.879782000000002,114162.0,cie
2019-10-02,22.34,22.459999,21.940001000000002,22.24,20.601873,225099.0,cie
2019-10-03,22.120001000000002,22.120001000000002,20.58,21.0,19.453211,385374.0,cie
2019-10-04,21.120001000000002,21.200001,20.58,21.0,19.453211,355874.0,cie
2019-10-07,21.18,21.24,20.5,21.24,19.675531,259719.0,cie
2019-10-08,21.32,21.5,21.02,21.34,19.768167000000002,236341.0,cie
2019-10-09,21.18,21.82,21.0,21.76,20.157232,221846.0,cie
2019-10-10,21.76,22.120001000000002,21.200001,21.940001000000002,20.323973000000002,303053.0,cie
2019-10-11,21.940001000000002,22.459999,21.76,22.42,20.768616,366246.0,cie
2019-10-14,22.360001,22.58,21.940001000000002,22.32,20.675983,117066.0,cie
2019-10-15,22.42,22.6,22.02,22.200001,20.564821,201865.0,cie
2019-10-16,22.200001,22.620001000000002,22.1,22.58,20.916832,171008.0,cie
2019-10-17,22.5,22.799999,22.219998999999998,22.540001,20.879782000000002,192189.0,cie
2019-10-18,22.200001,22.360001,21.120001000000002,21.52,19.934908,336318.0,cie
2019-10-21,21.540001,22.34,21.4,22.040001,20.416609,201168.0,cie
2019-10-22,21.879998999999998,22.280001000000002,21.879998999999998,22.1,20.472189,131318.0,cie
2019-10-23,21.799999,22.440001000000002,21.700001,22.24,20.601873,334778.0,cie
2019-10-24,22.440001000000002,22.639999,22.24,22.280001000000002,20.638929,155353.0,cie
2019-10-25,22.200001,22.559998999999998,22.139999,22.559998999999998,20.898305999999998,136296.0,cie
2019-10-28,22.5,22.959999,22.459999,22.879998999999998,21.194736,135136.0,cie
2019-10-29,22.860001,23.120001000000002,22.719998999999998,22.959999,21.268841000000002,143328.0,cie
2019-10-30,22.959999,22.959999,22.02,22.08,20.453659,130071.0,cie
2019-10-31,22.280001000000002,22.540001,21.559998999999998,22.32,20.675983,157167.0,cie
2019-11-01,22.42,22.459999,21.42,21.540001,19.953436,252798.0,cie
2019-11-04,21.66,22.440001000000002,21.6,22.42,20.768616,299222.0,cie
2019-11-05,22.4,23.0,22.16,23.0,21.305895,257247.0,cie
2019-11-06,22.92,23.280001000000002,22.860001,23.040001,21.342955,185006.0,cie
2019-11-07,23.139999,23.440001000000002,23.120001000000002,23.299999,21.583797,166924.0,cie
2019-11-08,23.299999,23.299999,22.879998999999998,23.059998999999998,21.361477,178149.0,cie
2019-11-11,22.92,23.139999,22.74,23.02,21.324423,129572.0,cie
2019-11-12,23.26,23.34,22.540001,22.68,21.009466,147603.0,cie
2019-11-13,22.700001,22.700001,21.9,22.4,20.75009,161474.0,cie
2019-11-14,22.34,22.76,22.02,22.52,20.86125,146574.0,cie
2019-11-15,22.559998999999998,23.08,22.52,23.0,21.305895,191644.0,cie
2019-11-18,22.959999,23.0,22.08,22.219998999999998,20.583349,305830.0,cie
2019-11-19,22.280001000000002,22.879998999999998,22.16,22.32,20.675983,254331.0,cie
2019-11-20,22.280001000000002,22.360001,21.940001000000002,22.1,20.472189,150837.0,cie
2019-11-21,22.02,22.02,21.280001000000002,21.459999,19.879326000000002,676834.0,cie
2019-11-22,21.459999,22.0,21.42,21.780001000000002,20.175758,251096.0,cie
2019-11-25,21.9,22.26,21.9,22.24,20.601873,221464.0,cie
2019-11-26,22.1,22.42,21.940001000000002,22.299999,20.657457,210781.0,cie
2019-11-27,22.42,22.559998999999998,22.120001000000002,22.18,20.546295,121055.0,cie
2019-11-28,22.120001000000002,22.16,21.860001,22.0,20.379553,175862.0,cie
2019-11-29,21.799999,22.299999,21.76,21.879998999999998,20.268394,157127.0,cie
2019-12-02,21.959999,22.26,21.42,21.459999,19.879326000000002,170943.0,cie
2019-12-03,21.5,21.620001000000002,21.059998999999998,21.34,19.768167000000002,455768.0,cie
2019-12-04,21.5,21.799999,21.280001000000002,21.4,19.823748000000002,222434.0,cie
2019-12-05,21.42,21.6,21.280001000000002,21.280001000000002,19.712585,264203.0,cie
2019-12-06,21.360001,21.639999,21.24,21.559998999999998,19.971961999999998,148888.0,cie
2019-12-09,21.6,21.74,21.280001000000002,21.280001000000002,19.712585,103015.0,cie
2019-12-10,21.34,21.34,20.719998999999998,21.08,19.527317,326778.0,cie
2019-12-11,20.9,21.26,20.799999,20.959999,19.416155,167104.0,cie
2019-12-12,21.1,21.540001,20.84,21.440001000000002,19.860804,202560.0,cie
2019-12-13,21.82,22.280001000000002,21.76,22.040001,20.416609,327281.0,cie
2019-12-16,22.280001000000002,22.280001000000002,21.940001000000002,22.0,20.379553,133499.0,cie
2019-12-17,22.0,22.24,21.860001,21.879998999999998,20.268394,122452.0,cie
2019-12-18,21.98,21.98,21.540001,21.799999,20.194284,142048.0,cie
2019-12-19,21.76,21.84,21.52,21.58,19.990489999999998,104238.0,cie
2019-12-20,21.700001,21.92,21.280001000000002,21.440001000000002,19.860804,233836.0,cie
2019-12-23,21.459999,21.639999,21.440001000000002,21.6,20.009017999999998,204656.0,cie
2019-12-24,21.5,21.700001,21.5,21.5,19.91638,36079.0,cie
2019-12-25,21.5,21.5,21.5,21.5,19.91638,0.0,cie
2019-12-27,21.799999,21.799999,21.52,21.620001000000002,20.027544,112297.0,cie
2019-12-30,21.6,21.639999,21.4,21.52,19.934908,286245.0,cie
2019-12-31,21.18,21.379998999999998,21.0,21.08,19.868931,67281.0,cie
2020-01-02,21.459999,21.98,21.360001,21.5,20.264801000000002,134611.0,cie
2020-01-03,21.42,21.48,21.02,21.18,19.963184,175756.0,cie
2020-01-06,21.139999,21.16,20.52,20.74,19.548462,177211.0,cie
2020-01-07,20.879998999999998,21.559998999999998,20.860001,21.440001000000002,20.208248,294054.0,cie
2020-01-08,21.34,21.620001000000002,21.18,21.58,20.340206,109027.0,cie
2020-01-09,21.76,21.76,21.0,21.040001,19.831229999999998,231950.0,cie
2020-01-10,21.219998999999998,21.219998999999998,20.82,20.82,19.623869,145439.0,cie
2020-01-13,20.98,20.98,20.52,20.559998999999998,19.378805,132913.0,cie
2020-01-14,20.639999,20.780001000000002,20.299999,20.52,19.341103,195091.0,cie
2020-01-15,20.52,20.559998999999998,20.26,20.42,19.246848999999997,149845.0,cie
2020-01-16,20.52,20.620001000000002,20.120001000000002,20.34,19.171446,237906.0,cie
2020-01-17,20.459999,20.780001000000002,20.440001000000002,20.68,19.491913,255273.0,cie
2020-01-20,20.76,21.26,20.639999,21.1,19.887783,305676.0,cie
2020-01-21,21.0,21.58,20.82,21.120001000000002,19.906633,333737.0,cie
2020-01-22,21.08,21.299999,20.74,21.040001,19.831229999999998,256188.0,cie
2020-01-23,21.0,21.040001,20.299999,20.440001000000002,19.265701,329548.0,cie
2020-01-24,20.559998999999998,20.66,20.26,20.42,19.246848999999997,241958.0,cie
2020-01-27,20.18,20.280001000000002,19.92,20.139999,18.982935,237775.0,cie
2020-01-28,20.219998999999998,20.620001000000002,19.889999,20.540001,19.359953,182393.0,cie
2020-01-29,20.639999,20.68,20.059998999999998,20.24,19.077188,214231.0,cie
2020-01-30,20.120001000000002,20.299999,19.959999,20.08,18.926382,233147.0,cie
2020-01-31,20.08,20.120001000000002,19.73,19.809998999999998,18.671892,279296.0,cie
2020-02-03,19.75,19.83,19.219998999999998,19.42,18.3043,221908.0,cie
2020-02-04,19.6,19.98,19.43,19.940001000000002,18.794426,193654.0,cie
2020-02-05,19.950001,20.719998999999998,19.83,20.24,19.077188,282519.0,cie
2020-02-06,20.299999,20.66,19.98,20.040001,18.888678,181994.0,cie
2020-02-07,20.040001,20.040001,19.200001,19.52,18.398554,726920.0,cie
2020-02-10,19.57,19.84,19.379998999999998,19.389999,18.276022,389912.0,cie
2020-02-11,19.530001000000002,19.75,19.120001000000002,19.700001,18.568214,304841.0,cie
2020-02-12,19.75,20.440001000000002,19.700001,20.42,19.246848999999997,262127.0,cie
2020-02-13,20.42,20.42,19.639999,19.889999,18.747297,285952.0,cie
2020-02-14,20.040001,20.16,19.709999,19.719998999999998,18.587065,219443.0,cie
2020-02-17,19.950001,20.34,19.950001,20.0,18.850977,258476.0,cie
2020-02-18,20.0,20.0,19.57,19.57,18.445683,209784.0,cie
2020-02-19,19.629998999999998,19.82,19.42,19.809998999999998,18.671892,252942.0,cie
2020-02-20,19.860001,20.299999,19.690001000000002,20.08,18.926382,256349.0,cie
2020-02-21,20.040001,20.040001,19.450001,19.629998999999998,18.502234,289559.0,cie
2020-02-24,19.25,19.26,18.51,19.0,17.90843,409958.0,cie
2020-02-25,18.959999,18.98,18.16,18.18,17.13554,489857.0,cie
2020-02-26,17.82,18.23,17.639999,17.860001,16.833923000000002,524495.0,cie
2020-02-27,17.620001000000002,17.639999,17.1,17.379998999999998,16.381498,444727.0,cie
2020-02-28,16.99,19.01,16.68,18.26,17.210943,871306.0,cie
2020-03-02,18.700001,18.700001,17.290001,17.93,16.899901999999997,929809.0,cie
2020-03-03,18.18,18.85,18.07,18.42,17.36175,637942.0,cie
2020-03-04,18.66,18.790001,17.84,17.950001,16.918753,350404.0,cie
2020-03-05,18.059998999999998,18.08,17.219998999999998,17.24,16.249542,463744.0,cie
2020-03-06,17.0,17.43,16.690001000000002,17.33,16.33437,636764.0,cie
2020-03-09,16.5,16.92,16.08,16.190001000000002,15.259867999999999,1105479.0,cie
2020-03-10,16.389999,17.34,16.129998999999998,16.25,15.31642,679657.0,cie
2020-03-11,16.25,16.860001,15.93,16.25,15.31642,675834.0,cie
2020-03-12,15.5,15.63,13.79,13.83,13.03545,731124.0,cie
2020-03-13,14.0,15.04,14.0,14.25,13.431320999999999,491013.0,cie
2020-03-16,13.2,14.25,12.71,13.44,12.667856,645761.0,cie
2020-03-17,13.7,14.76,12.82,12.91,12.168306,501328.0,cie
2020-03-18,12.5,13.0,10.72,11.25,10.603675,632263.0,cie
2020-03-19,11.32,11.57,9.71,10.18,9.595148,727900.0,cie
2020-03-20,10.58,11.59,10.3,11.3,10.650803999999999,572074.0,cie
2020-03-23,11.25,12.38,10.9,12.22,11.517947,398451.0,cie
2020-03-24,12.66,13.34,12.66,13.25,12.488772,468962.0,cie
2020-03-25,13.51,14.5,13.51,14.26,13.440748000000001,563644.0,cie
2020-03-26,14.26,14.26,13.8,14.0,13.195684,468969.0,cie
2020-03-27,14.0,14.25,13.8,14.1,13.28994,328954.0,cie
2020-03-30,14.05,14.2,13.88,13.94,13.139130999999999,278553.0,cie
2020-03-31,13.75,14.18,13.75,14.06,13.252237,304686.0,cie
2020-04-01,14.0,14.0,12.97,12.97,12.224859,327128.0,cie
2020-04-02,13.4,13.4,12.84,12.96,12.215434,231526.0,cie
2020-04-03,13.02,13.05,12.91,13.01,12.262561999999999,280331.0,cie
2020-04-06,13.86,13.86,13.22,13.24,12.479347,175860.0,cie
2020-04-07,13.66,14.16,13.39,13.61,12.82809,255007.0,cie
2020-04-08,13.68,13.89,13.56,13.75,12.960047,301506.0,cie
2020-04-09,13.7,14.1,13.6,13.77,12.978899,298119.0,cie
2020-04-14,14.2,14.66,14.0,14.64,13.798917000000001,409783.0,cie
2020-04-15,14.69,14.88,13.86,13.86,13.063727,448046.0,cie
2020-04-16,13.87,14.59,13.87,14.31,13.487875,150141.0,cie
2020-04-17,14.84,15.17,14.48,14.99,14.128808,170311.0,cie
2020-04-20,15.48,15.97,14.91,15.14,14.27019,139491.0,cie
2020-04-21,14.85,15.13,14.5,14.54,13.70466,181356.0,cie
2020-04-22,14.82,14.94,14.65,14.79,13.940297,138018.0,cie
2020-04-23,14.83,15.19,14.83,14.97,14.109957000000001,157393.0,cie
2020-04-24,14.96,15.0,14.24,14.25,13.431320999999999,216161.0,cie
2020-04-27,14.82,14.85,14.0,14.09,13.280514000000002,219848.0,cie
2020-04-28,14.2,14.42,14.13,14.35,13.525578,125670.0,cie
2020-04-29,14.69,15.9,14.21,15.9,14.986526000000001,269817.0,cie
2020-04-30,16.200001,16.6,15.81,15.99,15.071356,295284.0,cie
2020-05-04,15.8,15.8,14.88,15.15,14.279614000000002,220005.0,cie
2020-05-05,15.42,15.58,15.15,15.28,14.402145999999998,129028.0,cie
2020-05-06,15.06,15.29,14.82,15.0,14.138233999999999,130617.0,cie
2020-05-07,15.29,15.29,14.54,14.76,13.912023000000001,170132.0,cie
2020-05-08,15.11,15.12,14.75,14.95,14.091104999999999,107943.0,cie
2020-05-11,15.08,15.18,14.6,14.8,13.949723,79099.0,cie
2020-05-12,14.8,14.8,14.33,14.33,13.506723999999998,170296.0,cie
2020-05-13,14.33,14.33,13.77,13.91,13.110854999999999,312506.0,cie
2020-05-14,13.7,13.85,13.44,13.62,12.837516,519634.0,cie
2020-05-15,13.57,13.92,13.57,13.65,12.865791999999999,198977.0,cie
2020-05-18,13.88,14.31,13.62,14.31,13.487875,171176.0,cie
2020-05-19,14.65,15.7,14.5,15.35,14.468126000000002,531731.0,cie
2020-05-20,15.15,15.3,14.23,14.61,13.770638,400100.0,cie
2020-05-21,14.51,14.88,14.05,14.46,13.629256,431468.0,cie
2020-05-22,14.58,14.83,14.09,14.56,13.723512,279597.0,cie
2020-05-25,14.83,15.28,14.43,15.23,14.355020000000001,214236.0,cie
2020-05-26,15.31,16.549999,15.31,15.89,14.977101999999999,470562.0,cie
2020-05-27,16.049999,17.530001000000002,15.95,17.379998999999998,16.381498,615067.0,cie
2020-05-28,17.73,18.1,16.309998999999998,16.98,16.004478,532721.0,cie
2020-05-29,16.6,16.709999,15.92,16.209999,15.278716000000001,363903.0,cie
2020-06-01,16.6,16.75,16.32,16.42,15.476654000000002,240978.0,cie
2020-06-02,16.66,17.389999,16.51,17.09,16.10816,341648.0,cie
2020-06-03,17.32,17.950001,17.17,17.700001,16.683115,369716.0,cie
2020-06-04,17.65,17.860001,17.27,17.52,16.513456,330424.0,cie
2020-06-05,17.9,18.25,17.68,17.82,16.796221,685521.0,cie
2020-06-08,17.9,18.41,17.700001,18.0,16.965881,402286.0,cie
2020-06-09,18.08,18.129998999999998,17.01,17.41,16.409777,597982.0,cie
2020-06-10,17.440001000000002,17.799999,16.65,16.969998999999998,15.995054999999999,399524.0,cie
2020-06-11,16.549999,16.549999,15.87,16.040001,15.118484,532183.0,cie
2020-06-12,15.88,16.620001000000002,15.61,16.190001000000002,15.259867999999999,324827.0,cie
2020-06-15,16.120001000000002,16.42,15.73,16.379998999999998,15.43895,326342.0,cie
2020-06-16,16.98,17.02,16.33,16.49,15.542629999999999,578315.0,cie
2020-06-17,16.6,16.889999,16.27,16.629998999999998,15.674588,307618.0,cie
2020-06-18,16.35,16.379998999999998,15.62,16.190001000000002,15.259867999999999,536603.0,cie
2020-06-19,16.27,16.34,15.81,15.81,14.901698000000001,375547.0,cie
2020-06-22,15.67,16.0,15.46,15.8,14.892272,263568.0,cie
2020-06-23,16.0,16.16,15.74,15.96,15.043079999999998,377578.0,cie
2020-06-24,15.98,16.450001,15.72,15.8,14.892272,326576.0,cie
2020-06-25,15.75,16.09,15.32,15.95,15.033655,331239.0,cie
2020-06-26,16.15,16.43,15.97,16.1,15.175035999999999,276940.0,cie
2020-06-29,15.98,16.41,15.98,16.370001000000002,15.429525,182836.0,cie
2020-06-30,16.379998999999998,16.5,15.25,15.62,14.722613,661859.0,cie
2020-07-01,15.68,15.79,14.87,15.16,14.289041000000001,626059.0,cie
2020-07-02,15.13,15.54,15.03,15.31,14.791429,410722.0,cie
2020-07-03,15.53,15.53,15.09,15.42,14.897701999999999,224109.0,cie
2020-07-06,15.72,16.27,15.64,15.96,15.419410999999998,418379.0,cie
2020-07-07,15.74,15.99,15.64,15.85,15.313138,299817.0,cie
2020-07-08,15.65,15.74,15.15,15.21,14.694815,470698.0,cie
2020-07-09,15.3,15.48,15.02,15.05,14.540235000000001,330984.0,cie
2020-07-10,15.0,15.21,14.68,15.14,14.627185999999998,383756.0,cie
2020-07-13,15.44,15.91,15.44,15.52,14.994315,267644.0,cie
2020-07-14,15.3,15.37,14.88,15.13,14.617525,317923.0,cie
2020-07-15,15.35,15.86,15.22,15.67,15.139234,339232.0,cie
2020-07-16,15.53,15.73,15.39,15.67,15.139234,204496.0,cie
2020-07-17,15.79,15.92,15.58,15.59,15.061944,401293.0,cie
2020-07-20,15.53,15.72,15.28,15.56,15.032960999999998,234067.0,cie
2020-07-21,15.86,16.4,15.58,15.73,15.197201999999999,563578.0,cie
2020-07-22,15.75,15.76,15.14,15.44,14.917025,318293.0,cie
2020-07-23,15.51,15.92,15.47,15.81,15.274492,360182.0,cie
2020-07-24,15.41,15.83,15.35,15.63,15.100589000000001,327433.0,cie
2020-07-27,15.56,15.58,14.06,14.41,13.921910999999998,792693.0,cie
2020-07-28,14.45,14.72,14.16,14.29,13.805976000000001,421420.0,cie
2020-07-29,14.35,14.35,14.0,14.07,13.593428,359813.0,cie
2020-07-30,14.1,14.28,13.63,13.77,13.30359,316893.0,cie
2020-07-31,13.79,13.9,13.49,13.49,13.033073,337665.0,cie
2020-08-03,13.52,14.02,13.36,13.95,13.477492000000002,387107.0,cie
2020-08-04,14.07,14.35,14.02,14.25,13.767332000000001,276578.0,cie
2020-08-05,14.37,14.65,14.25,14.63,14.13446,220897.0,cie
2020-08-06,14.63,14.63,14.22,14.34,13.854282000000001,190551.0,cie
2020-08-07,14.31,14.33,13.85,14.1,13.622413,263732.0,cie
2020-08-10,14.25,14.58,14.13,14.58,14.086154,203755.0,cie
2020-08-11,14.72,15.37,14.69,15.33,14.810751000000002,276830.0,cie
2020-08-12,15.33,15.44,15.16,15.18,14.665832,167159.0,cie
2020-08-13,15.18,15.43,15.07,15.29,14.772104999999998,204822.0,cie
2020-08-14,15.18,15.18,14.9,15.12,14.607861999999999,206840.0,cie
2020-08-17,15.07,15.28,14.83,14.93,14.424299,247738.0,cie
2020-08-18,14.8,15.32,14.89,14.95,14.443620999999998,192433.0,cie
2020-08-19,15.02,15.02,14.7,14.8,14.298703,178170.0,cie
2020-08-20,14.73,14.73,14.34,14.41,13.921910999999998,163945.0,cie
2020-08-21,14.46,14.46,14.06,14.27,13.786654,195134.0,cie
2020-08-24,14.36,14.66,14.28,14.61,14.115136999999999,172083.0,cie
2020-08-25,14.69,14.88,14.33,14.38,13.892928,217592.0,cie
2020-08-26,14.3,14.48,14.26,14.39,13.902591000000001,140188.0,cie
2020-08-27,14.45,14.7,14.31,14.62,14.124799,115170.0,cie
2020-08-28,14.7,14.92,14.43,14.88,14.375993,157608.0,cie
2020-08-31,15.0,15.04,14.45,14.5,14.008863,222309.0,cie
2020-09-01,14.7,14.7,14.27,14.52,14.028186999999999,191911.0,cie
2020-09-02,14.5,14.92,14.49,14.85,14.347009,156267.0,cie
2020-09-03,14.99,15.25,14.82,14.94,14.43396,167342.0,cie
2020-09-04,14.9,15.47,14.84,15.4,14.878379,335393.0,cie
2020-09-07,15.47,15.64,14.98,15.05,14.540235000000001,290418.0,cie
2020-09-08,15.07,15.13,14.61,14.82,14.318025,324727.0,cie
2020-09-09,14.76,14.84,14.48,14.5,14.008863,308134.0,cie
2020-09-10,14.5,14.81,14.45,14.51,14.018526000000001,333494.0,cie
2020-09-11,14.44,14.61,14.34,14.59,14.095815,195610.0,cie
2020-09-14,14.67,14.96,14.62,14.83,14.327685,210308.0,cie
2020-09-15,14.73,14.93,14.63,14.68,14.182767000000002,200667.0,cie
2020-09-16,14.73,14.85,14.53,14.69,14.192426999999999,179620.0,cie
2020-09-17,14.49,15.28,14.47,15.16,14.646507999999999,344409.0,cie
2020-09-18,15.2,15.2,14.68,14.69,14.192426999999999,397168.0,cie
2020-09-21,14.56,14.57,14.29,14.39,13.902591000000001,459291.0,cie
2020-09-22,14.36,14.85,14.27,14.73,14.231072,412834.0,cie
2020-09-23,14.87,15.31,14.72,14.72,14.221411999999999,298509.0,cie
2020-09-24,14.54,14.86,14.4,14.65,14.153782000000001,207398.0,cie
2020-09-25,14.61,14.82,14.52,14.78,14.279379999999998,160767.0,cie
2020-09-28,14.99,15.39,14.93,15.36,14.839732999999999,159865.0,cie
2020-09-29,15.13,15.15,14.81,15.07,14.559556,159651.0,cie
2020-09-30,14.92,16.309998999999998,14.9,16.129998999999998,15.583651999999999,359336.0,cie
2020-10-01,16.190001000000002,16.24,15.65,15.83,15.293814999999999,335437.0,cie
2020-10-02,15.69,15.89,15.57,15.86,15.322798,251632.0,cie
2020-10-05,15.97,16.43,15.97,16.42,15.863829999999998,206631.0,cie
2020-10-06,16.469998999999998,16.77,16.370001000000002,16.66,16.095701000000002,254768.0,cie
2020-10-07,16.709999,16.84,16.42,16.719998999999998,16.153669,312388.0,cie
2020-10-08,16.790001,16.91,16.530001000000002,16.610001,16.047394,170785.0,cie
2020-10-09,16.65,16.76,16.379998999999998,16.379998999999998,15.825184,254218.0,cie
2020-10-12,16.48,16.65,16.360001,16.559998999999998,15.999088,226822.0,cie
2020-10-13,16.469998999999998,16.530001000000002,16.139999,16.15,15.602975,208724.0,cie
2020-10-14,16.139999,16.299999,15.86,16.209999,15.660942000000002,141803.0,cie
2020-10-15,15.92,16.440001000000002,15.89,16.4,15.844507,168736.0,cie
2020-10-16,16.440001000000002,17.34,16.440001000000002,16.99,16.414522,316042.0,cie
2020-10-19,17.07,17.27,16.879998999999998,17.049999,16.47249,174005.0,cie
2020-10-20,16.879998999999998,17.379998999999998,16.690001000000002,17.02,16.443506,239924.0,cie
2020-10-21,17.24,17.299999,16.959999,17.200001,16.617410999999997,193446.0,cie
2020-10-22,17.18,17.559998999999998,16.959999,17.370001000000002,16.781654,248415.0,cie
2020-10-23,17.379998999999998,17.700001,17.34,17.530001000000002,16.936234,228852.0,cie
2020-10-26,17.1,17.790001,17.1,17.469998999999998,16.878263,239661.0,cie
2020-10-27,17.5,17.5,16.309998999999998,16.389999,15.834847,391683.0,cie
2020-10-28,16.290001,16.83,15.81,15.93,15.390428,443206.0,cie
2020-10-29,16.02,16.83,15.86,16.440001000000002,15.883153,414534.0,cie
2020-10-30,16.1,16.799999,16.1,16.799999,16.230959,357600.0,cie
2020-11-02,16.950001,17.1,16.610001,16.780001000000002,16.211636,266746.0,cie
2020-11-03,16.83,17.33,16.83,17.219998999999998,16.636734,346259.0,cie
2020-11-04,16.84,17.35,16.76,17.059998999999998,16.482151,245007.0,cie
2020-11-05,17.200001,17.290001,16.780001000000002,17.129998999999998,16.549782,758608.0,cie
2020-11-06,17.08,17.32,16.620001000000002,16.860001,16.288926999999997,317142.0,cie
2020-11-09,17.469998999999998,18.709999,17.35,18.540001,17.912024,585254.0,cie
2020-11-10,18.450001,19.09,18.23,18.6,17.969992,630750.0,cie
2020-11-11,18.6,19.389999,18.18,19.200001,18.549667000000003,433797.0,cie
2020-11-12,19.17,19.309998999999998,18.83,19.24,18.588312,324813.0,cie
2020-11-13,19.030001000000002,19.360001,19.030001000000002,19.190001000000002,18.540007,185123.0,cie
2020-11-16,19.5,20.059998999999998,19.469998999999998,19.76,19.0907,232790.0,cie
2020-11-17,19.780001000000002,19.9,19.51,19.83,19.158329000000002,134290.0,cie
2020-11-18,19.9,20.1,19.690001000000002,20.0,19.322571,257766.0,cie
2020-11-19,20.0,20.139999,19.809998999999998,19.98,19.303245999999998,181108.0,cie
2020-11-20,19.959999,20.24,19.889999,20.18,19.496475,387802.0,cie
2020-11-23,20.32,20.82,20.08,20.32,19.631729,290819.0,cie
2020-11-24,20.48,20.860001,20.42,20.860001,20.153442000000002,255790.0,cie
2020-11-25,20.9,20.940001000000002,20.48,20.92,20.211409,227148.0,cie
2020-11-26,20.940001000000002,20.940001000000002,20.5,20.719998999999998,20.018182999999997,108797.0,cie
2020-11-27,20.52,21.16,20.360001,21.16,20.443279,258156.0,cie
2020-11-30,20.9,21.139999,20.559998999999998,20.559998999999998,19.8636,400501.0,cie
2020-12-01,20.700001,20.959999,20.559998999999998,20.74,20.037506,229674.0,cie
2020-12-02,20.639999,20.940001000000002,20.48,20.82,20.114796,169118.0,cie
2020-12-03,20.780001000000002,21.0,20.68,20.879998999999998,20.172762,204217.0,cie
2020-12-04,20.5,21.18,20.42,20.58,19.882925,242030.0,cie
2020-12-07,20.459999,20.620001000000002,20.360001,20.52,19.824957,178443.0,cie
2020-12-08,20.42,20.5,20.16,20.32,19.631729,136337.0,cie
2020-12-09,20.459999,20.66,20.280001000000002,20.459999,19.766989000000002,143569.0,cie
2020-12-10,20.52,20.620001000000002,20.16,20.26,19.573763,138316.0,cie
2020-12-11,20.16,20.16,19.66,19.91,19.235617,105914.0,cie
2020-12-14,20.200001,20.52,20.18,20.48,19.786312,201449.0,cie
2020-12-15,20.52,20.799999,20.34,20.799999,20.095472,106338.0,cie
2020-12-16,20.860001,21.139999,20.66,20.879998999999998,20.172762,135774.0,cie
2020-12-17,21.0,21.4,20.92,21.379998999999998,20.655827,180460.0,cie
2020-12-18,21.299999,21.5,21.059998999999998,21.440001000000002,20.713797,230705.0,cie
2020-12-21,21.059998999999998,21.440001000000002,20.559998999999998,21.4,20.67515,275544.0,cie
2020-12-22,21.48,21.52,21.18,21.379998999999998,20.655827,289867.0,cie
2020-12-23,21.42,21.780001000000002,21.379998999999998,21.66,20.926344,184508.0,cie
2020-12-24,21.74,21.799999,21.5,21.6,20.868376,42045.0,cie
2020-12-28,21.799999,22.16,21.719998999999998,21.799999,21.061602,130648.0,cie
2020-12-29,22.0,22.299999,21.82,22.139999,21.390085,249290.0,cie
2020-12-30,22.32,22.52,21.92,22.26,21.506021,174515.0,cie
2020-12-31,22.24,22.379998999999998,22.059998999999998,22.059998999999998,21.312796,59596.0,cie
2021-01-04,22.280001000000002,22.459999,21.58,21.74,21.003632999999997,215007.0,cie
2021-01-05,21.200001,21.719998999999998,21.02,21.299999,20.817932,216815.0,cie
2021-01-06,21.459999,21.98,21.379998999999998,21.540001,21.052502,132606.0,cie
2021-01-07,21.52,22.200001,21.52,22.040001,21.541187,189027.0,cie
2021-01-08,22.200001,22.34,21.76,21.76,21.267523,150696.0,cie
2021-01-11,21.76,21.92,21.26,21.76,21.267523,201887.0,cie
2021-01-12,21.799999,22.360001,21.780001000000002,22.34,21.834395999999998,145613.0,cie
2021-01-13,22.200001,22.200001,21.92,21.98,21.482544,147677.0,cie
2021-01-14,22.1,22.66,22.1,22.219998999999998,21.717112,185746.0,cie
2021-01-15,22.200001,22.219998999999998,21.200001,21.440001000000002,20.954765,181431.0,cie
2021-01-18,21.440001000000002,21.959999,21.32,21.959999,21.462996,92375.0,cie
2021-01-19,22.0,22.040001,21.719998999999998,21.74,21.247976,140560.0,cie
2021-01-20,21.799999,22.32,21.799999,22.16,21.65847,143401.0,cie
2021-01-21,22.059998999999998,22.440001000000002,21.879998999999998,22.0,21.50209,145148.0,cie
2021-01-22,21.82,21.860001,21.52,21.559998999999998,21.07205,148880.0,cie
2021-01-25,21.76,21.76,20.68,20.74,20.270607000000002,156986.0,cie
2021-01-26,20.5,21.440001000000002,20.5,21.4,20.915670000000002,114956.0,cie
2021-01-27,21.299999,21.4,20.66,21.0,20.524723,139705.0,cie
2021-01-28,20.799999,21.6,20.440001000000002,21.5,21.013409,219281.0,cie
2021-01-29,21.18,21.940001000000002,21.18,21.719998999999998,21.228426000000002,188385.0,cie
2021-02-01,21.959999,21.98,21.66,21.92,21.423903,107435.0,cie
2021-02-02,21.860001,22.68,21.860001,22.200001,21.697565,205050.0,cie
2021-02-03,22.200001,23.02,22.18,22.959999,22.440363,209277.0,cie
2021-02-04,23.139999,23.299999,22.860001,23.16,22.635838,115955.0,cie
2021-02-05,23.280001000000002,23.440001000000002,22.959999,23.139999,22.616291,164566.0,cie
2021-02-08,23.280001000000002,23.719998999999998,23.24,23.360001,22.831310000000002,157922.0,cie
2021-02-09,23.26,23.440001000000002,23.120001000000002,23.4,22.870404999999998,140194.0,cie
2021-02-10,23.4,23.52,23.16,23.18,22.655383999999998,80551.0,cie
2021-02-11,22.9,23.52,22.860001,23.440001000000002,22.909502,112712.0,cie
2021-02-12,23.299999,23.620001000000002,23.139999,23.58,23.046331,97597.0,cie
2021-02-15,23.66,23.76,23.379998999999998,23.4,22.870404999999998,116779.0,cie
2021-02-16,23.42,23.559998999999998,23.16,23.459999,22.929047,117771.0,cie
2021-02-17,23.52,23.52,23.059998999999998,23.059998999999998,22.538099,123734.0,cie
2021-02-18,23.040001,23.52,22.84,23.24,22.714025,134250.0,cie
2021-02-19,23.1,23.48,23.1,23.32,22.792217,128309.0,cie
2021-02-22,22.58,23.139999,22.120001000000002,23.120001000000002,22.596743,155039.0,cie
2021-02-23,23.120001000000002,23.459999,22.5,22.6,22.088511999999998,158616.0,cie
2021-02-24,22.66,22.82,22.059998999999998,22.24,21.73666,146480.0,cie
2021-02-25,22.0,23.32,22.0,22.559998999999998,22.049416,216272.0,cie
2021-02-26,22.540001,23.0,22.24,22.76,22.244892,292064.0,cie
2021-03-01,23.02,23.26,22.48,22.58,22.068966,243505.0,cie
2021-03-02,22.440001000000002,22.9,22.360001,22.360001,21.853945,172931.0,cie
2021-03-03,22.6,22.700001,22.24,22.559998999999998,22.049416,175167.0,cie
2021-03-04,22.48,22.559998999999998,22.02,22.459999,21.951681,206796.0,cie
2021-03-05,22.459999,22.68,22.26,22.559998999999998,22.049416,182379.0,cie
2021-03-08,22.700001,23.1,22.68,23.1,22.577196,161679.0,cie
2021-03-09,23.1,23.4,22.940001000000002,23.02,22.499006,121313.0,cie
2021-03-10,23.139999,23.440001000000002,22.98,23.280001000000002,22.753122,228300.0,cie
2021-03-11,23.24,23.42,22.700001,22.879998999999998,22.362175,124507.0,cie
2021-03-12,22.74,22.879998999999998,22.42,22.5,21.990774,151916.0,cie
2021-03-15,22.559998999999998,22.860001,22.299999,22.34,21.834395999999998,166675.0,cie
2021-03-16,22.440001000000002,22.959999,22.42,22.700001,22.186251000000002,296771.0,cie
2021-03-17,22.719998999999998,22.76,22.26,22.6,22.088511999999998,124132.0,cie
2021-03-18,22.74,22.98,22.5,22.700001,22.186251000000002,240885.0,cie
2021-03-19,22.52,22.82,22.299999,22.719998999999998,22.205795000000002,157220.0,cie
2021-03-22,22.860001,22.940001000000002,22.48,22.719998999999998,22.205795000000002,243303.0,cie
2021-03-23,22.66,22.76,22.26,22.26,21.756207,169534.0,cie
2021-03-24,22.299999,22.42,21.299999,21.379998999999998,20.896122000000002,262528.0,cie
2021-03-25,21.459999,21.879998999999998,21.16,21.780001000000002,21.287069,171551.0,cie
2021-03-26,21.799999,22.200001,21.799999,21.959999,21.462996,118448.0,cie
2021-03-29,21.9,22.32,21.860001,22.18,21.678019,136228.0,cie
2021-03-30,22.379998999999998,22.74,22.26,22.74,22.225342,102434.0,cie
2021-03-31,22.540001,23.1,22.24,22.32,21.814848,254599.0,cie
2021-04-01,22.34,22.74,22.200001,22.639999,22.127607,106568.0,cie
2021-04-06,22.540001,22.98,22.48,22.52,22.010324,128689.0,cie
2021-04-07,22.5,22.68,22.26,22.26,21.756207,102803.0,cie
2021-04-08,22.379998999999998,22.52,22.18,22.379998999999998,21.873489000000003,118457.0,cie
2021-04-09,22.34,22.379998999999998,21.68,21.700001,21.208880999999998,159980.0,cie
2021-04-12,21.74,21.98,21.440001000000002,21.440001000000002,20.954765,121651.0,cie
2021-04-13,21.440001000000002,21.940001000000002,21.379998999999998,21.780001000000002,21.287069,246050.0,cie
2021-04-14,21.74,21.799999,21.540001,21.6,21.111143,155724.0,cie
2021-04-15,21.860001,21.959999,21.6,21.84,21.345713,316016.0,cie
2021-04-16,21.959999,24.040001,21.959999,23.92,23.378637,471792.0,cie
2021-04-19,23.879998999999998,24.0,23.24,23.440001000000002,22.909502,301033.0,cie
2021-04-20,23.42,23.780001000000002,23.32,23.540001,23.007238,231176.0,cie
2021-04-21,23.540001,23.959999,23.5,23.799999,23.261353,225941.0,cie
2021-04-22,23.98,24.940001000000002,23.98,24.6,24.043247,318470.0,cie
2021-04-23,24.42,24.66,23.98,24.58,24.023701000000003,171920.0,cie
2021-04-26,24.4,24.540001,23.459999,23.780001000000002,23.241806,379928.0,cie
2021-04-27,23.9,24.040001,23.68,23.860001,23.319996,140564.0,cie
2021-04-28,24.040001,24.08,23.780001000000002,23.799999,23.261353,149657.0,cie
2021-04-29,23.98,23.98,23.360001,23.6,23.06588,204326.0,cie
2021-04-30,23.52,23.719998999999998,23.16,23.16,22.635838,171497.0,cie
2021-05-03,23.139999,23.459999,23.02,23.32,22.792217,144100.0,cie
2021-05-04,23.18,23.459999,22.5,22.5,21.990774,159093.0,cie
2021-05-05,22.6,23.379998999999998,22.32,23.280001000000002,22.753122,211618.0,cie
2021-05-06,23.34,24.26,23.34,24.18,23.632753,238276.0,cie
2021-05-07,24.459999,24.700001,24.32,24.66,24.101889,186576.0,cie
2021-05-10,24.76,24.940001000000002,24.459999,24.860001,24.297363,245770.0,cie
2021-05-11,24.5,24.68,24.200001,24.42,23.867321,158015.0,cie
2021-05-12,24.459999,24.459999,23.92,23.98,23.437279,226435.0,cie
2021-05-13,23.780001000000002,23.9,23.200001,23.799999,23.261353,148914.0,cie
2021-05-14,24.299999,24.440001000000002,23.82,24.440001000000002,23.886869,125109.0,cie
2021-05-17,24.379998999999998,24.879998999999998,24.379998999999998,24.76,24.199627,158792.0,cie
2021-05-18,24.74,24.940001000000002,24.4,24.66,24.101889,163316.0,cie
2021-05-19,24.540001,24.6,24.040001,24.360001,23.80868,193223.0,cie
2021-05-20,24.4,24.459999,24.0,24.26,23.710941000000002,172226.0,cie
2021-05-21,24.299999,24.5,24.200001,24.4,23.847775,167072.0,cie
2021-05-24,24.42,24.66,24.32,24.66,24.101889,100165.0,cie
2021-05-25,24.700001,24.780001000000002,24.34,24.42,23.867321,128504.0,cie
2021-05-26,24.639999,24.639999,24.200001,24.32,23.769582999999997,117129.0,cie
2021-05-27,24.34,24.74,24.1,24.459999,23.906416,861883.0,cie
2021-05-28,24.74,24.9,24.559998999999998,24.559998999999998,24.004151999999998,131540.0,cie
2021-05-31,24.76,24.92,24.6,24.82,24.258268,106480.0,cie
2021-06-01,24.9,25.700001,24.84,25.639999,25.05971,241256.0,cie
2021-06-02,25.719998999999998,25.860001,25.299999,25.5,24.922878,214473.0,cie
2021-06-03,25.459999,25.82,25.32,25.76,25.176994,99573.0,cie
2021-06-04,25.559998999999998,25.959999,25.559998999999998,25.799999,25.216089,119475.0,cie
2021-06-07,25.879998999999998,25.940001000000002,25.6,25.9,25.313824,135025.0,cie
2021-06-08,25.719998999999998,25.940001000000002,25.4,25.4,24.825142,122412.0,cie
2021-06-09,25.34,25.559998999999998,25.02,25.040001,24.473289,132578.0,cie
2021-06-10,25.02,25.219998999999998,24.82,24.940001000000002,24.375553,110807.0,cie
2021-06-11,24.860001,25.84,24.860001,25.719998999999998,25.137897,144225.0,cie
2021-06-14,26.0,26.0,25.780001000000002,25.940001000000002,25.352921,150817.0,cie
2021-06-15,26.0,26.4,25.84,26.0,25.411562,199857.0,cie
2021-06-16,26.26,26.26,25.559998999999998,25.6,25.020615,177083.0,cie
2021-06-17,25.540001,25.559998999999998,25.059998999999998,25.059998999999998,24.492835999999997,218921.0,cie
2021-06-18,25.040001,25.16,24.440001000000002,24.66,24.101889,325064.0,cie
2021-06-21,24.620001000000002,25.18,24.48,25.02,24.453743,193690.0,cie
2021-06-22,25.02,25.299999,24.799999,25.26,24.688311,183212.0,cie
2021-06-23,25.379998999999998,25.5,24.92,25.299999,24.727404,185846.0,cie
2021-06-24,25.34,25.440001000000002,24.959999,25.24,24.668762,216925.0,cie
2021-06-25,25.280001000000002,25.68,25.120001000000002,25.58,25.001068,310105.0,cie
2021-06-28,25.700001,25.860001,24.879998999999998,24.98,24.414645999999998,236666.0,cie
2021-06-29,25.1,25.66,25.040001,25.6,25.020615,395703.0,cie
2021-06-30,25.639999,25.700001,24.92,24.959999,24.3951,316688.0,cie
2021-07-01,25.040001,26.059998999999998,24.959999,26.040001,25.450658999999998,784148.0,cie
2021-07-02,26.0,26.1,25.74,25.74,25.401316,205689.0,cie
2021-07-05,26.200001,26.200001,25.780001000000002,26.120001000000002,25.776316,107552.0,cie
2021-07-06,26.0,26.16,25.24,25.42,25.085526,119487.0,cie
2021-07-07,25.459999,25.66,25.219998999999998,25.5,25.164473,119112.0,cie
2021-07-08,25.459999,25.459999,24.719998999999998,25.0,24.671053,152374.0,cie
2021-07-09,25.24,25.540001,25.059998999999998,25.540001,25.203948999999998,114343.0,cie
2021-07-12,25.280001000000002,25.68,24.940001000000002,25.58,25.243422,104490.0,cie
2021-07-13,25.459999,25.74,25.379998999999998,25.559998999999998,25.223684,103182.0,cie
2021-07-14,25.799999,25.9,25.459999,25.6,25.263158999999998,118139.0,cie
2021-07-15,25.9,25.9,24.959999,25.08,24.75,652711.0,cie
2021-07-16,24.98,25.120001000000002,24.5,24.58,24.256578,132831.0,cie
2021-07-19,24.299999,24.360001,23.68,24.0,23.68421,178940.0,cie
2021-07-20,24.34,24.459999,23.98,24.379998999999998,24.05921,115281.0,cie
2021-07-21,24.360001,24.82,24.34,24.719998999999998,24.394735,218708.0,cie
2021-07-22,24.74,25.120001000000002,24.52,24.52,24.197369000000002,118082.0,cie
2021-07-23,24.719998999999998,25.1,24.719998999999998,24.860001,24.532896,145763.0,cie
2021-07-26,24.32,25.200001,24.200001,25.08,24.75,166645.0,cie
2021-07-27,25.32,25.32,24.440001000000002,24.559998999999998,24.236841000000002,161928.0,cie
2021-07-28,25.040001,25.120001000000002,24.219998999999998,24.98,24.651316,127696.0,cie
2021-07-29,25.08,25.26,24.559998999999998,24.780001000000002,24.453947,208752.0,cie
2021-07-30,24.6,25.32,24.540001,25.120001000000002,24.789474,227080.0,cie
2021-08-02,25.120001000000002,25.559998999999998,25.08,25.120001000000002,24.789474,135267.0,cie
2021-08-03,25.280001000000002,25.280001000000002,24.66,24.780001000000002,24.453947,113605.0,cie
2021-08-04,24.860001,25.1,24.74,24.9,24.572369000000002,97220.0,cie
2021-08-05,24.76,25.34,24.74,25.34,25.006578,113664.0,cie
2021-08-06,25.24,25.559998999999998,25.120001000000002,25.299999,24.967104,77954.0,cie
2021-08-09,25.1,25.299999,25.1,25.299999,24.967104,66779.0,cie
2021-08-10,25.200001,25.6,25.16,25.16,24.828947,113646.0,cie
2021-08-11,25.1,25.68,25.08,25.639999,25.302630999999998,124240.0,cie
2021-08-12,25.540001,25.959999,25.440001000000002,25.92,25.578947,134270.0,cie
2021-08-13,25.92,25.98,25.799999,25.9,25.55921,78128.0,cie
2021-08-16,25.799999,26.059998999999998,25.700001,25.9,25.55921,121998.0,cie
2021-08-17,25.620001000000002,25.82,25.440001000000002,25.459999,25.124998,161577.0,cie
2021-08-18,25.0,25.540001,25.0,25.5,25.164473,84049.0,cie
2021-08-19,25.1,25.219998999999998,24.959999,25.0,24.671053,150269.0,cie
2021-08-20,24.700001,25.26,24.700001,25.16,24.828947,112889.0,cie
2021-08-23,24.98,25.34,24.620001000000002,24.780001000000002,24.453947,107654.0,cie
2021-08-24,24.860001,24.9,24.700001,24.879998999999998,24.552630999999998,92824.0,cie
2021-08-25,24.879998999999998,24.940001000000002,24.639999,24.66,24.335526,87285.0,cie
2021-08-26,24.639999,24.780001000000002,24.440001000000002,24.66,24.335526,84264.0,cie
2021-08-27,24.559998999999998,24.700001,24.5,24.66,24.335526,95528.0,cie
2021-08-30,24.74,24.76,24.440001000000002,24.440001000000002,24.118422,68727.0,cie
2021-08-31,24.48,24.66,24.280001000000002,24.34,24.019737,110607.0,cie
2021-09-01,24.24,24.540001,24.0,24.059998999999998,23.74342,140021.0,cie
2021-09-02,24.139999,24.360001,24.02,24.120001000000002,23.802630999999998,97160.0,cie
2021-09-03,24.299999,24.299999,23.82,23.84,23.526316,166344.0,cie
2021-09-06,23.860001,24.02,23.799999,23.959999,23.644735,91093.0,cie
2021-09-07,23.9,23.98,23.6,23.98,23.664473,131786.0,cie
2021-09-08,24.200001,24.200001,23.42,23.5,23.19079,156918.0,cie
2021-09-09,23.459999,23.68,23.120001000000002,23.620001000000002,23.309212,155796.0,cie
2021-09-10,24.0,24.0,23.440001000000002,23.52,23.210527,142813.0,cie
2021-09-13,23.799999,23.799999,23.440001000000002,23.700001,23.388158999999998,94221.0,cie
2021-09-14,23.799999,23.799999,22.92,23.0,22.697369000000002,152017.0,cie
2021-09-15,23.0,23.0,22.219998999999998,22.360001,22.06579,164023.0,cie
2021-09-16,22.559998999999998,22.559998999999998,21.92,21.92,21.631578,257007.0,cie
2021-09-17,21.92,22.200001,21.74,21.879998999999998,21.592104,254340.0,cie
2021-09-20,21.66,21.719998999999998,21.299999,21.32,21.039473,242570.0,cie
2021-09-21,21.459999,21.639999,21.24,21.34,21.05921,162309.0,cie
2021-09-22,21.799999,22.16,21.42,22.040001,21.75,206736.0,cie
2021-09-23,22.360001,22.58,22.120001000000002,22.4,22.105263,158908.0,cie
2021-09-24,22.32,22.700001,22.18,22.6,22.302630999999998,142976.0,cie
2021-09-27,22.879998999999998,22.879998999999998,22.459999,22.74,22.440788,188236.0,cie
2021-09-28,22.780001000000002,22.799999,21.959999,22.0,21.710526,139576.0,cie
2021-09-29,22.120001000000002,22.26,21.940001000000002,22.1,21.80921,118618.0,cie
2021-09-30,22.059998999999998,22.200001,21.559998999999998,21.780001000000002,21.493422,291805.0,cie
2021-10-01,21.32,21.6,21.16,21.360001,21.078947,214000.0,cie
2021-10-04,21.4,21.58,21.18,21.280001000000002,21.0,179580.0,cie
2021-10-05,21.68,21.68,21.120001000000002,21.18,20.901316,390704.0,cie
2021-10-06,20.879998999999998,21.24,20.76,20.879998999999998,20.605263,386957.0,cie
2021-10-07,20.959999,21.639999,20.959999,21.6,21.31579,160465.0,cie
2021-10-08,21.6,22.040001,21.559998999999998,21.76,21.473684,311286.0,cie
2021-10-11,21.52,22.139999,21.5,22.059998999999998,21.769735,196137.0,cie
2021-10-12,21.82,21.940001000000002,21.66,21.860001,21.572369000000002,176589.0,cie
2021-10-13,21.879998999999998,22.26,21.76,22.040001,21.75,131877.0,cie
2021-10-14,22.379998999999998,22.6,21.98,22.02,21.730263,425732.0,cie
2021-10-15,22.440001000000002,22.58,22.139999,22.440001000000002,22.144737,194589.0,cie
2021-10-18,22.379998999999998,22.440001000000002,22.120001000000002,22.219998999999998,21.927630999999998,210989.0,cie
2021-10-19,22.16,22.48,22.16,22.34,22.046053,119469.0,cie
2021-10-20,22.1,22.98,22.059998999999998,22.879998999999998,22.578947,339962.0,cie
2021-10-21,23.360001,24.1,22.959999,23.959999,23.644735,328783.0,cie
2021-10-22,23.9,24.08,23.540001,23.540001,23.230265,447525.0,cie
2021-10-25,23.559998999999998,23.58,22.58,22.76,22.460526,326145.0,cie
2021-10-26,22.799999,23.18,22.799999,23.040001,22.736843,134654.0,cie
2021-10-27,23.1,23.120001000000002,22.780001000000002,23.08,22.776316,151414.0,cie
2021-10-28,22.92,23.219998999999998,22.92,23.219998999999998,22.914473,182739.0,cie
2021-10-29,23.24,23.559998999999998,23.040001,23.52,23.210527,195115.0,cie
2021-11-01,23.700001,23.98,23.42,23.58,23.269737,157569.0,cie
2021-11-02,23.1,23.52,23.1,23.120001000000002,22.81579,152244.0,cie
2021-11-03,23.219998999999998,23.559998999999998,23.120001000000002,23.559998999999998,23.25,147876.0,cie
2021-11-04,24.1,24.4,23.799999,24.4,24.078947,718941.0,cie
2021-11-05,24.280001000000002,24.620001000000002,24.200001,24.620001000000002,24.296053,190515.0,cie
2021-11-08,24.540001,24.860001,24.5,24.82,24.49342,196879.0,cie
2021-11-09,24.76,25.08,24.66,24.799999,24.473682,155282.0,cie
2021-11-10,24.82,24.860001,24.58,24.82,24.49342,110244.0,cie
2021-11-11,24.82,25.040001,24.74,25.0,24.671053,166518.0,cie
2021-11-12,24.799999,25.5,24.799999,25.5,25.164473,139260.0,cie
2021-11-15,25.5,25.940001000000002,25.4,25.940001000000002,25.598684,197336.0,cie
2021-11-16,25.84,27.0,25.799999,26.780001000000002,26.427630999999998,357253.0,cie
2021-11-17,26.799999,27.34,26.639999,27.299999,26.940788,274827.0,cie
2021-11-18,27.360001,27.540001,26.16,26.42,26.072369000000002,224172.0,cie
2021-11-19,26.52,26.719998999999998,26.0,26.299999,25.953947,183248.0,cie
2021-11-22,26.34,26.719998999999998,26.280001000000002,26.639999,26.289472999999997,136432.0,cie
2021-11-23,26.540001,26.74,26.42,26.639999,26.289472999999997,129850.0,cie
2021-11-24,26.66,26.84,26.16,26.200001,25.855263,239646.0,cie
2021-11-25,26.4,26.4,25.280001000000002,26.1,25.756578,241703.0,cie
2021-11-26,25.299999,25.9,24.98,25.02,24.69079,196687.0,cie
2021-11-29,25.1,25.379998999999998,24.780001000000002,25.120001000000002,24.789474,137609.0,cie
2021-11-30,24.780001000000002,24.84,23.82,24.48,24.157894,317682.0,cie
2021-12-01,24.0,25.26,23.98,25.24,24.907894,211340.0,cie
2021-12-02,25.139999,25.620001000000002,24.9,25.52,25.18421,231060.0,cie
2021-12-03,25.860001,25.860001,24.860001,25.02,24.69079,151970.0,cie
2021-12-06,25.16,25.6,24.98,25.540001,25.203948999999998,123376.0,cie
2021-12-07,26.040001,26.34,25.74,26.280001000000002,25.934212,154880.0,cie
2021-12-08,26.18,26.379998999999998,25.879998999999998,26.059998999999998,25.717104,176829.0,cie
2021-12-09,26.280001000000002,26.799999,26.1,26.66,26.309209999999997,149665.0,cie
2021-12-10,26.459999,27.200001,26.379998999999998,26.76,26.407894,197837.0,cie
2021-12-13,27.0,27.040001,26.52,26.540001,26.19079,152957.0,cie
2021-12-14,26.74,27.059998999999998,26.299999,26.299999,25.953947,134608.0,cie
2021-12-15,26.459999,26.620001000000002,26.040001,26.139999,25.796051000000002,84139.0,cie
2021-12-16,26.9,26.9,26.219998999999998,26.24,25.894737,117345.0,cie
2021-12-17,25.92,26.24,25.52,25.799999,25.460526,464223.0,cie
2021-12-20,25.34,26.059998999999998,25.32,25.879998999999998,25.539473,157743.0,cie
2021-12-21,26.440001000000002,26.440001000000002,25.959999,26.120001000000002,25.776316,103732.0,cie
2021-12-22,26.4,26.440001000000002,25.959999,26.440001000000002,26.092106,114133.0,cie
2021-12-23,26.5,26.98,26.48,26.98,26.625,119890.0,cie
2021-12-27,26.74,27.16,26.74,27.120001000000002,26.763159,104859.0,cie
2021-12-28,27.1,27.42,27.0,27.02,26.664474,60320.0,cie
2021-12-29,27.299999,27.34,27.040001,27.299999,26.940788,101873.0,cie
2021-12-30,27.32,27.5,27.0,27.360001,27.0,143255.0,cie
2022-01-03,27.299999,27.299999,26.52,26.620001000000002,26.620001000000002,125124.0,cie
2022-01-04,26.700001,27.34,26.68,27.18,27.18,562143.0,cie
2022-01-05,26.98,27.9,26.98,27.9,27.9,174420.0,cie
2022-01-06,27.4,28.24,27.4,28.18,28.18,153977.0,cie
2022-01-07,28.26,28.4,28.059998999999998,28.16,28.16,157147.0,cie
2022-01-10,28.219998999999998,28.299999,27.459999,27.559998999999998,27.559998999999998,267849.0,cie
2022-01-11,27.6,28.440001000000002,27.540001,28.26,28.26,189656.0,cie
2022-01-12,27.9,28.26,27.700001,27.799999,27.799999,233285.0,cie
2022-01-13,27.84,27.879998999999998,27.32,27.68,27.68,208547.0,cie
2022-01-14,27.4,27.84,27.200001,27.540001,27.540001,221594.0,cie
2022-01-17,27.959999,28.040001,27.639999,27.879998999999998,27.879998999999998,130318.0,cie
2022-01-18,27.440001000000002,27.76,27.440001000000002,27.5,27.5,134066.0,cie
2022-01-19,27.200001,27.780001000000002,27.16,27.16,27.16,503903.0,cie
2022-01-20,27.120001000000002,27.219998999999998,26.540001,26.68,26.68,127286.0,cie
2022-01-21,26.6,26.6,25.860001,26.16,26.16,190457.0,cie
2022-01-24,26.26,26.26,25.08,25.139999,25.139999,258702.0,cie
2022-01-25,25.16,25.540001,24.879998999999998,25.08,25.08,222339.0,cie
2022-01-26,25.48,25.959999,25.32,25.74,25.74,126850.0,cie
2022-01-27,25.719998999999998,26.24,25.32,26.0,26.0,204456.0,cie
2022-01-28,26.02,26.02,25.059998999999998,25.34,25.34,211697.0,cie
2022-01-31,25.299999,25.82,25.299999,25.74,25.74,100357.0,cie
2022-02-01,25.74,26.139999,25.639999,26.059998999999998,26.059998999999998,114872.0,cie
2022-02-02,25.940001000000002,26.4,25.879998999999998,26.18,26.18,117385.0,cie
2022-02-03,26.08,26.34,26.0,26.1,26.1,421303.0,cie
2022-02-04,26.32,26.32,25.02,25.18,25.18,216216.0,cie
2022-02-07,25.26,25.6,25.26,25.34,25.34,164550.0,cie
2022-02-08,25.34,25.879998999999998,25.32,25.719998999999998,25.719998999999998,167323.0,cie
2022-02-09,26.08,26.299999,26.0,26.200001,26.200001,88714.0,cie
2022-02-10,26.48,26.5,26.059998999999998,26.200001,26.200001,124379.0,cie
2022-02-11,26.0,26.24,25.799999,25.9,25.9,115559.0,cie
2022-02-14,25.16,25.379998999999998,24.940001000000002,25.200001,25.200001,455759.0,cie
2022-02-15,25.700001,25.959999,25.200001,25.959999,25.959999,154052.0,cie
2022-02-16,26.26,26.4,25.84,26.0,26.0,153710.0,cie
2022-02-17,26.120001000000002,26.540001,25.940001000000002,26.219998999999998,26.219998999999998,173572.0,cie
2022-02-18,26.200001,26.379998999999998,25.76,25.82,25.82,204728.0,cie
2022-02-21,25.639999,26.120001000000002,24.74,24.98,24.98,160928.0,cie
2022-02-22,24.42,25.5,24.059998999999998,25.120001000000002,25.120001000000002,178219.0,cie
2022-02-23,25.24,25.66,24.940001000000002,25.1,25.1,135564.0,cie
2022-02-24,23.700001,24.42,23.0,23.780001000000002,23.780001000000002,312397.0,cie
2022-02-25,24.440001000000002,24.639999,23.879998999999998,24.540001,24.540001,216705.0,cie
2022-02-28,23.940001000000002,24.4,22.959999,23.940001000000002,23.940001000000002,356366.0,cie
2022-03-01,23.639999,24.48,22.52,22.52,22.52,224672.0,cie
2022-03-02,22.620001000000002,22.74,21.9,22.42,22.42,489376.0,cie
2022-03-03,22.76,22.76,21.18,21.219998999999998,21.219998999999998,427407.0,cie
2022-03-04,21.02,21.02,20.200001,20.360001,20.360001,310992.0,cie
2022-03-07,19.219998999999998,19.879998999999998,18.68,19.280001000000002,19.280001000000002,482064.0,cie
2022-03-08,19.23,19.959999,18.809998999999998,18.969998999999998,18.969998999999998,395860.0,cie
2022-03-09,19.74,20.059998999999998,19.110001,20.059998999999998,20.059998999999998,511484.0,cie
2022-03-10,20.5,20.5,19.17,19.33,19.33,366599.0,cie
2022-03-11,19.17,20.139999,19.17,19.549999,19.549999,378145.0,cie
2022-03-14,20.0,20.120001000000002,19.559998999999998,19.68,19.68,282688.0,cie
2022-03-15,19.75,20.02,19.059998999999998,19.91,19.91,235619.0,cie
2022-03-16,20.559998999999998,21.120001000000002,20.200001,20.860001,20.860001,242603.0,cie
2022-03-17,21.360001,21.360001,20.5,20.92,20.92,385963.0,cie
2022-03-18,21.1,21.1,20.32,20.700001,20.700001,453592.0,cie
2022-03-21,20.860001,21.02,20.540001,20.82,20.82,304351.0,cie
2022-03-22,20.98,21.219998999999998,20.700001,21.219998999999998,21.219998999999998,325454.0,cie
2022-03-23,21.4,21.42,20.540001,20.6,20.6,374194.0,cie
2022-03-24,20.58,20.6,20.139999,20.34,20.34,263770.0,cie
2022-03-25,20.299999,20.42,20.0,20.08,20.08,252437.0,cie
2022-03-28,20.24,20.540001,20.0,20.0,20.0,276113.0,cie
2022-03-29,20.32,21.42,20.120001000000002,21.42,21.42,393235.0,cie
2022-03-30,21.52,21.58,20.940001000000002,21.08,21.08,324464.0,cie
2022-03-31,20.940001000000002,21.18,20.66,20.66,20.66,296398.0,cie
2022-04-01,20.5,20.860001,20.5,20.5,20.5,344451.0,cie
2022-04-04,20.540001,20.620001000000002,20.26,20.6,20.6,173243.0,cie
2022-04-05,20.860001,20.860001,19.91,19.91,19.91,341968.0,cie
2022-04-06,20.02,20.1,19.219998999999998,19.450001,19.450001,295604.0,cie
2022-04-07,19.540001,19.870001000000002,19.290001,19.290001,19.290001,210952.0,cie
2022-04-08,19.799999,19.799999,19.299999,19.48,19.48,296372.0,cie
2022-04-11,19.540001,19.559998999999998,19.209999,19.41,19.41,244085.0,cie
2022-04-12,19.219998999999998,19.860001,19.17,19.68,19.68,231748.0,cie
2022-04-13,19.74,20.0,19.530001000000002,19.950001,19.950001,180397.0,cie
2022-04-14,20.059998999999998,20.08,19.82,19.92,19.92,227815.0,cie
2022-04-19,19.809998999999998,20.26,19.76,20.18,20.18,207412.0,cie
2022-04-20,20.32,20.620001000000002,20.120001000000002,20.5,20.5,158647.0,cie
2022-04-21,20.5,21.1,20.459999,20.98,20.98,217849.0,cie
2022-04-22,20.799999,20.82,20.34,20.440001000000002,20.440001000000002,198445.0,cie
2022-04-25,20.18,20.379998999999998,20.0,20.299999,20.299999,160591.0,cie
2022-04-26,20.540001,20.58,19.5,19.5,19.5,270087.0,cie
