2017-04-27,7.12,7.172,7.092,7.127,6.376894,679522.0,colonial
2017-04-28,7.124,7.148,7.093,7.119,6.369737000000001,1037275.0,colonial
2017-05-02,7.15,7.23,7.137,7.225,6.464581,934858.0,colonial
2017-05-03,7.25,7.286,7.225,7.275,6.509318,990615.0,colonial
2017-05-04,7.282,7.331,7.231,7.314,6.544213,1036831.0,colonial
2017-05-05,7.25,7.25,7.111,7.191,6.434158999999999,3583152.0,colonial
2017-05-08,7.25,7.25,7.185,7.25,6.48695,38005106.0,colonial
2017-05-09,7.25,7.28,7.218,7.25,6.48695,1618148.0,colonial
2017-05-10,7.22,7.254,7.172,7.25,6.48695,6607902.0,colonial
2017-05-11,7.25,7.33,7.21,7.33,6.558528999999999,1745450.0,colonial
2017-05-12,7.346,7.346,7.265,7.29,6.52274,1326777.0,colonial
2017-05-15,7.328,7.333,7.281,7.32,6.549582,717305.0,colonial
2017-05-16,7.327,7.33,7.235,7.25,6.48695,1047355.0,colonial
2017-05-17,7.203,7.288,7.172,7.21,6.451159,1029752.0,colonial
2017-05-18,7.17,7.17,7.002,7.069,6.324999,2094823.0,colonial
2017-05-19,7.058,7.164,7.047,7.114,6.365263,1324320.0,colonial
2017-05-22,7.11,7.254,7.11,7.229,6.46816,1054211.0,colonial
2017-05-23,7.213,7.28,7.191,7.22,6.460106,1724647.0,colonial
2017-05-24,7.26,7.327,7.234,7.25,6.48695,2671536.0,colonial
2017-05-25,7.284,7.284,7.203,7.25,6.48695,948634.0,colonial
2017-05-26,7.25,7.276,7.221,7.245,6.482475,1471647.0,colonial
2017-05-29,7.24,7.28,7.21,7.243,6.4806870000000005,440526.0,colonial
2017-05-30,7.22,7.25,7.183,7.245,6.482475,1005286.0,colonial
2017-05-31,7.236,7.26,7.206,7.238,6.4762129999999996,853076.0,colonial
2017-06-01,7.2,7.268,7.2,7.25,6.48695,1951135.0,colonial
2017-06-02,7.27,7.393,7.26,7.369,6.593424000000001,2674703.0,colonial
2017-06-05,7.386,7.386,7.275,7.285,6.518265,1086155.0,colonial
2017-06-06,7.25,7.296,7.218,7.285,6.518265,776582.0,colonial
2017-06-07,7.285,7.523,7.266,7.501,6.711532000000001,2192373.0,colonial
2017-06-08,7.607,7.71,7.52,7.52,6.728532,3635895.0,colonial
2017-06-09,7.53,7.56,7.481,7.5,6.710638,2150889.0,colonial
2017-06-12,7.533,7.588,7.481,7.507,6.716900999999999,1878854.0,colonial
2017-06-13,7.52,7.678,7.512,7.555,6.759848,1839420.0,colonial
2017-06-14,7.598,7.669,7.586,7.604,6.803691000000001,1846376.0,colonial
2017-06-15,7.619,7.657,7.533,7.533,6.740164,1818357.0,colonial
2017-06-16,7.546,7.792,7.507,7.64,6.835903,12462198.0,colonial
2017-06-19,7.71,7.745,7.64,7.64,6.835903,2292693.0,colonial
2017-06-20,7.688,7.688,7.564,7.564,6.767902,1408651.0,colonial
2017-06-21,7.563,7.563,7.451,7.521,6.729427,1326858.0,colonial
2017-06-22,7.554,7.573,7.451,7.572,6.775059,1192048.0,colonial
2017-06-23,7.551,7.613,7.53,7.61,6.809060000000001,6685778.0,colonial
2017-06-26,7.65,7.688,7.626,7.65,6.84485,1024260.0,colonial
2017-06-27,7.64,7.677,7.629,7.65,6.84485,1499359.0,colonial
2017-06-28,7.62,7.684,7.586,7.638,6.834113,1912006.0,colonial
2017-06-29,7.675,7.679,7.562,7.59,6.7911649999999995,1662679.0,colonial
2017-06-30,7.566,7.686,7.562,7.628,6.825164999999999,1776918.0,colonial
2017-07-03,7.669,7.699,7.62,7.628,6.825164999999999,1249545.0,colonial
2017-07-04,7.615,7.666,7.56,7.615,6.8135330000000005,959536.0,colonial
2017-07-05,7.5,7.51,7.41,7.476,6.837312,905145.0,colonial
2017-07-06,7.477,7.499,7.357,7.39,6.758660000000001,1589319.0,colonial
2017-07-07,7.38,7.392,7.319,7.389,6.757745,635386.0,colonial
2017-07-10,7.413,7.49,7.392,7.477,6.838227000000001,765055.0,colonial
2017-07-11,7.467,7.527,7.448,7.453,6.816278,976560.0,colonial
2017-07-12,7.43,7.585,7.43,7.53,6.886699,1227864.0,colonial
2017-07-13,7.548,7.604,7.513,7.592,6.943402000000001,973391.0,colonial
2017-07-14,7.61,7.65,7.504,7.648,6.994617999999999,1286486.0,colonial
2017-07-17,7.636,7.72,7.636,7.658,7.003764,930852.0,colonial
2017-07-18,7.66,7.741,7.646,7.683,7.026628,1061491.0,colonial
2017-07-19,7.705,7.719,7.57,7.719,7.059553,885678.0,colonial
2017-07-20,7.745,7.801,7.722,7.756,7.093392,1486748.0,colonial
2017-07-21,7.72,7.783,7.692,7.728,7.067784,692468.0,colonial
2017-07-24,7.72,7.759,7.678,7.722,7.062297,720486.0,colonial
2017-07-25,7.767,7.845,7.745,7.796,7.129974000000001,676325.0,colonial
2017-07-26,7.805,7.83,7.757,7.79,7.124486999999999,691429.0,colonial
2017-07-27,7.81,7.81,7.763,7.793,7.127231,1493157.0,colonial
2017-07-28,7.777,7.849,7.752,7.81,7.142778,1236118.0,colonial
2017-07-31,7.85,7.95,7.827,7.899,7.224175,1295760.0,colonial
2017-08-01,7.972,8.048,7.924,8.019,7.3339229999999995,1463793.0,colonial
2017-08-02,8.053,8.253,8.039,8.157,7.460133,2284572.0,colonial
2017-08-03,8.16,8.16,8.075,8.148,7.4519020000000005,1148114.0,colonial
2017-08-04,8.154,8.253,8.142,8.209,7.507691,1629683.0,colonial
2017-08-07,8.249,8.278,8.188,8.278,7.5707960000000005,1159956.0,colonial
2017-08-08,8.262,8.27,8.164,8.199,7.498546000000001,962531.0,colonial
2017-08-09,8.171,8.216,8.159,8.212,7.510435,1434274.0,colonial
2017-08-10,8.176,8.2,8.111,8.145,7.449159,913608.0,colonial
2017-08-11,8.097,8.1,7.986,8.019,7.3339229999999995,1062594.0,colonial
2017-08-14,8.042,8.153,8.024,8.14,7.444586,792989.0,colonial
2017-08-15,8.132,8.168,8.066,8.089,7.397943,534805.0,colonial
2017-08-16,8.141,8.202,8.14,8.187,7.487571000000001,576860.0,colonial
2017-08-17,8.194,8.194,8.111,8.112,7.418978,625840.0,colonial
2017-08-18,8.011,8.126,8.01,8.094,7.402516,465782.0,colonial
2017-08-21,8.082,8.165,8.059,8.142,7.446414999999999,368302.0,colonial
2017-08-22,8.167,8.203,8.102,8.193,7.493058,379733.0,colonial
2017-08-23,8.212,8.212,8.122,8.13,7.43544,524261.0,colonial
2017-08-24,8.119,8.177,8.103,8.132,7.437269000000001,527699.0,colonial
2017-08-25,8.13,8.13,8.015,8.015,7.330266,803024.0,colonial
2017-08-28,8.025,8.06,8.01,8.044,7.356787,331115.0,colonial
2017-08-29,8.01,8.119,7.956,8.118,7.424466000000001,832530.0,colonial
2017-08-30,8.135,8.206,8.12,8.152,7.455561,621984.0,colonial
2017-08-31,8.193,8.226,8.152,8.205,7.504033,675561.0,colonial
2017-09-01,8.205,8.248,8.188,8.245,7.540616,522258.0,colonial
2017-09-04,8.2,8.2,8.151,8.189,7.489399000000001,538962.0,colonial
2017-09-05,8.146,8.235,8.103,8.125,7.430867999999999,566297.0,colonial
2017-09-06,8.1,8.223,8.1,8.223,7.5204949999999995,446268.0,colonial
2017-09-07,8.275,8.301,8.215,8.251,7.546104,779652.0,colonial
2017-09-08,8.286,8.298,8.226,8.278,7.5707960000000005,698551.0,colonial
2017-09-11,8.3,8.45,8.291,8.427,7.7070669999999994,600828.0,colonial
2017-09-12,8.438,8.485,8.407,8.476,7.751881,1276993.0,colonial
2017-09-13,8.489,8.51,8.415,8.493,7.767428999999999,1429875.0,colonial
2017-09-14,8.509,8.544,8.381,8.544,7.814072,829289.0,colonial
2017-09-15,8.525,8.698,8.523,8.604,7.868946,2381735.0,colonial
2017-09-18,8.606,8.71,8.51,8.524,7.795780000000001,974376.0,colonial
2017-09-19,8.499,8.54,8.435,8.459,7.736332000000001,1251668.0,colonial
2017-09-20,8.449,8.501,8.42,8.444,7.722614999999999,605747.0,colonial
2017-09-21,8.42,8.519,8.37,8.496,7.770173,780363.0,colonial
2017-09-22,8.499,8.499,8.417,8.417,7.697921000000001,546556.0,colonial
2017-09-25,8.362,8.449,8.336,8.419,7.69975,831046.0,colonial
2017-09-26,8.375,8.446,8.364,8.393,7.675972,690201.0,colonial
2017-09-27,8.36,8.497,8.36,8.472,7.748222999999999,437935.0,colonial
2017-09-28,8.454,8.5,8.327,8.333,7.621098,1194682.0,colonial
2017-09-29,8.332,8.394,8.262,8.394,7.676887,1399732.0,colonial
2017-10-02,8.35,8.38,8.25,8.3,7.590917,1136708.0,colonial
2017-10-03,8.262,8.347,8.193,8.297,7.588172999999999,1502004.0,colonial
2017-10-04,8.261,8.294,7.71,7.84,7.170216,3265567.0,colonial
2017-10-05,7.819,7.888,7.705,7.86,7.188507,3844224.0,colonial
2017-10-06,7.832,7.872,7.728,7.75,7.087903999999999,2019855.0,colonial
2017-10-09,7.8,7.965,7.772,7.952,7.272647,2206989.0,colonial
2017-10-10,7.9,7.914,7.65,7.783,7.118085000000001,2138987.0,colonial
2017-10-11,7.971,8.059,7.869,7.973,7.291853,4054598.0,colonial
2017-10-12,7.98,8.102,7.971,8.04,7.353128999999999,1668216.0,colonial
2017-10-13,8.024,8.065,7.973,7.978,7.296425999999999,1477430.0,colonial
2017-10-16,7.957,8.017,7.89,8.014,7.32935,838856.0,colonial
2017-10-17,8.002,8.07,7.939,8.016,7.331180000000001,1684367.0,colonial
2017-10-18,8.046,8.092,7.98,8.019,7.3339229999999995,1502184.0,colonial
2017-10-19,7.981,7.981,7.781,7.83,7.161069,1595858.0,colonial
2017-10-20,7.85,7.85,7.692,7.71,7.051322,1095291.0,colonial
2017-10-23,7.679,7.714,7.601,7.648,6.994617999999999,1255698.0,colonial
2017-10-24,7.601,7.698,7.562,7.588,6.939744,978391.0,colonial
2017-10-25,7.59,7.605,7.492,7.501,6.860177,693741.0,colonial
2017-10-26,7.5,7.965,7.491,7.835,7.165642999999999,3783711.0,colonial
2017-10-27,7.858,7.881,7.61,7.65,6.996447,1750759.0,colonial
2017-10-30,7.835,7.999,7.734,7.993,7.3101449999999994,2265263.0,colonial
2017-10-31,8.024,8.199,7.971,8.169,7.471108,1581504.0,colonial
2017-11-01,8.21,8.243,8.1,8.122,7.428122999999999,1097512.0,colonial
2017-11-02,8.1,8.15,7.949,7.955,7.275391,1276334.0,colonial
2017-11-03,7.957,8.099,7.957,7.996,7.312888,1069780.0,colonial
2017-11-06,8.013,8.05,7.966,7.972,7.290939,811865.0,colonial
2017-11-07,8.0,8.023,7.919,7.924,7.247039,984621.0,colonial
2017-11-08,7.927,7.972,7.838,7.85,7.179361,1089166.0,colonial
2017-11-09,7.884,7.884,7.705,7.73,7.069613,968972.0,colonial
2017-11-10,7.703,7.757,7.7,7.702,7.044005,447061.0,colonial
2017-11-13,7.85,7.869,7.5,7.52,6.877553,1954712.0,colonial
2017-11-14,7.548,7.634,7.505,7.624,6.972669000000001,966793.0,colonial
2017-11-15,7.62,7.62,7.515,7.582,6.934257000000001,887682.0,colonial
2017-11-16,7.614,7.885,7.614,7.851,7.180275,1364846.0,colonial
2017-11-17,7.872,7.872,7.722,7.839,7.169300999999999,1123832.0,colonial
2017-11-20,7.846,7.949,7.79,7.854,7.18302,700348.0,colonial
2017-11-21,7.854,7.916,7.818,7.83,7.161069,927420.0,colonial
2017-11-22,7.842,7.859,7.772,7.818,7.150094999999999,616737.0,colonial
2017-11-23,7.794,7.876,7.708,7.876,7.203139999999999,688887.0,colonial
2017-11-24,7.89,7.947,7.859,7.865,7.193078999999999,396517.0,colonial
2017-11-27,7.835,7.869,7.736,7.75,7.087903999999999,1043799.0,colonial
2017-11-28,7.734,7.762,7.705,7.726,7.065955000000001,1251593.0,colonial
2017-11-29,7.78,7.88,7.71,7.746,7.084246,1492605.0,colonial
2017-11-30,7.754,7.956,7.73,7.937,7.258928999999999,1185050.0,colonial
2017-12-01,7.947,8.03,7.869,8.0,7.316546000000001,54222506.0,colonial
2017-12-04,8.05,8.142,8.003,8.087,7.396114,947312.0,colonial
2017-12-05,8.15,8.388,8.1,8.3,7.590917,2191264.0,colonial
2017-12-06,8.322,8.448,8.28,8.305,7.59549,1753409.0,colonial
2017-12-07,8.336,8.449,8.311,8.391,7.674142,1046141.0,colonial
2017-12-08,8.41,8.44,8.285,8.304,7.594574000000001,850602.0,colonial
2017-12-11,8.339,8.339,8.203,8.234,7.530556,745264.0,colonial
2017-12-12,8.27,8.301,8.16,8.207,7.505862,622314.0,colonial
2017-12-13,8.154,8.221,8.107,8.12,7.426294,610950.0,colonial
2017-12-14,8.143,8.159,8.03,8.159,7.461963000000001,2256350.0,colonial
2017-12-15,8.164,8.235,8.086,8.234,7.530556,2558227.0,colonial
2017-12-18,8.282,8.425,8.267,8.4,7.682374,1053450.0,colonial
2017-12-19,8.4,8.4,8.275,8.3,7.590917,1371769.0,colonial
2017-12-20,8.3,8.3,8.145,8.216,7.514092999999999,832821.0,colonial
2017-12-21,8.207,8.267,8.129,8.26,7.554334,921626.0,colonial
2017-12-22,8.084,8.215,8.0,8.102,7.409832000000001,752385.0,colonial
2017-12-27,8.114,8.275,8.102,8.26,7.554334,468776.0,colonial
2017-12-28,8.239,8.29,8.184,8.201,7.500375,382650.0,colonial
2017-12-29,8.224,8.291,8.161,8.283,7.575369,455269.0,colonial
2018-01-02,8.232,8.255,8.131,8.221,7.5186649999999995,354290.0,colonial
2018-01-03,8.235,8.45,8.23,8.385,7.668655,596313.0,colonial
2018-01-04,8.38,8.5,8.335,8.48,7.755539,1051238.0,colonial
2018-01-05,8.485,8.505,8.42,8.505,7.778403,1255797.0,colonial
2018-01-08,8.51,8.65,8.45,8.6,7.8652880000000005,738796.0,colonial
2018-01-09,8.62,8.65,8.525,8.645,7.9064440000000005,799183.0,colonial
2018-01-10,8.62,8.64,8.4,8.41,7.691519,948852.0,colonial
2018-01-11,8.465,8.48,8.395,8.42,7.700664999999999,650438.0,colonial
2018-01-12,8.445,8.535,8.36,8.455,7.732675,895661.0,colonial
2018-01-15,8.455,8.5,8.41,8.415,7.696092999999999,811135.0,colonial
2018-01-16,8.455,8.545,8.415,8.53,7.801267,1392395.0,colonial
2018-01-17,8.51,8.57,8.5,8.565,7.833278,515374.0,colonial
2018-01-18,8.54,8.595,8.525,8.55,7.819560000000001,988880.0,colonial
2018-01-19,8.515,8.565,8.485,8.49,7.764685000000001,432389.0,colonial
2018-01-22,8.49,8.555,8.46,8.49,7.764685000000001,643409.0,colonial
2018-01-23,8.55,8.67,8.52,8.67,7.929308,1252643.0,colonial
2018-01-24,8.68,8.76,8.66,8.685,7.943027000000001,706837.0,colonial
2018-01-25,8.675,8.77,8.65,8.72,7.975036,912310.0,colonial
2018-01-26,8.755,8.87,8.72,8.84,8.084785,618520.0,colonial
2018-01-29,8.835,8.89,8.82,8.835,8.080212,826175.0,colonial
2018-01-30,8.81,8.84,8.775,8.815,8.061919,869032.0,colonial
2018-01-31,8.81,8.995,8.805,8.995,8.226542,1477130.0,colonial
2018-02-01,9.0,9.11,8.925,9.01,8.240261,1443899.0,colonial
2018-02-02,9.0,9.0,8.905,8.95,8.185386,1351168.0,colonial
2018-02-05,8.89,8.96,8.805,8.86,8.103075,1912466.0,colonial
2018-02-06,8.65,8.72,8.43,8.57,7.83785,1707853.0,colonial
2018-02-07,8.65,8.75,8.525,8.735,7.988753999999999,1249320.0,colonial
2018-02-08,8.735,8.76,8.52,8.55,7.819560000000001,1447526.0,colonial
2018-02-09,8.51,8.51,8.31,8.48,7.755539,1454881.0,colonial
2018-02-12,8.56,8.65,8.53,8.64,7.901871000000001,1011702.0,colonial
2018-02-13,8.655,8.735,8.65,8.71,7.965889999999999,1117297.0,colonial
2018-02-14,8.77,8.82,8.66,8.66,7.920161,1285744.0,colonial
2018-02-15,8.75,8.775,8.61,8.67,7.929308,674984.0,colonial
2018-02-16,8.675,8.775,8.65,8.755,8.007045,1309972.0,colonial
2018-02-19,8.79,8.845,8.695,8.71,7.965889999999999,671840.0,colonial
2018-02-20,8.72,8.79,8.645,8.695,7.952171000000001,807696.0,colonial
2018-02-21,8.645,8.76,8.635,8.755,8.007045,660300.0,colonial
2018-02-22,8.71,8.825,8.645,8.8,8.048200999999999,637691.0,colonial
2018-02-23,8.86,9.045,8.84,8.985,8.217396,997976.0,colonial
2018-02-26,9.045,9.09,8.935,9.04,8.267697,1179229.0,colonial
2018-02-27,9.03,9.03,8.79,8.815,8.061919,946090.0,colonial
2018-02-28,8.79,8.795,8.685,8.695,7.952171000000001,991595.0,colonial
2018-03-01,8.685,8.83,8.675,8.79,8.039056,1076684.0,colonial
2018-03-02,8.78,8.89,8.665,8.71,7.965889999999999,912189.0,colonial
2018-03-05,8.645,8.75,8.615,8.72,7.975036,853846.0,colonial
2018-03-06,8.8,8.835,8.72,8.835,8.080212,715457.0,colonial
2018-03-07,8.815,9.0,8.8,8.975,8.208250999999999,562060.0,colonial
2018-03-08,8.995,9.07,8.935,9.02,8.249407000000001,1162048.0,colonial
2018-03-09,9.03,9.035,8.865,8.9,8.139657000000001,486959.0,colonial
2018-03-12,8.93,9.01,8.85,8.89,8.130512,633741.0,colonial
2018-03-13,8.9,9.08,8.87,8.95,8.185386,905588.0,colonial
2018-03-14,8.93,9.08,8.92,9.05,8.276843,1018033.0,colonial
2018-03-15,9.07,9.095,8.965,9.07,8.295135,1000294.0,colonial
2018-03-16,9.025,9.105,8.955,8.975,8.208250999999999,2135507.0,colonial
2018-03-19,8.98,9.01,8.915,8.98,8.212823,401658.0,colonial
2018-03-20,8.99,9.07,8.915,9.04,8.267697,521154.0,colonial
2018-03-21,9.035,9.23,9.035,9.175,8.391164999999999,961572.0,colonial
2018-03-22,9.16,9.46,9.11,9.16,8.377445,3673990.0,colonial
2018-03-23,9.1,9.12,8.875,8.965,8.199105,972317.0,colonial
2018-03-26,8.95,8.97,8.83,8.925,8.162522000000001,683289.0,colonial
2018-03-27,9.01,9.065,8.965,9.065,8.290561,626186.0,colonial
2018-03-28,9.03,9.155,9.015,9.13,8.350009,685605.0,colonial
2018-03-29,9.165,9.4,9.165,9.4,8.596942,1095943.0,colonial
2018-04-03,9.415,9.635,9.35,9.635,8.811866,1620130.0,colonial
2018-04-04,9.66,9.68,9.515,9.675,8.848448,928307.0,colonial
2018-04-05,9.72,9.8,9.56,9.63,8.807293,1661696.0,colonial
2018-04-06,9.55,9.6,9.42,9.42,8.615233,1026841.0,colonial
2018-04-09,9.48,9.575,9.425,9.45,8.642669999999999,600878.0,colonial
2018-04-10,9.5,9.5,9.38,9.43,8.624379,728350.0,colonial
2018-04-11,9.4,9.4,9.08,9.18,8.395738,1868803.0,colonial
2018-04-12,9.185,9.22,9.08,9.2,8.414028,963299.0,colonial
2018-04-13,9.25,9.33,9.225,9.25,8.459757000000002,896535.0,colonial
2018-04-16,9.25,9.285,9.17,9.225,8.436893,735763.0,colonial
2018-04-17,9.26,9.39,9.235,9.355,8.555785,896087.0,colonial
2018-04-18,9.4,9.42,9.35,9.36,8.560360000000001,551909.0,colonial
2018-04-19,9.385,9.46,9.34,9.4,8.596942,512430.0,colonial
2018-04-20,9.425,9.435,9.335,9.41,8.606088,754566.0,colonial
2018-04-23,9.44,9.45,9.36,9.42,8.615233,564939.0,colonial
2018-04-24,9.465,9.5,9.44,9.475,8.665535,1044265.0,colonial
2018-04-25,9.46,9.465,9.34,9.37,8.569505,537231.0,colonial
2018-04-26,9.38,9.51,9.34,9.51,8.697545,458539.0,colonial
2018-04-27,9.55,9.605,9.5,9.54,8.724981,659594.0,colonial
2018-04-30,9.51,9.64,9.51,9.64,8.816439,707974.0,colonial
2018-05-02,9.62,9.805,9.62,9.805,8.967342,982784.0,colonial
2018-05-03,9.8,9.875,9.755,9.875,9.031362,680200.0,colonial
2018-05-04,9.9,10.04,9.875,9.955,9.104527000000001,1248987.0,colonial
2018-05-07,10.01,10.23,10.01,10.14,9.273724000000001,704686.0,colonial
2018-05-08,10.16,10.16,10.04,10.12,9.255431,1617563.0,colonial
2018-05-09,10.1,10.15,10.08,10.13,9.264576,1266754.0,colonial
2018-05-10,10.14,10.27,10.09,10.12,9.255431,722625.0,colonial
2018-05-11,10.1,10.21,9.9,10.02,9.163975,1707647.0,colonial
2018-05-14,10.04,10.07,9.82,9.95,9.099956,809081.0,colonial
2018-05-15,9.935,9.945,9.55,9.61,8.789000999999999,1364198.0,colonial
2018-05-16,9.62,9.64,9.41,9.55,8.734127,1279455.0,colonial
2018-05-17,9.55,9.655,9.535,9.63,8.807293,2311612.0,colonial
2018-05-18,9.655,9.685,9.625,9.665,8.839302,1450520.0,colonial
2018-05-21,9.7,9.73,9.64,9.665,8.839302,443566.0,colonial
2018-05-22,9.68,9.725,9.65,9.68,8.853022,1842336.0,colonial
2018-05-23,9.7,9.705,9.54,9.555,8.7387,663304.0,colonial
2018-05-24,9.54,9.58,9.41,9.415,8.610661,1457771.0,colonial
2018-05-25,9.435,9.55,9.24,9.3,8.505486,1922618.0,colonial
2018-05-28,9.3,9.41,9.16,9.21,8.423174000000001,726396.0,colonial
2018-05-29,9.12,9.155,8.93,9.065,8.290561,1746058.0,colonial
2018-05-30,9.065,9.15,8.99,9.03,8.258552,1108536.0,colonial
2018-05-31,9.065,9.09,8.925,9.09,8.313426,2081404.0,colonial
2018-06-01,9.0,9.265,9.0,9.24,8.450611,1822542.0,colonial
2018-06-04,9.27,9.45,9.265,9.45,8.642669999999999,1616514.0,colonial
2018-06-05,9.42,9.535,9.41,9.475,8.665535,877037.0,colonial
2018-06-06,9.48,9.56,9.41,9.525,8.711263,740521.0,colonial
2018-06-07,9.52,9.565,9.38,9.4,8.596942,784392.0,colonial
2018-06-08,9.37,9.465,9.27,9.28,8.487193,690407.0,colonial
2018-06-11,9.295,9.435,9.295,9.41,8.606088,804581.0,colonial
2018-06-12,9.45,9.465,9.4,9.405,8.601514,1170789.0,colonial
2018-06-13,9.4,9.42,9.33,9.4,8.596942,825820.0,colonial
2018-06-14,9.235,9.385,9.18,9.35,8.718158,962527.0,colonial
2018-06-15,9.37,9.5,9.31,9.49,8.848695,2063437.0,colonial
2018-06-18,9.49,9.53,9.375,9.45,8.811399,1506962.0,colonial
2018-06-19,9.37,9.445,9.31,9.35,8.718158,843649.0,colonial
2018-06-20,9.425,9.52,9.425,9.5,8.85802,1839479.0,colonial
2018-06-21,9.5,9.5,9.39,9.435,8.797414,781616.0,colonial
2018-06-22,9.475,9.52,9.385,9.485,8.844033999999999,734043.0,colonial
2018-06-25,9.45,9.455,9.355,9.45,8.811399,945638.0,colonial
2018-06-26,9.45,9.46,9.395,9.46,8.820724,1285019.0,colonial
2018-06-27,9.41,9.495,9.3,9.445,8.806738000000001,924388.0,colonial
2018-06-28,9.41,9.47,9.365,9.42,8.783425999999999,638836.0,colonial
2018-06-29,9.475,9.5,9.42,9.465,8.825386,1078155.0,colonial
2018-07-02,9.395,9.44,9.34,9.415,8.778765,1395528.0,colonial
2018-07-03,9.445,9.645,9.445,9.55,8.904641999999999,750087.0,colonial
2018-07-04,9.555,9.615,9.51,9.595,8.946601,864895.0,colonial
2018-07-05,9.62,9.7,9.565,9.59,8.941938,721220.0,colonial
2018-07-06,9.61,9.77,9.58,9.68,9.025858,1022868.0,colonial
2018-07-09,9.73,9.775,9.625,9.625,8.974573,728211.0,colonial
2018-07-10,9.65,9.705,9.625,9.685,9.030519,832432.0,colonial
2018-07-11,9.665,9.8,9.63,9.68,9.025858,1403608.0,colonial
2018-07-12,9.665,9.665,9.57,9.625,8.974573,527864.0,colonial
2018-07-13,9.65,9.66,9.56,9.61,8.960588000000001,841371.0,colonial
2018-07-16,9.61,9.745,9.61,9.665,9.01187,565266.0,colonial
2018-07-17,9.665,9.72,9.485,9.62,8.969911999999999,787056.0,colonial
2018-07-18,9.635,9.77,9.625,9.735,9.07714,710473.0,colonial
2018-07-19,9.655,9.735,9.555,9.595,8.946601,525916.0,colonial
2018-07-20,9.57,9.65,9.52,9.615,8.965249,596501.0,colonial
2018-07-23,9.65,9.675,9.56,9.585,8.937277,449026.0,colonial
2018-07-24,9.61,9.7,9.575,9.65,8.997883999999999,499473.0,colonial
2018-07-25,9.675,9.72,9.65,9.66,9.007209,481536.0,colonial
2018-07-26,9.685,9.705,9.61,9.705,9.049168,517770.0,colonial
2018-07-27,9.62,9.705,9.6,9.62,8.969911999999999,594363.0,colonial
2018-07-30,9.58,9.635,9.12,9.27,8.643563,2064037.0,colonial
2018-07-31,9.275,9.315,9.125,9.215,8.59228,1523410.0,colonial
2018-08-01,9.2,9.22,9.01,9.025,8.415119,1157043.0,colonial
2018-08-02,9.02,9.15,8.955,9.145,8.527011,1868047.0,colonial
2018-08-03,9.15,9.23,9.11,9.195,8.573630999999999,630818.0,colonial
2018-08-06,9.235,9.315,9.15,9.23,8.606266,933123.0,colonial
2018-08-07,9.25,9.28,9.18,9.235,8.610928999999999,472097.0,colonial
2018-08-08,9.24,9.255,9.095,9.125,8.508362,572196.0,colonial
2018-08-09,9.105,9.255,9.105,9.22,8.596942,474434.0,colonial
2018-08-10,9.195,9.32,9.165,9.26,8.634238999999999,999686.0,colonial
2018-08-13,9.24,9.265,9.16,9.25,8.624914,695900.0,colonial
2018-08-14,9.25,9.265,9.09,9.2,8.578294,693850.0,colonial
2018-08-15,9.26,9.26,9.11,9.12,8.5037,587796.0,colonial
2018-08-16,9.14,9.205,9.095,9.18,8.559646,508418.0,colonial
2018-08-17,9.165,9.2,9.1,9.135,8.517686,411986.0,colonial
2018-08-20,9.17,9.225,9.145,9.155,8.536335000000001,415306.0,colonial
2018-08-21,9.165,9.235,9.12,9.12,8.5037,409926.0,colonial
2018-08-22,9.125,9.245,9.125,9.23,8.606266,364068.0,colonial
2018-08-23,9.25,9.305,9.22,9.265,8.638900999999999,470756.0,colonial
2018-08-24,9.285,9.295,9.1,9.145,8.527011,733673.0,colonial
2018-08-27,9.195,9.3,9.175,9.3,8.671535,457273.0,colonial
2018-08-28,9.3,9.335,9.19,9.255,8.629577000000001,792101.0,colonial
2018-08-29,9.325,9.44,9.27,9.39,8.755455,840676.0,colonial
2018-08-30,9.375,9.375,9.26,9.34,8.708834,673530.0,colonial
2018-08-31,9.35,9.375,9.25,9.325,8.694846,592478.0,colonial
2018-09-03,9.315,9.485,9.31,9.33,8.699508999999999,838821.0,colonial
2018-09-04,9.275,9.405,9.25,9.36,8.727481,811214.0,colonial
2018-09-05,9.37,9.42,9.315,9.42,8.783425999999999,1079861.0,colonial
2018-09-06,9.415,9.52,9.375,9.455,8.816061,598969.0,colonial
2018-09-07,9.5,9.5,9.42,9.49,8.848695,567142.0,colonial
2018-09-10,9.49,9.51,9.37,9.47,8.830049,493692.0,colonial
2018-09-11,9.6,9.665,9.47,9.5,8.85802,1195281.0,colonial
2018-09-12,9.51,9.55,9.385,9.43,8.792750999999999,1090860.0,colonial
2018-09-13,9.43,9.485,9.16,9.2,8.578294,842345.0,colonial
2018-09-14,9.205,9.255,9.065,9.16,8.540997,898271.0,colonial
2018-09-17,9.155,9.3,9.15,9.26,8.634238999999999,602753.0,colonial
2018-09-18,9.3,9.365,9.245,9.31,8.680861,501859.0,colonial
2018-09-19,9.29,9.31,9.19,9.275,8.648225,1168669.0,colonial
2018-09-20,,,,,,,colonial
2018-09-21,9.2,9.3,9.09,9.09,8.475727000000001,4236993.0,colonial
2018-09-24,9.115,9.235,9.09,9.09,8.475727000000001,711987.0,colonial
2018-09-25,9.11,9.135,9.0,9.025,8.415119,477939.0,colonial
2018-09-26,9.055,9.11,9.005,9.055,8.443092,559094.0,colonial
2018-09-27,9.045,9.065,8.96,9.01,8.401133999999999,632524.0,colonial
2018-09-28,8.965,9.055,8.9,8.95,8.345187,883974.0,colonial
2018-10-01,8.95,9.04,8.93,9.03,8.419781,571211.0,colonial
2018-10-02,9.07,9.07,8.905,8.95,8.345187,712938.0,colonial
2018-10-03,8.955,8.99,8.815,8.96,8.354512,396995.0,colonial
2018-10-04,8.94,8.94,8.66,8.66,8.074785,807638.0,colonial
2018-10-05,8.64,8.72,8.55,8.66,8.074785,1578943.0,colonial
2018-10-08,8.62,8.755,8.61,8.7,8.112082000000001,900961.0,colonial
2018-10-09,8.75,8.92,8.685,8.875,8.275256,1522172.0,colonial
2018-10-10,8.855,8.86,8.7,8.7,8.112082000000001,1836029.0,colonial
2018-10-11,8.6,8.67,8.48,8.505,7.9302589999999995,903629.0,colonial
2018-10-12,8.57,8.57,8.31,8.395,7.827692999999999,1316556.0,colonial
2018-10-15,8.365,8.38,8.19,8.28,7.720464999999999,760237.0,colonial
2018-10-16,8.32,8.745,8.315,8.72,8.130732,1122424.0,colonial
2018-10-17,8.75,8.77,8.63,8.655,8.070122999999999,1229383.0,colonial
2018-10-18,8.605,8.98,8.605,8.86,8.26127,1073988.0,colonial
2018-10-19,8.9,8.945,8.83,8.915,8.312552,930171.0,colonial
2018-10-22,9.01,9.06,8.81,8.875,8.275256,697642.0,colonial
2018-10-23,8.845,8.87,8.635,8.715,8.126068,856101.0,colonial
2018-10-24,8.715,9.0,8.715,8.875,8.275256,894609.0,colonial
2018-10-25,8.845,8.97,8.79,8.97,8.363837,885083.0,colonial
2018-10-26,8.9,8.935,8.8,8.915,8.312552,744507.0,colonial
2018-10-29,8.87,8.95,8.815,8.815,8.21931,570706.0,colonial
2018-10-30,8.87,8.91,8.72,8.855,8.256607,801551.0,colonial
2018-10-31,8.88,8.935,8.815,8.875,8.275256,1191072.0,colonial
2018-11-01,8.88,8.94,8.825,8.85,8.251945,677587.0,colonial
2018-11-02,8.95,8.95,8.81,8.82,8.223972,1112501.0,colonial
2018-11-05,8.78,8.925,8.77,8.81,8.214649,827837.0,colonial
2018-11-06,8.81,8.84,8.75,8.815,8.21931,587356.0,colonial
2018-11-07,8.805,8.955,8.805,8.885,8.284581,604020.0,colonial
2018-11-08,8.9,9.0,8.85,8.905,8.303229,691938.0,colonial
2018-11-09,8.935,8.985,8.87,8.91,8.307891,463327.0,colonial
2018-11-12,8.92,8.93,8.77,8.92,8.317216,421056.0,colonial
2018-11-13,8.905,8.975,8.815,8.88,8.279917999999999,278878.0,colonial
2018-11-14,8.875,8.965,8.825,8.88,8.279917999999999,1575954.0,colonial
2018-11-15,8.86,8.97,8.69,8.8,8.205324000000001,749891.0,colonial
2018-11-16,8.63,8.77,8.435,8.595,8.014177,1269609.0,colonial
2018-11-19,8.6,8.68,8.53,8.56,7.981542999999999,838912.0,colonial
2018-11-20,8.505,8.54,8.445,8.485,7.911611,620297.0,colonial
2018-11-21,8.515,8.74,8.485,8.74,8.149379,1443261.0,colonial
2018-11-22,8.66,8.785,8.63,8.695,8.10742,660271.0,colonial
2018-11-23,8.695,8.795,8.675,8.78,8.186675,1233081.0,colonial
2018-11-26,8.8,8.915,8.68,8.785,8.191338,548745.0,colonial
2018-11-27,8.775,8.945,8.775,8.905,8.303229,944280.0,colonial
2018-11-28,8.9,8.925,8.635,8.785,8.191338,1003499.0,colonial
2018-11-29,8.815,8.94,8.73,8.87,8.270595,1162444.0,colonial
2018-11-30,8.895,8.915,8.755,8.875,8.275256,1344481.0,colonial
2018-12-03,8.99,9.05,8.715,8.715,8.126068,727075.0,colonial
2018-12-04,8.74,8.765,8.52,8.56,7.981542999999999,917598.0,colonial
2018-12-05,8.515,8.64,8.49,8.545,7.967556,456889.0,colonial
2018-12-06,8.46,8.555,8.45,8.54,7.962894,1373171.0,colonial
2018-12-07,8.57,8.74,8.555,8.635,8.051476,633626.0,colonial
2018-12-10,8.6,8.73,8.51,8.515,7.939584,614491.0,colonial
2018-12-11,8.535,8.67,8.415,8.635,8.051476,614584.0,colonial
2018-12-12,8.7,8.925,8.7,8.83,8.233296000000001,709656.0,colonial
2018-12-13,8.815,8.865,8.73,8.835,8.237960000000001,619413.0,colonial
2018-12-14,8.75,8.825,8.655,8.77,8.177352,809679.0,colonial
2018-12-17,8.8,8.89,8.725,8.725,8.135392,754556.0,colonial
2018-12-18,8.67,8.69,8.48,8.515,7.939584,1440217.0,colonial
2018-12-19,8.595,8.615,8.465,8.515,7.939584,1335460.0,colonial
2018-12-20,8.44,8.48,8.235,8.315,7.753099000000001,1128851.0,colonial
2018-12-21,8.295,8.33,8.195,8.275,7.715802,2756576.0,colonial
2018-12-24,8.19,8.35,8.06,8.06,7.515331,319624.0,colonial
2018-12-27,8.2,8.2,8.0,8.04,7.496683,1093023.0,colonial
2018-12-28,8.065,8.07,7.91,8.01,7.468710000000001,866005.0,colonial
2018-12-31,8.06,8.165,7.965,8.135,7.585263,577136.0,colonial
2019-01-02,7.95,8.065,7.885,8.02,7.478034,717693.0,colonial
2019-01-03,8.02,8.085,7.99,8.04,7.496683,704526.0,colonial
2019-01-04,8.1,8.185,8.04,8.175,7.622560000000001,636896.0,colonial
2019-01-07,8.2,8.305,8.14,8.295,7.734450999999999,690552.0,colonial
2019-01-08,8.32,8.54,8.255,8.465,7.892963000000001,850111.0,colonial
2019-01-09,8.535,8.54,8.335,8.42,7.851004,756322.0,colonial
2019-01-10,8.41,8.615,8.41,8.47,7.897625,1026340.0,colonial
2019-01-11,8.51,8.6,8.475,8.595,8.014177,1771328.0,colonial
2019-01-14,8.515,8.635,8.515,8.595,8.014177,1614913.0,colonial
2019-01-15,8.63,8.7,8.55,8.61,8.028163000000001,829402.0,colonial
2019-01-16,8.625,8.74,8.545,8.705,8.116745,767539.0,colonial
2019-01-17,8.71,8.87,8.65,8.855,8.256607,966948.0,colonial
2019-01-18,8.88,8.965,8.855,8.92,8.317216,736965.0,colonial
2019-01-21,8.94,8.96,8.805,8.855,8.256607,509136.0,colonial
2019-01-22,8.85,8.99,8.84,8.895,8.293905,1285700.0,colonial
2019-01-23,8.845,9.025,8.84,9.01,8.401133999999999,1014523.0,colonial
2019-01-24,9.03,9.03,8.88,8.95,8.345187,818427.0,colonial
2019-01-25,8.865,8.935,8.615,8.865,8.265931,981445.0,colonial
2019-01-28,8.8,8.925,8.8,8.905,8.303229,1719270.0,colonial
2019-01-29,8.83,8.98,8.83,8.975,8.3685,906749.0,colonial
2019-01-30,8.945,9.01,8.915,9.01,8.401133999999999,555399.0,colonial
2019-01-31,8.975,9.035,8.84,8.93,8.32654,969727.0,colonial
2019-02-01,8.98,8.98,8.85,8.87,8.270595,570424.0,colonial
2019-02-04,8.87,8.955,8.83,8.955,8.349851,422172.0,colonial
2019-02-05,8.85,8.895,8.705,8.86,8.26127,917762.0,colonial
2019-02-06,8.86,8.945,8.835,8.885,8.284581,618399.0,colonial
2019-02-07,8.85,8.935,8.725,8.865,8.265931,718948.0,colonial
2019-02-08,8.85,8.885,8.73,8.75,8.158703,1064277.0,colonial
2019-02-11,8.795,8.82,8.705,8.74,8.149379,605143.0,colonial
2019-02-12,8.77,8.77,8.665,8.68,8.093433000000001,856993.0,colonial
2019-02-13,8.66,8.705,8.55,8.6,8.018841,1624011.0,colonial
2019-02-14,8.66,8.71,8.595,8.675,8.088772,527478.0,colonial
2019-02-15,8.655,8.77,8.645,8.74,8.149379,741658.0,colonial
2019-02-18,8.75,8.815,8.69,8.765,8.172689,1053582.0,colonial
2019-02-19,8.8,8.85,8.745,8.78,8.186675,369944.0,colonial
2019-02-20,8.8,8.81,8.695,8.72,8.130732,817033.0,colonial
2019-02-21,8.735,8.8,8.705,8.77,8.177352,722629.0,colonial
2019-02-22,8.76,8.845,8.7,8.845,8.247283,644579.0,colonial
2019-02-25,8.88,8.955,8.805,8.835,8.237960000000001,592827.0,colonial
2019-02-26,8.83,8.86,8.77,8.805,8.209987,391029.0,colonial
2019-02-27,8.85,8.95,8.805,8.825,8.228635,794692.0,colonial
2019-02-28,8.8,9.13,8.795,9.065,8.452415,1153439.0,colonial
2019-03-01,9.12,9.19,9.0,9.08,8.466403,713451.0,colonial
2019-03-04,9.14,9.14,9.01,9.06,8.447755,779515.0,colonial
2019-03-05,9.08,9.12,8.995,9.07,8.457079,621305.0,colonial
2019-03-06,9.08,9.115,9.0,9.04,8.429105999999999,675408.0,colonial
2019-03-07,9.03,9.085,8.985,9.06,8.447755,851026.0,colonial
2019-03-08,8.98,9.175,8.98,9.11,8.494375,581599.0,colonial
2019-03-11,9.11,9.11,8.98,9.0,8.391809,730675.0,colonial
2019-03-12,9.04,9.11,9.0,9.0,8.391809,790089.0,colonial
2019-03-13,9.01,9.18,9.01,9.18,8.559646,783999.0,colonial
2019-03-14,9.19,9.345,9.18,9.275,8.648225,896162.0,colonial
2019-03-15,9.28,9.325,9.2,9.2,8.578294,1970665.0,colonial
2019-03-18,9.255,9.28,9.145,9.17,8.550321,705461.0,colonial
2019-03-19,9.195,9.305,9.165,9.24,8.61559,869423.0,colonial
2019-03-20,9.22,9.32,9.19,9.19,8.56897,1050652.0,colonial
2019-03-21,9.215,9.22,9.155,9.2,8.578294,1188948.0,colonial
2019-03-22,9.21,9.215,9.01,9.04,8.429105999999999,643428.0,colonial
2019-03-25,8.98,9.095,8.975,9.075,8.461739999999999,823593.0,colonial
2019-03-26,9.075,9.16,9.02,9.14,8.522349,665205.0,colonial
2019-03-27,9.14,9.185,9.01,9.17,8.550321,770350.0,colonial
2019-03-28,9.155,9.2,9.11,9.19,8.56897,466503.0,colonial
2019-03-29,9.19,9.24,9.155,9.165,8.545658999999999,783798.0,colonial
2019-04-01,9.165,9.2,9.11,9.16,8.540997,744390.0,colonial
2019-04-02,9.17,9.25,9.145,9.185,8.564307000000001,1152665.0,colonial
2019-04-03,9.19,9.325,9.145,9.28,8.652887,624927.0,colonial
2019-04-04,9.28,9.375,9.255,9.32,8.690184,625119.0,colonial
2019-04-05,9.345,9.36,9.27,9.31,8.680861,733500.0,colonial
2019-04-08,9.335,9.345,9.2,9.2,8.578294,709467.0,colonial
2019-04-09,9.205,9.285,9.155,9.155,8.536335000000001,422378.0,colonial
2019-04-10,9.185,9.355,9.145,9.285,8.657549000000001,980962.0,colonial
2019-04-11,9.26,9.375,9.245,9.345,8.713495,455111.0,colonial
2019-04-12,9.38,9.38,9.21,9.285,8.657549000000001,491949.0,colonial
2019-04-15,9.28,9.345,9.235,9.315,8.685522,621740.0,colonial
2019-04-16,9.34,9.415,9.285,9.39,8.755455,979433.0,colonial
2019-04-17,9.39,9.39,9.255,9.335,8.70417,383587.0,colonial
2019-04-18,9.3,9.405,9.27,9.395,8.760117,418152.0,colonial
2019-04-23,9.43,9.43,9.245,9.39,8.755455,648713.0,colonial
2019-04-24,9.35,9.525,9.35,9.525,8.88133,621610.0,colonial
2019-04-25,9.44,9.565,9.44,9.53,8.885993,1741134.0,colonial
2019-04-26,9.58,9.58,9.465,9.55,8.904641999999999,630657.0,colonial
2019-04-29,9.43,9.63,9.4,9.57,8.923289,427216.0,colonial
2019-04-30,9.545,9.635,9.53,9.595,8.946601,681646.0,colonial
2019-05-02,9.625,9.67,9.6,9.66,9.007209,869527.0,colonial
2019-05-03,9.675,9.675,9.6,9.65,8.997883999999999,565198.0,colonial
2019-05-06,9.445,9.67,9.3,9.655,9.002546,584013.0,colonial
2019-05-07,9.69,9.75,9.645,9.72,9.063153999999999,1386113.0,colonial
2019-05-08,9.56,9.665,9.53,9.65,8.997883999999999,623344.0,colonial
2019-05-09,9.47,9.665,9.455,9.645,8.993223,601490.0,colonial
2019-05-10,9.45,9.72,9.45,9.7,9.044505000000001,1123185.0,colonial
2019-05-13,9.58,9.715,9.58,9.7,9.044505000000001,623139.0,colonial
2019-05-14,9.55,9.745,9.55,9.7,9.044505000000001,517677.0,colonial
2019-05-15,9.665,9.825,9.665,9.8,9.137748,562227.0,colonial
2019-05-16,9.815,9.94,9.75,9.94,9.268286999999999,2061589.0,colonial
2019-05-17,9.95,9.97,9.86,9.9,9.230989,591602.0,colonial
2019-05-20,9.9,9.96,9.85,9.875,9.207678999999999,396186.0,colonial
2019-05-21,9.9,9.935,9.85,9.935,9.263625,723484.0,colonial
2019-05-22,9.96,9.96,9.845,9.87,9.203017,382965.0,colonial
2019-05-23,9.82,9.87,9.705,9.755,9.095788,498012.0,colonial
2019-05-24,9.795,9.915,9.745,9.915,9.244977,671753.0,colonial
2019-05-27,9.92,9.98,9.785,9.82,9.156396,320309.0,colonial
2019-05-28,9.78,9.87,9.745,9.84,9.175044,1942558.0,colonial
2019-05-29,9.9,9.945,9.795,9.92,9.249639,698160.0,colonial
2019-05-30,9.93,9.945,9.84,9.89,9.221666,410666.0,colonial
2019-05-31,9.835,9.945,9.8,9.91,9.240314,1117897.0,colonial
2019-06-03,9.875,9.92,9.775,9.9,9.230989,460235.0,colonial
2019-06-04,9.88,9.905,9.74,9.775,9.114436,974151.0,colonial
2019-06-05,9.765,9.9,9.68,9.9,9.230989,667096.0,colonial
2019-06-06,9.865,9.96,9.85,9.9,9.230989,607194.0,colonial
2019-06-07,9.895,10.05,9.88,10.0,9.324232,885264.0,colonial
2019-06-10,10.0,10.13,10.0,10.07,9.389502,353675.0,colonial
2019-06-11,10.1,10.11,10.02,10.03,9.352203999999999,708884.0,colonial
2019-06-12,9.99,10.16,9.97,10.06,9.380177,1151555.0,colonial
2019-06-13,10.06,10.22,10.04,10.15,9.464096000000001,1743347.0,colonial
2019-06-14,10.14,10.19,10.12,10.17,9.482744,536850.0,colonial
2019-06-17,10.2,10.23,10.1,10.12,9.436123,669402.0,colonial
2019-06-18,10.12,10.29,10.05,10.17,9.482744,864505.0,colonial
2019-06-19,10.21,10.25,10.14,10.22,9.529366,958821.0,colonial
2019-06-20,10.25,10.32,10.2,10.24,9.548014,914059.0,colonial
2019-06-21,10.2,10.29,10.14,10.22,9.529366,1481518.0,colonial
2019-06-24,10.23,10.3,10.19,10.2,9.510717,660109.0,colonial
2019-06-25,10.05,10.24,10.02,10.22,9.529366,540328.0,colonial
2019-06-26,10.2,10.2,9.9,9.92,9.249639,867123.0,colonial
2019-06-27,9.8,9.8,9.495,9.505,9.045042,895108.0,colonial
2019-06-28,9.46,9.795,9.46,9.795,9.321009,1099210.0,colonial
2019-07-01,9.85,9.915,9.8,9.875,9.397136999999999,651458.0,colonial
2019-07-02,9.885,9.945,9.81,9.94,9.458992,641892.0,colonial
2019-07-03,9.96,10.16,9.96,10.14,9.649314,508332.0,colonial
2019-07-04,10.13,10.2,10.1,10.11,9.620766,815277.0,colonial
2019-07-05,10.13,10.16,9.955,10.01,9.525604,582343.0,colonial
2019-07-08,9.95,10.06,9.95,10.02,9.535121,540665.0,colonial
2019-07-09,9.995,10.1,9.995,10.1,9.61125,889100.0,colonial
2019-07-10,10.02,10.07,9.965,9.975,9.492299000000001,421867.0,colonial
2019-07-11,10.01,10.06,9.935,9.97,9.48754,460590.0,colonial
2019-07-12,9.865,10.0,9.865,9.94,9.458992,433530.0,colonial
2019-07-15,9.99,10.06,9.91,9.99,9.506573,302521.0,colonial
2019-07-16,9.905,9.97,9.79,9.795,9.321009,726440.0,colonial
2019-07-17,9.845,9.905,9.81,9.85,9.373347,499878.0,colonial
2019-07-18,9.75,9.87,9.75,9.82,9.344799,371547.0,colonial
2019-07-19,9.865,9.94,9.815,9.855,9.378105,451214.0,colonial
2019-07-22,9.85,9.865,9.69,9.865,9.387622,1103396.0,colonial
2019-07-23,9.9,9.95,9.82,9.9,9.420927,793238.0,colonial
2019-07-24,9.875,10.09,9.875,10.06,9.573186,594648.0,colonial
2019-07-25,10.08,10.27,10.01,10.13,9.639797999999999,974333.0,colonial
2019-07-26,10.1,10.19,10.1,10.16,9.668346000000001,553354.0,colonial
2019-07-29,10.09,10.24,10.09,10.2,9.70641,478030.0,colonial
2019-07-30,10.25,10.29,9.975,10.05,9.563669,870107.0,colonial
2019-07-31,10.11,10.19,10.0,10.1,9.61125,735710.0,colonial
2019-08-01,10.08,10.32,10.08,10.29,9.792055,679759.0,colonial
2019-08-02,10.15,10.45,10.14,10.31,9.811088,797239.0,colonial
2019-08-05,10.2,10.31,10.11,10.2,9.70641,704934.0,colonial
2019-08-06,10.18,10.28,10.02,10.02,9.535121,695744.0,colonial
2019-08-07,10.0,10.13,9.995,10.11,9.620766,532210.0,colonial
2019-08-08,10.13,10.23,10.09,10.18,9.687378,353040.0,colonial
2019-08-09,10.2,10.21,10.13,10.21,9.715927,306836.0,colonial
2019-08-12,10.25,10.35,10.19,10.23,9.734958,524128.0,colonial
2019-08-13,10.15,10.3,10.15,10.2,9.70641,610669.0,colonial
2019-08-14,10.15,10.23,10.1,10.18,9.687378,401058.0,colonial
2019-08-15,10.2,10.24,10.13,10.22,9.725442999999999,588406.0,colonial
2019-08-16,10.21,10.23,10.16,10.2,9.70641,680618.0,colonial
2019-08-19,10.2,10.3,10.2,10.26,9.763507,605812.0,colonial
2019-08-20,10.25,10.32,10.2,10.25,9.753991000000001,458689.0,colonial
2019-08-21,10.25,10.39,10.2,10.39,9.887216,369145.0,colonial
2019-08-22,10.34,10.5,10.34,10.47,9.963346000000001,780387.0,colonial
2019-08-23,10.46,10.5,10.38,10.43,9.925281,440518.0,colonial
2019-08-26,10.3,10.52,10.3,10.47,9.963346000000001,226333.0,colonial
2019-08-27,10.48,10.56,10.41,10.53,10.020441,679319.0,colonial
2019-08-28,10.4,10.55,10.4,10.5,9.991893,395254.0,colonial
2019-08-29,10.56,10.6,10.42,10.43,9.925281,428866.0,colonial
2019-08-30,10.4,10.55,10.4,10.5,9.991893,556773.0,colonial
2019-09-02,10.6,10.6,10.44,10.48,9.97286,413861.0,colonial
2019-09-03,10.6,10.6,10.46,10.53,10.020441,637529.0,colonial
2019-09-04,10.65,10.76,10.61,10.7,10.182215,523123.0,colonial
2019-09-05,10.75,10.76,10.55,10.61,10.096569,570471.0,colonial
2019-09-06,10.59,10.65,10.53,10.6,10.087055,9819446.0,colonial
2019-09-09,10.57,10.72,10.56,10.67,10.153666000000001,465325.0,colonial
2019-09-10,10.66,10.67,10.45,10.56,10.048989,525067.0,colonial
2019-09-11,10.59,10.59,10.36,10.42,9.915764999999999,1173877.0,colonial
2019-09-12,10.51,10.53,10.3,10.4,9.896730999999999,820340.0,colonial
2019-09-13,10.38,10.42,10.27,10.39,9.887216,627498.0,colonial
2019-09-16,10.36,10.41,10.27,10.29,9.792055,1255130.0,colonial
2019-09-17,10.33,10.41,10.27,10.37,9.868184,1005380.0,colonial
2019-09-18,10.37,10.54,10.37,10.5,9.991893,960061.0,colonial
2019-09-19,10.5,10.72,10.49,10.65,10.134634,613583.0,colonial
2019-09-20,10.6,10.92,10.6,10.83,10.305923,1964320.0,colonial
2019-09-23,10.74,10.86,10.66,10.73,10.210763,718838.0,colonial
2019-09-24,10.8,10.8,10.7,10.71,10.191730999999999,500281.0,colonial
2019-09-25,10.7,10.89,10.7,10.86,10.334472,553790.0,colonial
2019-09-26,10.88,11.07,10.87,11.05,10.515278,1094003.0,colonial
2019-09-27,11.1,11.1,11.0,11.04,10.505761,1519749.0,colonial
2019-09-30,11.04,11.16,10.99,11.07,10.534310000000001,1037098.0,colonial
2019-10-01,11.06,11.19,11.06,11.19,10.648503,1259520.0,colonial
2019-10-02,11.17,11.21,11.06,11.12,10.58189,1077299.0,colonial
2019-10-03,11.12,11.4,11.12,11.24,10.696083999999999,879669.0,colonial
2019-10-04,11.34,11.34,11.19,11.28,10.734148,783694.0,colonial
2019-10-07,11.33,11.36,11.25,11.36,10.810277000000001,620400.0,colonial
2019-10-08,11.36,11.44,11.29,11.3,10.753181,1165378.0,colonial
2019-10-09,11.33,11.46,11.33,11.42,10.867372999999999,878958.0,colonial
2019-10-10,11.36,11.42,11.26,11.41,10.857858,458470.0,colonial
2019-10-11,11.45,11.47,11.29,11.35,10.800761,2001151.0,colonial
2019-10-14,11.34,11.49,11.3,11.49,10.933986,680887.0,colonial
2019-10-15,11.43,11.54,11.43,11.5,10.943502,607497.0,colonial
2019-10-16,11.45,11.49,11.21,11.37,10.819792999999999,1062355.0,colonial
2019-10-17,11.37,11.59,11.35,11.5,10.943502,1176025.0,colonial
2019-10-18,11.52,11.61,11.48,11.55,10.991082,1907552.0,colonial
2019-10-21,11.55,11.55,11.37,11.43,10.876889,1502151.0,colonial
2019-10-22,11.4,11.52,11.34,11.42,10.867372999999999,740409.0,colonial
2019-10-23,11.4,11.47,11.29,11.47,10.914954,780816.0,colonial
2019-10-24,11.49,11.51,11.38,11.41,10.857858,619087.0,colonial
2019-10-25,11.43,11.46,11.37,11.42,10.867372999999999,460632.0,colonial
2019-10-28,11.43,11.55,11.38,11.5,10.943502,392889.0,colonial
2019-10-29,11.46,11.52,11.44,11.5,10.943502,608611.0,colonial
2019-10-30,11.51,11.56,11.46,11.56,11.000599000000001,619052.0,colonial
2019-10-31,11.6,11.63,11.52,11.58,11.019630000000001,547362.0,colonial
2019-11-01,11.63,11.69,11.43,11.43,10.876889,336745.0,colonial
2019-11-04,11.36,11.56,11.36,11.48,10.924469,666909.0,colonial
2019-11-05,11.49,11.49,11.3,11.36,10.810277000000001,526049.0,colonial
2019-11-06,11.37,11.5,11.24,11.47,10.914954,1797605.0,colonial
2019-11-07,11.45,11.59,11.36,11.56,11.000599000000001,812470.0,colonial
2019-11-08,11.55,11.64,11.55,11.61,11.048179,720276.0,colonial
2019-11-11,11.57,11.7,11.56,11.66,11.095759,446464.0,colonial
2019-11-12,11.7,11.8,11.65,11.66,11.095759,1515428.0,colonial
2019-11-13,11.63,11.7,11.55,11.64,11.076727,809589.0,colonial
2019-11-14,11.72,11.77,11.52,11.59,11.029146,564779.0,colonial
2019-11-15,11.6,11.83,11.57,11.72,11.152856,505285.0,colonial
2019-11-18,11.74,11.9,11.7,11.89,11.314630000000001,1356592.0,colonial
2019-11-19,11.86,11.94,11.81,11.9,11.324145,376401.0,colonial
2019-11-20,11.9,11.95,11.62,11.66,11.095759,512251.0,colonial
2019-11-21,11.63,11.68,11.47,11.51,10.953018,535852.0,colonial
2019-11-22,11.5,11.59,11.41,11.41,10.857858,592716.0,colonial
2019-11-25,11.43,11.54,11.37,11.42,10.867372999999999,459635.0,colonial
2019-11-26,11.41,11.59,11.36,11.51,10.953018,648919.0,colonial
2019-11-27,11.6,11.61,11.48,11.52,10.962535,379937.0,colonial
2019-11-28,11.5,11.59,11.43,11.49,10.933986,370457.0,colonial
2019-11-29,11.5,11.57,11.43,11.45,10.895922,443937.0,colonial
2019-12-02,11.42,11.53,11.26,11.26,10.715116,540158.0,colonial
2019-12-03,11.24,11.4,11.24,11.27,10.724632000000001,720559.0,colonial
2019-12-04,11.33,11.38,11.28,11.34,10.791245,456428.0,colonial
2019-12-05,11.32,11.45,11.32,11.33,10.781728,308231.0,colonial
2019-12-06,11.33,11.64,11.33,11.61,11.048179,621333.0,colonial
2019-12-09,11.58,11.59,11.49,11.51,10.953018,315004.0,colonial
2019-12-10,11.56,11.64,11.46,11.56,11.000599000000001,424390.0,colonial
2019-12-11,11.6,11.6,11.38,11.44,10.886405,427324.0,colonial
2019-12-12,11.49,11.49,11.13,11.13,10.591407,580040.0,colonial
2019-12-13,11.19,11.27,11.16,11.22,10.677052,566227.0,colonial
2019-12-16,11.28,11.32,11.2,11.27,10.724632000000001,488599.0,colonial
2019-12-17,11.27,11.32,11.13,11.14,10.600924000000001,748568.0,colonial
2019-12-18,11.15,11.2,11.12,11.2,10.65802,686355.0,colonial
2019-12-19,11.23,11.41,11.16,11.34,10.791245,688700.0,colonial
2019-12-20,11.36,11.43,11.17,11.17,10.629471,2559097.0,colonial
2019-12-23,11.26,11.33,11.18,11.33,10.781728,635845.0,colonial
2019-12-24,11.36,11.38,11.27,11.33,10.781728,184251.0,colonial
2019-12-25,11.33,11.33,11.33,11.33,10.781728,0.0,colonial
2019-12-27,11.41,11.53,11.38,11.53,10.97205,423099.0,colonial
2019-12-30,11.54,11.54,11.35,11.37,10.819792999999999,331629.0,colonial
2019-12-31,11.2,11.45,11.19,11.36,10.810277000000001,198963.0,colonial
2020-01-02,11.5,11.5,11.36,11.39,10.838825,284259.0,colonial
2020-01-03,11.34,11.59,11.34,11.56,11.000599000000001,539271.0,colonial
2020-01-06,11.52,11.57,11.41,11.53,10.97205,306710.0,colonial
2020-01-07,11.54,11.59,11.39,11.43,10.876889,432903.0,colonial
2020-01-08,11.38,11.38,11.13,11.23,10.686567,682636.0,colonial
2020-01-09,11.27,11.31,11.19,11.3,10.753181,605441.0,colonial
2020-01-10,11.27,11.39,11.27,11.33,10.781728,334211.0,colonial
2020-01-13,11.34,11.38,11.26,11.31,10.762696,335099.0,colonial
2020-01-14,11.29,11.6,11.29,11.56,11.000599000000001,475244.0,colonial
2020-01-15,11.54,11.71,11.52,11.69,11.124307,789422.0,colonial
2020-01-16,11.74,11.78,11.55,11.63,11.067211,603396.0,colonial
2020-01-17,11.66,11.83,11.65,11.83,11.257533,617377.0,colonial
2020-01-20,11.82,11.87,11.72,11.77,11.200436999999999,289964.0,colonial
2020-01-21,11.75,11.75,11.63,11.75,11.181403999999999,474800.0,colonial
2020-01-22,11.74,11.82,11.68,11.77,11.200436999999999,278117.0,colonial
2020-01-23,11.73,11.99,11.7,11.9,11.324145,559112.0,colonial
2020-01-24,11.9,12.06,11.9,12.03,11.447854,393400.0,colonial
2020-01-27,11.94,11.97,11.86,11.87,11.295597,253122.0,colonial
2020-01-28,11.91,12.04,11.91,12.03,11.447854,373518.0,colonial
2020-01-29,12.14,12.26,12.02,12.14,11.552532000000001,433146.0,colonial
2020-01-30,12.07,12.13,12.02,12.07,11.485918,361002.0,colonial
2020-01-31,12.09,12.14,11.93,12.09,11.504951,541905.0,colonial
2020-02-03,12.14,12.18,12.04,12.08,11.495435,446781.0,colonial
2020-02-04,12.12,12.27,12.09,12.24,11.647692,464505.0,colonial
2020-02-05,12.23,12.28,12.09,12.25,11.657208,294615.0,colonial
2020-02-06,12.28,12.41,12.16,12.4,11.79995,351302.0,colonial
2020-02-07,12.37,12.73,12.35,12.73,12.11398,813997.0,colonial
2020-02-10,12.73,12.82,12.57,12.8,12.180593,309093.0,colonial
2020-02-11,12.9,13.06,12.78,13.03,12.399464,582545.0,colonial
2020-02-12,13.09,13.11,12.98,13.1,12.466076,509985.0,colonial
2020-02-13,13.04,13.08,12.9,13.08,12.447044,538375.0,colonial
2020-02-14,13.11,13.18,12.97,13.17,12.532689,451661.0,colonial
2020-02-17,13.2,13.23,12.99,13.0,12.370915,417201.0,colonial
2020-02-18,12.99,13.23,12.96,13.01,12.380431,474877.0,colonial
2020-02-19,13.06,13.13,12.93,13.0,12.370915,560030.0,colonial
2020-02-20,12.98,13.0,12.79,12.79,12.171077,523427.0,colonial
2020-02-21,12.79,12.88,12.76,12.85,12.228174000000001,546201.0,colonial
2020-02-24,12.59,12.8,12.49,12.49,11.885594000000001,846685.0,colonial
2020-02-25,12.54,12.69,12.22,12.22,11.628661,737034.0,colonial
2020-02-26,12.16,12.28,11.97,12.2,11.609628,1025896.0,colonial
2020-02-27,12.11,12.22,11.74,11.79,11.219469,873423.0,colonial
2020-02-28,11.5,11.8,10.94,11.52,10.962535,1551288.0,colonial
2020-03-02,11.63,11.76,11.4,11.52,10.962535,948042.0,colonial
2020-03-03,11.65,12.06,11.64,11.94,11.362209,1562892.0,colonial
2020-03-04,11.99,12.31,11.89,12.31,11.714306,1104275.0,colonial
2020-03-05,12.34,12.43,12.17,12.35,11.752369999999999,1023351.0,colonial
2020-03-06,12.21,12.22,11.84,11.98,11.400273,1047582.0,colonial
2020-03-09,11.1,11.53,10.58,11.24,10.696083999999999,1032510.0,colonial
2020-03-10,11.35,11.6,10.55,10.64,10.125119,1674992.0,colonial
2020-03-11,10.68,11.12,10.68,10.69,10.172698,1292128.0,colonial
2020-03-12,10.29,10.44,8.945,9.02,8.583511999999999,1684403.0,colonial
2020-03-13,10.52,11.24,8.715,8.755,8.331336,1408861.0,colonial
2020-03-16,8.425,8.705,7.4,7.675,7.303598,1674427.0,colonial
2020-03-17,7.72,8.1,7.1,7.365,7.008599,1590565.0,colonial
2020-03-18,7.155,7.385,6.69,6.82,6.489973,1257950.0,colonial
2020-03-19,6.875,6.95,6.155,6.35,6.042717,1321462.0,colonial
2020-03-20,6.59,7.98,6.1,7.215,6.865858,2440063.0,colonial
2020-03-23,6.745,7.21,6.55,6.695,6.371021,809903.0,colonial
2020-03-24,6.99,7.235,6.8,6.935,6.599407000000001,1005726.0,colonial
2020-03-25,7.375,8.365,7.105,7.375,7.018116,1322986.0,colonial
2020-03-26,7.4,8.5,7.21,7.99,7.6033539999999995,1114960.0,colonial
2020-03-27,7.855,8.39,7.64,8.385,7.979239999999999,971272.0,colonial
2020-03-30,8.5,8.5,7.94,8.07,7.679483,1150522.0,colonial
2020-03-31,8.22,8.635,8.115,8.635,8.217141999999999,1491913.0,colonial
2020-04-01,8.5,8.505,8.135,8.34,7.936417999999999,925846.0,colonial
2020-04-02,8.295,8.335,8.06,8.15,7.755611,814684.0,colonial
2020-04-03,8.1,8.1,7.805,8.015,7.627145,621682.0,colonial
2020-04-06,8.48,8.88,8.28,8.88,8.450287,628656.0,colonial
2020-04-07,9.0,9.85,8.525,8.635,8.217141999999999,1214036.0,colonial
2020-04-08,8.72,8.93,8.55,8.72,8.298029,679130.0,colonial
2020-04-09,8.855,9.09,8.71,8.84,8.412223,607509.0,colonial
2020-04-14,9.075,9.105,8.17,8.39,7.983998,1406434.0,colonial
2020-04-15,8.2,8.2,7.81,8.04,7.650936,1719686.0,colonial
2020-04-16,8.07,8.29,7.935,8.155,7.76037,683149.0,colonial
2020-04-17,8.4,8.64,8.16,8.195,7.798433999999999,922283.0,colonial
2020-04-20,8.35,8.35,7.805,7.92,7.536741999999999,499699.0,colonial
2020-04-21,7.7,7.87,7.565,7.61,7.241744000000001,518415.0,colonial
2020-04-22,7.87,7.9,7.69,7.845,7.465372,471353.0,colonial
2020-04-23,7.835,8.04,7.75,7.775,7.398759,372187.0,colonial
2020-04-24,7.55,7.865,7.55,7.76,7.384485000000001,436082.0,colonial
2020-04-27,7.815,8.115,7.815,8.0,7.612871000000001,545547.0,colonial
2020-04-28,8.55,8.55,7.99,8.0,7.612871000000001,446218.0,colonial
2020-04-29,8.005,8.88,7.975,8.88,8.450287,656534.0,colonial
2020-04-30,8.81,8.945,8.535,8.8,8.374158999999999,606301.0,colonial
2020-05-04,8.655,8.655,8.2,8.305,7.903111,564042.0,colonial
2020-05-05,8.45,8.605,8.345,8.42,8.012547,383255.0,colonial
2020-05-06,8.365,8.41,8.17,8.2,7.803192999999999,483700.0,colonial
2020-05-07,8.1,8.16,8.0,8.0,7.612871000000001,620817.0,colonial
2020-05-08,8.045,8.1,7.985,8.045,7.655692999999999,286040.0,colonial
2020-05-11,7.97,8.14,7.83,7.87,7.489161999999999,481432.0,colonial
2020-05-12,7.765,7.81,7.61,7.65,7.279808,545480.0,colonial
2020-05-13,7.65,7.855,7.395,7.75,7.374969,632402.0,colonial
2020-05-14,7.76,7.895,7.27,7.67,7.298839999999999,712968.0,colonial
2020-05-15,7.795,7.795,7.355,7.355,6.999084,814842.0,colonial
2020-05-18,7.595,7.62,7.21,7.465,7.10376,729510.0,colonial
2020-05-19,7.44,7.91,7.4,7.75,7.374969,1609438.0,colonial
2020-05-20,7.8,7.8,7.1,7.365,7.008599,1590758.0,colonial
2020-05-21,7.35,7.585,7.14,7.38,7.022873,1035181.0,colonial
2020-05-22,7.5,7.62,7.24,7.58,7.213195,873608.0,colonial
2020-05-25,7.55,7.77,7.535,7.705,7.332146000000001,441072.0,colonial
2020-05-26,7.8,8.115,7.79,7.98,7.593839,922240.0,colonial
2020-05-27,8.005,8.37,7.905,8.075,7.684241,1238104.0,colonial
2020-05-28,8.315,8.56,8.135,8.44,8.031578,1270101.0,colonial
2020-05-29,8.35,8.395,8.08,8.13,7.73658,1270995.0,colonial
2020-06-01,8.285,8.39,8.165,8.39,7.983998,538822.0,colonial
2020-06-02,8.28,8.92,8.28,8.585,8.169561999999999,1211406.0,colonial
2020-06-03,8.755,8.945,8.45,8.94,8.507382000000002,675772.0,colonial
2020-06-04,8.71,8.87,8.5,8.625,8.207626,1131145.0,colonial
2020-06-05,8.63,9.1,8.63,8.855,8.426496,2072728.0,colonial
2020-06-08,8.805,8.925,8.435,8.475,8.064885,1220813.0,colonial
2020-06-09,8.545,8.605,8.07,8.41,8.003031,1243471.0,colonial
2020-06-10,8.415,8.555,8.305,8.41,8.003031,1186372.0,colonial
2020-06-11,8.25,8.25,7.88,8.03,7.641419,1023992.0,colonial
2020-06-12,8.0,8.375,7.85,8.175,7.779403,1005359.0,colonial
2020-06-15,7.98,8.325,7.865,8.27,7.869806,908186.0,colonial
2020-06-16,8.32,8.51,8.195,8.365,7.9602070000000005,868003.0,colonial
2020-06-17,8.365,8.775,8.355,8.465,8.055368,959796.0,colonial
2020-06-18,8.43,8.555,8.135,8.21,7.812709,1251079.0,colonial
2020-06-19,8.28,8.28,7.985,8.07,7.679483,1871197.0,colonial
2020-06-22,8.05,8.165,7.91,8.055,7.665210000000001,818538.0,colonial
2020-06-23,8.15,8.205,8.005,8.09,7.698516000000001,480744.0,colonial
2020-06-24,8.14,8.14,7.87,7.905,7.522467999999999,706012.0,colonial
2020-06-25,8.005,8.005,7.75,7.93,7.546258,632253.0,colonial
2020-06-26,7.94,8.015,7.805,7.9,7.517710000000001,626819.0,colonial
2020-06-29,7.795,7.975,7.795,7.935,7.551016000000001,938123.0,colonial
2020-06-30,7.95,8.12,7.745,7.84,7.460614,933972.0,colonial
2020-07-01,7.945,8.115,7.8,8.05,7.660450999999999,585979.0,colonial
2020-07-02,8.08,8.345,8.08,8.23,7.831739999999999,587073.0,colonial
2020-07-03,8.25,8.25,8.09,8.23,7.831739999999999,371292.0,colonial
2020-07-06,8.365,8.465,8.325,8.405,7.998272999999999,430416.0,colonial
2020-07-07,8.39,8.425,8.04,8.11,7.717547,614184.0,colonial
2020-07-08,7.96,7.96,7.775,7.81,7.619934,663197.0,colonial
2020-07-09,7.92,7.92,7.72,7.745,7.556514999999999,696929.0,colonial
2020-07-10,7.71,7.96,7.705,7.895,7.702864999999999,454156.0,colonial
2020-07-13,7.98,8.03,7.855,7.9,7.707744,488646.0,colonial
2020-07-14,7.93,7.93,7.635,7.64,7.454071000000001,807432.0,colonial
2020-07-15,7.715,7.74,7.455,7.5,7.3174779999999995,1045657.0,colonial
2020-07-16,7.46,7.68,7.37,7.38,7.200398,1074172.0,colonial
2020-07-17,7.4,7.45,7.175,7.285,7.107710000000001,1290138.0,colonial
2020-07-20,7.325,7.435,7.26,7.33,7.151615,509293.0,colonial
2020-07-21,7.395,7.535,7.3,7.3,7.122345,1330426.0,colonial
2020-07-22,7.33,7.395,7.215,7.375,7.19552,805576.0,colonial
2020-07-23,7.41,7.41,7.135,7.15,6.975996,610414.0,colonial
2020-07-24,7.1,7.15,6.965,7.095,6.922333999999999,765897.0,colonial
2020-07-27,7.05,7.05,6.825,6.84,6.673539999999999,1076531.0,colonial
2020-07-28,6.9,7.11,6.87,7.11,6.936969,595930.0,colonial
2020-07-29,7.1,7.245,7.0,7.2,7.024779,635145.0,colonial
2020-07-30,7.2,7.21,7.01,7.155,6.980874000000001,730170.0,colonial
2020-07-31,7.2,7.43,7.115,7.225,7.049169999999999,872234.0,colonial
2020-08-03,7.225,7.325,7.01,7.225,7.049169999999999,810963.0,colonial
2020-08-04,7.28,7.455,7.27,7.415,7.234547,1162036.0,colonial
2020-08-05,7.47,7.545,7.375,7.45,7.268694,818330.0,colonial
2020-08-06,7.335,7.375,7.19,7.25,7.073562,652480.0,colonial
2020-08-07,7.225,7.34,7.155,7.24,7.063805,479035.0,colonial
2020-08-10,7.24,7.375,7.18,7.375,7.19552,887045.0,colonial
2020-08-11,7.365,7.57,7.365,7.415,7.234547,566969.0,colonial
2020-08-12,7.42,7.44,7.295,7.37,7.190641,522438.0,colonial
2020-08-13,7.24,7.435,7.235,7.31,7.132102000000001,362765.0,colonial
2020-08-14,7.44,7.44,7.14,7.27,7.093075,417132.0,colonial
2020-08-17,7.27,7.365,7.15,7.2,7.024779,470343.0,colonial
2020-08-18,7.15,7.27,7.12,7.13,6.956482,367217.0,colonial
2020-08-19,7.145,7.19,7.06,7.095,6.922333999999999,412947.0,colonial
2020-08-20,7.05,7.485,7.045,7.455,7.273573,723356.0,colonial
2020-08-21,7.46,7.545,7.355,7.4,7.219912,403997.0,colonial
2020-08-24,7.45,7.5,7.355,7.48,7.297965,415549.0,colonial
2020-08-25,7.5,7.545,7.255,7.285,7.107710000000001,577848.0,colonial
2020-08-26,7.29,7.495,7.25,7.465,7.28333,1101547.0,colonial
2020-08-27,7.45,7.555,7.365,7.475,7.293086,565640.0,colonial
2020-08-28,7.505,7.585,7.455,7.485,7.302842999999999,369849.0,colonial
2020-08-31,7.5,7.53,7.315,7.375,7.19552,570244.0,colonial
2020-09-01,7.485,7.485,7.3,7.405,7.22479,718589.0,colonial
2020-09-02,7.45,7.575,7.35,7.435,7.254060000000001,778836.0,colonial
2020-09-03,7.5,7.665,7.355,7.405,7.22479,691484.0,colonial
2020-09-04,7.45,7.45,6.925,6.96,6.790619,1124816.0,colonial
2020-09-07,6.98,7.145,6.98,7.08,6.907699000000001,764890.0,colonial
2020-09-08,7.08,7.13,6.84,6.89,6.722322999999999,578989.0,colonial
2020-09-09,6.85,6.95,6.76,6.93,6.761349000000001,1142146.0,colonial
2020-09-10,6.915,6.975,6.86,6.895,6.727200999999999,350425.0,colonial
2020-09-11,6.865,6.95,6.83,6.845,6.678418,466947.0,colonial
2020-09-14,6.83,6.89,6.75,6.85,6.683296,454902.0,colonial
2020-09-15,6.785,6.91,6.785,6.91,6.741836,488780.0,colonial
2020-09-16,6.985,7.275,6.95,7.21,7.034535000000001,1059469.0,colonial
2020-09-17,7.12,7.395,7.065,7.335,7.156494,716344.0,colonial
2020-09-18,7.4,7.4,7.18,7.23,7.054049000000001,2140537.0,colonial
2020-09-21,7.175,7.195,6.9,6.96,6.790619,1452735.0,colonial
2020-09-22,7.02,7.035,6.92,6.955,6.785741000000001,731769.0,colonial
2020-09-23,7.0,7.005,6.75,6.75,6.58573,1281451.0,colonial
2020-09-24,6.7,6.97,6.7,6.8,6.634513,962714.0,colonial
2020-09-25,6.775,6.83,6.66,6.725,6.561338,785936.0,colonial
2020-09-28,6.8,7.05,6.8,7.045,6.873550999999999,726312.0,colonial
2020-09-29,7.03,7.03,6.86,6.895,6.727200999999999,402212.0,colonial
2020-09-30,6.85,7.125,6.78,7.055,6.883307,1226704.0,colonial
2020-10-01,7.12,7.215,7.055,7.2,7.024779,1221849.0,colonial
2020-10-02,7.17,7.26,7.105,7.26,7.083319,1351014.0,colonial
2020-10-05,7.305,7.32,7.23,7.3,7.122345,842903.0,colonial
2020-10-06,7.3,7.49,7.275,7.44,7.258938000000001,517551.0,colonial
2020-10-07,7.395,7.455,7.21,7.245,7.068683999999999,1169159.0,colonial
2020-10-08,7.33,7.425,7.28,7.295,7.1174669999999995,377006.0,colonial
2020-10-09,7.295,7.36,7.2,7.22,7.0442919999999996,381559.0,colonial
2020-10-12,7.245,7.31,7.085,7.12,6.946725,1108742.0,colonial
2020-10-13,7.0,7.275,6.885,6.945,6.775985,683321.0,colonial
2020-10-14,6.95,6.95,6.76,6.765,6.600364999999999,623315.0,colonial
2020-10-15,6.745,6.885,6.685,6.84,6.673539999999999,924356.0,colonial
2020-10-16,6.855,6.885,6.55,6.55,6.3905970000000005,1234174.0,colonial
2020-10-19,6.5,6.69,6.5,6.545,6.385719,885026.0,colonial
2020-10-20,6.575,6.735,6.5,6.665,6.5027989999999996,1075328.0,colonial
2020-10-21,6.7,6.7,6.425,6.49,6.332057,754420.0,colonial
2020-10-22,6.475,6.7,6.425,6.625,6.4637720000000005,1004912.0,colonial
2020-10-23,6.56,6.67,6.555,6.625,6.4637720000000005,504954.0,colonial
2020-10-26,6.5,6.55,6.44,6.49,6.332057,803830.0,colonial
2020-10-27,6.515,6.515,6.16,6.17,6.019845,1031898.0,colonial
2020-10-28,6.1,6.1,5.89,6.02,5.873496,1259504.0,colonial
2020-10-29,6.055,6.135,5.79,5.98,5.834469,1021730.0,colonial
2020-10-30,5.9,6.105,5.88,6.105,5.956427,883479.0,colonial
2020-11-02,6.085,6.23,5.99,6.215,6.06375,850483.0,colonial
2020-11-03,6.235,6.475,6.205,6.475,6.3174220000000005,1054114.0,colonial
2020-11-04,6.405,6.55,6.305,6.515,6.356449,730928.0,colonial
2020-11-05,6.555,6.635,6.46,6.495,6.336936,879491.0,colonial
2020-11-06,6.515,6.645,6.49,6.555,6.395475,728632.0,colonial
2020-11-09,6.665,7.84,6.665,7.84,7.649203999999999,3112740.0,colonial
2020-11-10,7.55,8.04,7.41,8.04,7.8443369999999994,2215361.0,colonial
2020-11-11,7.975,8.24,7.86,8.215,8.015077999999999,1389685.0,colonial
2020-11-12,8.215,8.26,7.975,8.125,7.927267999999999,997790.0,colonial
2020-11-13,8.15,8.165,7.995,8.11,7.912632,702977.0,colonial
2020-11-16,8.135,8.72,8.13,8.55,8.341925,1340296.0,colonial
2020-11-17,8.55,8.585,8.125,8.315,8.112642999999998,673899.0,colonial
2020-11-18,8.315,8.47,8.205,8.415,8.21021,627753.0,colonial
2020-11-19,8.315,8.315,8.16,8.24,8.039469,1144157.0,colonial
2020-11-20,8.265,8.355,8.14,8.205,8.005321,741537.0,colonial
2020-11-23,8.325,8.395,8.235,8.25,8.049225999999999,512965.0,colonial
2020-11-24,8.295,8.46,8.26,8.37,8.166306,684015.0,colonial
2020-11-25,8.365,8.475,8.215,8.245,8.044347,388147.0,colonial
2020-11-26,8.33,8.37,8.195,8.225,8.024835000000001,346276.0,colonial
2020-11-27,8.275,8.275,8.085,8.115,7.917511,471025.0,colonial
2020-11-30,8.085,8.16,7.98,8.0,7.80531,803984.0,colonial
2020-12-01,8.05,8.175,7.965,8.075,7.878483999999999,519622.0,colonial
2020-12-02,8.0,8.19,8.0,8.155,7.956537,606197.0,colonial
2020-12-03,8.095,8.365,8.07,8.34,8.137035000000001,506311.0,colonial
2020-12-04,8.34,8.48,8.29,8.435,8.229724000000001,430692.0,colonial
2020-12-07,8.35,8.49,8.215,8.395,8.190698,377252.0,colonial
2020-12-08,8.385,8.46,8.22,8.26,8.058983,319976.0,colonial
2020-12-09,8.35,8.445,8.265,8.345,8.141914,483523.0,colonial
2020-12-10,8.375,8.375,8.005,8.06,7.86385,601811.0,colonial
2020-12-11,8.1,8.3,7.875,8.19,7.990685000000001,604987.0,colonial
2020-12-14,8.11,8.255,8.11,8.155,7.956537,385917.0,colonial
2020-12-15,8.2,8.2,8.045,8.155,7.956537,466911.0,colonial
2020-12-16,8.21,8.48,8.16,8.32,8.117522,611793.0,colonial
2020-12-17,8.25,8.34,8.215,8.29,8.088252,453180.0,colonial
2020-12-18,8.26,8.26,7.945,7.96,7.7662830000000005,1197849.0,colonial
2020-12-21,7.85,7.895,7.505,7.835,7.644325,800340.0,colonial
2020-12-22,7.905,8.025,7.785,7.955,7.761405,323052.0,colonial
2020-12-23,8.02,8.155,8.005,8.115,7.917511,510593.0,colonial
2020-12-24,8.2,8.2,8.005,8.08,7.883363,103145.0,colonial
2020-12-28,8.12,8.165,7.945,8.0,7.80531,250870.0,colonial
2020-12-29,8.1,8.3,8.065,8.125,7.927267999999999,455295.0,colonial
2020-12-30,8.17,8.17,7.99,8.035,7.8394580000000005,356955.0,colonial
2020-12-31,8.0,8.025,7.895,8.025,7.829700999999999,155220.0,colonial
2021-01-04,8.06,8.125,7.87,7.965,7.7711619999999995,743867.0,colonial
2021-01-05,7.975,8.005,7.835,7.99,7.795553,362521.0,colonial
2021-01-06,7.935,8.1,7.875,8.03,7.834579,407940.0,colonial
2021-01-07,8.1,8.1,7.86,7.94,7.74677,610163.0,colonial
2021-01-08,7.88,7.975,7.82,7.94,7.74677,333875.0,colonial
2021-01-11,7.875,7.995,7.8,7.815,7.6248119999999995,475622.0,colonial
2021-01-12,7.855,7.915,7.77,7.84,7.649203999999999,368872.0,colonial
2021-01-13,7.77,8.01,7.77,7.97,7.776039999999999,535149.0,colonial
2021-01-14,8.05,8.145,8.0,8.145,7.946782000000001,498932.0,colonial
2021-01-15,8.12,8.205,7.99,8.08,7.883363,632935.0,colonial
2021-01-18,8.03,8.11,7.945,8.085,7.888241000000001,290923.0,colonial
2021-01-19,8.1,8.35,8.05,8.15,7.951658999999999,710438.0,colonial
2021-01-20,8.12,8.29,8.12,8.29,8.088252,537814.0,colonial
2021-01-21,8.295,8.35,7.845,7.865,7.673595,755749.0,colonial
2021-01-22,7.85,7.91,7.76,7.865,7.673595,483107.0,colonial
2021-01-25,7.92,7.925,7.73,7.845,7.654082000000001,525884.0,colonial
2021-01-26,7.9,8.135,7.865,7.995,7.800431,564179.0,colonial
2021-01-27,8.0,8.22,7.945,8.1,7.902875999999999,635194.0,colonial
2021-01-28,8.01,8.15,7.805,8.13,7.932146,527877.0,colonial
2021-01-29,8.02,8.12,7.905,7.95,7.756525999999999,793604.0,colonial
2021-02-01,7.96,8.085,7.93,8.015,7.819945,1042525.0,colonial
2021-02-02,8.05,8.115,7.94,8.015,7.819945,887067.0,colonial
2021-02-03,8.08,8.15,7.995,8.035,7.8394580000000005,462358.0,colonial
2021-02-04,8.05,8.11,7.935,8.045,7.849214999999999,403456.0,colonial
2021-02-05,8.1,8.145,8.02,8.045,7.849214999999999,378694.0,colonial
2021-02-08,8.03,8.12,7.96,8.025,7.829700999999999,418530.0,colonial
2021-02-09,8.0,8.01,7.86,7.925,7.732135,474141.0,colonial
2021-02-10,7.95,7.95,7.77,7.865,7.673595,304859.0,colonial
2021-02-11,7.885,7.885,7.73,7.81,7.619934,346731.0,colonial
2021-02-12,7.76,7.855,7.71,7.78,7.590664,320372.0,colonial
2021-02-15,7.835,7.895,7.76,7.88,7.68823,389623.0,colonial
2021-02-16,7.95,7.955,7.77,7.795,7.6052990000000005,313366.0,colonial
2021-02-17,7.89,7.89,7.785,7.81,7.619934,428626.0,colonial
2021-02-18,7.81,7.875,7.725,7.79,7.60042,394798.0,colonial
2021-02-19,7.755,7.82,7.66,7.73,7.541881,501171.0,colonial
2021-02-22,7.7,7.945,7.61,7.9,7.707744,416450.0,colonial
2021-02-23,7.83,8.255,7.83,8.255,8.054103999999999,643328.0,colonial
2021-02-24,8.25,8.33,8.085,8.215,8.015077999999999,517884.0,colonial
2021-02-25,8.22,8.335,8.17,8.215,8.015077999999999,341504.0,colonial
2021-02-26,8.125,8.14,7.96,8.08,7.883363,657815.0,colonial
2021-03-01,8.06,8.33,8.06,8.285,8.083374000000001,536956.0,colonial
2021-03-02,8.35,8.545,8.24,8.26,8.058983,847671.0,colonial
2021-03-03,8.32,8.445,8.255,8.32,8.117522,597618.0,colonial
2021-03-04,8.295,8.39,8.25,8.3,8.098009,740017.0,colonial
2021-03-05,8.26,8.34,8.195,8.315,8.112642999999998,514387.0,colonial
2021-03-08,8.315,8.47,8.27,8.4,8.195575,472100.0,colonial
2021-03-09,8.385,8.545,8.38,8.405,8.200453999999999,642995.0,colonial
2021-03-10,8.405,8.615,8.37,8.435,8.229724000000001,623358.0,colonial
2021-03-11,8.45,8.505,8.13,8.2,8.000442999999999,1077291.0,colonial
2021-03-12,8.185,8.25,8.04,8.225,8.024835000000001,1171561.0,colonial
2021-03-15,8.25,8.345,8.21,8.25,8.049225999999999,519419.0,colonial
2021-03-16,8.29,8.455,8.255,8.345,8.141914,641266.0,colonial
2021-03-17,8.35,8.35,8.205,8.28,8.078495,517284.0,colonial
2021-03-18,8.295,8.295,8.17,8.19,7.990685000000001,460445.0,colonial
2021-03-19,8.195,8.29,8.065,8.185,7.9858080000000005,1276396.0,colonial
2021-03-22,8.18,8.18,7.865,7.9,7.707744,670766.0,colonial
2021-03-23,7.87,8.02,7.805,8.02,7.824822999999999,563533.0,colonial
2021-03-24,7.965,8.2,7.93,8.2,8.000442999999999,630646.0,colonial
2021-03-25,8.2,8.2,7.915,8.18,7.980929,492376.0,colonial
2021-03-26,8.165,8.245,8.125,8.215,8.015077999999999,379739.0,colonial
2021-03-29,8.18,8.3,8.165,8.265,8.063861,635365.0,colonial
2021-03-30,8.29,8.44,8.29,8.41,8.205332,580876.0,colonial
2021-03-31,8.305,8.525,8.255,8.255,8.054103999999999,549943.0,colonial
2021-04-01,8.225,8.38,8.185,8.275,8.073617,411606.0,colonial
2021-04-06,8.195,8.375,8.195,8.305,8.102886999999999,322596.0,colonial
2021-04-07,8.315,8.43,8.26,8.3,8.098009,402628.0,colonial
2021-04-08,8.3,8.3,8.16,8.255,8.054103999999999,529948.0,colonial
2021-04-09,8.235,8.265,8.13,8.215,8.015077999999999,369522.0,colonial
2021-04-12,8.155,8.24,8.075,8.15,7.951658999999999,2095981.0,colonial
2021-04-13,8.14,8.22,8.105,8.215,8.015077999999999,1020015.0,colonial
2021-04-14,8.235,8.34,8.2,8.27,8.06874,1541594.0,colonial
2021-04-15,8.295,8.305,8.145,8.165,7.966294,1073998.0,colonial
2021-04-16,8.22,8.27,8.11,8.165,7.966294,406577.0,colonial
2021-04-19,8.095,8.305,8.095,8.305,8.102886999999999,509514.0,colonial
2021-04-20,8.315,8.39,8.25,8.39,8.185819,511110.0,colonial
2021-04-21,8.405,8.44,8.275,8.3,8.098009,306145.0,colonial
2021-04-22,8.345,8.4,8.29,8.375,8.171184,478128.0,colonial
2021-04-23,8.42,8.42,8.265,8.285,8.083374000000001,337516.0,colonial
2021-04-26,8.265,8.49,8.265,8.465,8.258992999999998,325636.0,colonial
2021-04-27,8.47,8.515,8.38,8.48,8.273628,264865.0,colonial
2021-04-28,8.515,8.585,8.42,8.42,8.215089,430914.0,colonial
2021-04-29,8.445,8.515,8.4,8.5,8.293141,471576.0,colonial
2021-04-30,8.45,8.51,8.4,8.435,8.229724000000001,494247.0,colonial
2021-05-03,8.465,8.515,8.405,8.465,8.258992999999998,468684.0,colonial
2021-05-04,8.515,8.84,8.47,8.72,8.507788,758899.0,colonial
2021-05-05,8.725,8.795,8.51,8.58,8.371195,608626.0,colonial
2021-05-06,8.56,8.76,8.53,8.76,8.546814,601682.0,colonial
2021-05-07,8.765,8.83,8.67,8.83,8.615110000000001,529676.0,colonial
2021-05-10,8.91,9.165,8.86,9.125,8.902931,640254.0,colonial
2021-05-11,9.095,9.12,8.98,9.05,8.829757,670033.0,colonial
2021-05-12,9.075,9.145,8.89,8.9,8.683407,395338.0,colonial
2021-05-13,8.88,8.885,8.635,8.795,8.580962,224250.0,colonial
2021-05-14,8.84,8.97,8.82,8.945,8.727312,237009.0,colonial
2021-05-17,8.97,9.08,8.81,8.85,8.634624,340870.0,colonial
2021-05-18,8.63,8.77,8.465,8.71,8.498031,961837.0,colonial
2021-05-19,8.65,8.815,8.625,8.675,8.463883000000001,454419.0,colonial
2021-05-20,8.81,8.81,8.52,8.62,8.410221,379350.0,colonial
2021-05-21,8.62,8.725,8.5,8.655,8.444369,588098.0,colonial
2021-05-24,8.695,8.84,8.575,8.84,8.624867,212609.0,colonial
2021-05-25,8.74,8.92,8.69,8.805,8.590719,351475.0,colonial
2021-05-26,8.855,8.865,8.68,8.82,8.605353,468873.0,colonial
2021-05-27,8.85,9.11,8.85,9.005,8.785851,1246370.0,colonial
2021-05-28,9.11,9.22,9.05,9.115,8.893174,549300.0,colonial
2021-05-31,9.16,9.175,9.08,9.12,8.898052999999999,257480.0,colonial
2021-06-01,9.25,9.25,9.06,9.155,8.932201,345183.0,colonial
2021-06-02,9.18,9.255,9.14,9.21,8.985863,469163.0,colonial
2021-06-03,9.22,9.315,9.01,9.295,9.068794,809186.0,colonial
2021-06-04,9.38,9.6,9.07,9.21,8.985863,1400779.0,colonial
2021-06-07,9.08,9.24,9.06,9.24,9.015133,806680.0,colonial
2021-06-08,9.24,9.41,9.15,9.4,9.171239,848222.0,colonial
2021-06-09,9.33,9.535,9.275,9.52,9.288319,607321.0,colonial
2021-06-10,9.515,9.575,9.44,9.575,9.34198,584311.0,colonial
2021-06-11,9.55,9.55,9.4,9.455,9.2249,663796.0,colonial
2021-06-14,9.425,9.505,9.405,9.505,9.273684,586131.0,colonial
2021-06-15,9.47,9.47,9.335,9.375,9.146848,572836.0,colonial
2021-06-16,9.345,9.39,9.22,9.22,8.995619999999999,1073875.0,colonial
2021-06-17,9.115,9.245,9.045,9.155,8.932201,1569047.0,colonial
2021-06-18,9.145,9.165,8.84,8.87,8.654137,2166889.0,colonial
2021-06-21,8.8,8.97,8.725,8.905,8.688285,833956.0,colonial
2021-06-22,8.92,9.045,8.885,8.98,8.761459,496219.0,colonial
2021-06-23,8.965,8.985,8.86,8.86,8.644381,513663.0,colonial
2021-06-24,8.9,8.92,8.82,8.865,8.649258999999999,399323.0,colonial
2021-06-25,8.89,8.89,8.815,8.815,8.600475,442449.0,colonial
2021-06-28,8.815,8.825,8.6,8.6,8.390708,584551.0,colonial
2021-06-29,8.55,8.695,8.53,8.57,8.361438,332274.0,colonial
2021-06-30,8.575,8.595,8.46,8.515,8.307775999999999,576909.0,colonial
2021-07-01,8.545,8.68,8.545,8.66,8.449247,488363.0,colonial
2021-07-02,8.72,8.785,8.675,8.765,8.551692999999998,374952.0,colonial
2021-07-05,8.79,8.87,8.75,8.865,8.649258999999999,311981.0,colonial
2021-07-06,8.855,8.94,8.83,8.885,8.668773,623947.0,colonial
2021-07-07,8.895,9.03,8.87,8.94,8.722433,602036.0,colonial
2021-07-08,8.925,8.95,8.78,8.795,8.580962,457514.0,colonial
2021-07-09,8.825,9.08,8.815,9.04,8.82,577633.0,colonial
2021-07-12,8.87,9.09,8.82,9.065,9.065,589084.0,colonial
2021-07-13,9.055,9.055,8.785,8.81,8.81,471153.0,colonial
2021-07-14,8.79,8.805,8.63,8.665,8.665,516294.0,colonial
2021-07-15,8.64,8.645,8.535,8.56,8.56,423597.0,colonial
2021-07-16,8.59,8.73,8.52,8.66,8.66,639892.0,colonial
2021-07-19,8.57,8.645,8.36,8.5,8.5,700332.0,colonial
2021-07-20,8.5,8.775,8.4,8.725,8.725,744752.0,colonial
2021-07-21,8.55,8.975,8.55,8.95,8.95,708847.0,colonial
2021-07-22,8.795,9.03,8.795,8.845,8.845,542879.0,colonial
2021-07-23,8.825,9.035,8.825,8.98,8.98,625023.0,colonial
2021-07-26,8.905,9.025,8.87,8.965,8.965,718450.0,colonial
2021-07-27,8.93,9.04,8.93,9.025,9.025,606961.0,colonial
2021-07-28,9.0,9.165,8.97,9.0,9.0,828418.0,colonial
2021-07-29,9.0,9.05,8.94,8.94,8.94,701934.0,colonial
2021-07-30,8.91,9.09,8.895,8.99,8.99,838814.0,colonial
2021-08-02,9.04,9.255,9.04,9.18,9.18,763238.0,colonial
2021-08-03,9.16,9.265,8.945,8.96,8.96,545800.0,colonial
2021-08-04,9.195,9.195,8.935,9.055,9.055,439375.0,colonial
2021-08-05,9.14,9.32,9.05,9.3,9.3,456293.0,colonial
2021-08-06,9.26,9.445,9.205,9.405,9.405,577896.0,colonial
2021-08-09,9.35,9.445,9.25,9.285,9.285,383145.0,colonial
2021-08-10,9.275,9.36,9.155,9.22,9.22,458403.0,colonial
2021-08-11,9.1,9.345,9.1,9.32,9.32,453487.0,colonial
2021-08-12,9.385,9.42,9.325,9.35,9.35,298978.0,colonial
2021-08-13,9.35,9.535,9.33,9.455,9.455,443777.0,colonial
2021-08-16,9.395,9.54,9.395,9.515,9.515,442038.0,colonial
2021-08-17,9.345,9.47,9.31,9.33,9.33,326487.0,colonial
2021-08-18,9.23,9.44,9.16,9.4,9.4,250967.0,colonial
2021-08-19,9.4,9.4,9.28,9.3,9.3,597819.0,colonial
2021-08-20,9.33,9.37,9.175,9.22,9.22,452957.0,colonial
2021-08-23,9.275,9.315,9.155,9.155,9.155,489585.0,colonial
2021-08-24,9.17,9.25,9.11,9.145,9.145,345165.0,colonial
2021-08-25,9.235,9.25,8.995,8.995,8.995,558037.0,colonial
2021-08-26,9.08,9.08,8.855,8.89,8.89,558827.0,colonial
2021-08-27,8.93,9.225,8.915,9.18,9.18,392720.0,colonial
2021-08-30,9.235,9.235,9.125,9.195,9.195,231449.0,colonial
2021-08-31,9.26,9.27,9.115,9.165,9.165,616235.0,colonial
2021-09-01,9.275,9.33,9.225,9.24,9.24,451139.0,colonial
2021-09-02,9.37,9.37,9.045,9.045,9.045,553540.0,colonial
2021-09-03,9.03,9.09,8.78,8.78,8.78,884409.0,colonial
2021-09-06,8.825,8.85,8.72,8.735,8.735,361664.0,colonial
2021-09-07,8.745,8.775,8.545,8.67,8.67,809369.0,colonial
2021-09-08,8.64,8.64,8.435,8.435,8.435,1371476.0,colonial
2021-09-09,8.4,8.58,8.4,8.515,8.515,989420.0,colonial
2021-09-10,8.515,8.535,8.39,8.405,8.405,1097138.0,colonial
2021-09-13,8.44,8.905,8.425,8.735,8.735,1016886.0,colonial
2021-09-14,8.685,8.965,8.685,8.835,8.835,680380.0,colonial
2021-09-15,8.905,8.905,8.68,8.68,8.68,652399.0,colonial
2021-09-16,8.665,8.9,8.665,8.74,8.74,865527.0,colonial
2021-09-17,8.75,9.005,8.74,8.74,8.74,3113864.0,colonial
2021-09-20,8.7,8.755,8.545,8.72,8.72,499671.0,colonial
2021-09-21,8.81,8.87,8.595,8.86,8.86,445045.0,colonial
2021-09-22,8.935,8.955,8.755,8.755,8.755,540810.0,colonial
2021-09-23,8.915,8.93,8.805,8.84,8.84,571857.0,colonial
2021-09-24,8.82,8.865,8.7,8.71,8.71,325558.0,colonial
2021-09-27,8.795,8.91,8.755,8.83,8.83,520735.0,colonial
2021-09-28,8.845,8.89,8.455,8.46,8.46,638406.0,colonial
2021-09-29,8.515,8.575,8.43,8.43,8.43,650761.0,colonial
2021-09-30,8.525,8.59,8.38,8.38,8.38,1089469.0,colonial
2021-10-01,8.31,8.575,7.93,8.465,8.465,7983348.0,colonial
2021-10-04,8.455,8.55,8.375,8.375,8.375,689088.0,colonial
2021-10-05,8.385,8.435,8.35,8.39,8.39,587146.0,colonial
2021-10-06,8.325,8.375,8.21,8.35,8.35,759553.0,colonial
2021-10-07,8.455,8.455,8.32,8.4,8.4,837726.0,colonial
2021-10-08,8.34,8.415,8.325,8.325,8.325,939663.0,colonial
2021-10-11,8.29,8.355,8.23,8.35,8.35,1138537.0,colonial
2021-10-12,8.235,8.435,8.235,8.385,8.385,679420.0,colonial
2021-10-13,8.41,8.415,8.3,8.345,8.345,654478.0,colonial
2021-10-14,8.365,8.485,8.34,8.45,8.45,482862.0,colonial
2021-10-15,8.4,8.51,8.37,8.49,8.49,749542.0,colonial
2021-10-18,8.49,8.49,8.34,8.42,8.42,524329.0,colonial
2021-10-19,8.45,8.465,8.375,8.44,8.44,585570.0,colonial
2021-10-20,8.375,8.45,8.32,8.32,8.32,875096.0,colonial
2021-10-21,8.34,8.455,8.285,8.33,8.33,667126.0,colonial
2021-10-22,8.425,8.425,8.315,8.315,8.315,329215.0,colonial
2021-10-25,8.47,8.47,8.25,8.25,8.25,470592.0,colonial
2021-10-26,8.205,8.485,8.175,8.38,8.38,427271.0,colonial
2021-10-27,8.34,8.54,8.34,8.48,8.48,501125.0,colonial
2021-10-28,8.43,8.615,8.43,8.58,8.58,914718.0,colonial
2021-10-29,8.5,8.565,8.395,8.41,8.41,800962.0,colonial
2021-11-01,8.34,8.425,8.23,8.31,8.31,502461.0,colonial
2021-11-02,8.475,8.475,8.25,8.25,8.25,565107.0,colonial
2021-11-03,8.26,8.275,8.13,8.255,8.255,572655.0,colonial
2021-11-04,8.3,8.52,8.3,8.49,8.49,609230.0,colonial
2021-11-05,8.5,8.7,8.345,8.675,8.675,646750.0,colonial
2021-11-08,8.68,8.74,8.545,8.575,8.575,663009.0,colonial
2021-11-09,8.565,8.62,8.525,8.57,8.57,460162.0,colonial
2021-11-10,8.56,8.655,8.475,8.5,8.5,389332.0,colonial
2021-11-11,8.4,8.495,8.345,8.415,8.415,553044.0,colonial
2021-11-12,8.38,8.495,8.36,8.475,8.475,556389.0,colonial
2021-11-15,8.46,8.655,8.415,8.58,8.58,558418.0,colonial
2021-11-16,8.6,8.69,8.56,8.575,8.575,504837.0,colonial
2021-11-17,8.715,8.715,8.34,8.345,8.345,530721.0,colonial
2021-11-18,8.55,8.55,7.99,8.23,8.23,1111574.0,colonial
2021-11-19,8.105,8.25,8.025,8.07,8.07,911747.0,colonial
2021-11-22,8.03,8.17,8.03,8.095,8.095,645890.0,colonial
2021-11-23,8.265,8.3,8.175,8.18,8.18,878758.0,colonial
2021-11-24,8.18,8.395,8.175,8.37,8.37,570891.0,colonial
2021-11-25,8.36,8.52,8.31,8.505,8.505,458063.0,colonial
2021-11-26,8.2,8.335,8.13,8.165,8.165,1008458.0,colonial
2021-11-29,8.245,8.34,8.185,8.225,8.225,627236.0,colonial
2021-11-30,8.15,8.215,8.0,8.0,8.0,1184356.0,colonial
2021-12-01,7.895,8.01,7.75,7.89,7.89,1120898.0,colonial
2021-12-02,7.79,7.905,7.785,7.85,7.85,797405.0,colonial
2021-12-03,7.86,7.945,7.77,7.775,7.775,993392.0,colonial
2021-12-06,7.82,7.92,7.785,7.885,7.885,407636.0,colonial
2021-12-07,8.04,8.095,7.91,7.925,7.925,526657.0,colonial
2021-12-08,7.9,8.085,7.865,7.96,7.96,972927.0,colonial
2021-12-09,7.895,8.08,7.895,7.965,7.965,744655.0,colonial
2021-12-10,7.885,8.065,7.885,8.05,8.05,688617.0,colonial
2021-12-13,8.21,8.21,7.81,7.865,7.865,540911.0,colonial
2021-12-14,7.825,8.005,7.825,7.91,7.91,743418.0,colonial
2021-12-15,8.065,8.065,7.915,7.925,7.925,422364.0,colonial
2021-12-16,7.995,8.03,7.935,7.97,7.97,540372.0,colonial
2021-12-17,7.92,8.07,7.905,8.03,8.03,2201532.0,colonial
2021-12-20,7.83,7.915,7.8,7.88,7.88,944680.0,colonial
2021-12-21,7.935,8.08,7.93,8.045,8.045,330495.0,colonial
2021-12-22,8.095,8.12,8.035,8.09,8.09,251342.0,colonial
2021-12-23,8.05,8.17,8.05,8.125,8.125,234610.0,colonial
2021-12-27,8.18,8.21,8.08,8.15,8.15,301549.0,colonial
2021-12-28,8.18,8.2,8.11,8.2,8.2,242663.0,colonial
2021-12-29,8.24,8.24,8.14,8.19,8.19,228639.0,colonial
2021-12-30,8.135,8.25,8.135,8.25,8.25,379839.0,colonial
2022-01-03,8.255,8.33,8.22,8.325,8.325,622039.0,colonial
2022-01-04,8.385,8.43,8.3,8.43,8.43,605033.0,colonial
2022-01-05,8.41,8.465,8.345,8.41,8.41,623772.0,colonial
2022-01-06,8.34,8.445,8.26,8.405,8.405,586524.0,colonial
2022-01-07,8.47,8.47,8.185,8.265,8.265,511685.0,colonial
2022-01-10,8.215,8.315,8.16,8.315,8.315,834175.0,colonial
2022-01-11,8.37,8.4,8.3,8.385,8.385,594421.0,colonial
2022-01-12,8.4,8.455,8.3,8.345,8.345,469469.0,colonial
2022-01-13,8.3,8.405,8.29,8.34,8.34,343601.0,colonial
2022-01-14,8.2,8.375,8.2,8.31,8.31,499906.0,colonial
2022-01-17,8.36,8.365,8.225,8.26,8.26,644092.0,colonial
2022-01-18,8.2,8.25,8.115,8.175,8.175,658152.0,colonial
2022-01-19,8.03,8.22,8.03,8.185,8.185,683661.0,colonial
2022-01-20,8.12,8.18,8.09,8.145,8.145,559626.0,colonial
2022-01-21,8.09,8.11,8.01,8.02,8.02,606998.0,colonial
2022-01-24,8.1,8.1,7.66,7.705,7.705,848249.0,colonial
2022-01-25,7.73,7.77,7.585,7.7,7.7,4242569.0,colonial
2022-01-26,7.66,7.9,7.66,7.82,7.82,486689.0,colonial
2022-01-27,7.78,7.91,7.74,7.845,7.845,523735.0,colonial
2022-01-28,7.86,7.86,7.73,7.82,7.82,496146.0,colonial
2022-01-31,7.945,7.945,7.755,7.84,7.84,725262.0,colonial
2022-02-01,7.89,7.9,7.775,7.805,7.805,446957.0,colonial
2022-02-02,7.785,7.87,7.77,7.8,7.8,1038456.0,colonial
2022-02-03,7.725,7.825,7.685,7.685,7.685,473391.0,colonial
2022-02-04,7.675,7.69,7.4,7.4,7.4,601116.0,colonial
2022-02-07,7.5,7.5,7.27,7.27,7.27,765298.0,colonial
2022-02-08,7.265,7.355,7.22,7.3,7.3,475821.0,colonial
2022-02-09,7.4,7.51,7.345,7.495,7.495,681953.0,colonial
2022-02-10,7.575,7.7,7.565,7.69,7.69,570975.0,colonial
2022-02-11,7.76,7.76,7.555,7.635,7.635,561807.0,colonial
2022-02-14,7.7,7.7,7.445,7.485,7.485,701075.0,colonial
2022-02-15,7.79,7.79,7.44,7.595,7.595,588966.0,colonial
2022-02-16,7.65,7.8,7.62,7.755,7.755,465453.0,colonial
2022-02-17,7.815,7.815,7.695,7.73,7.73,585640.0,colonial
2022-02-18,7.8,7.815,7.635,7.635,7.635,625587.0,colonial
2022-02-21,7.67,7.7,7.5,7.545,7.545,457582.0,colonial
2022-02-22,7.49,7.625,7.36,7.535,7.535,638430.0,colonial
2022-02-23,7.545,7.665,7.5,7.54,7.54,584958.0,colonial
2022-02-24,7.35,7.515,7.195,7.375,7.375,887029.0,colonial
2022-02-25,7.58,7.695,7.435,7.695,7.695,688861.0,colonial
2022-02-28,7.505,7.67,7.45,7.55,7.55,882715.0,colonial
2022-03-01,7.55,7.8,7.51,7.54,7.54,1009035.0,colonial
2022-03-02,7.68,7.9,7.495,7.835,7.835,1017765.0,colonial
2022-03-03,7.8,7.895,7.54,7.55,7.55,901828.0,colonial
2022-03-04,7.53,7.605,7.275,7.275,7.275,1017072.0,colonial
2022-03-07,7.22,7.295,6.93,7.24,7.24,1258185.0,colonial
2022-03-08,7.18,7.585,7.18,7.325,7.325,1206858.0,colonial
2022-03-09,7.375,7.66,7.35,7.65,7.65,1606335.0,colonial
2022-03-10,7.665,7.81,7.52,7.7,7.7,1075833.0,colonial
2022-03-11,7.7,7.965,7.7,7.905,7.905,919874.0,colonial
2022-03-14,7.98,8.115,7.86,7.995,7.995,740261.0,colonial
2022-03-15,7.94,8.09,7.93,8.03,8.03,1107713.0,colonial
2022-03-16,8.15,8.285,8.055,8.145,8.145,1253462.0,colonial
2022-03-17,8.0,8.21,8.0,8.16,8.16,816358.0,colonial
2022-03-18,8.3,8.3,8.01,8.165,8.165,1386425.0,colonial
2022-03-21,8.2,8.2,8.07,8.09,8.09,596738.0,colonial
2022-03-22,8.08,8.275,8.07,8.26,8.26,574480.0,colonial
2022-03-23,8.285,8.325,7.915,7.97,7.97,1780429.0,colonial
2022-03-24,8.015,8.07,7.91,8.07,8.07,612782.0,colonial
2022-03-25,8.07,8.28,8.07,8.25,8.25,931363.0,colonial
2022-03-28,8.3,8.305,8.23,8.3,8.3,661613.0,colonial
2022-03-29,8.31,8.33,8.125,8.31,8.31,1174385.0,colonial
2022-03-30,8.26,8.385,8.23,8.325,8.325,1148888.0,colonial
2022-03-31,8.34,8.39,8.2,8.24,8.24,808257.0,colonial
2022-04-01,8.195,8.36,8.19,8.26,8.26,1330991.0,colonial
2022-04-04,8.285,8.335,8.195,8.285,8.285,1256012.0,colonial
2022-04-05,8.275,8.375,8.24,8.36,8.36,951483.0,colonial
2022-04-06,8.3,8.35,8.03,8.08,8.08,1062754.0,colonial
2022-04-07,8.245,8.32,7.995,8.23,8.23,1030843.0,colonial
2022-04-08,8.33,8.485,8.225,8.25,8.25,848962.0,colonial
2022-04-11,8.13,8.345,8.12,8.29,8.29,669485.0,colonial
2022-04-12,8.245,8.305,8.17,8.19,8.19,814708.0,colonial
2022-04-13,8.1,8.305,8.1,8.305,8.305,590353.0,colonial
2022-04-14,8.35,8.385,8.28,8.33,8.33,632198.0,colonial
2022-04-19,8.295,8.365,8.15,8.19,8.19,800374.0,colonial
2022-04-20,8.19,8.235,8.15,8.215,8.215,1082464.0,colonial
2022-04-21,8.18,8.36,8.18,8.29,8.29,569587.0,colonial
2022-04-22,8.205,8.245,8.125,8.13,8.13,711359.0,colonial
2022-04-25,8.075,8.185,8.015,8.11,8.11,611266.0,colonial
2022-04-26,8.095,8.31,8.085,8.195,8.195,839718.0,colonial
