2017-04-27,6.63,6.657,6.486,6.536,5.248551,2942801.0,iag
2017-04-28,6.506,6.668,6.442,6.658,5.34652,2995428.0,iag
2017-05-02,6.645,6.667,6.471,6.621,5.316808,3364623.0,iag
2017-05-03,6.613,6.64,6.55,6.587,5.289505999999999,4205286.0,iag
2017-05-04,6.62,6.773,6.58,6.748,5.418792,6019307.0,iag
2017-05-05,6.824,7.2,6.824,7.132,5.7271529999999995,9514599.0,iag
2017-05-08,7.18,7.203,7.085,7.193,5.776137,3242806.0,iag
2017-05-09,7.224,7.255,7.12,7.245,5.817894,5137282.0,iag
2017-05-10,7.24,7.315,7.192,7.268,5.836364,4236793.0,iag
2017-05-11,7.255,7.255,7.085,7.097,5.699048,3117574.0,iag
2017-05-12,7.17,7.213,7.053,7.069,5.6765620000000006,4599333.0,iag
2017-05-15,7.096,7.121,7.011,7.059,5.668532,3212057.0,iag
2017-05-16,7.0,7.011,6.905,6.962,5.590639,6504228.0,iag
2017-05-17,6.905,6.99,6.865,6.883,5.5272,2682615.0,iag
2017-05-18,6.867,6.936,6.751,6.906,5.545671,6704899.0,iag
2017-05-19,6.931,7.003,6.898,6.913,5.55129,2957253.0,iag
2017-05-22,6.925,6.94,6.89,6.918,5.555305000000001,2013407.0,iag
2017-05-23,6.861,6.994,6.861,6.963,5.591442,2465071.0,iag
2017-05-24,7.0,7.062,6.943,7.047,5.6588959999999995,3249168.0,iag
2017-05-25,7.062,7.123,7.031,7.12,5.717516000000001,2364317.0,iag
2017-05-26,7.095,7.1,7.002,7.016,5.634002,2741201.0,iag
2017-05-29,6.81,6.867,6.75,6.821,5.477412999999999,5571798.0,iag
2017-05-30,6.8,6.981,6.764,6.981,5.6058959999999995,5151717.0,iag
2017-05-31,6.971,7.034,6.922,6.939,5.572169000000001,18410507.0,iag
2017-06-01,6.914,7.029,6.905,6.91,5.548882,2918532.0,iag
2017-06-02,6.98,7.039,6.926,6.956,5.585821,4597441.0,iag
2017-06-05,6.9,6.903,6.803,6.815,5.472595,3987242.0,iag
2017-06-06,6.81,6.826,6.703,6.71,5.388278,5317570.0,iag
2017-06-07,6.707,6.811,6.696,6.788,5.450913,4409356.0,iag
2017-06-08,6.839,6.874,6.78,6.849,5.499897,4068946.0,iag
2017-06-09,6.7,6.701,6.539,6.666,5.352945,10684791.0,iag
2017-06-12,6.668,6.695,6.602,6.665,5.3521410000000005,2846085.0,iag
2017-06-13,6.704,6.877,6.697,6.854,5.503912000000001,7294401.0,iag
2017-06-14,6.888,6.926,6.78,6.863,5.51114,3272941.0,iag
2017-06-15,6.824,6.827,6.595,6.698,5.378642,6527103.0,iag
2017-06-16,6.782,6.782,6.688,6.716,5.393096,4942999.0,iag
2017-06-19,6.759,6.83,6.759,6.799,5.459746,2972702.0,iag
2017-06-20,6.842,6.86,6.701,6.701,5.381051,3399187.0,iag
2017-06-21,6.7,6.867,6.67,6.867,5.514352,2580149.0,iag
2017-06-22,6.86,6.861,6.76,6.77,5.436458999999999,3755104.0,iag
2017-06-23,6.795,6.823,6.713,6.821,5.477412999999999,2566974.0,iag
2017-06-26,6.85,6.998,6.833,6.924,5.560124,3382916.0,iag
2017-06-27,6.942,7.01,6.83,6.865,5.512745,4020480.0,iag
2017-06-28,6.864,7.198,6.812,7.185,5.769712,7276193.0,iag
2017-06-29,7.075,7.114,6.904,6.904,5.608756,4095176.0,iag
2017-06-30,6.909,7.087,6.878,6.949,5.645313,4223186.0,iag
2017-07-03,7.052,7.073,6.902,6.903,5.607944,3763395.0,iag
2017-07-04,6.91,7.009,6.883,6.957,5.651813,3872439.0,iag
2017-07-05,6.976,6.998,6.916,6.931,5.630691000000001,4196268.0,iag
2017-07-06,6.95,7.0,6.863,6.998,5.685121,3907823.0,iag
2017-07-07,7.02,7.109,6.977,7.104,5.771235,2406744.0,iag
2017-07-10,7.15,7.197,7.115,7.154,5.811854,2932199.0,iag
2017-07-11,7.19,7.191,7.004,7.013,5.697306,2297077.0,iag
2017-07-12,7.018,7.05,6.942,7.035,5.715179,3505079.0,iag
2017-07-13,7.067,7.105,7.038,7.093,5.762298,2117377.0,iag
2017-07-14,7.084,7.167,7.079,7.159,5.8159160000000005,2087208.0,iag
2017-07-17,7.162,7.17,7.076,7.096,5.764735,2287780.0,iag
2017-07-18,7.078,7.085,6.902,6.989,5.677809,3794076.0,iag
2017-07-19,7.032,7.067,6.852,7.006,5.691619,3540838.0,iag
2017-07-20,7.045,7.05,6.614,6.642,5.395909,11190317.0,iag
2017-07-21,6.65,6.775,6.472,6.576,5.342292,5807222.0,iag
2017-07-24,6.549,6.557,6.37,6.541,5.313858,6058869.0,iag
2017-07-25,6.536,6.629,6.483,6.568,5.335792,3729299.0,iag
2017-07-26,6.571,6.647,6.507,6.645,5.398346,2738279.0,iag
2017-07-27,6.651,6.72,6.614,6.649,5.401596,2513867.0,iag
2017-07-28,6.73,6.865,6.503,6.63,5.386161,4442308.0,iag
2017-07-31,6.641,6.641,6.461,6.461,5.2488660000000005,3922461.0,iag
2017-08-01,6.52,6.74,6.475,6.696,5.439778,3991710.0,iag
2017-08-02,6.71,6.803,6.623,6.666,5.415406,4523075.0,iag
2017-08-03,6.673,6.74,6.615,6.73,5.4674,3388390.0,iag
2017-08-04,6.74,6.884,6.69,6.86,5.57301,3546457.0,iag
2017-08-07,6.869,6.884,6.796,6.874,5.584384,2901851.0,iag
2017-08-08,6.871,6.897,6.804,6.887,5.594945,2362172.0,iag
2017-08-09,6.846,6.91,6.731,6.797,5.5218300000000005,2525623.0,iag
2017-08-10,6.777,6.826,6.735,6.765,5.495833,2412142.0,iag
2017-08-11,6.711,6.728,6.584,6.651,5.403221,3750267.0,iag
2017-08-14,6.651,6.771,6.65,6.763,5.494208,1468290.0,iag
2017-08-15,6.773,6.927,6.769,6.927,5.627441,2562572.0,iag
2017-08-16,6.93,6.999,6.88,6.92,5.621755,2170133.0,iag
2017-08-17,6.93,6.967,6.809,6.836,5.553513,2373730.0,iag
2017-08-18,6.7,6.76,6.605,6.685,5.430841,3514396.0,iag
2017-08-21,6.685,6.803,6.666,6.741,5.476336,2413724.0,iag
2017-08-22,6.75,6.795,6.65,6.731,5.468212,1821205.0,iag
2017-08-23,6.76,6.76,6.616,6.638,5.392659,2676542.0,iag
2017-08-24,6.673,6.736,6.621,6.707,5.448714,4661172.0,iag
2017-08-25,6.685,6.779,6.677,6.682,5.428405000000001,1374360.0,iag
2017-08-28,6.682,6.687,6.634,6.634,5.38941,739856.0,iag
2017-08-29,6.61,6.631,6.5,6.541,5.313858,2650137.0,iag
2017-08-30,6.598,6.622,6.505,6.51,5.288673,2460076.0,iag
2017-08-31,6.541,6.664,6.535,6.647,5.399971,3892769.0,iag
2017-09-01,6.68,6.759,6.655,6.745,5.479586,2447102.0,iag
2017-09-04,6.66,6.703,6.563,6.563,5.33173,1647841.0,iag
2017-09-05,6.6,6.627,6.485,6.519,5.295985,2327112.0,iag
2017-09-06,6.478,6.52,6.429,6.474,5.259427,4219438.0,iag
2017-09-07,6.496,6.52,6.432,6.432,5.225307,3311344.0,iag
2017-09-08,6.43,6.528,6.372,6.525,5.300859,2419120.0,iag
2017-09-11,6.542,6.688,6.529,6.687,5.432466000000001,2217744.0,iag
2017-09-12,6.595,6.697,6.54,6.636,5.391035,3161460.0,iag
2017-09-13,6.642,6.723,6.63,6.684,5.430029,3524187.0,iag
2017-09-14,6.697,6.725,6.646,6.716,5.4560260000000005,2776801.0,iag
2017-09-15,6.681,6.748,6.667,6.704,5.4462779999999995,2309196.0,iag
2017-09-18,6.746,6.777,6.684,6.695,5.438966000000001,1957952.0,iag
2017-09-19,6.675,6.859,6.65,6.859,5.572198,2565733.0,iag
2017-09-20,6.834,6.844,6.716,6.733,5.469837,2333232.0,iag
2017-09-21,6.758,6.769,6.656,6.659,5.409719,1683094.0,iag
2017-09-22,6.654,6.756,6.646,6.649,5.401596,1905606.0,iag
2017-09-25,6.619,6.739,6.619,6.696,5.439778,1963784.0,iag
2017-09-26,6.682,6.711,6.615,6.645,5.398346,1815393.0,iag
2017-09-27,6.637,6.842,6.61,6.836,5.553513,2756099.0,iag
2017-09-28,6.828,6.835,6.646,6.784,5.511269,2551183.0,iag
2017-09-29,6.779,6.796,6.704,6.74,5.475523,2532986.0,iag
2017-10-02,6.68,6.899,6.66,6.874,5.584384,2880588.0,iag
2017-10-03,6.875,7.02,6.859,7.02,5.702993,2977712.0,iag
2017-10-04,6.995,7.042,6.934,6.963,5.656687000000001,5295178.0,iag
2017-10-05,6.941,6.958,6.801,6.915,5.617692,3516995.0,iag
2017-10-06,6.897,6.914,6.81,6.834,5.551888,2234198.0,iag
2017-10-09,6.826,6.9,6.807,6.811,5.533203,2203245.0,iag
2017-10-10,6.793,6.815,6.727,6.802,5.525892,1915209.0,iag
2017-10-11,6.825,6.959,6.809,6.957,5.651813,3195493.0,iag
2017-10-12,6.934,7.019,6.923,6.977,5.668061,2070024.0,iag
2017-10-13,7.0,7.035,6.958,6.974,5.665623,1873041.0,iag
2017-10-16,6.992,7.02,6.949,6.963,5.656687000000001,1306855.0,iag
2017-10-17,6.938,7.15,6.9,7.119,5.78342,2776012.0,iag
2017-10-18,7.14,7.345,7.132,7.308,5.936962,5022783.0,iag
2017-10-19,7.284,7.315,7.182,7.257,5.89553,2591710.0,iag
2017-10-20,7.2,7.41,7.193,7.374,5.990581,3248762.0,iag
2017-10-23,7.366,7.386,7.322,7.379,5.994642,1753736.0,iag
2017-10-24,7.35,7.394,7.32,7.385,5.999516000000001,3462056.0,iag
2017-10-25,7.28,7.61,7.242,7.503,6.095379,5277093.0,iag
2017-10-26,7.451,7.562,7.383,7.538,6.123813,5244719.0,iag
2017-10-27,7.468,7.468,7.05,7.066,5.740364,6205887.0,iag
2017-10-30,7.105,7.248,6.909,7.206,5.8540980000000005,5807743.0,iag
2017-10-31,7.22,7.27,7.17,7.25,5.889844,3991900.0,iag
2017-11-01,7.31,7.353,7.233,7.25,5.889844,7799497.0,iag
2017-11-02,7.236,7.281,7.054,7.077,5.7493,3438717.0,iag
2017-11-03,7.133,7.224,6.928,7.01,5.69487,3388015.0,iag
2017-11-06,7.027,7.056,6.926,7.006,5.691619,2174761.0,iag
2017-11-07,7.025,7.098,6.93,6.943,5.64044,2722209.0,iag
2017-11-08,6.95,6.953,6.73,6.806,5.529141,3927651.0,iag
2017-11-09,6.824,6.872,6.71,6.727,5.464963,3121169.0,iag
2017-11-10,6.749,6.799,6.712,6.756,5.488522,1898187.0,iag
2017-11-13,6.749,6.749,6.538,6.6,5.361788,4640578.0,iag
2017-11-14,6.59,6.664,6.552,6.573,5.339854,3760271.0,iag
2017-11-15,6.521,6.59,6.481,6.57,5.337416999999999,8423988.0,iag
2017-11-16,6.591,6.758,6.574,6.73,5.4674,4030973.0,iag
2017-11-17,6.778,6.804,6.69,6.706,5.447902,3739724.0,iag
2017-11-20,6.706,6.78,6.7,6.763,5.494208,3777428.0,iag
2017-11-21,6.771,6.888,6.76,6.835,5.552701,4366234.0,iag
2017-11-22,6.84,6.89,6.771,6.771,5.500707,2358717.0,iag
2017-11-23,6.758,6.802,6.704,6.704,5.4462779999999995,984469.0,iag
2017-11-24,6.709,6.76,6.651,6.657,5.408094999999999,2169012.0,iag
2017-11-27,6.659,6.796,6.655,6.736,5.472273,5621032.0,iag
2017-11-28,6.8,6.874,6.777,6.827,5.546202,36591039.0,iag
2017-11-29,6.874,6.998,6.863,6.939,5.63719,7426519.0,iag
2017-11-30,6.821,6.987,6.804,6.946,5.711084,4492692.0,iag
2017-12-01,6.96,7.064,6.887,6.918,5.688063,2668850.0,iag
2017-12-04,6.993,7.126,6.958,7.028,5.778506,7974010.0,iag
2017-12-05,7.02,7.072,6.902,7.061,5.805638,37252768.0,iag
2017-12-06,7.022,7.062,6.97,7.06,5.804817,7214150.0,iag
2017-12-07,7.051,7.14,7.037,7.124,5.857439,2308757.0,iag
2017-12-08,7.164,7.315,7.159,7.251,5.961859,3576624.0,iag
2017-12-11,7.262,7.28,7.161,7.183,5.905949,1618129.0,iag
2017-12-12,7.17,7.19,7.066,7.185,5.907593,2300138.0,iag
2017-12-13,7.15,7.279,7.15,7.237,5.950348,1804506.0,iag
2017-12-14,7.213,7.267,7.191,7.237,5.950348,3691139.0,iag
2017-12-15,7.197,7.258,7.093,7.173,5.897727,2856694.0,iag
2017-12-18,7.2,7.282,7.148,7.224,5.939659,3443519.0,iag
2017-12-19,7.23,7.294,7.201,7.27,5.977481,1478649.0,iag
2017-12-20,7.263,7.317,7.226,7.292,5.995569000000001,2243707.0,iag
2017-12-21,7.3,7.336,7.222,7.321,6.019414,1557765.0,iag
2017-12-22,7.273,7.335,7.242,7.314,6.013659,1947101.0,iag
2017-12-27,7.275,7.31,7.24,7.31,6.01037,1283726.0,iag
2017-12-28,7.269,7.317,7.255,7.278,5.984058999999999,896362.0,iag
2017-12-29,7.25,7.325,7.235,7.236,5.949525,1428060.0,iag
2018-01-02,7.4,7.53,7.262,7.53,6.191257,3003930.0,iag
2018-01-03,7.52,7.68,7.504,7.518,6.18139,2531318.0,iag
2018-01-04,7.55,7.566,7.446,7.456,6.130413,3110280.0,iag
2018-01-05,7.482,7.52,7.44,7.484,6.153434,1661732.0,iag
2018-01-08,7.5,7.584,7.442,7.466,6.138635,4075129.0,iag
2018-01-09,7.498,7.56,7.46,7.536,6.1961889999999995,1737454.0,iag
2018-01-10,7.5,7.51,7.346,7.424,6.104101999999999,2785742.0,iag
2018-01-11,7.47,7.53,7.346,7.526,6.187968,1976738.0,iag
2018-01-12,7.536,7.592,7.47,7.552,6.209345,2454536.0,iag
2018-01-15,7.55,7.56,7.358,7.358,6.049836,3982273.0,iag
2018-01-16,7.376,7.466,7.356,7.432,6.11068,1935086.0,iag
2018-01-17,7.42,7.42,7.302,7.322,6.020236,2440042.0,iag
2018-01-18,7.352,7.426,7.342,7.364,6.054769,2025238.0,iag
2018-01-19,7.34,7.466,7.34,7.462,6.135346,1893306.0,iag
2018-01-22,7.47,7.47,7.376,7.404,6.087657,1768364.0,iag
2018-01-23,7.46,7.632,7.46,7.514,6.178101,2995205.0,iag
2018-01-24,7.516,7.534,7.444,7.464,6.136991,2277260.0,iag
2018-01-25,7.42,7.464,7.236,7.282,5.987348,3572732.0,iag
2018-01-26,7.3,7.438,7.266,7.416,6.097524,1991138.0,iag
2018-01-29,7.43,7.43,7.332,7.392,6.077791,966963.0,iag
2018-01-30,7.344,7.356,7.232,7.26,5.969259,1860467.0,iag
2018-01-31,7.276,7.35,7.252,7.32,6.018592,2525293.0,iag
2018-02-01,7.332,7.48,7.332,7.4,6.084369000000001,3440284.0,iag
2018-02-02,7.36,7.362,7.142,7.152,5.88046,2553173.0,iag
2018-02-05,7.104,7.104,6.94,7.068,5.811394,2449303.0,iag
2018-02-06,6.8,7.066,6.754,6.978,5.7373959999999995,4993777.0,iag
2018-02-07,7.012,7.026,6.852,7.016,5.768639,2860311.0,iag
2018-02-08,6.96,7.05,6.776,6.8,5.591042,5464450.0,iag
2018-02-09,6.752,6.806,6.642,6.676,5.489088,3596514.0,iag
2018-02-12,6.776,6.84,6.716,6.766,5.563086,1981147.0,iag
2018-02-13,6.796,6.87,6.756,6.772,5.5680190000000005,1814112.0,iag
2018-02-14,6.818,6.826,6.71,6.774,5.5696639999999995,3742631.0,iag
2018-02-15,6.81,6.86,6.746,6.8,5.591042,2389352.0,iag
2018-02-16,6.8,6.89,6.794,6.874,5.651886,2282586.0,iag
2018-02-19,6.898,7.008,6.88,6.958,5.720951,3192991.0,iag
2018-02-20,7.0,7.0,6.936,6.998,5.753839,1988265.0,iag
2018-02-21,6.974,7.014,6.908,6.994,5.75055,1116224.0,iag
2018-02-22,6.922,7.082,6.92,7.052,5.798239,1411286.0,iag
2018-02-23,6.92,6.92,6.654,6.686,5.497309,9833117.0,iag
2018-02-26,6.77,6.844,6.724,6.832,5.6173519999999995,4137304.0,iag
2018-02-27,6.846,6.89,6.83,6.846,5.628863,2869593.0,iag
2018-02-28,6.822,6.968,6.806,6.952,5.716018,3234526.0,iag
2018-03-01,6.938,7.092,6.924,7.026,5.776862,3278078.0,iag
2018-03-02,6.96,6.96,6.812,6.888,5.663396,2528429.0,iag
2018-03-05,6.88,6.944,6.792,6.896,5.669974,1743027.0,iag
2018-03-06,6.82,6.88,6.786,6.824,5.610775,1812219.0,iag
2018-03-07,6.808,7.002,6.794,6.976,5.7357510000000005,2064787.0,iag
2018-03-08,7.012,7.068,6.952,7.056,5.801528,2509775.0,iag
2018-03-09,7.06,7.07,6.918,7.012,5.765351,1795117.0,iag
2018-03-12,7.078,7.094,7.02,7.094,5.832772,1598713.0,iag
2018-03-13,7.116,7.132,7.062,7.114,5.849216,2976191.0,iag
2018-03-14,7.092,7.166,7.072,7.14,5.870593,3726621.0,iag
2018-03-15,7.142,7.162,7.066,7.108,5.844283,1934143.0,iag
2018-03-16,7.116,7.204,7.108,7.146,5.875527,1926999.0,iag
2018-03-19,7.15,7.184,7.09,7.102,5.83935,1258960.0,iag
2018-03-20,7.1,7.196,7.076,7.196,5.916637000000001,2131114.0,iag
2018-03-21,7.186,7.186,7.012,7.044,5.791661,1584857.0,iag
2018-03-22,7.0,7.092,6.934,7.0,5.755484,1448475.0,iag
2018-03-23,6.88,6.916,6.77,6.844,5.627219,1728192.0,iag
2018-03-26,6.87,6.904,6.798,6.816,5.604198,1678101.0,iag
2018-03-27,6.892,6.932,6.832,6.872,5.650241,1073434.0,iag
2018-03-28,6.812,6.856,6.712,6.808,5.59762,1383061.0,iag
2018-03-29,6.79,7.074,6.788,7.02,5.771928,1655600.0,iag
2018-04-03,6.88,7.03,6.868,6.978,5.7373959999999995,1321679.0,iag
2018-04-04,6.924,6.976,6.876,6.9,5.673262,1846580.0,iag
2018-04-05,6.996,7.04,6.948,7.012,5.765351,2013195.0,iag
2018-04-06,6.996,7.108,6.988,7.058,5.803172,1142000.0,iag
2018-04-09,7.11,7.18,7.1,7.178,5.901838,2891905.0,iag
2018-04-10,7.222,7.278,7.172,7.202,5.921571,1865262.0,iag
2018-04-11,7.18,7.222,6.97,7.054,5.799883,1859444.0,iag
2018-04-12,7.046,7.158,6.8,7.022,5.773572,2605094.0,iag
2018-04-13,7.098,7.24,7.032,7.06,5.804817,1822621.0,iag
2018-04-16,7.066,7.174,7.06,7.114,5.849216,1676831.0,iag
2018-04-17,7.154,7.154,7.094,7.1,5.837705000000001,2350155.0,iag
2018-04-18,7.102,7.106,6.986,7.082,5.822905,2040829.0,iag
2018-04-19,7.082,7.082,7.008,7.046,5.793305999999999,1230117.0,iag
2018-04-20,7.044,7.044,6.94,6.99,5.747262,2323308.0,iag
2018-04-23,6.972,7.068,6.928,7.052,5.798239,2487731.0,iag
2018-04-24,7.048,7.17,7.026,7.17,5.8952599999999995,1679586.0,iag
2018-04-25,7.112,7.138,7.054,7.12,5.854149,1136935.0,iag
2018-04-26,7.11,7.174,7.048,7.122,5.855793,1380389.0,iag
2018-04-27,7.17,7.19,7.092,7.172,5.896904,917793.0,iag
2018-04-30,7.152,7.234,7.128,7.172,5.896904,1740843.0,iag
2018-05-02,7.246,7.424,7.238,7.38,6.067924,9289005.0,iag
2018-05-03,7.35,7.36,7.222,7.282,5.987348,1707797.0,iag
2018-05-04,7.45,7.694,7.418,7.694,6.326099,8328546.0,iag
2018-05-07,7.6,7.734,7.584,7.694,6.326099,1721470.0,iag
2018-05-08,7.676,7.988,7.676,7.986,6.566185000000001,4317458.0,iag
2018-05-09,7.888,7.94,7.778,7.932,6.521786,4143365.0,iag
2018-05-10,7.88,8.08,7.854,7.858,6.460941,3949383.0,iag
2018-05-11,7.9,7.94,7.85,7.924,6.515208,2114970.0,iag
2018-05-14,7.9,7.936,7.834,7.864,6.465875,1790644.0,iag
2018-05-15,7.864,7.912,7.808,7.814,6.424765,2011559.0,iag
2018-05-16,7.834,7.868,7.75,7.824,6.432987000000001,2850610.0,iag
2018-05-17,7.812,7.914,7.81,7.886,6.483964,2917574.0,iag
2018-05-18,7.894,7.94,7.788,7.832,6.439564,8450453.0,iag
2018-05-21,7.85,7.93,7.776,7.9,6.495475,1973075.0,iag
2018-05-22,7.832,8.048,7.832,7.998,6.576052000000001,1879708.0,iag
2018-05-23,7.924,7.928,7.762,7.826,6.43463,2237938.0,iag
2018-05-24,7.822,7.882,7.792,7.816,6.426409,2149704.0,iag
2018-05-25,7.842,8.008,7.842,7.99,6.5694729999999995,2693212.0,iag
2018-05-28,8.0,8.068,7.916,7.98,6.5612520000000005,938740.0,iag
2018-05-29,7.96,8.022,7.882,7.938,6.526719,2193118.0,iag
2018-05-30,7.934,7.94,7.804,7.82,6.429698,2884583.0,iag
2018-05-31,7.872,7.874,7.73,7.768,6.386943,2971233.0,iag
2018-06-01,7.776,7.88,7.732,7.842,6.447786,3098982.0,iag
2018-06-04,7.888,8.06,7.882,8.008,6.584274000000001,2113881.0,iag
2018-06-05,7.982,7.992,7.702,7.766,6.385298000000001,3382798.0,iag
2018-06-06,7.81,7.922,7.794,7.878,6.477386,2267315.0,iag
2018-06-07,7.914,7.976,7.88,7.886,6.483964,1187516.0,iag
2018-06-08,7.862,7.896,7.814,7.87,6.470809,2163355.0,iag
2018-06-11,7.848,7.908,7.826,7.888,6.485608,2117839.0,iag
2018-06-12,7.934,7.974,7.9,7.93,6.520141000000001,1874860.0,iag
2018-06-13,7.924,8.186,7.924,8.092,6.653339,4772541.0,iag
2018-06-14,8.05,8.228,7.99,8.19,6.733916000000001,1915738.0,iag
2018-06-15,8.206,8.206,8.09,8.148,6.699383,7364694.0,iag
2018-06-18,8.148,8.28,8.122,8.196,6.73885,2160976.0,iag
2018-06-19,8.134,8.254,8.108,8.17,6.717472,3350463.0,iag
2018-06-20,8.2,8.27,8.186,8.244,6.778316,2647305.0,iag
2018-06-21,8.256,8.256,8.158,8.202,6.743782,2030507.0,iag
2018-06-22,8.25,8.288,8.2,8.288,6.814493,1379918.0,iag
2018-06-25,8.22,8.254,7.914,7.914,6.506985,1606198.0,iag
2018-06-26,7.95,7.95,7.634,7.634,6.276766,3324710.0,iag
2018-06-27,7.682,7.71,7.464,7.568,6.2225,10032394.0,iag
2018-06-28,7.45,7.516,7.406,7.446,6.200958,1905268.0,iag
2018-06-29,7.512,7.644,7.502,7.522,6.2642489999999995,2708526.0,iag
2018-07-02,7.446,7.476,7.38,7.38,6.145993,1653175.0,iag
2018-07-03,7.426,7.608,7.412,7.498,6.244262,1925876.0,iag
2018-07-04,7.548,7.582,7.472,7.57,6.304224,9119872.0,iag
2018-07-05,7.568,7.664,7.532,7.576,6.30922,1584787.0,iag
2018-07-06,7.606,7.622,7.522,7.556,6.292564,3030174.0,iag
2018-07-09,7.622,7.76,7.622,7.678,6.394165,1369346.0,iag
2018-07-10,7.728,7.762,7.646,7.666,6.384171,1923928.0,iag
2018-07-11,7.626,7.638,7.544,7.554,6.290899,9109830.0,iag
2018-07-12,7.612,7.662,7.502,7.524,6.265915000000001,2442828.0,iag
2018-07-13,7.554,7.61,7.538,7.57,6.304224,1537716.0,iag
2018-07-16,7.61,7.648,7.514,7.6,6.329207,2220912.0,iag
2018-07-17,7.6,7.748,7.592,7.718,6.427476,2850078.0,iag
2018-07-18,7.73,7.816,7.684,7.768,6.4691160000000005,2101500.0,iag
2018-07-19,7.73,7.834,7.71,7.73,6.437469,1430896.0,iag
2018-07-20,7.7,7.706,7.572,7.68,6.39583,1659527.0,iag
2018-07-23,7.63,7.63,7.524,7.58,6.312551,3107674.0,iag
2018-07-24,7.626,7.722,7.604,7.616,6.342532,1046150.0,iag
2018-07-25,7.64,7.688,7.488,7.506,6.250925,2320147.0,iag
2018-07-26,7.568,7.742,7.546,7.68,6.39583,1914455.0,iag
2018-07-27,7.68,7.79,7.68,7.79,6.487438,1797574.0,iag
2018-07-30,7.734,7.826,7.734,7.774,6.474113,1117716.0,iag
2018-07-31,7.778,8.01,7.754,7.946,6.617352,2551266.0,iag
2018-08-01,7.986,8.066,7.794,7.83,6.5207489999999995,3371968.0,iag
2018-08-02,7.77,7.77,7.608,7.684,6.3991620000000005,10920348.0,iag
2018-08-03,7.654,7.664,7.318,7.494,6.240932,4239796.0,iag
2018-08-06,7.536,7.602,7.506,7.524,6.265915000000001,2156279.0,iag
2018-08-07,7.526,7.63,7.526,7.598,6.327542,1331211.0,iag
2018-08-08,7.606,7.658,7.55,7.62,6.345863,1075739.0,iag
2018-08-09,7.64,7.662,7.56,7.638,6.360853,1231064.0,iag
2018-08-10,7.612,7.704,7.55,7.592,6.322545,2074471.0,iag
2018-08-13,7.55,7.594,7.468,7.576,6.30922,1599617.0,iag
2018-08-14,7.618,7.7,7.618,7.65,6.370847,2134805.0,iag
2018-08-15,7.656,7.69,7.55,7.596,6.325876,1441456.0,iag
2018-08-16,7.6,7.752,7.598,7.694,6.407489,2154230.0,iag
2018-08-17,7.684,7.726,7.634,7.676,6.392499,1943169.0,iag
2018-08-20,7.696,7.84,7.678,7.838,6.527411,1176535.0,iag
2018-08-21,7.798,7.92,7.798,7.862,6.5473989999999995,1335768.0,iag
2018-08-22,7.826,7.856,7.8,7.834,6.5240800000000005,1123080.0,iag
2018-08-23,7.826,7.89,7.79,7.812,6.505758999999999,1138111.0,iag
2018-08-24,7.772,7.852,7.772,7.804,6.499096,1089026.0,iag
2018-08-27,7.822,7.94,7.822,7.94,6.612356,845612.0,iag
2018-08-28,7.898,7.898,7.818,7.832,6.522414,1615846.0,iag
2018-08-29,7.912,7.912,7.792,7.864,6.5490639999999996,1086166.0,iag
2018-08-30,7.86,7.88,7.724,7.76,6.462454,2309581.0,iag
2018-08-31,7.826,7.89,7.706,7.74,6.445797,1918091.0,iag
2018-09-03,7.734,7.804,7.728,7.778,6.477443,1290744.0,iag
2018-09-04,7.858,7.858,7.674,7.714,6.424146,3105164.0,iag
2018-09-05,7.7,7.83,7.696,7.718,6.427476,3261125.0,iag
2018-09-06,7.712,7.716,7.572,7.584,6.315882,1357486.0,iag
2018-09-07,7.4,7.524,7.176,7.508,6.2525900000000005,2243250.0,iag
2018-09-10,7.51,7.558,7.404,7.468,6.219279,1633468.0,iag
2018-09-11,7.464,7.5,7.38,7.5,6.245928,1574060.0,iag
2018-09-12,7.528,7.606,7.508,7.56,6.295896,1717221.0,iag
2018-09-13,7.57,7.66,7.55,7.64,6.362519,928918.0,iag
2018-09-14,7.622,7.704,7.606,7.652,6.372512,886004.0,iag
2018-09-17,7.68,7.722,7.67,7.716,6.425811,1185757.0,iag
2018-09-18,7.71,7.782,7.67,7.708,6.419149,1429303.0,iag
2018-09-19,7.714,7.768,7.714,7.732,6.439136,1835996.0,iag
2018-09-20,,,,,,,iag
2018-09-21,7.77,7.83,7.7,7.72,6.429142,2434994.0,iag
2018-09-24,7.69,7.75,7.638,7.662,6.38084,1093364.0,iag
2018-09-25,7.642,7.658,7.362,7.38,6.145993,1945869.0,iag
2018-09-26,7.35,7.408,7.202,7.408,6.169312000000001,2465007.0,iag
2018-09-27,7.37,7.432,7.298,7.38,6.145993,1900618.0,iag
2018-09-28,7.326,7.492,7.296,7.402,6.164314,2170227.0,iag
2018-10-01,7.33,7.382,7.12,7.244,6.032733,2935681.0,iag
2018-10-02,7.206,7.208,7.086,7.108,5.919474,2326937.0,iag
2018-10-03,7.102,7.2,7.09,7.166,5.967776000000001,1470903.0,iag
2018-10-04,7.104,7.138,6.972,6.972,5.806215,5690822.0,iag
2018-10-05,6.998,7.004,6.922,6.972,5.806215,1852955.0,iag
2018-10-08,6.906,6.958,6.766,6.908,5.752916,2258373.0,iag
2018-10-09,6.898,6.998,6.872,6.96,5.796222,4318931.0,iag
2018-10-10,6.992,6.992,6.752,6.752,5.623001,4302736.0,iag
2018-10-11,6.638,6.716,6.53,6.654,5.541387,3294425.0,iag
2018-10-12,6.676,6.766,6.666,6.678,5.561374,2201788.0,iag
2018-10-15,6.62,6.678,6.546,6.614,5.508076,1654495.0,iag
2018-10-16,6.624,6.8,6.6,6.794,5.657978,2596836.0,iag
2018-10-17,6.802,6.822,6.618,6.652,5.539722,1989064.0,iag
2018-10-18,6.608,6.7,6.546,6.546,5.451446,1749688.0,iag
2018-10-19,6.55,6.57,6.284,6.312,5.256573,3739751.0,iag
2018-10-22,6.388,6.464,6.33,6.344,5.283222,2024996.0,iag
2018-10-23,6.274,6.384,6.19,6.356,5.293216,1920396.0,iag
2018-10-24,6.4,6.5,6.394,6.398,5.328193,2234533.0,iag
2018-10-25,6.342,6.596,6.326,6.596,5.493086,4582089.0,iag
2018-10-26,6.746,6.848,6.54,6.598,5.494751,2260167.0,iag
2018-10-29,6.588,6.86,6.588,6.688,5.569703,2353893.0,iag
2018-10-30,6.774,6.774,6.516,6.568,5.469768,1308476.0,iag
2018-10-31,6.646,6.82,6.618,6.82,5.679631,2516059.0,iag
2018-11-01,6.792,7.068,6.784,7.012,5.8395269999999995,1934303.0,iag
2018-11-02,7.15,7.43,7.0,7.002,5.8311980000000005,4550835.0,iag
2018-11-05,7.062,7.092,7.0,7.02,5.846189,1768710.0,iag
2018-11-06,7.002,7.1,6.974,7.01,5.837861,3558546.0,iag
2018-11-07,7.01,7.226,7.01,7.22,6.012747,1729476.0,iag
2018-11-08,7.224,7.262,7.142,7.262,6.047724,1402533.0,iag
2018-11-09,7.252,7.39,7.226,7.38,6.145993,1485295.0,iag
2018-11-12,7.4,7.4,7.196,7.282,6.06438,2515273.0,iag
2018-11-13,7.342,7.544,7.316,7.528,6.269246,3539928.0,iag
2018-11-14,7.54,7.626,7.428,7.466,6.217613,2297940.0,iag
2018-11-15,7.47,7.528,7.024,7.116,5.926137000000001,3251424.0,iag
2018-11-16,7.178,7.26,7.076,7.166,5.967776000000001,2988016.0,iag
2018-11-19,7.184,7.336,7.144,7.144,5.949455,1418626.0,iag
2018-11-20,7.11,7.142,6.918,7.09,5.904484,1876698.0,iag
2018-11-21,7.128,7.238,7.116,7.178,5.97777,3210414.0,iag
2018-11-22,7.15,7.24,7.096,7.22,6.012747,3175550.0,iag
2018-11-23,7.238,7.342,7.208,7.304,6.082701,12842507.0,iag
2018-11-26,7.36,7.456,7.36,7.456,6.2092849999999995,11423188.0,iag
2018-11-27,7.428,7.526,7.316,7.406,6.1676459999999995,11271768.0,iag
2018-11-28,7.466,7.47,7.122,7.122,5.931133,13833604.0,iag
2018-11-29,7.1,7.19,7.004,7.046,5.948129,5932962.0,iag
2018-11-30,7.056,7.09,6.988,7.06,5.9599470000000005,15071180.0,iag
2018-12-03,7.184,7.19,6.932,7.04,5.9430629999999995,12608841.0,iag
2018-12-04,7.0,7.084,6.828,6.836,5.770849,10708798.0,iag
2018-12-05,6.778,7.028,6.706,6.98,5.892412,17623029.0,iag
2018-12-06,6.884,6.884,6.74,6.838,5.772538,1767560.0,iag
2018-12-07,6.902,6.904,6.77,6.77,5.715134,3353400.0,iag
2018-12-10,6.71,6.746,6.438,6.448,5.443306,2024870.0,iag
2018-12-11,6.436,6.66,6.428,6.626,5.593571,5027139.0,iag
2018-12-12,6.65,6.8,6.55,6.764,5.710068,2139461.0,iag
2018-12-13,6.762,6.888,6.752,6.81,5.748901,1643660.0,iag
2018-12-14,6.788,6.954,6.608,6.912,5.835008,2711742.0,iag
2018-12-17,6.938,6.938,6.602,6.662,5.623961,5119429.0,iag
2018-12-18,6.662,6.82,6.604,6.78,5.723576,3797504.0,iag
2018-12-19,6.828,6.876,6.718,6.726,5.677989,4031209.0,iag
2018-12-20,6.6,6.806,6.54,6.788,5.730329,2830845.0,iag
2018-12-21,6.758,6.846,6.734,6.842,5.775915,7107172.0,iag
2018-12-24,6.8,6.876,6.592,6.592,5.564868,3589074.0,iag
2018-12-27,6.65,6.84,6.626,6.706,5.661106,2038539.0,iag
2018-12-28,6.712,6.858,6.708,6.852,5.784357,1043595.0,iag
2018-12-31,6.896,6.994,6.864,6.92,5.841762,578801.0,iag
2019-01-02,6.664,6.744,6.66,6.684,5.642533,991032.0,iag
2019-01-03,6.61,6.85,6.444,6.462,5.455124,1935071.0,iag
2019-01-04,6.502,6.616,6.482,6.598,5.569933,1462198.0,iag
2019-01-07,6.634,6.734,6.608,6.646,5.610454,1657197.0,iag
2019-01-08,6.694,6.726,6.56,6.648,5.612143,3153184.0,iag
2019-01-09,6.71,6.72,6.602,6.652,5.61552,1502123.0,iag
2019-01-10,6.602,6.724,6.478,6.588,5.561491,2925197.0,iag
2019-01-11,6.6,6.836,6.576,6.804,5.743835,1845332.0,iag
2019-01-14,6.798,6.888,6.718,6.8,5.7404589999999995,1755224.0,iag
2019-01-15,6.86,6.88,6.626,6.674,5.634092,2575341.0,iag
2019-01-16,6.75,6.958,6.744,6.924,5.8451379999999995,2133843.0,iag
2019-01-17,6.834,7.004,6.81,7.002,5.910984,1891327.0,iag
2019-01-18,6.978,7.054,6.876,7.02,5.9261800000000004,2233187.0,iag
2019-01-21,6.958,7.118,6.952,7.066,5.965012000000001,992093.0,iag
2019-01-22,6.954,7.132,6.898,7.074,5.971766000000001,6935166.0,iag
2019-01-23,7.042,7.268,7.036,7.23,6.103458,1643914.0,iag
2019-01-24,7.226,7.392,7.196,7.284,6.149044,2302239.0,iag
2019-01-25,7.318,7.39,7.26,7.29,6.154109,1196016.0,iag
2019-01-28,7.27,7.352,7.152,7.16,6.044365,1265735.0,iag
2019-01-29,7.15,7.442,7.15,7.386,6.235151,2229208.0,iag
2019-01-30,7.322,7.444,7.3,7.44,6.280737,2886794.0,iag
2019-01-31,7.42,7.42,7.304,7.384,6.2334629999999995,1337767.0,iag
2019-02-01,7.356,7.472,7.356,7.442,6.282425,1283805.0,iag
2019-02-04,7.38,7.514,7.37,7.514,6.343207,1072717.0,iag
2019-02-05,7.516,7.564,7.48,7.514,6.343207,984474.0,iag
2019-02-06,7.53,7.6,7.5,7.592,6.409053,1067248.0,iag
2019-02-07,7.534,7.63,7.496,7.566,6.387105,1265785.0,iag
2019-02-08,7.568,7.598,7.49,7.506,6.336453,1964032.0,iag
2019-02-11,7.52,7.596,7.5,7.558,6.380351999999999,1538206.0,iag
2019-02-12,7.6,7.61,7.398,7.398,6.245282,2819713.0,iag
2019-02-13,7.436,7.536,7.418,7.51,6.339830999999999,1663463.0,iag
2019-02-14,7.498,7.554,7.354,7.354,6.208138,1551537.0,iag
2019-02-15,7.354,7.59,7.354,7.574,6.393858,1308136.0,iag
2019-02-18,7.518,7.54,7.394,7.412,6.2571,1958161.0,iag
2019-02-19,7.38,7.46,7.364,7.396,6.243593,1032046.0,iag
2019-02-20,7.44,7.518,7.386,7.466,6.3026860000000005,2779901.0,iag
2019-02-21,7.486,7.486,7.38,7.42,6.263854,10257262.0,iag
2019-02-22,7.432,7.48,7.382,7.456,6.294244,1022457.0,iag
2019-02-25,7.49,7.494,7.418,7.43,6.272295,644402.0,iag
2019-02-26,7.208,7.26,7.122,7.186,6.066314,5530470.0,iag
2019-02-27,7.152,7.19,6.956,7.004,5.912673000000001,6333410.0,iag
2019-02-28,7.192,7.29,6.944,6.956,5.872151000000001,58457525.0,iag
2019-03-01,7.0,7.092,7.0,7.0,5.909296,10463758.0,iag
2019-03-04,7.024,7.062,6.67,6.67,5.630715,5224822.0,iag
2019-03-05,6.67,6.728,6.634,6.69,5.647599,3502216.0,iag
2019-03-06,6.64,6.712,6.59,6.642,5.607078,5912560.0,iag
2019-03-07,6.626,6.67,6.424,6.446,5.441617,5183996.0,iag
2019-03-08,6.42,6.43,6.218,6.24,5.267715,5288146.0,iag
2019-03-11,6.25,6.358,6.19,6.256,5.2812220000000005,3141070.0,iag
2019-03-12,6.35,6.356,6.13,6.156,5.196804,6998153.0,iag
2019-03-13,6.228,6.304,6.156,6.284,5.30486,3012443.0,iag
2019-03-14,6.27,6.448,6.23,6.372,5.379148000000001,6108340.0,iag
2019-03-15,6.38,6.462,6.336,6.45,5.444994,4083575.0,iag
2019-03-18,6.46,6.484,6.302,6.308,5.32512,3155376.0,iag
2019-03-19,6.35,6.47,6.31,6.45,5.444994,4547154.0,iag
2019-03-20,6.42,6.432,6.244,6.244,5.2710919999999994,3482716.0,iag
2019-03-21,6.2,6.244,6.096,6.136,5.17992,3969834.0,iag
2019-03-22,6.192,6.216,6.096,6.1,5.149529,2787590.0,iag
2019-03-25,6.076,6.114,6.01,6.064,5.119139,3159787.0,iag
2019-03-26,6.088,6.094,5.83,5.966,5.036408,3410024.0,iag
2019-03-27,5.98,6.066,5.966,6.038,5.09719,2273363.0,iag
2019-03-28,6.05,6.118,5.944,5.946,5.019525,3007849.0,iag
2019-03-29,5.946,5.984,5.86,5.932,5.007707,6348871.0,iag
2019-04-01,5.93,5.93,5.81,5.884,4.967185,3365342.0,iag
2019-04-02,5.884,5.94,5.812,5.914,4.992511,4251811.0,iag
2019-04-03,5.972,6.21,5.966,6.178,5.215376,4895174.0,iag
2019-04-04,6.208,6.248,6.11,6.11,5.157971,3578836.0,iag
2019-04-05,6.11,6.15,5.98,6.066,5.120826999999999,3838007.0,iag
2019-04-08,6.076,6.118,6.042,6.05,5.10732,5187027.0,iag
2019-04-09,6.054,6.054,5.932,5.95,5.022901,3438916.0,iag
2019-04-10,6.0,6.058,5.94,5.976,5.04485,2747188.0,iag
2019-04-11,6.032,6.326,6.01,6.326,5.340315,3987576.0,iag
2019-04-12,6.334,6.412,6.21,6.278,5.299794,3651412.0,iag
2019-04-15,6.32,6.362,6.244,6.306,5.323432,3263063.0,iag
2019-04-16,6.25,6.424,6.19,6.386,5.390966000000001,2915640.0,iag
2019-04-17,6.352,6.538,6.32,6.472,5.463566999999999,5170333.0,iag
2019-04-18,6.42,6.472,6.372,6.438,5.434864,1548448.0,iag
2019-04-23,6.438,6.438,6.192,6.204,5.237325,3336059.0,iag
2019-04-24,6.21,6.246,6.168,6.168,5.2069339999999995,3080062.0,iag
2019-04-25,6.19,6.218,6.134,6.16,5.2001800000000005,2157845.0,iag
2019-04-26,6.166,6.214,6.104,6.186,5.222129,2047315.0,iag
2019-04-29,6.22,6.378,6.22,6.322,5.336939,2564739.0,iag
2019-04-30,6.302,6.344,6.234,6.3,5.318366999999999,3225347.0,iag
2019-05-02,6.314,6.384,6.232,6.244,5.2710919999999994,2281324.0,iag
2019-05-03,6.27,6.27,6.13,6.16,5.2001800000000005,1998021.0,iag
2019-05-06,6.072,6.148,6.038,6.146,5.188362000000001,1036567.0,iag
2019-05-07,6.102,6.212,6.006,6.006,5.070176,1633570.0,iag
2019-05-08,6.026,6.026,5.816,5.82,4.913158,3615716.0,iag
2019-05-09,5.85,5.85,5.656,5.674,4.789905999999999,4725901.0,iag
2019-05-10,5.862,5.97,5.726,5.768,4.86926,2763815.0,iag
2019-05-13,5.818,5.896,5.78,5.8,4.896274,1985156.0,iag
2019-05-14,5.816,5.88,5.75,5.848,4.936794,2161363.0,iag
2019-05-15,5.9,5.916,5.756,5.826,4.918223,1854530.0,iag
2019-05-16,5.824,5.824,5.688,5.75,4.854064,5239839.0,iag
2019-05-17,5.74,5.834,5.682,5.796,4.8928970000000005,1773081.0,iag
2019-05-20,5.8,5.8,5.702,5.72,4.828739,2380905.0,iag
2019-05-21,5.752,5.76,5.592,5.63,4.752763,2913625.0,iag
2019-05-22,5.646,5.646,5.35,5.364,4.5282089999999995,4205611.0,iag
2019-05-23,5.346,5.44,5.216,5.416,4.572106,2936245.0,iag
2019-05-24,5.444,5.46,5.292,5.3,4.474182,2155081.0,iag
2019-05-27,5.314,5.354,5.296,5.326,4.49613,1071419.0,iag
2019-05-28,5.31,5.35,5.224,5.224,4.410023000000001,2918364.0,iag
2019-05-29,5.2,5.256,5.126,5.216,4.40327,1996028.0,iag
2019-05-30,5.22,5.258,5.182,5.222,4.408335,1064596.0,iag
2019-05-31,5.186,5.186,5.098,5.102,4.3070330000000006,2465213.0,iag
2019-06-03,5.064,5.106,4.982,5.058,4.269888,1858788.0,iag
2019-06-04,5.028,5.26,5.008,5.24,4.42353,3583410.0,iag
2019-06-05,5.334,5.368,5.24,5.302,4.47587,2797514.0,iag
2019-06-06,5.338,5.348,5.258,5.288,4.464051,2257842.0,iag
2019-06-07,5.28,5.336,5.232,5.25,4.431972,1732948.0,iag
2019-06-10,5.27,5.322,5.25,5.25,4.431972,1173127.0,iag
2019-06-11,5.27,5.308,5.196,5.246,4.428595,1633454.0,iag
2019-06-12,5.21,5.266,5.134,5.162,4.357684,1477776.0,iag
2019-06-13,5.16,5.286,5.13,5.264,4.44379,1265745.0,iag
2019-06-14,5.254,5.276,5.164,5.182,4.374568,1357679.0,iag
2019-06-17,5.092,5.092,4.987,5.034,4.2496279999999995,2487964.0,iag
2019-06-18,5.062,5.148,4.98,5.128,4.328981,5549814.0,iag
2019-06-19,5.086,5.128,4.854,4.998,4.219237000000001,4705485.0,iag
2019-06-20,4.994,5.13,4.95,5.118,4.320539,3119963.0,iag
2019-06-21,5.146,5.184,5.082,5.154,4.35093,5948362.0,iag
2019-06-24,5.234,5.234,5.044,5.044,4.25807,9837055.0,iag
2019-06-25,5.046,5.046,4.918,4.92,4.153391,15661666.0,iag
2019-06-26,4.932,5.022,4.905,5.012,4.231056,7349362.0,iag
2019-06-27,5.034,5.142,5.034,5.078,4.286772,7328364.0,iag
2019-06-28,5.1,5.354,5.056,5.316,4.487689,8689746.0,iag
2019-07-01,5.434,5.434,5.22,5.27,4.448856,4005969.0,iag
2019-07-02,5.34,5.344,5.258,5.3,4.474182,2544374.0,iag
2019-07-03,5.33,5.456,5.302,5.436,4.588991,4492963.0,iag
2019-07-04,5.042,5.12,4.976,5.106,4.50261,4347472.0,iag
2019-07-05,5.106,5.19,5.038,5.098,4.495555,5237382.0,iag
2019-07-08,5.056,5.084,4.99,5.008,4.416191,10285378.0,iag
2019-07-09,5.0,5.01,4.9,4.93,4.347408000000001,15362031.0,iag
2019-07-10,4.944,5.034,4.906,4.96,4.373863,3814011.0,iag
2019-07-11,4.983,5.05,4.919,5.01,4.417955,12442262.0,iag
2019-07-12,5.05,5.098,5.016,5.078,4.477919,7715423.0,iag
2019-07-15,5.1,5.114,5.03,5.06,4.462046,1803477.0,iag
2019-07-16,5.074,5.222,5.064,5.17,4.5590470000000005,13039342.0,iag
2019-07-17,5.17,5.2,5.08,5.13,4.5237739999999995,2128704.0,iag
2019-07-18,5.102,5.166,5.028,5.08,4.479682,2475800.0,iag
2019-07-19,5.1,5.112,5.02,5.022,4.428536,1907423.0,iag
2019-07-22,5.01,5.096,5.0,5.024,4.4303,1064111.0,iag
2019-07-23,5.028,5.068,4.92,5.056,4.458519,2383594.0,iag
2019-07-24,5.044,5.112,4.994,5.104,4.500847,1859646.0,iag
2019-07-25,5.118,5.148,4.928,4.975,4.387091000000001,3042369.0,iag
2019-07-26,4.961,4.961,4.867,4.876,4.299789,1829188.0,iag
2019-07-29,4.86,4.913,4.812,4.817,4.247762000000001,1521791.0,iag
2019-07-30,4.802,4.812,4.515,4.53,3.994678,4067089.0,iag
2019-07-31,4.541,4.703,4.54,4.655,4.104906,2661566.0,iag
2019-08-01,4.723,4.723,4.562,4.562,4.022896,2075747.0,iag
2019-08-02,4.562,4.912,4.562,4.878,4.301553,4122012.0,iag
2019-08-05,4.867,4.956,4.785,4.839,4.267162,2229949.0,iag
2019-08-06,4.807,4.951,4.768,4.844,4.271571,2124366.0,iag
2019-08-07,4.835,4.953,4.8,4.936,4.352698999999999,2217359.0,iag
2019-08-08,4.973,5.08,4.926,5.012,4.419718,2662343.0,iag
2019-08-09,5.022,5.022,4.826,4.892,4.313899,1903548.0,iag
2019-08-12,4.909,4.944,4.8,4.832,4.260989,2091504.0,iag
2019-08-13,4.79,4.813,4.693,4.789,4.223071,2289122.0,iag
2019-08-14,4.773,4.839,4.583,4.61,4.065224,4073148.0,iag
2019-08-15,4.634,4.634,4.496,4.554,4.015841,2323343.0,iag
2019-08-16,4.55,4.617,4.516,4.616,4.070515,1916562.0,iag
2019-08-19,4.664,4.745,4.625,4.639,4.090797,1598249.0,iag
2019-08-20,4.648,4.66,4.532,4.564,4.02466,1251450.0,iag
2019-08-21,4.58,4.633,4.573,4.605,4.060814,1130436.0,iag
2019-08-22,4.597,4.716,4.554,4.631,4.083742,1840101.0,iag
2019-08-23,4.667,4.757,4.624,4.624,4.077569,1475759.0,iag
2019-08-26,4.599,4.628,4.57,4.576,4.035242,1294238.0,iag
2019-08-27,4.609,4.746,4.58,4.67,4.1181339999999995,1582112.0,iag
2019-08-28,4.652,4.676,4.533,4.591,4.048469,2817538.0,iag
2019-08-29,4.582,4.698,4.549,4.681,4.127834,1720528.0,iag
2019-08-30,4.683,4.732,4.65,4.664,4.112843,1342113.0,iag
2019-09-02,4.64,4.73,4.64,4.674,4.121659999999999,874648.0,iag
2019-09-03,4.662,4.667,4.571,4.607,4.062578,2090898.0,iag
2019-09-04,4.67,4.74,4.659,4.696,4.141061,1441781.0,iag
2019-09-05,4.752,4.819,4.71,4.792,4.225716,1754712.0,iag
2019-09-06,4.787,4.83,4.747,4.794,4.22748,1220062.0,iag
2019-09-09,4.801,4.801,4.635,4.734,4.17457,2332301.0,iag
2019-09-10,4.74,5.026,4.74,4.924,4.342117,3658272.0,iag
2019-09-11,4.976,5.096,4.972,5.06,4.462046,2210400.0,iag
2019-09-12,5.08,5.124,5.03,5.102,4.499083000000001,2338033.0,iag
2019-09-13,5.106,5.2,5.05,5.15,4.54141,1974448.0,iag
2019-09-16,5.05,5.086,4.85,5.04,4.444408999999999,3395994.0,iag
2019-09-17,5.022,5.028,4.894,4.987,4.397673,5031939.0,iag
2019-09-18,4.971,5.068,4.91,5.06,4.462046,3380891.0,iag
2019-09-19,5.1,5.264,5.06,5.264,4.641939,2852299.0,iag
2019-09-20,5.284,5.432,5.274,5.412,4.772449,5415369.0,iag
2019-09-23,5.378,5.5,5.29,5.332,4.701903,1994342.0,iag
2019-09-24,5.34,5.486,5.332,5.412,4.772449,1803298.0,iag
2019-09-25,5.38,5.43,5.328,5.43,4.788322,2639029.0,iag
2019-09-26,5.274,5.33,5.122,5.2,4.585502,6665461.0,iag
2019-09-27,5.216,5.32,5.164,5.316,4.687794,7061779.0,iag
2019-09-30,5.324,5.38,5.32,5.344,4.712485,3830812.0,iag
2019-10-01,5.39,5.47,5.336,5.338,4.707194,2466646.0,iag
2019-10-02,5.334,5.34,5.2,5.218,4.601375,4616101.0,iag
2019-10-03,5.204,5.204,5.034,5.112,4.507901,2856614.0,iag
2019-10-04,5.134,5.138,5.044,5.088,4.486737000000001,2091086.0,iag
2019-10-07,5.098,5.268,5.06,5.246,4.626066000000001,1457370.0,iag
2019-10-08,5.282,5.282,5.024,5.126,4.520247,2458081.0,iag
2019-10-09,5.118,5.182,5.09,5.098,4.495555,1018187.0,iag
2019-10-10,5.11,5.192,5.088,5.168,4.557283,1037233.0,iag
2019-10-11,5.21,5.76,5.21,5.72,5.044052,9724544.0,iag
2019-10-14,5.71,5.72,5.45,5.644,4.9770330000000005,2892236.0,iag
2019-10-15,5.678,5.992,5.678,5.944,5.241581,5387317.0,iag
2019-10-16,5.93,5.97,5.77,5.922,5.222181,4455405.0,iag
2019-10-17,5.876,6.19,5.824,5.918,5.218654,6094329.0,iag
2019-10-18,5.9,6.002,5.85,5.888,5.192199,4617672.0,iag
2019-10-21,5.894,6.146,5.894,6.106,5.384437,3810973.0,iag
2019-10-22,6.08,6.134,5.954,5.988,5.280382,2370851.0,iag
2019-10-23,5.976,6.028,5.842,5.94,5.238054,6628175.0,iag
2019-10-24,5.966,6.05,5.956,5.992,5.2839089999999995,1824739.0,iag
2019-10-25,5.98,6.032,5.882,6.014,5.303309,2096418.0,iag
2019-10-28,5.996,6.078,5.988,6.036,5.322709,1947144.0,iag
2019-10-29,6.004,6.118,5.978,6.08,5.36151,3632435.0,iag
2019-10-30,6.12,6.156,5.984,6.036,5.322709,3597282.0,iag
2019-10-31,5.998,6.188,5.802,6.158,5.430293,2755125.0,iag
2019-11-01,6.18,6.298,6.166,6.29,5.546693,2179392.0,iag
2019-11-04,6.4,6.426,6.308,6.358,5.606658,3959638.0,iag
2019-11-05,6.41,6.41,6.306,6.312,5.5660940000000005,1806567.0,iag
2019-11-06,6.33,6.388,6.316,6.34,5.5907849999999994,1632694.0,iag
2019-11-07,6.376,6.464,6.29,6.326,5.578439,1872440.0,iag
2019-11-08,6.276,6.324,6.118,6.28,5.537876,3216028.0,iag
2019-11-11,6.278,6.34,6.196,6.302,5.557275,2085984.0,iag
2019-11-12,6.346,6.38,6.288,6.346,5.596076,2720850.0,iag
2019-11-13,6.32,6.32,6.204,6.298,5.553748000000001,1720954.0,iag
2019-11-14,6.272,6.358,6.22,6.332,5.58373,1187828.0,iag
2019-11-15,6.376,6.54,6.35,6.518,5.74775,4426083.0,iag
2019-11-18,6.54,6.596,6.404,6.414,5.65604,10913128.0,iag
2019-11-19,6.484,6.512,6.414,6.454,5.691313,8316187.0,iag
2019-11-20,6.434,6.51,6.382,6.416,5.6578040000000005,1883243.0,iag
2019-11-21,6.382,6.404,6.322,6.382,5.627821,1784332.0,iag
2019-11-22,6.404,6.47,6.38,6.458,5.694841,2302935.0,iag
2019-11-25,6.5,6.626,6.498,6.622,5.83946,1994364.0,iag
2019-11-26,6.608,6.668,6.58,6.65,5.864151000000001,1833630.0,iag
2019-11-27,6.68,6.71,6.618,6.684,5.894133999999999,4380662.0,iag
2019-11-28,6.568,6.652,6.55,6.602,5.906778,1329206.0,iag
2019-11-29,6.61,6.61,6.462,6.5,5.815518,2408107.0,iag
2019-12-02,6.48,6.53,6.342,6.342,5.674157,12100916.0,iag
2019-12-03,6.338,6.446,6.238,6.31,5.645526,7946282.0,iag
2019-12-04,6.348,6.5,6.34,6.5,5.815518,1372036.0,iag
2019-12-05,6.49,6.506,6.448,6.492,5.808361,7380084.0,iag
2019-12-06,6.502,6.674,6.488,6.642,5.942565,3033837.0,iag
2019-12-09,6.62,6.66,6.552,6.552,5.862043,1043016.0,iag
2019-12-10,6.536,6.536,6.41,6.476,5.794046,1100774.0,iag
2019-12-11,6.502,6.536,6.432,6.482,5.799414,3133093.0,iag
2019-12-12,6.504,6.636,6.504,6.57,5.878148,8411421.0,iag
2019-12-13,6.95,7.566,6.928,7.544,6.74958,17268080.0,iag
2019-12-16,7.506,7.69,7.506,7.652,6.846207000000001,3516689.0,iag
2019-12-17,7.588,7.662,7.318,7.344,6.570641,8442102.0,iag
2019-12-18,7.33,7.402,7.314,7.376,6.599271000000001,1577168.0,iag
2019-12-19,7.4,7.432,7.28,7.32,6.549169,1146106.0,iag
2019-12-20,7.338,7.4,7.282,7.4,6.620744,1760797.0,iag
2019-12-23,7.36,7.376,7.284,7.284,6.51696,6188931.0,iag
2019-12-24,7.28,7.362,7.28,7.34,6.567063,393371.0,iag
2019-12-25,7.34,7.34,7.34,7.34,6.567063,0.0,iag
2019-12-27,7.35,7.398,7.328,7.372,6.595692999999999,861842.0,iag
2019-12-30,7.352,7.376,7.3,7.3,6.531275,857080.0,iag
2019-12-31,7.3,7.362,7.182,7.22,6.459699,877608.0,iag
2020-01-02,7.366,7.494,7.364,7.474,6.686952000000001,17591235.0,iag
2020-01-03,7.362,7.38,7.238,7.314,6.5438,3535600.0,iag
2020-01-06,7.238,7.238,7.024,7.146,6.393492,2809487.0,iag
2020-01-07,7.18,7.304,7.168,7.256,6.4919080000000005,2360838.0,iag
2020-01-08,7.18,7.29,7.05,7.282,6.5151699999999995,2580349.0,iag
2020-01-09,7.39,7.456,7.314,7.442,6.658321000000001,2088028.0,iag
2020-01-10,7.5,7.872,7.464,7.784,6.964307000000001,4902549.0,iag
2020-01-13,7.792,7.794,7.61,7.634,6.830103,1504283.0,iag
2020-01-14,7.65,7.672,7.518,7.568,6.771053,1372286.0,iag
2020-01-15,7.57,7.57,7.402,7.508,6.717371000000001,1592146.0,iag
2020-01-16,7.51,7.582,7.41,7.482,6.694109,997697.0,iag
2020-01-17,7.632,8.02,7.632,7.876,7.046619000000001,4025436.0,iag
2020-01-20,7.87,7.87,7.702,7.706,6.894521000000001,1980473.0,iag
2020-01-21,7.618,7.62,7.402,7.49,6.701267,7603712.0,iag
2020-01-22,7.5,7.574,7.438,7.538,6.744211999999999,2329742.0,iag
2020-01-23,7.48,7.494,7.2,7.22,6.459699,2636395.0,iag
2020-01-24,7.372,7.458,7.282,7.34,6.567063,2233813.0,iag
2020-01-27,7.11,7.132,6.876,6.956,6.2234989999999994,4867159.0,iag
2020-01-28,6.968,7.038,6.804,6.984,6.248551,2601626.0,iag
2020-01-29,7.0,7.072,6.966,6.992,6.2557089999999995,2294646.0,iag
2020-01-30,6.886,6.916,6.75,6.808,6.091085,2426076.0,iag
2020-01-31,6.838,6.94,6.756,6.756,6.04456,1898390.0,iag
2020-02-03,6.786,6.85,6.65,6.758,6.04635,1674983.0,iag
2020-02-04,6.84,7.026,6.764,7.014,6.275392,2535954.0,iag
2020-02-05,7.012,7.518,6.976,7.278,6.511591,4782825.0,iag
2020-02-06,7.4,7.418,7.294,7.318,6.547379,2219180.0,iag
2020-02-07,7.316,7.316,7.15,7.182,6.425701,1197262.0,iag
2020-02-10,7.19,7.192,7.09,7.164,6.409596,1117892.0,iag
2020-02-11,7.3,7.486,7.296,7.452,6.667267999999999,2501679.0,iag
2020-02-12,7.438,7.646,7.438,7.606,6.805051,2183805.0,iag
2020-02-13,7.534,7.588,7.442,7.558,6.762106,1570774.0,iag
2020-02-14,7.582,7.73,7.566,7.666,6.858733,2214824.0,iag
2020-02-17,7.72,7.74,7.646,7.694,6.8837839999999995,1155558.0,iag
2020-02-18,5.059880000000001,5.082421,5.021427,5.038665,4.508069,1713934.0,iag
2020-02-19,5.094355,5.131482,5.058554,5.112919000000001,4.574504,2539924.0,iag
2020-02-20,5.070488,5.071814,4.989604,5.005516,4.478411,2032528.0,iag
2020-02-21,4.964411,4.994908000000001,4.898112,4.9378910000000005,4.417907,3810062.0,iag
2020-02-24,4.508279,4.634245,4.4605440000000005,4.472478,4.001504,7558028.0,iag
2020-02-25,4.514908999999999,4.632919,4.359771,4.375682,3.9149010000000004,10521559.0,iag
2020-02-26,4.309384,4.4525879999999995,4.225848,4.388942,3.926765,9006631.0,iag
2020-02-27,4.269605,4.2815389999999995,3.836015,4.000433999999999,3.5791690000000003,10188630.0,iag
2020-02-28,3.735242,3.9102690000000004,3.56154,3.649054,3.2647909999999998,14704951.0,iag
2020-03-02,3.832037,3.833363,3.1690549999999997,3.289054,2.942701,19965837.0,iag
2020-03-03,3.3812089999999997,3.580104,3.3626449999999997,3.5297169999999998,3.1580209999999997,17455672.0,iag
2020-03-04,3.5376730000000003,3.545629,3.385187,3.4103800000000004,3.05125,11943662.0,iag
2020-03-05,3.491264,3.500546,3.229386,3.245961,2.904145,10833412.0,iag
2020-03-06,3.149165,3.325518,3.017232,3.2950209999999998,2.948039,15909418.0,iag
2020-03-09,3.03248,3.239994,2.957563,3.169718,2.835931,19494339.0,iag
2020-03-10,3.248613,3.5031980000000003,3.145187,3.177673,2.843049,15036094.0,iag
2020-03-11,3.239331,3.3049660000000003,2.9973419999999997,3.010602,2.693571,12117981.0,iag
2020-03-12,2.820989,2.820989,2.4981169999999997,2.509387,2.245136,18614045.0,iag
2020-03-13,2.789166,2.840215,2.401984,2.616127,2.340636,11409211.0,iag
2020-03-16,2.254139,2.254139,1.809278,1.886184,1.68756,26222973.0,iag
2020-03-17,2.019443,2.022095,1.644195,1.734361,1.5517239999999999,21404956.0,iag
2020-03-18,1.7051900000000002,1.7224270000000002,1.553367,1.559334,1.395129,14520811.0,iag
2020-03-19,1.612372,1.612372,1.392262,1.4101629999999998,1.261666,14402041.0,iag
2020-03-20,1.528837,1.6309360000000002,1.46519,1.565301,1.400467,16564259.0,iag
2020-03-23,1.513588,1.513588,1.412152,1.433367,1.282426,10987604.0,iag
2020-03-24,1.6216540000000002,1.624306,1.46519,1.553367,1.3897899999999999,16163143.0,iag
2020-03-25,1.703864,1.810604,1.608394,1.6720409999999999,1.495967,19133803.0,iag
2020-03-26,1.658781,1.743643,1.6176760000000001,1.684637,1.507236,13664445.0,iag
2020-03-27,1.6985599999999998,1.7058529999999998,1.5474,1.5798860000000001,1.413516,12242820.0,iag
2020-03-30,1.565964,1.601102,1.432704,1.5149139999999999,1.355386,9361656.0,iag
2020-03-31,1.593809,1.642207,1.5314889999999999,1.61635,1.446141,9471779.0,iag
2020-04-01,1.563975,1.591157,1.513588,1.513588,1.3542,8107167.0,iag
2020-04-02,1.6176760000000001,1.6176760000000001,1.505632,1.530826,1.369623,8585149.0,iag
2020-04-03,1.55403,1.582538,1.49171,1.49171,1.334626,8888453.0,iag
2020-04-06,1.597787,1.7144720000000002,1.544748,1.690604,1.512575,13579734.0,iag
2020-04-07,1.794029,1.9876200000000002,1.756902,1.821875,1.630023,33326585.0,iag
2020-04-08,1.823864,1.914029,1.756902,1.8868470000000002,1.6881529999999998,14709743.0,iag
2020-04-09,1.9378970000000002,2.002869,1.8629799999999999,1.8649689999999999,1.668579,18825268.0,iag
2020-04-14,1.982316,1.982316,1.8430900000000001,1.8430900000000001,1.6490040000000001,26773069.0,iag
2020-04-15,1.8430900000000001,1.869609,1.657455,1.660107,1.48529,20568174.0,iag
2020-04-16,1.756902,1.773477,1.6395549999999999,1.658781,1.4841030000000002,11865844.0,iag
2020-04-17,1.801985,1.8304939999999998,1.7376759999999998,1.7794439999999998,1.59206,13011037.0,iag
2020-04-20,1.833808,1.8364599999999998,1.676682,1.7237529999999999,1.542233,11470062.0,iag
2020-04-21,1.675356,1.745632,1.597787,1.7131459999999998,1.532743,12958176.0,iag
2020-04-22,1.7237529999999999,1.745632,1.658781,1.690604,1.512575,8495601.0,iag
2020-04-23,1.719112,1.7443060000000001,1.694582,1.71845,1.5374889999999999,6982319.0,iag
2020-04-24,1.665411,1.6813220000000002,1.6309360000000002,1.650825,1.476985,10800408.0,iag
2020-04-27,1.7303830000000002,1.743643,1.650825,1.676682,1.500119,7682000.0,iag
2020-04-28,1.697234,1.702538,1.640881,1.66077,1.485883,8824501.0,iag
2020-04-29,1.637566,1.752262,1.524859,1.7462950000000002,1.562402,28151895.0,iag
2020-04-30,1.7648580000000003,1.8430900000000001,1.66077,1.690604,1.512575,21490806.0,iag
2020-05-04,1.624306,1.624306,1.5314889999999999,1.555356,1.391569,23979856.0,iag
2020-05-05,1.600439,1.601102,1.4771239999999999,1.495024,1.337591,19426581.0,iag
2020-05-06,1.511599,1.558008,1.461875,1.500328,1.342336,13232597.0,iag
2020-05-07,1.490384,1.544748,1.425411,1.4519309999999999,1.299036,21825908.0,iag
2020-05-08,1.481765,1.503643,1.438008,1.49171,1.334626,7649316.0,iag
2020-05-11,1.512925,1.514251,1.3637540000000001,1.400881,1.253361,30591217.0,iag
2020-05-12,1.398892,1.404196,1.333257,1.3690579999999999,1.22489,12780569.0,iag
2020-05-13,1.3451899999999999,1.359113,1.277566,1.3027600000000001,1.165573,17114551.0,iag
2020-05-14,1.279555,1.2861850000000001,1.193368,1.2662959999999999,1.132949,19829144.0,iag
2020-05-15,1.29613,1.323975,1.227511,1.2573450000000002,1.12494,12328387.0,iag
2020-05-18,1.309721,1.400881,1.298119,1.3982290000000002,1.250989,25781260.0,iag
2020-05-19,1.467179,1.568616,1.430715,1.514251,1.3547930000000001,43630793.0,iag
2020-05-20,1.487732,1.504969,1.405522,1.469168,1.314457,15733952.0,iag
2020-05-21,1.44066,1.556682,1.412152,1.530163,1.36903,21531522.0,iag
2020-05-22,1.520218,1.523533,1.406185,1.418782,1.269377,25592125.0,iag
2020-05-25,1.544748,1.6309360000000002,1.4645270000000001,1.609057,1.4396149999999999,38410204.0,iag
2020-05-26,1.650825,1.748947,1.6176760000000001,1.7370130000000001,1.5540969999999998,48985166.0,iag
2020-05-27,1.784748,1.955797,1.7714880000000002,1.832482,1.639513,64132476.0,iag
2020-05-28,1.9047479999999999,1.916018,1.748284,1.816571,1.625277,39589052.0,iag
2020-05-29,1.7814330000000003,1.7973439999999998,1.676019,1.683974,1.506643,31657563.0,iag
2020-06-01,1.7814330000000003,1.816571,1.7496099999999999,1.8046369999999998,1.6146,24999430.0,iag
2020-06-02,1.843753,1.8961290000000002,1.814582,1.8623169999999998,1.666206,27055095.0,iag
2020-06-03,1.916018,2.078449,1.8881729999999999,2.074471,1.8560189999999999,49832338.0,iag
2020-06-04,2.0817639999999997,2.153366,1.955797,2.12088,1.897541,64375290.0,iag
2020-06-05,2.2262939999999998,2.441763,2.201764,2.436459,2.179888,67821285.0,iag
2020-06-08,2.453034,2.683089,2.3217630000000002,2.470271,2.21014,76970820.0,iag
2020-06-09,2.5325919999999997,2.61215,2.226957,2.3138080000000003,2.070153,52405260.0,iag
2020-06-10,2.333697,2.380106,2.104968,2.148062,1.921861,52786378.0,iag
2020-06-11,1.996902,2.028062,1.906736,1.9451889999999998,1.7403509999999998,54496885.0,iag
2020-06-12,1.8894990000000003,2.121543,1.8364599999999998,2.035355,1.8210220000000001,54723149.0,iag
2020-06-15,1.959112,1.9862939999999998,1.922648,1.9624270000000001,1.7557740000000002,34185945.0,iag
2020-06-16,2.136791,2.23425,2.041985,2.072482,1.85424,45839792.0,iag
2020-06-17,2.072482,2.144747,1.973698,2.002206,1.791364,29395607.0,iag
2020-06-18,1.9657419999999999,2.035355,1.939886,1.975687,1.767638,22835351.0,iag
2020-06-19,2.002206,2.031377,1.957123,1.990935,1.78128,15977688.0,iag
2020-06-22,1.9889459999999999,1.9889459999999999,1.872261,1.902096,1.7017959999999999,27889843.0,iag
2020-06-23,1.917344,1.9491669999999999,1.863643,1.8649689999999999,1.668579,17198504.0,iag
2020-06-24,1.85635,1.876239,1.6853,1.692593,1.514355,38814658.0,iag
2020-06-25,1.666074,1.7211009999999998,1.599776,1.669389,1.493594,30138064.0,iag
2020-06-26,1.7237529999999999,1.750273,1.6176760000000001,1.6309360000000002,1.459191,26068013.0,iag
2020-06-29,1.624306,1.690604,1.602428,1.67403,1.497746,18535265.0,iag
2020-06-30,1.703864,1.715798,1.6017649999999999,1.6216540000000002,1.4508860000000001,14861237.0,iag
2020-07-01,1.615687,1.650162,1.552041,1.6143610000000002,1.444361,19784544.0,iag
2020-07-02,1.657455,1.7370130000000001,1.6382290000000002,1.699886,1.699886,21936805.0,iag
2020-07-03,1.725079,1.750273,1.658118,1.6733669999999998,1.6733669999999998,15137774.0,iag
2020-07-06,1.7224270000000002,1.743643,1.658781,1.6707150000000002,1.6707150000000002,19653049.0,iag
2020-07-07,1.657455,1.677345,1.622317,1.6335879999999998,1.6335879999999998,13534375.0,iag
2020-07-08,1.600439,1.608394,1.558671,1.565301,1.565301,17029918.0,iag
2020-07-09,1.583864,1.597787,1.527511,1.541433,1.541433,14273057.0,iag
2020-07-10,1.524859,1.581875,1.49171,1.574582,1.574582,15216831.0,iag
2020-07-13,1.6176760000000001,1.624306,1.5599969999999999,1.574582,1.574582,11622997.0,iag
2020-07-14,1.54077,1.5474,1.4731459999999998,1.514251,1.514251,18729692.0,iag
2020-07-15,1.561986,1.6985599999999998,1.548063,1.6806599999999998,1.6806599999999998,24474771.0,iag
2020-07-16,1.6475099999999998,1.703864,1.628284,1.634914,1.634914,15126546.0,iag
2020-07-17,1.628947,1.632925,1.56729,1.589831,1.589831,10462026.0,iag
2020-07-20,1.5725930000000001,1.583864,1.528837,1.548063,1.548063,13331017.0,iag
2020-07-21,1.591157,1.6548029999999998,1.5778969999999999,1.599113,1.599113,20160474.0,iag
2020-07-22,1.5798860000000001,1.610383,1.524859,1.5599969999999999,1.5599969999999999,11869409.0,iag
2020-07-23,1.56729,1.575245,1.508947,1.524859,1.524859,9120394.0,iag
2020-07-24,1.49171,1.5149139999999999,1.425411,1.449279,1.449279,19993986.0,iag
2020-07-27,1.392262,1.392262,1.2944719999999998,1.362428,1.362428,34616968.0,iag
2020-07-28,1.3637540000000001,1.392262,1.321986,1.391599,1.391599,13744796.0,iag
2020-07-29,1.4088370000000001,1.411489,1.34055,1.352483,1.352483,8461401.0,iag
2020-07-30,1.345853,1.346516,1.3027600000000001,1.334583,1.334583,13684580.0,iag
2020-07-31,1.325964,1.325964,1.199997,1.226848,1.226848,35523208.0,iag
2020-08-03,1.2321520000000001,1.232815,1.144307,1.209279,1.209279,24916320.0,iag
2020-08-04,1.2318209999999998,1.290494,1.213257,1.2861850000000001,1.2861850000000001,17987549.0,iag
2020-08-05,1.359113,1.423422,1.325964,1.420107,1.420107,22854530.0,iag
2020-08-06,1.430052,1.445301,1.320992,1.367069,1.367069,21700439.0,iag
2020-08-07,1.359113,1.371047,1.2895,1.361102,1.361102,13671442.0,iag
2020-08-10,1.392262,1.49171,1.3690579999999999,1.482428,1.482428,16963503.0,iag
2020-08-11,1.519555,1.620328,1.5169030000000001,1.607068,1.607068,26184373.0,iag
2020-08-12,1.5851899999999999,1.61635,1.469168,1.5599969999999999,1.5599969999999999,18401844.0,iag
2020-08-13,1.539444,1.5964610000000001,1.497676,1.497676,1.497676,14062494.0,iag
2020-08-14,1.45856,1.46519,1.395577,1.430052,1.430052,16195551.0,iag
2020-08-17,1.3995549999999999,1.418782,1.3471790000000001,1.349831,1.349831,12350983.0,iag
2020-08-18,1.339224,1.424748,1.3650799999999998,1.373699,1.373699,14803269.0,iag
2020-08-19,1.4101629999999998,1.471157,1.390936,1.471157,1.471157,12305356.0,iag
2020-08-20,1.423422,1.425411,1.386295,1.4015440000000001,1.4015440000000001,10188431.0,iag
2020-08-21,1.4220959999999998,1.442649,1.386958,1.422759,1.422759,11796077.0,iag
2020-08-24,1.4605489999999999,1.4605489999999999,1.386295,1.449279,1.449279,12858323.0,iag
2020-08-25,1.4718200000000001,1.538118,1.4718200000000001,1.484417,1.484417,19074106.0,iag
2020-08-26,1.4804389999999998,1.528837,1.4605489999999999,1.527511,1.527511,8240743.0,iag
2020-08-27,1.5314889999999999,1.602428,1.494361,1.589831,1.589831,14076767.0,iag
2020-08-28,1.597787,1.61635,1.564638,1.5891680000000001,1.5891680000000001,14176516.0,iag
2020-08-31,1.603091,1.607068,1.479776,1.487732,1.487732,15451256.0,iag
2020-09-01,1.512925,1.538118,1.45392,1.499665,1.499665,11625814.0,iag
2020-09-02,1.504969,1.536792,1.474472,1.508284,1.508284,8885510.0,iag
2020-09-03,1.525522,1.6561290000000002,1.521544,1.5885049999999998,1.5885049999999998,27729297.0,iag
2020-09-04,1.584527,1.683974,1.565301,1.626295,1.626295,20986382.0,iag
2020-09-07,1.64287,1.6548029999999998,1.527511,1.545411,1.545411,15775200.0,iag
2020-09-08,1.538781,1.553367,1.473809,1.5149139999999999,1.5149139999999999,12607351.0,iag
2020-09-09,1.500991,1.500991,1.4360190000000002,1.462538,1.462538,9065702.0,iag
2020-09-10,1.45856,1.510936,1.38961,1.442649,1.442649,17810757.0,iag
2020-09-11,1.425411,1.4267370000000001,1.367069,1.391599,1.391599,13809696.0,iag
2020-09-14,1.4595,1.54,1.38,1.4575,1.4575,44182914.0,iag
2020-09-15,1.48,1.489,1.414,1.4385,1.4385,16529072.0,iag
2020-09-16,1.4465,1.458,1.3895,1.4435,1.4435,18183790.0,iag
2020-09-17,1.4215,1.4455,1.403,1.4115,1.4115,12774983.0,iag
2020-09-18,1.4,1.4075,1.2115,1.2115,1.2115,38270749.0,iag
2020-09-21,1.191,1.191,1.0265,1.058,1.058,43365297.0,iag
2020-09-22,1.0665,1.1005,1.0,1.1005,1.1005,30319005.0,iag
2020-09-23,1.131,1.199,1.0765,1.0765,1.0765,32216147.0,iag
2020-09-24,1.0435,1.085,1.01,1.0295,1.0295,30167732.0,iag
2020-09-25,1.05,1.05,0.977,1.0125,1.0125,51558676.0,iag
2020-09-28,1.04,1.0665,1.0075,1.043,1.043,21579553.0,iag
2020-09-29,1.042,1.042,0.9856,0.9984,0.9984,18607566.0,iag
2020-09-30,0.994,1.056,0.985,1.035,1.035,19483116.0,iag
2020-10-01,1.055,1.059,0.991,1.0315,1.0315,16842712.0,iag
2020-10-02,1.0175,1.054,1.001,1.008,1.008,28016437.0,iag
2020-10-05,1.038,1.039,0.995,1.0085,1.0085,24035063.0,iag
2020-10-06,1.014,1.0815,1.01,1.067,1.067,29945636.0,iag
2020-10-07,1.06,1.099,1.033,1.062,1.062,34170992.0,iag
2020-10-08,1.085,1.203,1.0745,1.177,1.177,41755513.0,iag
2020-10-09,1.19,1.212,1.125,1.1365,1.1365,31574043.0,iag
2020-10-12,1.1505,1.17,1.116,1.1255,1.1255,21836611.0,iag
2020-10-13,1.119,1.122,1.074,1.0795,1.0795,18978214.0,iag
2020-10-14,1.067,1.1,1.0215,1.088,1.088,20404756.0,iag
2020-10-15,1.0565,1.0755,1.0185,1.059,1.059,17979906.0,iag
2020-10-16,1.0695,1.078,1.0235,1.0575,1.0575,17404721.0,iag
2020-10-19,1.055,1.103,1.043,1.099,1.099,15155172.0,iag
2020-10-20,1.09,1.183,1.086,1.172,1.172,26001902.0,iag
2020-10-21,1.185,1.198,1.108,1.11,1.11,20380256.0,iag
2020-10-22,1.08,1.165,1.051,1.1575,1.1575,23083932.0,iag
2020-10-23,1.16,1.198,1.144,1.198,1.198,21285725.0,iag
2020-10-26,1.139,1.2035,1.1085,1.1085,1.1085,23474303.0,iag
2020-10-27,1.12,1.1375,1.06,1.067,1.067,20944203.0,iag
2020-10-28,1.05,1.0535,1.0035,1.0325,1.0325,22541956.0,iag
2020-10-29,1.0395,1.067,1.0,1.0115,1.0115,20127234.0,iag
2020-10-30,1.003,1.069,0.982,1.068,1.068,23360420.0,iag
2020-11-02,1.03,1.0745,0.991,1.068,1.068,23676716.0,iag
2020-11-03,1.068,1.11,1.063,1.109,1.109,19037128.0,iag
2020-11-04,1.085,1.144,1.069,1.136,1.136,16538244.0,iag
2020-11-05,1.14,1.168,1.1045,1.1495,1.1495,18079713.0,iag
2020-11-06,1.147,1.1715,1.123,1.147,1.147,17932813.0,iag
2020-11-09,1.192,1.64,1.177,1.446,1.446,90954086.0,iag
2020-11-10,1.475,1.619,1.4705,1.5405,1.5405,67464111.0,iag
2020-11-11,1.63,1.686,1.561,1.6625,1.6625,58350823.0,iag
2020-11-12,1.651,1.662,1.5805,1.6075,1.6075,38361680.0,iag
2020-11-13,1.58,1.6375,1.565,1.614,1.614,22525186.0,iag
2020-11-16,1.68,1.8585,1.66,1.772,1.772,59667778.0,iag
2020-11-17,1.839,1.839,1.672,1.7225,1.7225,31772476.0,iag
2020-11-18,1.717,1.778,1.676,1.777,1.777,22884237.0,iag
2020-11-19,1.76,1.764,1.7205,1.7355,1.7355,15930587.0,iag
2020-11-20,1.74,1.78,1.7265,1.769,1.769,21545479.0,iag
2020-11-23,1.849,1.88,1.8105,1.868,1.868,35492433.0,iag
2020-11-24,1.942,2.0,1.85,1.914,1.914,59774732.0,iag
2020-11-25,1.956,1.9685,1.8645,1.9255,1.9255,29728985.0,iag
2020-11-26,1.9285,1.9285,1.8385,1.849,1.849,26217006.0,iag
2020-11-27,1.84,1.84,1.78,1.8025,1.8025,21803708.0,iag
2020-11-30,1.8,1.808,1.73,1.73,1.73,27265475.0,iag
2020-12-01,1.7545,1.8425,1.7485,1.8185,1.8185,23139312.0,iag
2020-12-02,1.859,1.875,1.7675,1.824,1.824,21883470.0,iag
2020-12-03,1.8335,1.9055,1.805,1.89,1.89,20961619.0,iag
2020-12-04,1.896,1.9795,1.871,1.886,1.886,34344013.0,iag
2020-12-07,1.915,1.915,1.84,1.8485,1.8485,22084859.0,iag
2020-12-08,1.849,1.853,1.7825,1.7825,1.7825,25726677.0,iag
2020-12-09,1.82,1.905,1.81,1.8225,1.8225,27284989.0,iag
2020-12-10,1.83,1.8355,1.7355,1.7845,1.7845,28080520.0,iag
2020-12-11,1.793,1.798,1.6835,1.7085,1.7085,30210946.0,iag
2020-12-14,1.765,1.7985,1.72,1.725,1.725,21617687.0,iag
2020-12-15,1.72,1.7495,1.68,1.7465,1.7465,17057568.0,iag
2020-12-16,1.79,1.82,1.766,1.787,1.787,20894231.0,iag
2020-12-17,1.818,1.825,1.762,1.779,1.779,13273780.0,iag
2020-12-18,1.7715,1.7715,1.721,1.728,1.728,18797182.0,iag
2020-12-21,1.484,1.587,1.4425,1.5755,1.5755,59536086.0,iag
2020-12-22,1.584,1.671,1.581,1.6695,1.6695,25426543.0,iag
2020-12-23,1.6935,1.788,1.677,1.7875,1.7875,24751263.0,iag
2020-12-24,1.8065,1.874,1.8,1.83,1.83,20789469.0,iag
2020-12-28,1.947,1.95,1.843,1.865,1.865,24690094.0,iag
2020-12-29,1.8795,1.8875,1.822,1.8265,1.8265,19913120.0,iag
2020-12-30,1.826,1.876,1.8145,1.8535,1.8535,17618017.0,iag
2020-12-31,1.835,1.838,1.776,1.791,1.791,15486691.0,iag
2021-01-04,1.8495,1.85,1.655,1.661,1.661,38696800.0,iag
2021-01-05,1.642,1.6995,1.6,1.6575,1.6575,24855270.0,iag
2021-01-06,1.683,1.76,1.6465,1.7505,1.7505,21294975.0,iag
2021-01-07,1.7575,1.77,1.676,1.7375,1.7375,20918102.0,iag
2021-01-08,1.764,1.798,1.7275,1.7345,1.7345,33522834.0,iag
2021-01-11,1.725,1.7335,1.6865,1.7,1.7,17922352.0,iag
2021-01-12,1.72,1.772,1.712,1.7625,1.7625,30800151.0,iag
2021-01-13,1.768,1.7685,1.701,1.712,1.712,18309808.0,iag
2021-01-14,1.72,1.834,1.713,1.823,1.823,36712961.0,iag
2021-01-15,1.815,1.8695,1.8015,1.822,1.822,29214918.0,iag
2021-01-18,1.801,1.81,1.76,1.809,1.809,10436423.0,iag
2021-01-19,1.833,1.857,1.781,1.7905,1.7905,12099176.0,iag
2021-01-20,1.844,1.844,1.788,1.8185,1.8185,12540566.0,iag
2021-01-21,1.83,1.85,1.751,1.7675,1.7675,25261969.0,iag
2021-01-22,1.74,1.74,1.671,1.7025,1.7025,28885070.0,iag
2021-01-25,1.68,1.68,1.5565,1.581,1.581,45119012.0,iag
2021-01-26,1.5725,1.6215,1.505,1.5875,1.5875,29285681.0,iag
2021-01-27,1.59,1.6285,1.5415,1.5745,1.5745,17012886.0,iag
2021-01-28,1.55,1.71,1.536,1.651,1.651,26413072.0,iag
2021-01-29,1.6245,1.677,1.586,1.614,1.614,17965792.0,iag
2021-02-01,1.6505,1.66,1.604,1.6105,1.6105,11471234.0,iag
2021-02-02,1.6355,1.7015,1.6285,1.6965,1.6965,18808710.0,iag
2021-02-03,1.72,1.741,1.6665,1.6845,1.6845,16487357.0,iag
2021-02-04,1.7025,1.764,1.6895,1.7505,1.7505,18102870.0,iag
2021-02-05,1.76,1.8145,1.747,1.8,1.8,23834122.0,iag
2021-02-08,1.79,1.8345,1.774,1.818,1.818,18569178.0,iag
2021-02-09,1.82,1.8235,1.755,1.7565,1.7565,15781187.0,iag
2021-02-10,1.7615,1.782,1.696,1.7095,1.7095,18008565.0,iag
2021-02-11,1.7025,1.725,1.656,1.7025,1.7025,14212421.0,iag
2021-02-12,1.68,1.715,1.6345,1.712,1.712,19255134.0,iag
2021-02-15,1.749,1.836,1.739,1.825,1.825,28999035.0,iag
2021-02-16,1.84,1.88,1.8275,1.856,1.856,27884854.0,iag
2021-02-17,1.86,1.8745,1.7925,1.828,1.828,16174751.0,iag
2021-02-18,1.84,1.8565,1.792,1.822,1.822,10090020.0,iag
2021-02-19,1.835,1.9145,1.8195,1.908,1.908,21957314.0,iag
2021-02-22,1.91,2.062,1.886,2.057,2.057,44291230.0,iag
2021-02-23,2.112,2.25,2.061,2.102,2.102,64292103.0,iag
2021-02-24,2.154,2.212,2.116,2.197,2.197,45104266.0,iag
2021-02-25,2.25,2.25,2.115,2.165,2.165,45776715.0,iag
2021-02-26,2.101,2.294,2.08,2.227,2.227,43492549.0,iag
2021-03-01,2.315,2.394,2.281,2.382,2.382,35955967.0,iag
2021-03-02,2.391,2.4,2.316,2.346,2.346,29626981.0,iag
2021-03-03,2.38,2.515,2.37,2.514,2.514,48863275.0,iag
2021-03-04,2.491,2.56,2.444,2.515,2.515,40295007.0,iag
2021-03-05,2.46,2.497,2.362,2.37,2.37,42441447.0,iag
2021-03-08,2.42,2.469,2.388,2.446,2.446,24713282.0,iag
2021-03-09,2.48,2.522,2.415,2.451,2.451,24296866.0,iag
2021-03-10,2.46,2.472,2.402,2.412,2.412,15271752.0,iag
2021-03-11,2.43,2.47,2.406,2.47,2.47,12681736.0,iag
2021-03-12,2.47,2.472,2.419,2.465,2.465,10654046.0,iag
2021-03-15,2.493,2.568,2.483,2.53,2.53,30371548.0,iag
2021-03-16,2.557,2.575,2.489,2.52,2.52,18111208.0,iag
2021-03-17,2.525,2.558,2.482,2.53,2.53,11838421.0,iag
2021-03-18,2.55,2.555,2.47,2.513,2.513,20109368.0,iag
2021-03-19,2.47,2.498,2.401,2.418,2.418,19371550.0,iag
2021-03-22,2.334,2.337,2.149,2.285,2.285,40179612.0,iag
2021-03-23,2.24,2.24,2.15,2.175,2.175,43573810.0,iag
2021-03-24,2.15,2.281,2.102,2.262,2.262,29493914.0,iag
2021-03-25,2.279,2.298,2.183,2.259,2.259,15439942.0,iag
2021-03-26,2.298,2.328,2.247,2.295,2.295,13570207.0,iag
2021-03-29,2.297,2.297,2.252,2.254,2.254,8901218.0,iag
2021-03-30,2.279,2.369,2.266,2.358,2.358,14639376.0,iag
2021-03-31,2.352,2.395,2.325,2.337,2.337,12241308.0,iag
2021-04-01,2.337,2.463,2.335,2.458,2.458,19855084.0,iag
2021-04-06,2.507,2.543,2.476,2.5,2.5,20070144.0,iag
2021-04-07,2.525,2.544,2.487,2.52,2.52,15264709.0,iag
2021-04-08,2.536,2.537,2.44,2.483,2.483,16266651.0,iag
2021-04-09,2.49,2.499,2.435,2.435,2.435,9451448.0,iag
2021-04-12,2.471,2.474,2.376,2.386,2.386,13234644.0,iag
2021-04-13,2.38,2.426,2.321,2.341,2.341,16860981.0,iag
2021-04-14,2.322,2.433,2.322,2.408,2.408,12299043.0,iag
2021-04-15,2.428,2.459,2.355,2.389,2.389,11844848.0,iag
2021-04-16,2.403,2.448,2.376,2.404,2.404,9423347.0,iag
2021-04-19,2.421,2.468,2.377,2.436,2.436,11620245.0,iag
2021-04-20,2.436,2.436,2.244,2.247,2.247,36071757.0,iag
2021-04-21,2.299,2.337,2.2,2.251,2.251,23623246.0,iag
2021-04-22,2.301,2.309,2.252,2.305,2.305,14014661.0,iag
2021-04-23,2.306,2.306,2.22,2.266,2.266,17392849.0,iag
2021-04-26,2.302,2.384,2.283,2.355,2.355,17732269.0,iag
2021-04-27,2.36,2.372,2.321,2.35,2.35,8621053.0,iag
2021-04-28,2.374,2.379,2.329,2.335,2.335,9385029.0,iag
2021-04-29,2.335,2.368,2.283,2.309,2.309,10459803.0,iag
2021-04-30,2.3,2.357,2.29,2.315,2.315,8492937.0,iag
2021-05-03,2.347,2.395,2.336,2.381,2.381,9999517.0,iag
2021-05-04,2.4,2.433,2.335,2.345,2.345,16026607.0,iag
2021-05-05,2.396,2.402,2.321,2.36,2.36,10235048.0,iag
2021-05-06,2.378,2.405,2.353,2.383,2.383,14730828.0,iag
2021-05-07,2.4,2.445,2.35,2.444,2.444,18101137.0,iag
2021-05-10,2.471,2.478,2.405,2.444,2.444,14811624.0,iag
2021-05-11,2.38,2.39,2.253,2.268,2.268,41834641.0,iag
2021-05-12,2.269,2.303,2.221,2.254,2.254,19833534.0,iag
2021-05-13,2.234,2.273,2.16,2.24,2.24,24411841.0,iag
2021-05-14,2.28,2.295,2.241,2.295,2.295,12486406.0,iag
2021-05-17,2.32,2.32,2.212,2.226,2.226,19092014.0,iag
2021-05-18,2.27,2.308,2.245,2.285,2.285,16206813.0,iag
2021-05-19,2.25,2.27,2.211,2.261,2.261,15332587.0,iag
2021-05-20,2.288,2.288,2.208,2.234,2.234,13537766.0,iag
2021-05-21,2.247,2.285,2.212,2.278,2.278,11914311.0,iag
2021-05-24,2.289,2.294,2.266,2.283,2.283,5902756.0,iag
2021-05-25,2.296,2.359,2.286,2.334,2.334,19943898.0,iag
2021-05-26,2.341,2.359,2.323,2.35,2.35,15936589.0,iag
2021-05-27,2.353,2.391,2.34,2.354,2.354,13248486.0,iag
2021-05-28,2.375,2.38,2.331,2.36,2.36,8932989.0,iag
2021-05-31,2.376,2.38,2.352,2.375,2.375,5596282.0,iag
2021-06-01,2.372,2.414,2.354,2.399,2.399,11897708.0,iag
2021-06-02,2.406,2.437,2.386,2.428,2.428,11121085.0,iag
2021-06-03,2.439,2.439,2.29,2.311,2.311,34133869.0,iag
2021-06-04,2.322,2.322,2.254,2.295,2.295,17708355.0,iag
2021-06-07,2.301,2.351,2.263,2.35,2.35,11656151.0,iag
2021-06-08,2.35,2.352,2.311,2.311,2.311,8367683.0,iag
2021-06-09,2.33,2.4,2.288,2.378,2.378,18079313.0,iag
2021-06-10,2.38,2.38,2.327,2.344,2.344,10831091.0,iag
2021-06-11,2.345,2.372,2.32,2.367,2.367,6394247.0,iag
2021-06-14,2.359,2.366,2.271,2.277,2.277,26593746.0,iag
2021-06-15,2.296,2.328,2.263,2.273,2.273,12054793.0,iag
2021-06-16,2.29,2.306,2.256,2.292,2.292,7901814.0,iag
2021-06-17,2.294,2.389,2.293,2.345,2.345,24356747.0,iag
2021-06-18,2.36,2.362,2.271,2.317,2.317,19814819.0,iag
2021-06-21,2.289,2.325,2.234,2.32,2.32,13650214.0,iag
2021-06-22,2.33,2.362,2.283,2.29,2.29,11180260.0,iag
2021-06-23,2.3,2.318,2.268,2.27,2.27,9195027.0,iag
2021-06-24,2.29,2.29,2.234,2.247,2.247,14901601.0,iag
2021-06-25,2.286,2.286,2.176,2.196,2.196,20286720.0,iag
2021-06-28,2.195,2.195,2.052,2.059,2.059,37748798.0,iag
2021-06-29,2.06,2.085,2.0,2.028,2.028,28875131.0,iag
2021-06-30,2.021,2.055,1.95,2.024,2.024,35014436.0,iag
2021-07-01,2.031,2.126,2.031,2.102,2.102,17323645.0,iag
2021-07-02,2.127,2.136,2.092,2.115,2.115,10521869.0,iag
2021-07-05,2.111,2.228,2.102,2.207,2.207,19438114.0,iag
2021-07-06,2.218,2.291,2.173,2.185,2.185,23807908.0,iag
2021-07-07,2.188,2.211,2.101,2.113,2.113,14934300.0,iag
2021-07-08,2.099,2.165,2.054,2.113,2.113,18197056.0,iag
2021-07-09,2.13,2.175,2.122,2.158,2.158,10998416.0,iag
2021-07-12,2.16,2.166,2.071,2.082,2.082,11625361.0,iag
2021-07-13,2.09,2.091,2.022,2.031,2.031,17380575.0,iag
2021-07-14,2.02,2.039,1.98,2.009,2.009,20369646.0,iag
2021-07-15,2.0,2.001,1.935,1.9415,1.9415,27332232.0,iag
2021-07-16,1.9365,2.009,1.9325,1.963,1.963,16911170.0,iag
2021-07-19,1.974,1.974,1.817,1.8535,1.8535,40637818.0,iag
2021-07-20,1.86,1.8965,1.815,1.859,1.859,20608783.0,iag
2021-07-21,1.9,1.9925,1.885,1.962,1.962,21173186.0,iag
2021-07-22,1.9955,2.063,1.9835,1.984,1.984,17596522.0,iag
2021-07-23,2.0,2.034,1.964,1.965,1.965,10451224.0,iag
2021-07-26,1.96,2.059,1.93,2.057,2.057,13638638.0,iag
2021-07-27,2.05,2.081,2.015,2.053,2.053,13342141.0,iag
2021-07-28,2.078,2.152,2.065,2.135,2.135,17503557.0,iag
2021-07-29,2.148,2.149,2.086,2.128,2.128,10498457.0,iag
2021-07-30,2.07,2.1,1.965,1.9725,1.9725,29463546.0,iag
2021-08-02,2.018,2.074,1.998,2.032,2.032,15035590.0,iag
2021-08-03,2.04,2.06,1.988,2.005,2.005,10304689.0,iag
2021-08-04,2.03,2.049,1.9875,2.006,2.006,7644727.0,iag
2021-08-05,2.01,2.081,1.9925,2.081,2.081,12628422.0,iag
2021-08-06,2.096,2.11,2.037,2.05,2.05,9480638.0,iag
2021-08-09,2.051,2.051,1.978,1.988,1.988,14641965.0,iag
2021-08-10,1.996,2.0,1.9555,1.974,1.974,12414696.0,iag
2021-08-11,1.997,2.02,1.981,2.005,2.005,10367608.0,iag
2021-08-12,2.0,2.017,1.961,1.9635,1.9635,8917893.0,iag
2021-08-13,1.9695,1.9775,1.95,1.957,1.957,8342171.0,iag
2021-08-16,1.945,1.945,1.91,1.936,1.936,14101854.0,iag
2021-08-17,1.911,1.913,1.874,1.874,1.874,13805148.0,iag
2021-08-18,1.8765,1.925,1.8505,1.918,1.918,15065658.0,iag
2021-08-19,1.88,1.8925,1.851,1.873,1.873,13217584.0,iag
2021-08-20,1.8695,1.876,1.816,1.8565,1.8565,18617146.0,iag
2021-08-23,1.887,1.913,1.866,1.8875,1.8875,11152599.0,iag
2021-08-24,1.9055,1.944,1.892,1.9235,1.9235,15379499.0,iag
2021-08-25,1.935,1.9735,1.9015,1.911,1.911,14017212.0,iag
2021-08-26,1.909,1.9255,1.871,1.891,1.891,10045279.0,iag
2021-08-27,1.897,1.9185,1.8685,1.9115,1.9115,7672531.0,iag
2021-08-30,1.922,1.929,1.895,1.899,1.899,3672344.0,iag
2021-08-31,1.899,1.899,1.83,1.863,1.863,22228534.0,iag
2021-09-01,1.886,1.907,1.862,1.863,1.863,12213456.0,iag
2021-09-02,1.8645,1.8655,1.835,1.8645,1.8645,8389957.0,iag
2021-09-03,1.864,1.873,1.817,1.82,1.82,14498053.0,iag
2021-09-06,1.8215,1.843,1.817,1.829,1.829,9379279.0,iag
2021-09-07,1.836,1.836,1.801,1.8115,1.8115,12520216.0,iag
2021-09-08,1.805,1.859,1.77,1.7835,1.7835,17346013.0,iag
2021-09-09,1.773,1.773,1.712,1.773,1.773,29863501.0,iag
2021-09-10,1.78,1.78,1.701,1.7035,1.7035,25639649.0,iag
2021-09-13,1.7,1.7405,1.66,1.738,1.738,17609118.0,iag
2021-09-14,1.729,1.7335,1.6615,1.669,1.669,14706377.0,iag
2021-09-15,1.662,1.6645,1.601,1.6055,1.6055,24955938.0,iag
2021-09-16,1.6,1.677,1.6,1.675,1.675,17629011.0,iag
2021-09-17,1.695,1.785,1.695,1.7505,1.7505,26969520.0,iag
2021-09-20,1.75,1.9435,1.741,1.9375,1.9375,47593131.0,iag
2021-09-21,1.9595,2.074,1.9595,1.9955,1.9955,39388913.0,iag
2021-09-22,2.029,2.039,1.9895,2.029,2.029,16321274.0,iag
2021-09-23,2.04,2.057,1.987,2.01,2.01,15698223.0,iag
2021-09-24,1.9975,2.062,1.9705,2.048,2.048,16844269.0,iag
2021-09-27,2.07,2.18,2.059,2.176,2.176,31143585.0,iag
2021-09-28,2.182,2.185,2.096,2.101,2.101,22265247.0,iag
2021-09-29,2.13,2.156,2.11,2.153,2.153,15149489.0,iag
2021-09-30,2.165,2.178,2.05,2.08,2.08,19024632.0,iag
2021-10-01,2.031,2.193,1.983,2.193,2.193,28053421.0,iag
2021-10-04,2.203,2.26,2.179,2.203,2.203,21202919.0,iag
2021-10-05,2.19,2.21,2.161,2.196,2.196,13198411.0,iag
2021-10-06,2.171,2.172,2.084,2.115,2.115,19047446.0,iag
2021-10-07,2.147,2.161,2.084,2.087,2.087,11740783.0,iag
2021-10-08,2.09,2.149,2.089,2.116,2.116,10772239.0,iag
2021-10-11,2.12,2.166,2.103,2.142,2.142,9705989.0,iag
2021-10-12,2.125,2.137,2.064,2.08,2.08,18703936.0,iag
2021-10-13,2.097,2.097,2.013,2.025,2.025,15061661.0,iag
2021-10-14,2.056,2.11,2.017,2.089,2.089,13019016.0,iag
2021-10-15,2.104,2.183,2.097,2.166,2.166,24949516.0,iag
2021-10-18,2.165,2.165,2.038,2.077,2.077,22860856.0,iag
2021-10-19,2.06,2.06,1.954,1.9665,1.9665,38628919.0,iag
2021-10-20,1.956,1.956,1.85,1.87,1.87,40453800.0,iag
2021-10-21,1.8635,1.912,1.818,1.904,1.904,20949236.0,iag
2021-10-22,1.915,1.916,1.8325,1.8515,1.8515,18231759.0,iag
2021-10-25,1.85,1.8895,1.835,1.857,1.857,13422989.0,iag
2021-10-26,1.865,1.952,1.855,1.9075,1.9075,15833733.0,iag
2021-10-27,1.914,1.9255,1.887,1.898,1.898,9606528.0,iag
2021-10-28,1.9,1.93,1.852,1.918,1.918,9912574.0,iag
2021-10-29,1.904,1.948,1.9,1.9345,1.9345,7431984.0,iag
2021-11-01,1.9195,1.98,1.907,1.969,1.969,10849693.0,iag
2021-11-02,1.975,1.991,1.918,1.918,1.918,9457146.0,iag
2021-11-03,1.93,2.006,1.9235,1.97,1.97,18130274.0,iag
2021-11-04,1.9965,2.023,1.964,1.974,1.974,13066414.0,iag
2021-11-05,1.99,2.1,1.903,2.095,2.095,40721539.0,iag
2021-11-08,2.093,2.134,2.038,2.071,2.071,16410666.0,iag
2021-11-09,2.06,2.09,2.032,2.032,2.032,10498508.0,iag
2021-11-10,2.025,2.073,1.992,2.036,2.036,15111485.0,iag
2021-11-11,2.025,2.032,1.947,1.9735,1.9735,17038818.0,iag
2021-11-12,1.98,2.0,1.931,1.933,1.933,10658766.0,iag
2021-11-15,1.925,1.9785,1.887,1.9225,1.9225,14800478.0,iag
2021-11-16,1.9255,1.9665,1.8925,1.898,1.898,14719456.0,iag
2021-11-17,1.88,1.916,1.85,1.851,1.851,18236457.0,iag
2021-11-18,1.871,1.88,1.818,1.834,1.834,12231960.0,iag
2021-11-19,1.841,1.8425,1.728,1.77,1.77,38051429.0,iag
2021-11-22,1.772,1.826,1.749,1.769,1.769,18343704.0,iag
2021-11-23,1.77,1.846,1.75,1.8055,1.8055,14667695.0,iag
2021-11-24,1.8,1.832,1.744,1.821,1.821,17862902.0,iag
2021-11-25,1.831,1.8475,1.794,1.8375,1.8375,9010564.0,iag
2021-11-26,1.657,1.694,1.5325,1.551,1.551,131182539.0,iag
2021-11-29,1.58,1.638,1.532,1.5505,1.5505,49485471.0,iag
2021-11-30,1.529,1.5555,1.483,1.499,1.499,47687285.0,iag
2021-12-01,1.525,1.598,1.5065,1.556,1.556,27642249.0,iag
2021-12-02,1.5355,1.5875,1.5205,1.5595,1.5595,22309254.0,iag
2021-12-03,1.604,1.609,1.538,1.5465,1.5465,17521351.0,iag
2021-12-06,1.5755,1.6715,1.5505,1.6685,1.6685,21764288.0,iag
2021-12-07,1.7055,1.7175,1.662,1.673,1.673,22962327.0,iag
2021-12-08,1.66,1.69,1.5715,1.6585,1.6585,37360234.0,iag
2021-12-09,1.665,1.6695,1.596,1.608,1.608,15134291.0,iag
2021-12-10,1.6,1.624,1.592,1.605,1.605,10678272.0,iag
2021-12-13,1.6095,1.6185,1.5215,1.529,1.529,21322162.0,iag
2021-12-14,1.545,1.582,1.5185,1.5555,1.5555,20265955.0,iag
2021-12-15,1.555,1.5595,1.483,1.4855,1.4855,17941772.0,iag
2021-12-16,1.534,1.546,1.485,1.4945,1.4945,21192283.0,iag
2021-12-17,1.49,1.567,1.485,1.551,1.551,19831289.0,iag
2021-12-20,1.474,1.557,1.46,1.5345,1.5345,23731192.0,iag
2021-12-21,1.5455,1.633,1.5305,1.633,1.633,19602025.0,iag
2021-12-22,1.63,1.697,1.6065,1.6585,1.6585,21379922.0,iag
2021-12-23,1.68,1.749,1.6795,1.7005,1.7005,23697159.0,iag
2021-12-27,1.7,1.7385,1.667,1.708,1.708,10910898.0,iag
2021-12-28,1.721,1.732,1.694,1.706,1.706,14624583.0,iag
2021-12-29,1.72,1.754,1.7,1.7005,1.7005,16565407.0,iag
2021-12-30,1.7,1.716,1.667,1.704,1.704,15901780.0,iag
2022-01-03,1.745,1.814,1.734,1.7975,1.7975,20008283.0,iag
2022-01-04,1.83,1.92,1.815,1.8955,1.8955,38057643.0,iag
2022-01-05,1.9,1.9355,1.854,1.9235,1.9235,21654065.0,iag
2022-01-06,1.873,1.9975,1.856,1.9385,1.9385,27013384.0,iag
2022-01-07,1.96,1.96,1.8845,1.925,1.925,13906617.0,iag
2022-01-10,1.941,1.99,1.93,1.9465,1.9465,24217096.0,iag
2022-01-11,1.9635,1.977,1.928,1.954,1.954,12768210.0,iag
2022-01-12,1.979,1.9805,1.931,1.931,1.931,13345290.0,iag
2022-01-13,1.906,1.974,1.872,1.97,1.97,16910018.0,iag
2022-01-14,1.965,1.98,1.9445,1.975,1.975,13626772.0,iag
2022-01-17,1.984,2.018,1.979,1.9865,1.9865,12667821.0,iag
2022-01-18,1.982,1.987,1.933,1.9695,1.9695,12791780.0,iag
2022-01-19,1.9455,1.985,1.8965,1.914,1.914,20676655.0,iag
2022-01-20,1.894,1.9625,1.891,1.9585,1.9585,20172350.0,iag
2022-01-21,1.9075,1.916,1.858,1.8855,1.8855,23123599.0,iag
2022-01-24,1.8595,1.88,1.7405,1.752,1.752,38250658.0,iag
2022-01-25,1.777,1.815,1.741,1.7665,1.7665,21044500.0,iag
2022-01-26,1.7855,1.9135,1.7855,1.9065,1.9065,28896681.0,iag
2022-01-27,1.8505,1.927,1.821,1.902,1.902,16010297.0,iag
2022-01-28,1.9,1.9045,1.836,1.852,1.852,14475474.0,iag
2022-01-31,1.9085,1.909,1.8425,1.877,1.877,13347788.0,iag
2022-02-01,1.9,1.926,1.872,1.9195,1.9195,18632916.0,iag
2022-02-02,1.936,1.947,1.8865,1.8865,1.8865,13900088.0,iag
2022-02-03,1.8865,1.912,1.86,1.881,1.881,10193658.0,iag
2022-02-04,1.898,1.898,1.812,1.8365,1.8365,26090454.0,iag
2022-02-07,1.874,1.9095,1.8435,1.8925,1.8925,19814652.0,iag
2022-02-08,1.91,1.978,1.906,1.978,1.978,31194146.0,iag
2022-02-09,1.99,2.073,1.985,2.068,2.068,34716326.0,iag
2022-02-10,2.09,2.136,2.064,2.107,2.107,40403776.0,iag
2022-02-11,2.065,2.106,2.026,2.069,2.069,21226208.0,iag
2022-02-14,1.957,2.01,1.9,1.969,1.969,64284055.0,iag
2022-02-15,1.9475,2.053,1.935,2.05,2.05,26460447.0,iag
2022-02-16,2.071,2.12,2.036,2.071,2.071,22765203.0,iag
2022-02-17,2.075,2.086,1.9735,1.983,1.983,28376244.0,iag
2022-02-18,1.9855,2.019,1.942,1.947,1.947,24318362.0,iag
2022-02-21,1.973,2.014,1.905,1.907,1.907,22438185.0,iag
2022-02-22,1.8295,1.9565,1.79,1.937,1.937,30588635.0,iag
2022-02-23,1.9695,1.992,1.882,1.8825,1.8825,20930154.0,iag
2022-02-24,1.7405,1.829,1.716,1.771,1.771,68139037.0,iag
2022-02-25,1.85,1.855,1.717,1.8335,1.8335,59241462.0,iag
2022-02-28,1.761,1.821,1.741,1.7765,1.7765,37119756.0,iag
2022-03-01,1.81,1.852,1.65,1.65,1.65,61116427.0,iag
2022-03-02,1.645,1.7115,1.573,1.704,1.704,72285433.0,iag
2022-03-03,1.705,1.705,1.5905,1.6,1.6,39758397.0,iag
2022-03-04,1.59,1.59,1.5,1.507,1.507,62387846.0,iag
2022-03-07,1.4445,1.491,1.3385,1.41,1.41,70315971.0,iag
2022-03-08,1.3755,1.5125,1.358,1.4595,1.4595,44526173.0,iag
2022-03-09,1.54,1.6265,1.506,1.6005,1.6005,48310294.0,iag
2022-03-10,1.622,1.635,1.534,1.5735,1.5735,42359076.0,iag
2022-03-11,1.5925,1.6705,1.577,1.593,1.593,46817340.0,iag
2022-03-14,1.6305,1.668,1.611,1.628,1.628,26715747.0,iag
2022-03-15,1.6045,1.683,1.5725,1.646,1.646,31661955.0,iag
2022-03-16,1.6975,1.74,1.677,1.723,1.723,38435288.0,iag
2022-03-17,1.749,1.767,1.6605,1.676,1.676,29746578.0,iag
2022-03-18,1.69,1.699,1.636,1.688,1.688,20311228.0,iag
2022-03-21,1.686,1.696,1.6535,1.6765,1.6765,13696049.0,iag
2022-03-22,1.6765,1.73,1.673,1.709,1.709,12272736.0,iag
2022-03-23,1.724,1.73,1.6555,1.6605,1.6605,15200237.0,iag
2022-03-24,1.659,1.6675,1.609,1.6305,1.6305,18958817.0,iag
2022-03-25,1.6325,1.657,1.614,1.652,1.652,12692969.0,iag
2022-03-28,1.661,1.703,1.648,1.6715,1.6715,18145616.0,iag
2022-03-29,1.7035,1.779,1.687,1.766,1.766,33210115.0,iag
2022-03-30,1.7625,1.768,1.699,1.708,1.708,20218417.0,iag
2022-03-31,1.73,1.734,1.6795,1.6825,1.6825,15191291.0,iag
2022-04-01,1.7,1.7265,1.6725,1.682,1.682,11941458.0,iag
2022-04-04,1.697,1.7035,1.651,1.685,1.685,13294894.0,iag
2022-04-05,1.69,1.712,1.668,1.6805,1.6805,21088255.0,iag
2022-04-06,1.69,1.7005,1.5865,1.6185,1.6185,32356022.0,iag
2022-04-07,1.632,1.658,1.5885,1.59,1.59,15361343.0,iag
2022-04-08,1.6315,1.636,1.59,1.5975,1.5975,11202202.0,iag
2022-04-11,1.6,1.664,1.561,1.638,1.638,18000189.0,iag
2022-04-12,1.615,1.643,1.597,1.615,1.615,18617041.0,iag
2022-04-13,1.605,1.699,1.596,1.69,1.69,21058764.0,iag
2022-04-14,1.706,1.772,1.7025,1.7575,1.7575,26233460.0,iag
2022-04-19,1.76,1.7695,1.717,1.74,1.74,15395944.0,iag
2022-04-20,1.751,1.753,1.712,1.734,1.734,11769737.0,iag
2022-04-21,1.753,1.8685,1.75,1.8425,1.8425,38943866.0,iag
2022-04-22,1.81,1.854,1.7785,1.781,1.781,19191936.0,iag
2022-04-25,1.7725,1.8055,1.73,1.755,1.755,14678095.0,iag
2022-04-26,1.7965,1.7985,1.6795,1.6795,1.6795,14498942.0,iag
