2017-04-27,13.5,13.655,13.385,13.585,12.966249000000001,1654295.0,melia
2017-04-28,13.55,13.67,13.5,13.63,13.009198,398357.0,melia
2017-05-02,13.68,13.79,13.665,13.79,13.161910999999998,526067.0,melia
2017-05-03,13.72,13.735,13.58,13.645,13.023516,964726.0,melia
2017-05-04,13.7,13.835,13.625,13.795,13.166682999999999,614360.0,melia
2017-05-05,13.81,13.825,13.545,13.745,13.118960000000001,680038.0,melia
2017-05-08,13.87,13.89,13.585,13.61,12.990109,618504.0,melia
2017-05-09,13.7,13.835,13.655,13.82,13.190544000000001,807677.0,melia
2017-05-10,13.84,13.995,13.78,13.825,13.195317000000001,705173.0,melia
2017-05-11,13.5,13.63,13.085,13.38,12.770585,1728954.0,melia
2017-05-12,13.355,13.55,13.2,13.265,12.660824,1316771.0,melia
2017-05-15,13.29,13.395,13.175,13.37,12.761042,2365316.0,melia
2017-05-16,13.4,13.475,13.28,13.35,12.741953,811260.0,melia
2017-05-17,13.265,13.3,13.035,13.085,12.489022,478241.0,melia
2017-05-18,13.105,13.175,12.925,13.175,12.574923,970741.0,melia
2017-05-19,13.2,13.29,13.14,13.285,12.679913,898377.0,melia
2017-05-22,13.28,13.465,13.22,13.42,12.808764,884822.0,melia
2017-05-23,13.4,13.515,13.305,13.45,12.837397,546643.0,melia
2017-05-24,13.405,13.535,13.375,13.52,12.904209,1312427.0,melia
2017-05-25,13.55,13.68,13.475,13.665,13.042603,635308.0,melia
2017-05-26,13.67,13.745,13.31,13.385,12.775357000000001,1851798.0,melia
2017-05-29,13.3,13.415,13.28,13.41,12.799218,419251.0,melia
2017-05-30,13.31,13.46,13.305,13.44,12.827852,748267.0,melia
2017-05-31,13.435,13.61,13.37,13.595,12.975794,1248196.0,melia
2017-06-01,13.6,13.855,13.58,13.855,13.22395,658828.0,melia
2017-06-02,13.95,13.995,13.825,13.89,13.257357,619075.0,melia
2017-06-05,13.855,13.93,13.74,13.74,13.114189000000001,332366.0,melia
2017-06-06,13.71,13.71,13.435,13.655,13.03306,672521.0,melia
2017-06-07,13.56,13.765,13.51,13.725,13.099872999999999,661350.0,melia
2017-06-08,13.78,13.8,13.42,13.51,12.894664,1207157.0,melia
2017-06-09,13.51,13.64,13.445,13.555,12.937614,463560.0,melia
2017-06-12,13.53,13.53,13.28,13.335,12.727634,378821.0,melia
2017-06-13,13.34,13.735,13.34,13.735,13.109416,2371869.0,melia
2017-06-14,13.8,13.87,13.565,13.61,12.990109,713291.0,melia
2017-06-15,13.575,13.58,13.29,13.47,12.856486,447704.0,melia
2017-06-16,13.56,13.585,13.475,13.585,12.966249000000001,1018985.0,melia
2017-06-19,13.58,13.65,13.37,13.415,12.803991,1274630.0,melia
2017-06-20,13.48,13.615,13.41,13.5,12.885119,476948.0,melia
2017-06-21,13.49,13.525,13.31,13.52,12.904209,387169.0,melia
2017-06-22,13.545,13.585,13.41,13.53,12.913753,421264.0,melia
2017-06-23,13.545,13.56,13.275,13.33,12.722863,1910694.0,melia
2017-06-26,13.4,13.47,13.33,13.47,12.856486,1283239.0,melia
2017-06-27,13.4,13.425,13.23,13.275,12.670367,3827552.0,melia
2017-06-28,13.215,13.265,13.035,13.22,12.617873,861787.0,melia
2017-06-29,13.26,13.33,12.885,12.92,12.331536,1280370.0,melia
2017-06-30,12.92,13.27,12.825,13.09,12.493794,1326079.0,melia
2017-07-03,13.185,13.285,13.08,13.13,12.531972,1043859.0,melia
2017-07-04,13.105,13.15,13.0,13.03,12.436525999999999,341829.0,melia
2017-07-05,12.975,13.09,12.85,12.96,12.369715,627136.0,melia
2017-07-06,13.005,13.005,12.68,12.88,12.293358999999999,731112.0,melia
2017-07-07,13.0,13.0,12.675,12.875,12.415341999999999,300784.0,melia
2017-07-10,12.96,12.96,12.705,12.805,12.347841,433167.0,melia
2017-07-11,12.9,12.9,12.67,12.845,12.386414,495419.0,melia
2017-07-12,12.9,13.135,12.845,13.115,12.646773,686181.0,melia
2017-07-13,13.23,13.23,13.085,13.145,12.675703,240719.0,melia
2017-07-14,13.155,13.23,13.105,13.17,12.699810000000001,241300.0,melia
2017-07-17,13.23,13.385,13.14,13.385,12.907135,2516833.0,melia
2017-07-18,13.395,13.43,13.135,13.155,12.685346000000001,397780.0,melia
2017-07-19,13.2,13.295,13.135,13.295,12.820348,435034.0,melia
2017-07-20,13.285,13.38,13.2,13.24,12.767311,318009.0,melia
2017-07-21,13.21,13.255,12.935,13.025,12.559987,389708.0,melia
2017-07-24,13.0,13.0,12.805,12.835,12.37677,436322.0,melia
2017-07-25,12.86,12.98,12.82,12.865,12.405699,323530.0,melia
2017-07-26,12.855,12.995,12.845,12.995,12.531058,528519.0,melia
2017-07-27,13.025,13.11,12.88,12.93,12.468378999999999,903795.0,melia
2017-07-28,12.95,13.05,12.8,13.005,12.540701,567231.0,melia
2017-07-31,13.06,13.19,13.005,13.115,12.646773,473094.0,melia
2017-08-01,13.205,13.205,12.97,13.05,12.584095,443876.0,melia
2017-08-02,13.05,13.21,13.05,13.14,12.670881,520768.0,melia
2017-08-03,13.12,13.145,12.91,13.115,12.646773,355319.0,melia
2017-08-04,13.115,13.37,13.1,13.37,12.892669999999999,395144.0,melia
2017-08-07,13.4,13.425,13.305,13.34,12.863741000000001,361887.0,melia
2017-08-08,13.285,13.44,13.24,13.435,12.95535,639779.0,melia
2017-08-09,13.395,13.395,13.065,13.17,12.699810000000001,419598.0,melia
2017-08-10,13.12,13.17,12.86,12.905,12.444271,540153.0,melia
2017-08-11,12.775,12.835,12.565,12.655,12.203196,343717.0,melia
2017-08-14,12.7,12.9,12.7,12.895,12.434628,273614.0,melia
2017-08-15,12.94,12.975,12.875,12.93,12.468378999999999,210829.0,melia
2017-08-16,13.0,13.15,12.95,12.98,12.516592999999999,3888829.0,melia
2017-08-17,12.945,13.025,12.895,12.925,12.463557000000002,200794.0,melia
2017-08-18,12.74,12.77,12.52,12.67,12.217661,642015.0,melia
2017-08-21,12.645,12.73,12.645,12.69,12.236946000000001,307853.0,melia
2017-08-22,12.775,12.8,12.605,12.785,12.328555,352193.0,melia
2017-08-23,12.71,12.785,12.505,12.52,12.073016,348577.0,melia
2017-08-24,12.6,12.625,12.42,12.42,11.976586,504939.0,melia
2017-08-25,12.465,12.485,12.24,12.24,11.803013,2218270.0,melia
2017-08-28,12.215,12.32,12.1,12.15,11.716225999999999,366608.0,melia
2017-08-29,12.1,12.33,11.975,12.305,11.865692999999998,623935.0,melia
2017-08-30,12.35,12.42,12.33,12.395,11.952478999999999,247385.0,melia
2017-08-31,12.435,12.475,12.32,12.345,11.904264,415964.0,melia
2017-09-01,12.38,12.525,12.38,12.385,11.942836999999999,274064.0,melia
2017-09-04,12.385,12.42,12.29,12.31,11.870515,163373.0,melia
2017-09-05,12.27,12.41,12.25,12.265,11.827121,305930.0,melia
2017-09-06,12.21,12.255,12.065,12.09,11.658368,599575.0,melia
2017-09-07,12.085,12.215,12.07,12.21,11.774084,277740.0,melia
2017-09-08,12.115,12.215,12.06,12.2,11.764441,464322.0,melia
2017-09-11,12.245,12.47,12.245,12.3,11.860871000000001,426795.0,melia
2017-09-12,12.38,12.38,12.215,12.235,11.798191000000001,285242.0,melia
2017-09-13,12.26,12.335,12.24,12.325,11.884978,483431.0,melia
2017-09-14,12.355,12.355,12.255,12.32,11.880157,180214.0,melia
2017-09-15,12.3,12.355,12.25,12.3,11.860871000000001,402818.0,melia
2017-09-18,12.345,12.365,12.275,12.285,11.846406,340524.0,melia
2017-09-19,12.33,12.335,12.135,12.145,11.711405000000001,509243.0,melia
2017-09-20,12.16,12.215,12.055,12.055,11.624619000000001,413228.0,melia
2017-09-21,12.155,12.17,11.985,12.045,11.614975,730214.0,melia
2017-09-22,12.045,12.23,12.045,12.19,11.754798,306956.0,melia
2017-09-25,12.22,12.22,12.045,12.125,11.692119,340982.0,melia
2017-09-26,12.15,12.15,11.955,11.98,11.552294999999999,602091.0,melia
2017-09-27,11.955,12.015,11.76,11.965,11.537831,577451.0,melia
2017-09-28,12.0,12.135,11.95,12.075,11.643904,479257.0,melia
2017-09-29,12.055,12.23,11.97,12.23,11.793369,708153.0,melia
2017-10-02,12.02,12.235,11.99,12.23,11.793369,701800.0,melia
2017-10-03,12.25,12.415,12.14,12.375,11.933193,484098.0,melia
2017-10-04,12.365,12.38,12.035,12.135,11.701761999999999,645881.0,melia
2017-10-05,12.15,12.15,12.035,12.07,11.639082,492742.0,melia
2017-10-06,12.04,12.34,12.035,12.255,11.817478,666463.0,melia
2017-10-09,12.28,12.385,12.225,12.26,11.822299000000001,321608.0,melia
2017-10-10,12.22,12.275,12.06,12.075,11.643904,329694.0,melia
2017-10-11,12.16,12.36,12.155,12.36,11.918728999999999,1467849.0,melia
2017-10-12,12.41,12.415,12.295,12.3,11.860871000000001,552722.0,melia
2017-10-13,12.42,12.475,12.325,12.47,12.024801,280287.0,melia
2017-10-16,12.445,12.46,12.3,12.35,11.909086,251332.0,melia
2017-10-17,12.35,12.36,12.15,12.15,11.716225999999999,522676.0,melia
2017-10-18,12.2,12.28,12.14,12.195,11.75962,347373.0,melia
2017-10-19,12.155,12.245,11.835,11.845,11.422115,610183.0,melia
2017-10-20,11.85,11.905,11.71,11.735,11.316042,483724.0,melia
2017-10-23,11.7,11.75,11.595,11.6,11.185863000000001,493127.0,melia
2017-10-24,11.5,11.735,11.46,11.6,11.185863000000001,608431.0,melia
2017-10-25,11.565,11.635,11.48,11.485,11.074967,463706.0,melia
2017-10-26,11.47,11.915,11.47,11.845,11.422115,945910.0,melia
2017-10-27,11.855,11.855,11.41,11.485,11.074967,417209.0,melia
2017-10-30,11.645,11.745,11.58,11.685,11.267828,1280536.0,melia
2017-10-31,11.765,11.82,11.595,11.75,11.330506,612381.0,melia
2017-11-01,11.82,11.88,11.69,11.72,11.301578,984569.0,melia
2017-11-02,11.7,11.805,11.53,11.56,11.14729,652059.0,melia
2017-11-03,11.615,11.735,11.505,11.515,11.103897,314112.0,melia
2017-11-06,11.535,11.595,11.42,11.595,11.181041,598686.0,melia
2017-11-07,11.62,11.645,11.175,11.35,10.944787,1192279.0,melia
2017-11-08,11.36,11.4,11.065,11.075,10.679605,743682.0,melia
2017-11-09,10.83,11.0,10.675,10.795,10.409602,1879846.0,melia
2017-11-10,10.85,10.865,10.61,10.74,10.356565,875829.0,melia
2017-11-13,10.78,10.84,10.55,10.605,10.226385,391122.0,melia
2017-11-14,10.62,10.625,10.33,10.42,10.047989999999999,1144066.0,melia
2017-11-15,10.37,10.745,10.37,10.625,10.245671000000002,818210.0,melia
2017-11-16,10.67,11.0,10.61,10.97,10.578354,1026792.0,melia
2017-11-17,10.98,10.98,10.82,10.93,10.539783,1138298.0,melia
2017-11-20,11.01,11.47,11.0,11.43,11.021932000000001,2005911.0,melia
2017-11-21,11.44,11.815,11.25,11.685,11.267828,1894214.0,melia
2017-11-22,11.645,11.645,11.325,11.42,11.012288,1311781.0,melia
2017-11-23,11.38,11.45,11.315,11.37,10.964072999999999,1074498.0,melia
2017-11-24,11.37,11.38,11.275,11.29,10.886928999999999,1101150.0,melia
2017-11-27,11.28,11.315,11.19,11.25,10.848357,434712.0,melia
2017-11-28,11.28,11.35,11.2,11.23,10.829071,807802.0,melia
2017-11-29,11.27,11.35,11.24,11.305,10.901394,1167525.0,melia
2017-11-30,11.29,11.33,11.16,11.195,10.795321000000001,515337.0,melia
2017-12-01,11.21,11.26,11.06,11.075,10.679605,504416.0,melia
2017-12-04,11.195,11.21,11.065,11.065,10.669961,703903.0,melia
2017-12-05,11.09,11.27,11.04,11.235,10.833892,545467.0,melia
2017-12-06,11.15,11.26,11.03,11.26,10.858,368767.0,melia
2017-12-07,11.295,11.39,11.235,11.39,10.983359,319177.0,melia
2017-12-08,11.4,11.555,11.355,11.495,11.084610000000001,670529.0,melia
2017-12-11,11.54,11.575,11.36,11.445,11.036394999999999,1719807.0,melia
2017-12-12,11.48,11.48,11.25,11.29,10.886928999999999,493544.0,melia
2017-12-13,11.25,11.37,11.23,11.32,10.915857,1213658.0,melia
2017-12-14,11.305,11.32,11.145,11.255,10.853178999999999,952560.0,melia
2017-12-15,11.275,11.275,11.115,11.19,10.790499,643705.0,melia
2017-12-18,11.28,11.475,11.275,11.37,10.964072999999999,443385.0,melia
2017-12-19,11.47,11.52,11.4,11.505,11.094254,397013.0,melia
2017-12-20,11.525,11.54,11.41,11.48,11.070146000000001,357317.0,melia
2017-12-21,11.505,11.6,11.36,11.535,11.123182,894902.0,melia
2017-12-22,11.44,11.625,11.39,11.59,11.176219,329689.0,melia
2017-12-27,11.62,11.635,11.5,11.63,11.214789999999999,293351.0,melia
2017-12-28,11.65,11.69,11.455,11.5,11.089432,246190.0,melia
2017-12-29,11.55,11.55,11.44,11.5,11.089432,222767.0,melia
2018-01-02,11.54,11.655,11.41,11.655,11.238897999999999,348218.0,melia
2018-01-03,11.72,11.91,11.67,11.67,11.253363,438037.0,melia
2018-01-04,11.74,11.76,11.53,11.57,11.156933,421485.0,melia
2018-01-05,11.63,11.88,11.63,11.82,11.398007000000002,383532.0,melia
2018-01-08,11.9,11.95,11.75,11.77,11.349793,444509.0,melia
2018-01-09,11.8,11.92,11.77,11.8,11.378722,453966.0,melia
2018-01-10,11.81,11.95,11.74,11.95,11.523366000000001,419456.0,melia
2018-01-11,11.91,11.96,11.84,11.88,11.455866,511462.0,melia
2018-01-12,11.92,11.95,11.83,11.83,11.40765,271157.0,melia
2018-01-15,11.83,11.97,11.78,11.91,11.484795,423357.0,melia
2018-01-16,11.96,12.03,11.82,11.82,11.398007000000002,425905.0,melia
2018-01-17,11.82,11.83,11.69,11.81,11.388365,764230.0,melia
2018-01-18,11.85,11.85,11.71,11.75,11.330506,345472.0,melia
2018-01-19,11.73,11.86,11.71,11.85,11.426936999999999,530007.0,melia
2018-01-22,11.9,11.9,11.78,11.82,11.398007000000002,296648.0,melia
2018-01-23,11.9,11.91,11.77,11.79,11.369079,376751.0,melia
2018-01-24,11.77,11.8,11.59,11.59,11.176219,462646.0,melia
2018-01-25,11.56,11.62,11.45,11.49,11.079788,694431.0,melia
2018-01-26,11.49,11.61,11.46,11.5,11.089432,687912.0,melia
2018-01-29,11.52,11.62,11.47,11.47,11.060503,345091.0,melia
2018-01-30,11.43,11.49,11.37,11.38,10.973716,257073.0,melia
2018-01-31,11.44,11.59,11.38,11.4,10.993002,710933.0,melia
2018-02-01,11.42,11.47,11.28,11.35,10.944787,374537.0,melia
2018-02-02,11.36,11.42,11.13,11.13,10.732641000000001,486874.0,melia
2018-02-05,11.1,11.1,10.92,10.93,10.539783,778875.0,melia
2018-02-06,10.63,11.06,10.36,10.82,10.433709,1272663.0,melia
2018-02-07,10.9,10.91,10.73,10.87,10.481924000000001,593626.0,melia
2018-02-08,10.83,10.98,10.81,10.87,10.481924000000001,742381.0,melia
2018-02-09,10.83,11.15,10.76,11.0,10.607283,1119371.0,melia
2018-02-12,11.05,11.21,11.02,11.09,10.694069,657833.0,melia
2018-02-13,11.12,11.2,11.03,11.11,10.713355,741223.0,melia
2018-02-14,11.18,11.43,11.1,11.4,10.993002,613959.0,melia
2018-02-15,11.46,11.49,11.26,11.33,10.925500999999999,414815.0,melia
2018-02-16,11.34,11.45,11.15,11.18,10.780856,840259.0,melia
2018-02-19,11.18,11.31,10.96,11.02,10.626569,1023456.0,melia
2018-02-20,11.05,11.18,10.99,11.0,10.607283,549842.0,melia
2018-02-21,11.02,11.33,11.0,11.29,10.886928999999999,480149.0,melia
2018-02-22,11.24,11.28,11.16,11.23,10.829071,337458.0,melia
2018-02-23,11.26,11.26,11.13,11.23,10.829071,616422.0,melia
2018-02-26,11.3,11.34,11.21,11.21,10.809785,1672721.0,melia
2018-02-27,11.33,11.33,11.07,11.26,10.858,778970.0,melia
2018-02-28,11.31,12.44,11.31,12.14,11.706584,2404966.0,melia
2018-03-01,12.12,12.24,11.93,11.99,11.561938,778176.0,melia
2018-03-02,11.95,12.04,11.83,11.95,11.523366000000001,612952.0,melia
2018-03-05,11.91,12.0,11.71,11.83,11.40765,663282.0,melia
2018-03-06,11.91,12.19,11.91,11.93,11.504081,639597.0,melia
2018-03-07,11.95,12.02,11.86,11.97,11.542653,450013.0,melia
2018-03-08,11.99,12.1,11.99,12.06,11.629439,324545.0,melia
2018-03-09,12.04,12.24,12.04,12.19,11.754798,547665.0,melia
2018-03-12,12.26,12.28,12.13,12.2,11.764441,407137.0,melia
2018-03-13,12.23,12.39,11.97,12.01,11.581224,1026668.0,melia
2018-03-14,11.99,12.21,11.96,12.13,11.69694,449323.0,melia
2018-03-15,12.19,12.19,12.03,12.13,11.69694,377792.0,melia
2018-03-16,12.13,12.15,11.9,11.9,11.475151,749152.0,melia
2018-03-19,11.9,11.96,11.79,11.84,11.417294,368756.0,melia
2018-03-20,11.84,12.02,11.79,12.01,11.581224,878668.0,melia
2018-03-21,12.04,12.11,11.9,11.91,11.484795,715409.0,melia
2018-03-22,11.86,11.92,11.53,11.59,11.176219,493155.0,melia
2018-03-23,11.56,11.62,11.32,11.54,11.128003999999999,637519.0,melia
2018-03-26,11.54,11.58,11.37,11.37,10.964072999999999,443877.0,melia
2018-03-27,11.5,11.56,11.39,11.41,11.002645,725147.0,melia
2018-03-28,11.35,11.38,11.16,11.24,10.838714,631384.0,melia
2018-03-29,11.22,11.52,11.21,11.49,11.079788,1090160.0,melia
2018-04-03,11.41,11.45,11.24,11.24,10.838714,538529.0,melia
2018-04-04,11.25,11.45,11.23,11.41,11.002645,459558.0,melia
2018-04-05,11.51,11.69,11.44,11.69,11.272648,383001.0,melia
2018-04-06,11.68,11.69,11.42,11.44,11.031573,528315.0,melia
2018-04-09,11.49,11.74,11.49,11.56,11.14729,374256.0,melia
2018-04-10,11.62,11.62,11.42,11.47,11.060503,616257.0,melia
2018-04-11,11.47,11.59,11.34,11.38,10.973716,373436.0,melia
2018-04-12,11.38,11.51,11.37,11.49,11.079788,350730.0,melia
2018-04-13,11.53,11.62,11.49,11.52,11.108718,391756.0,melia
2018-04-16,11.56,11.61,11.36,11.4,10.993002,510343.0,melia
2018-04-17,11.58,11.78,11.45,11.71,11.291935,1178575.0,melia
2018-04-18,11.75,11.88,11.67,11.8,11.378722,666918.0,melia
2018-04-19,11.84,11.84,11.53,11.53,11.118361,624320.0,melia
2018-04-20,11.53,11.63,11.46,11.54,11.128003999999999,933277.0,melia
2018-04-23,11.55,11.7,11.55,11.68,11.263005999999999,662429.0,melia
2018-04-24,11.66,11.7,11.57,11.7,11.282291,475808.0,melia
2018-04-25,11.68,11.88,11.62,11.83,11.40765,626506.0,melia
2018-04-26,11.87,11.99,11.8,11.99,11.561938,622763.0,melia
2018-04-27,12.05,12.29,12.01,12.22,11.783728,1470307.0,melia
2018-04-30,12.25,12.38,12.21,12.34,11.899444,517913.0,melia
2018-05-02,12.43,12.57,12.39,12.55,12.101944999999999,946830.0,melia
2018-05-03,12.56,12.76,12.56,12.66,12.208017,1036149.0,melia
2018-05-04,12.68,12.8,12.42,12.44,11.995872,782766.0,melia
2018-05-07,12.41,12.44,12.28,12.38,11.938015,1003488.0,melia
2018-05-08,12.38,12.49,12.26,12.4,11.9573,599453.0,melia
2018-05-09,12.39,12.39,11.97,12.04,11.610153,1104529.0,melia
2018-05-10,12.12,12.12,11.85,11.88,11.455866,886616.0,melia
2018-05-11,11.88,12.04,11.86,12.0,11.571581,1163519.0,melia
2018-05-14,12.07,12.07,11.9,12.03,11.60051,779850.0,melia
2018-05-15,12.05,12.06,11.74,11.77,11.349793,877294.0,melia
2018-05-16,11.8,11.83,11.63,11.71,11.291935,762224.0,melia
2018-05-17,11.73,11.93,11.73,11.92,11.494437,579290.0,melia
2018-05-18,11.97,11.97,11.8,11.88,11.455866,555110.0,melia
2018-05-21,11.89,11.97,11.79,11.8,11.378722,406207.0,melia
2018-05-22,11.8,11.82,11.67,11.72,11.301578,809965.0,melia
2018-05-23,11.69,11.79,11.55,11.69,11.272648,633223.0,melia
2018-05-24,11.68,11.73,11.6,11.66,11.243719,409352.0,melia
2018-05-25,11.66,11.71,11.55,11.68,11.263005999999999,530174.0,melia
2018-05-28,11.74,11.91,11.71,11.88,11.455866,592565.0,melia
2018-05-29,11.81,11.81,11.65,11.7,11.282291,785421.0,melia
2018-05-30,11.75,11.75,11.51,11.71,11.291935,1349371.0,melia
2018-05-31,11.72,11.8,11.63,11.72,11.301578,677726.0,melia
2018-06-01,11.71,12.02,11.71,11.97,11.542653,719910.0,melia
2018-06-04,12.01,12.06,11.91,11.92,11.494437,560497.0,melia
2018-06-05,11.95,12.12,11.88,12.0,11.571581,710950.0,melia
2018-06-06,12.0,12.12,11.97,12.01,11.581224,1101325.0,melia
2018-06-07,12.1,12.1,11.91,11.91,11.484795,526750.0,melia
2018-06-08,11.87,11.88,11.72,11.79,11.369079,521352.0,melia
2018-06-11,11.82,11.98,11.82,11.93,11.504081,472714.0,melia
2018-06-12,11.97,12.07,11.86,12.07,11.639082,539182.0,melia
2018-06-13,12.08,12.26,11.97,12.24,11.803013,1369443.0,melia
2018-06-14,12.2,12.22,12.05,12.19,11.754798,703054.0,melia
2018-06-15,12.21,12.29,12.13,12.13,11.69694,853322.0,melia
2018-06-18,12.15,12.28,12.13,12.16,11.725869,431158.0,melia
2018-06-19,12.12,12.16,12.01,12.07,11.639082,750996.0,melia
2018-06-20,12.11,12.29,12.1,12.24,11.803013,572352.0,melia
2018-06-21,12.22,12.33,12.11,12.2,11.764441,1018918.0,melia
2018-06-22,12.24,12.32,12.19,12.26,11.822299000000001,415177.0,melia
2018-06-25,12.23,12.25,11.82,11.83,11.40765,648465.0,melia
2018-06-26,11.88,12.03,11.74,11.99,11.561938,552736.0,melia
2018-06-27,12.0,12.06,11.85,11.92,11.494437,782945.0,melia
2018-06-28,11.87,11.95,11.64,11.72,11.301578,551198.0,melia
2018-06-29,11.73,11.84,11.7,11.74,11.320864,335910.0,melia
2018-07-02,11.71,11.88,11.55,11.85,11.426936999999999,478893.0,melia
2018-07-03,11.88,11.97,11.83,11.87,11.446222,508590.0,melia
2018-07-04,11.89,11.89,11.7,11.7,11.282291,419708.0,melia
2018-07-05,11.76,11.85,11.35,11.35,10.944787,1117784.0,melia
2018-07-06,11.29,11.43,10.76,11.41,11.16805,1482185.0,melia
2018-07-09,11.48,11.49,11.23,11.36,11.119110000000001,650201.0,melia
2018-07-10,11.38,11.49,11.32,11.36,11.119110000000001,750653.0,melia
2018-07-11,11.46,11.59,11.38,11.45,11.207202,719445.0,melia
2018-07-12,11.51,11.7,11.46,11.65,11.402961,854378.0,melia
2018-07-13,11.67,11.76,11.52,11.65,11.402961,576200.0,melia
2018-07-16,11.71,11.78,11.53,11.53,11.285505,745250.0,melia
2018-07-17,11.53,11.6,11.35,11.45,11.207202,2264173.0,melia
2018-07-18,11.52,11.52,11.31,11.44,11.197413000000001,915582.0,melia
2018-07-19,11.42,11.5,11.4,11.48,11.236566,451445.0,melia
2018-07-20,11.49,11.53,11.4,11.44,11.197413000000001,501971.0,melia
2018-07-23,11.43,11.45,11.37,11.4,11.158261999999999,498081.0,melia
2018-07-24,11.43,11.46,11.1,11.11,10.874412,714365.0,melia
2018-07-25,11.13,11.15,10.85,10.9,10.668864,1007265.0,melia
2018-07-26,10.95,11.01,10.8,10.88,10.649289,520787.0,melia
2018-07-27,10.97,11.0,10.86,11.0,10.766745,495573.0,melia
2018-07-30,10.99,11.07,10.89,10.94,10.708016,639195.0,melia
2018-07-31,11.02,11.39,10.96,11.25,11.011443,1641695.0,melia
2018-08-01,11.26,11.4,11.25,11.37,11.128899,599676.0,melia
2018-08-02,11.37,11.37,11.15,11.2,10.962503,1765427.0,melia
2018-08-03,11.24,11.31,11.15,11.18,10.942927000000001,654586.0,melia
2018-08-06,11.19,11.27,11.05,11.06,10.825472999999999,658683.0,melia
2018-08-07,11.11,11.14,11.03,11.06,10.825472999999999,366378.0,melia
2018-08-08,11.06,11.2,11.01,11.19,10.952715,932221.0,melia
2018-08-09,11.22,11.26,11.14,11.19,10.952715,270446.0,melia
2018-08-10,11.15,11.17,11.0,11.02,10.786321000000001,435244.0,melia
2018-08-13,11.03,11.05,10.82,10.86,10.629713,546879.0,melia
2018-08-14,10.9,10.96,10.71,10.75,10.522045,581658.0,melia
2018-08-15,10.81,10.89,10.66,10.73,10.502469,441843.0,melia
2018-08-16,10.74,10.88,10.73,10.84,10.610137,782728.0,melia
2018-08-17,10.88,10.88,10.75,10.84,10.610137,602855.0,melia
2018-08-20,10.85,11.01,10.85,10.96,10.727592,348029.0,melia
2018-08-21,10.92,11.08,10.92,11.03,10.796108,567817.0,melia
2018-08-22,11.03,11.06,10.91,11.02,10.786321000000001,571722.0,melia
2018-08-23,11.04,11.11,11.01,11.07,10.835258999999999,536304.0,melia
2018-08-24,11.09,11.19,11.09,11.11,10.874412,499876.0,melia
2018-08-27,11.17,11.2,11.11,11.11,10.874412,554346.0,melia
2018-08-28,11.12,11.29,11.08,11.1,10.864624000000001,649589.0,melia
2018-08-29,11.18,11.18,10.91,10.99,10.756956,458406.0,melia
2018-08-30,11.0,11.03,10.85,10.92,10.68844,589241.0,melia
2018-08-31,10.96,10.98,10.76,10.8,10.570986,577611.0,melia
2018-09-03,10.78,10.86,10.76,10.77,10.541622,438075.0,melia
2018-09-04,10.76,10.76,10.55,10.69,10.463318,1664205.0,melia
2018-09-05,10.64,10.82,10.63,10.77,10.541622,531953.0,melia
2018-09-06,10.69,10.69,10.36,10.42,10.199043,799200.0,melia
2018-09-07,10.37,10.43,10.1,10.34,10.12074,680422.0,melia
2018-09-10,10.35,10.49,10.27,10.27,10.052224,565316.0,melia
2018-09-11,10.29,10.31,10.18,10.25,10.032648,362169.0,melia
2018-09-12,10.28,10.3,10.23,10.25,10.032648,443717.0,melia
2018-09-13,10.25,10.25,9.465,9.75,9.543251,1431749.0,melia
2018-09-14,9.75,10.01,9.75,9.79,9.582402,1280853.0,melia
2018-09-17,9.78,9.83,9.6,9.65,9.445371000000002,1421890.0,melia
2018-09-18,9.625,9.76,9.605,9.65,9.445371000000002,1403184.0,melia
2018-09-19,9.635,9.715,9.57,9.595,9.391538,822187.0,melia
2018-09-20,,,,,,,melia
2018-09-21,9.49,9.855,9.455,9.7,9.49431,2062971.0,melia
2018-09-24,9.66,9.77,9.57,9.635,9.43069,797286.0,melia
2018-09-25,9.63,9.73,9.57,9.67,9.464947,649614.0,melia
2018-09-26,9.72,9.83,9.605,9.705,9.499205,930462.0,melia
2018-09-27,9.71,9.72,9.535,9.64,9.435583,990600.0,melia
2018-09-28,9.63,9.695,9.565,9.64,9.435583,933978.0,melia
2018-10-01,9.675,9.76,9.615,9.62,9.416007,941839.0,melia
2018-10-02,9.62,9.635,9.485,9.61,9.406219,1652277.0,melia
2018-10-03,9.68,9.68,9.55,9.595,9.391538,585206.0,melia
2018-10-04,9.56,9.585,9.425,9.545,9.342597999999999,920303.0,melia
2018-10-05,9.53,9.555,9.375,9.39,9.190885,704874.0,melia
2018-10-08,9.41,9.435,9.25,9.26,9.063642,1621185.0,melia
2018-10-09,9.25,9.36,9.25,9.32,9.122369,601007.0,melia
2018-10-10,9.31,9.32,9.04,9.14,8.946186,852421.0,melia
2018-10-11,9.03,9.18,8.92,9.16,8.965761,1203306.0,melia
2018-10-12,9.19,9.485,9.19,9.34,9.141945,777746.0,melia
2018-10-15,9.33,9.335,9.005,9.045,8.8532,637324.0,melia
2018-10-16,9.0,9.365,8.985,9.215,9.019594999999999,990087.0,melia
2018-10-17,9.26,9.32,9.21,9.26,9.063642,741840.0,melia
2018-10-18,9.25,9.455,9.24,9.395,9.195779,746907.0,melia
2018-10-19,9.405,9.41,9.16,9.375,9.176203,1052026.0,melia
2018-10-22,9.435,9.485,9.01,9.01,8.818942999999999,545295.0,melia
2018-10-23,8.94,8.955,8.675,8.705,8.52041,847264.0,melia
2018-10-24,8.755,8.915,8.695,8.73,8.544879,607938.0,melia
2018-10-25,8.685,9.11,8.51,9.005,8.814049,835670.0,melia
2018-10-26,9.01,9.07,8.875,9.02,8.828731,690670.0,melia
2018-10-29,8.995,9.165,8.98,9.025,8.833624,450364.0,melia
2018-10-30,9.08,9.15,8.94,9.01,8.818942999999999,508796.0,melia
2018-10-31,9.09,9.26,9.045,9.08,8.887458,709529.0,melia
2018-11-01,9.04,9.165,9.03,9.14,8.946186,497960.0,melia
2018-11-02,9.255,9.37,9.22,9.305,9.107687,623284.0,melia
2018-11-05,9.35,9.375,9.115,9.115,8.921716,483953.0,melia
2018-11-06,9.12,9.155,9.01,9.11,8.916821,469023.0,melia
2018-11-07,9.11,9.205,8.915,8.93,8.740639,732859.0,melia
2018-11-08,8.85,9.14,8.04,8.245,8.070164,2761024.0,melia
2018-11-09,8.25,8.395,8.155,8.315,8.13868,1025186.0,melia
2018-11-12,8.345,8.435,8.25,8.33,8.153361,801538.0,melia
2018-11-13,8.35,8.405,8.255,8.35,8.172938,1241337.0,melia
2018-11-14,8.375,8.62,8.305,8.505,8.324651,639106.0,melia
2018-11-15,8.53,8.54,8.34,8.48,8.300180000000001,532034.0,melia
2018-11-16,8.525,8.88,8.49,8.72,8.535092,1274315.0,melia
2018-11-19,8.79,8.805,8.655,8.675,8.491046,906501.0,melia
2018-11-20,8.645,8.655,8.455,8.545,8.363803,782982.0,melia
2018-11-21,8.575,8.71,8.415,8.675,8.491046,631583.0,melia
2018-11-22,8.68,8.85,8.64,8.78,8.59382,752163.0,melia
2018-11-23,8.785,8.845,8.715,8.735,8.549773,513927.0,melia
2018-11-26,8.78,8.895,8.725,8.755,8.569349,1293930.0,melia
2018-11-27,8.75,8.835,8.705,8.795,8.608500999999999,723223.0,melia
2018-11-28,8.815,8.885,8.74,8.86,8.672123,420666.0,melia
2018-11-29,8.87,9.025,8.86,8.93,8.740639,866763.0,melia
2018-11-30,8.95,8.96,8.835,8.835,8.647654,941226.0,melia
2018-12-03,8.99,8.99,8.78,8.78,8.59382,646765.0,melia
2018-12-04,8.815,8.85,8.53,8.575,8.393167,877496.0,melia
2018-12-05,8.55,8.635,8.45,8.515,8.334439,596402.0,melia
2018-12-06,8.45,8.47,8.215,8.255,8.079952,592678.0,melia
2018-12-07,8.315,8.465,8.3,8.36,8.182725,413964.0,melia
2018-12-10,8.31,8.34,8.165,8.215,8.0408,642824.0,melia
2018-12-11,8.26,8.35,8.145,8.205,8.031013,551417.0,melia
2018-12-12,8.21,8.375,8.21,8.3,8.123998,650272.0,melia
2018-12-13,8.305,8.39,8.245,8.245,8.070164,559338.0,melia
2018-12-14,8.41,8.445,8.095,8.22,8.045694000000001,595922.0,melia
2018-12-17,8.175,8.245,8.07,8.165,7.991860000000001,665424.0,melia
2018-12-18,8.145,8.335,8.135,8.15,7.977178,856898.0,melia
2018-12-19,8.175,8.44,8.135,8.415,8.236559,846943.0,melia
2018-12-20,8.35,8.35,8.085,8.105,7.933133,593228.0,melia
2018-12-21,8.14,8.17,8.06,8.125,7.952709,833357.0,melia
2018-12-24,8.08,8.12,7.965,8.0,7.830359,182379.0,melia
2018-12-27,8.035,8.15,7.84,7.96,7.791208,632733.0,melia
2018-12-28,8.0,8.165,7.93,8.15,7.977178,483754.0,melia
2018-12-31,8.17,8.22,8.12,8.21,8.035907,200274.0,melia
2019-01-02,8.24,8.35,8.055,8.315,8.13868,492643.0,melia
2019-01-03,8.31,8.31,8.075,8.075,7.9037690000000005,412912.0,melia
2019-01-04,8.165,8.395,8.135,8.34,8.16315,480728.0,melia
2019-01-07,8.37,8.375,8.225,8.3,8.123998,350115.0,melia
2019-01-08,8.28,8.61,8.28,8.55,8.368697000000001,592728.0,melia
2019-01-09,8.63,8.735,8.57,8.67,8.486152,872213.0,melia
2019-01-10,8.65,8.69,8.535,8.64,8.456789,380532.0,melia
2019-01-11,8.675,8.69,8.575,8.6,8.417637,513223.0,melia
2019-01-14,8.62,8.62,8.475,8.555,8.37359,325720.0,melia
2019-01-15,8.635,8.65,8.45,8.575,8.393167,360412.0,melia
2019-01-16,8.6,8.67,8.565,8.63,8.447001,724138.0,melia
2019-01-17,8.635,8.665,8.535,8.56,8.378485000000001,365321.0,melia
2019-01-18,8.615,8.815,8.55,8.795,8.608500999999999,771045.0,melia
2019-01-21,8.795,8.975,8.78,8.96,8.770002,562871.0,melia
2019-01-22,8.96,9.04,8.885,8.95,8.760214999999999,916956.0,melia
2019-01-23,8.935,9.1,8.89,8.96,8.770002,548265.0,melia
2019-01-24,9.015,9.08,8.87,8.965,8.774897,793691.0,melia
2019-01-25,8.985,9.04,8.92,9.04,8.848306,495471.0,melia
2019-01-28,9.025,9.215,8.98,8.99,8.799366000000001,805496.0,melia
2019-01-29,8.98,9.03,8.86,8.865,8.677017,561303.0,melia
2019-01-30,8.855,8.865,8.73,8.77,8.584032,1151535.0,melia
2019-01-31,8.76,8.835,8.605,8.765,8.579138,519275.0,melia
2019-02-01,8.795,8.875,8.73,8.87,8.681911,459382.0,melia
2019-02-04,8.87,8.945,8.85,8.85,8.662335,378814.0,melia
2019-02-05,8.895,9.07,8.825,9.07,8.877669000000001,536699.0,melia
2019-02-06,9.095,9.22,9.05,9.175,8.980444,524397.0,melia
2019-02-07,9.17,9.175,8.57,8.6,8.417637,1309674.0,melia
2019-02-08,8.6,8.76,8.415,8.7,8.515514999999999,1076717.0,melia
2019-02-11,8.79,8.82,8.185,8.2,8.026117999999999,1792383.0,melia
2019-02-12,8.22,8.56,8.22,8.53,8.34912,1096838.0,melia
2019-02-13,8.57,8.695,8.55,8.6,8.417637,385172.0,melia
2019-02-14,8.625,8.72,8.59,8.65,8.466576,543380.0,melia
2019-02-15,8.645,8.81,8.57,8.765,8.579138,541288.0,melia
2019-02-18,8.76,8.815,8.71,8.75,8.564456,464405.0,melia
2019-02-19,8.785,8.915,8.615,8.655,8.47147,881781.0,melia
2019-02-20,8.69,8.85,8.64,8.81,8.623184,560028.0,melia
2019-02-21,8.81,8.81,8.625,8.715,8.530198,457957.0,melia
2019-02-22,8.78,8.93,8.76,8.845,8.657441,620417.0,melia
2019-02-25,8.88,8.925,8.765,8.765,8.579138,518887.0,melia
2019-02-26,8.765,8.885,8.765,8.83,8.642759,437290.0,melia
2019-02-27,8.91,8.91,8.6,8.6,8.417637,1393530.0,melia
2019-02-28,8.61,8.77,8.265,8.395,8.216984,1713642.0,melia
2019-03-01,8.4,8.725,8.4,8.5,8.319757000000001,1482901.0,melia
2019-03-04,8.56,8.81,8.515,8.78,8.59382,1189641.0,melia
2019-03-05,8.785,8.8,8.64,8.67,8.486152,482344.0,melia
2019-03-06,8.69,8.725,8.585,8.6,8.417637,715866.0,melia
2019-03-07,8.635,8.635,8.375,8.445,8.265922999999999,543947.0,melia
2019-03-08,8.4,8.44,8.345,8.385,8.207195,492590.0,melia
2019-03-11,8.4,8.53,8.36,8.48,8.300180000000001,601718.0,melia
2019-03-12,8.5,8.53,8.22,8.26,8.084846,1011897.0,melia
2019-03-13,8.25,8.36,8.23,8.265,8.089741,510841.0,melia
2019-03-14,8.27,8.415,8.23,8.26,8.084846,571311.0,melia
2019-03-15,8.275,8.39,8.26,8.38,8.202302,993038.0,melia
2019-03-18,8.4,8.485,8.355,8.395,8.216984,595839.0,melia
2019-03-19,8.41,8.605,8.405,8.57,8.388272,1229567.0,melia
2019-03-20,8.55,8.57,8.51,8.51,8.329545,647259.0,melia
2019-03-21,8.5,8.55,8.315,8.34,8.16315,1056875.0,melia
2019-03-22,8.375,8.39,8.005,8.02,7.8499360000000005,1582908.0,melia
2019-03-25,8.03,8.135,8.0,8.055,7.884192999999999,933797.0,melia
2019-03-26,8.095,8.14,8.01,8.09,7.918450999999999,431818.0,melia
2019-03-27,8.085,8.285,8.085,8.16,7.986967,576859.0,melia
2019-03-28,8.185,8.215,8.115,8.115,7.942921000000001,460491.0,melia
2019-03-29,8.165,8.275,8.085,8.275,8.099527,1135527.0,melia
2019-04-01,8.32,8.33,8.23,8.255,8.079952,657126.0,melia
2019-04-02,8.295,8.325,8.2,8.3,8.123998,459259.0,melia
2019-04-03,8.355,8.42,8.31,8.38,8.202302,563532.0,melia
2019-04-04,8.385,8.44,8.36,8.365,8.187619,501054.0,melia
2019-04-05,8.37,8.525,8.295,8.3,8.123998,966980.0,melia
2019-04-08,8.3,8.345,8.25,8.25,8.075058,361256.0,melia
2019-04-09,8.25,8.28,8.15,8.2,8.026117999999999,678724.0,melia
2019-04-10,8.19,8.26,8.15,8.22,8.045694000000001,532272.0,melia
2019-04-11,8.235,8.585,8.235,8.525,8.344227,786345.0,melia
2019-04-12,8.55,8.635,8.45,8.59,8.407848,633970.0,melia
2019-04-15,8.595,8.69,8.53,8.585,8.402954,589839.0,melia
2019-04-16,8.645,8.685,8.58,8.665,8.481258,448866.0,melia
2019-04-17,8.64,8.73,8.635,8.685,8.500834,595633.0,melia
2019-04-18,8.66,8.795,8.52,8.765,8.579138,709585.0,melia
2019-04-23,8.8,8.8,8.66,8.75,8.564456,476411.0,melia
2019-04-24,8.73,8.775,8.65,8.685,8.500834,442619.0,melia
2019-04-25,8.65,8.735,8.65,8.68,8.49594,530551.0,melia
2019-04-26,8.73,8.8,8.655,8.795,8.608500999999999,452371.0,melia
2019-04-29,8.765,8.885,8.755,8.88,8.691699,327205.0,melia
2019-04-30,8.89,8.89,8.775,8.83,8.642759,455856.0,melia
2019-05-02,8.835,8.85,8.735,8.82,8.632971000000001,572422.0,melia
2019-05-03,8.78,8.85,8.655,8.68,8.49594,446102.0,melia
2019-05-06,8.6,8.615,8.435,8.47,8.290393,513622.0,melia
2019-05-07,8.58,8.58,8.24,8.27,8.094635,807965.0,melia
2019-05-08,8.285,8.29,8.16,8.255,8.079952,615221.0,melia
2019-05-09,8.18,8.2,8.0,8.04,7.869511,1092759.0,melia
2019-05-10,8.1,8.26,8.08,8.22,8.045694000000001,530436.0,melia
2019-05-13,8.235,8.235,8.08,8.08,7.908663000000001,552571.0,melia
2019-05-14,8.13,8.2,8.075,8.2,8.026117999999999,352458.0,melia
2019-05-15,8.205,8.27,8.075,8.17,7.996755,373610.0,melia
2019-05-16,8.115,8.255,8.04,8.235,8.060376,515102.0,melia
2019-05-17,8.24,8.325,8.175,8.325,8.148468,434521.0,melia
2019-05-20,8.29,8.33,8.145,8.155,7.9820720000000005,360976.0,melia
2019-05-21,8.235,8.245,8.095,8.2,8.026117999999999,430449.0,melia
2019-05-22,8.24,8.26,8.095,8.155,7.9820720000000005,770815.0,melia
2019-05-23,8.09,8.145,8.0,8.04,7.869511,575454.0,melia
2019-05-24,8.02,8.19,8.02,8.14,7.967391,480210.0,melia
2019-05-27,8.185,8.31,8.175,8.29,8.11421,352576.0,melia
2019-05-28,8.31,8.37,8.25,8.3,8.123998,556456.0,melia
2019-05-29,8.21,8.235,8.06,8.165,7.991860000000001,368415.0,melia
2019-05-30,8.265,8.305,8.22,8.305,8.128892,388663.0,melia
2019-05-31,8.24,8.265,8.045,8.165,7.991860000000001,490573.0,melia
2019-06-03,8.1,8.12,7.995,8.04,7.869511,431955.0,melia
2019-06-04,8.01,8.24,7.91,8.185,8.011436,911878.0,melia
2019-06-05,8.25,8.35,8.23,8.23,8.055482000000001,655015.0,melia
2019-06-06,8.295,8.355,8.255,8.31,8.133786,443730.0,melia
2019-06-07,8.305,8.385,8.3,8.335,8.158256,439700.0,melia
2019-06-10,8.37,8.575,8.37,8.505,8.324651,742174.0,melia
2019-06-11,8.6,8.61,8.52,8.59,8.407848,527658.0,melia
2019-06-12,8.565,8.67,8.465,8.465,8.2855,398503.0,melia
2019-06-13,8.495,8.585,8.45,8.565,8.383378,304590.0,melia
2019-06-14,8.595,8.6,8.42,8.44,8.261028999999999,360404.0,melia
2019-06-17,8.495,8.58,8.435,8.45,8.270817,325206.0,melia
2019-06-18,8.415,8.455,8.31,8.325,8.148468,1266040.0,melia
2019-06-19,8.35,8.405,8.25,8.27,8.094635,437787.0,melia
2019-06-20,8.21,8.31,8.17,8.17,7.996755,722931.0,melia
2019-06-21,8.15,8.235,8.135,8.17,7.996755,1063823.0,melia
2019-06-24,8.165,8.26,8.1,8.25,8.075058,448911.0,melia
2019-06-25,8.3,8.3,8.18,8.19,8.01633,297973.0,melia
2019-06-26,8.215,8.275,8.175,8.205,8.031013,293894.0,melia
2019-06-27,8.275,8.275,8.14,8.205,8.031013,436034.0,melia
2019-06-28,8.215,8.4,8.215,8.4,8.221877000000001,484901.0,melia
2019-07-01,8.475,8.52,8.42,8.5,8.319757000000001,402302.0,melia
2019-07-02,8.52,8.535,8.355,8.405,8.226771000000001,304172.0,melia
2019-07-03,8.495,8.62,8.415,8.61,8.427424,530827.0,melia
2019-07-04,8.65,8.69,8.6,8.63,8.447001,394082.0,melia
2019-07-05,8.54,8.54,8.4,8.415,8.415,555690.0,melia
2019-07-08,8.45,8.45,8.29,8.305,8.305,387380.0,melia
2019-07-09,8.3,8.3,8.105,8.13,8.13,579472.0,melia
2019-07-10,8.165,8.175,8.06,8.06,8.06,743362.0,melia
2019-07-11,8.06,8.1,8.005,8.04,8.04,585383.0,melia
2019-07-12,8.035,8.205,8.035,8.135,8.135,650658.0,melia
2019-07-15,8.14,8.22,8.1,8.165,8.165,333774.0,melia
2019-07-16,8.17,8.24,8.14,8.16,8.16,1019819.0,melia
2019-07-17,8.145,8.175,8.025,8.05,8.05,634257.0,melia
2019-07-18,8.01,8.01,7.885,7.955,7.955,839731.0,melia
2019-07-19,8.03,8.05,7.96,8.0,8.0,505860.0,melia
2019-07-22,8.045,8.09,7.965,8.085,8.085,522599.0,melia
2019-07-23,8.11,8.255,8.06,8.195,8.195,883102.0,melia
2019-07-24,8.165,8.35,8.15,8.29,8.29,456169.0,melia
2019-07-25,8.31,8.37,8.14,8.2,8.2,438365.0,melia
2019-07-26,8.16,8.25,8.16,8.23,8.23,441248.0,melia
2019-07-29,8.19,8.325,8.19,8.325,8.325,423503.0,melia
2019-07-30,8.355,8.355,8.08,8.105,8.105,544096.0,melia
2019-07-31,8.105,8.11,7.975,7.975,7.975,1180992.0,melia
2019-08-01,7.96,7.98,7.62,7.83,7.83,1314514.0,melia
2019-08-02,7.72,7.77,7.48,7.49,7.49,1324463.0,melia
2019-08-05,7.35,7.43,7.31,7.38,7.38,784305.0,melia
2019-08-06,7.385,7.41,7.065,7.08,7.08,1112730.0,melia
2019-08-07,7.16,7.415,7.105,7.35,7.35,915352.0,melia
2019-08-08,7.41,7.79,7.335,7.49,7.49,692388.0,melia
2019-08-09,7.465,7.51,7.27,7.28,7.28,488280.0,melia
2019-08-12,7.325,7.39,7.19,7.245,7.245,355406.0,melia
2019-08-13,7.22,7.345,7.115,7.215,7.215,569970.0,melia
2019-08-14,7.25,7.25,6.93,7.005,7.005,524151.0,melia
2019-08-15,7.045,7.1,6.905,6.93,6.93,562993.0,melia
2019-08-16,6.93,7.145,6.93,7.145,7.145,502599.0,melia
2019-08-19,7.18,7.315,7.18,7.305,7.305,477150.0,melia
2019-08-20,7.31,7.33,7.155,7.175,7.175,359073.0,melia
2019-08-21,7.175,7.305,7.175,7.25,7.25,382879.0,melia
2019-08-22,7.265,7.355,7.22,7.245,7.245,436682.0,melia
2019-08-23,7.275,7.395,7.17,7.17,7.17,268744.0,melia
2019-08-26,7.165,7.26,7.095,7.245,7.245,356426.0,melia
2019-08-27,7.24,7.31,7.18,7.255,7.255,347814.0,melia
2019-08-28,7.175,7.25,7.075,7.175,7.175,353510.0,melia
2019-08-29,7.17,7.27,7.135,7.245,7.245,409554.0,melia
2019-08-30,7.24,7.58,7.24,7.5,7.5,1042594.0,melia
2019-09-02,7.51,7.555,7.22,7.29,7.29,541631.0,melia
2019-09-03,7.295,7.365,7.26,7.29,7.29,476128.0,melia
2019-09-04,7.335,7.51,7.335,7.38,7.38,375907.0,melia
2019-09-05,7.465,7.505,7.38,7.505,7.505,642801.0,melia
2019-09-06,7.405,7.43,7.17,7.185,7.185,878651.0,melia
2019-09-09,7.235,7.455,7.235,7.435,7.435,586970.0,melia
2019-09-10,7.43,7.635,7.41,7.53,7.53,1088793.0,melia
2019-09-11,7.63,7.675,7.555,7.6,7.6,307754.0,melia
2019-09-12,7.6,7.62,7.33,7.37,7.37,739538.0,melia
2019-09-13,7.36,7.6,7.36,7.55,7.55,352784.0,melia
2019-09-16,7.525,7.53,7.43,7.48,7.48,407870.0,melia
2019-09-17,7.475,7.555,7.285,7.37,7.37,649229.0,melia
2019-09-18,7.355,7.45,7.33,7.445,7.445,581219.0,melia
2019-09-19,7.405,7.47,7.35,7.35,7.35,548348.0,melia
2019-09-20,7.35,7.375,7.125,7.2,7.2,915458.0,melia
2019-09-23,7.16,7.18,7.035,7.15,7.15,679904.0,melia
2019-09-24,7.165,7.195,7.095,7.16,7.16,438604.0,melia
2019-09-25,7.2,7.2,7.015,7.175,7.175,474859.0,melia
2019-09-26,7.105,7.24,7.005,7.005,7.005,499958.0,melia
2019-09-27,7.05,7.12,7.0,7.065,7.065,501487.0,melia
2019-09-30,7.135,7.155,7.02,7.12,7.12,819035.0,melia
2019-10-01,7.15,7.3,7.13,7.16,7.16,638861.0,melia
2019-10-02,7.205,7.205,7.025,7.04,7.04,583554.0,melia
2019-10-03,7.02,7.045,6.92,7.015,7.015,593167.0,melia
2019-10-04,7.06,7.105,6.97,7.05,7.05,563808.0,melia
2019-10-07,7.05,7.115,6.995,7.11,7.11,535666.0,melia
2019-10-08,7.135,7.15,7.035,7.09,7.09,713919.0,melia
2019-10-09,7.055,7.155,7.025,7.125,7.125,523861.0,melia
2019-10-10,7.085,7.225,7.085,7.22,7.22,581749.0,melia
2019-10-11,7.22,7.345,7.125,7.345,7.345,1492749.0,melia
2019-10-14,7.35,7.36,7.21,7.26,7.26,532326.0,melia
2019-10-15,7.25,7.42,7.25,7.39,7.39,913982.0,melia
2019-10-16,7.42,7.485,7.33,7.425,7.425,531124.0,melia
2019-10-17,7.39,7.44,7.22,7.3,7.3,692252.0,melia
2019-10-18,7.145,7.175,6.96,7.0,7.0,1504390.0,melia
2019-10-21,7.1,7.42,7.055,7.18,7.18,1665362.0,melia
2019-10-22,7.25,7.39,7.125,7.17,7.17,922117.0,melia
2019-10-23,7.17,7.23,7.145,7.17,7.17,674109.0,melia
2019-10-24,7.21,7.295,7.18,7.2,7.2,406954.0,melia
2019-10-25,7.185,7.33,7.185,7.33,7.33,643073.0,melia
2019-10-28,7.315,7.47,7.3,7.455,7.455,622593.0,melia
2019-10-29,7.46,7.49,7.38,7.47,7.47,542153.0,melia
2019-10-30,7.465,7.48,7.135,7.21,7.21,676326.0,melia
2019-10-31,7.21,7.325,7.14,7.305,7.305,564769.0,melia
2019-11-01,7.285,7.445,7.275,7.435,7.435,431335.0,melia
2019-11-04,7.315,7.435,7.245,7.255,7.255,826296.0,melia
2019-11-05,7.34,7.37,7.27,7.37,7.37,594677.0,melia
2019-11-06,7.325,7.42,7.3,7.4,7.4,433951.0,melia
2019-11-07,7.405,7.535,7.4,7.415,7.415,562834.0,melia
2019-11-08,7.31,7.56,7.295,7.5,7.5,928887.0,melia
2019-11-11,7.485,7.595,7.445,7.595,7.595,463157.0,melia
2019-11-12,7.61,7.67,7.55,7.595,7.595,688044.0,melia
2019-11-13,7.61,7.64,7.485,7.6,7.6,647349.0,melia
2019-11-14,7.575,7.72,7.52,7.7,7.7,830808.0,melia
2019-11-15,7.74,7.775,7.615,7.71,7.71,681787.0,melia
2019-11-18,7.755,7.755,7.51,7.56,7.56,509236.0,melia
2019-11-19,7.605,7.76,7.56,7.645,7.645,1382867.0,melia
2019-11-20,7.645,7.65,7.515,7.62,7.62,377872.0,melia
2019-11-21,7.575,7.58,7.445,7.46,7.46,702685.0,melia
2019-11-22,7.45,7.625,7.45,7.625,7.625,404730.0,melia
2019-11-25,7.64,7.675,7.61,7.63,7.63,307430.0,melia
2019-11-26,7.585,7.605,7.5,7.575,7.575,488151.0,melia
2019-11-27,7.605,7.675,7.56,7.655,7.655,415370.0,melia
2019-11-28,7.615,7.65,7.56,7.6,7.6,567252.0,melia
2019-11-29,7.555,7.625,7.515,7.53,7.53,456985.0,melia
2019-12-02,7.56,7.64,7.405,7.415,7.415,499164.0,melia
2019-12-03,7.42,7.445,7.32,7.37,7.37,684815.0,melia
2019-12-04,7.415,7.54,7.39,7.475,7.475,441799.0,melia
2019-12-05,7.47,7.615,7.465,7.585,7.585,1254150.0,melia
2019-12-06,7.575,7.845,7.575,7.795,7.795,632787.0,melia
2019-12-09,7.79,7.865,7.735,7.78,7.78,341306.0,melia
2019-12-10,7.79,7.79,7.62,7.65,7.65,405610.0,melia
2019-12-11,7.675,7.685,7.53,7.555,7.555,351594.0,melia
2019-12-12,7.56,7.75,7.525,7.75,7.75,688894.0,melia
2019-12-13,7.81,7.9,7.72,7.785,7.785,776116.0,melia
2019-12-16,7.85,7.98,7.815,7.96,7.96,482322.0,melia
2019-12-17,7.95,8.06,7.91,8.01,8.01,671812.0,melia
2019-12-18,7.975,8.045,7.945,8.035,8.035,691672.0,melia
2019-12-19,8.05,8.065,7.94,7.965,7.965,302187.0,melia
2019-12-20,8.0,8.025,7.875,7.98,7.98,838565.0,melia
2019-12-23,7.925,8.1,7.925,8.1,8.1,332782.0,melia
2019-12-24,8.1,8.125,8.01,8.01,8.01,88666.0,melia
2019-12-25,8.01,8.01,8.01,8.01,8.01,0.0,melia
2019-12-27,8.075,8.08,7.965,8.03,8.03,243061.0,melia
2019-12-30,7.99,8.04,7.915,7.915,7.915,308482.0,melia
2019-12-31,7.89,7.975,7.85,7.86,7.86,105154.0,melia
2020-01-02,7.94,8.045,7.9,8.04,8.04,419840.0,melia
2020-01-03,8.0,8.09,7.99,8.05,8.05,364842.0,melia
2020-01-06,8.005,8.005,7.79,7.955,7.955,423945.0,melia
2020-01-07,7.99,8.045,7.965,7.985,7.985,249274.0,melia
2020-01-08,7.915,7.95,7.87,7.94,7.94,290169.0,melia
2020-01-09,8.0,8.065,7.945,8.04,8.04,648496.0,melia
2020-01-10,8.04,8.22,8.03,8.135,8.135,415684.0,melia
2020-01-13,8.175,8.28,8.165,8.25,8.25,538638.0,melia
2020-01-14,8.275,8.275,8.15,8.225,8.225,409243.0,melia
2020-01-15,8.25,8.335,8.215,8.335,8.335,356574.0,melia
2020-01-16,8.36,8.365,8.21,8.215,8.215,526989.0,melia
2020-01-17,8.35,8.4,8.225,8.335,8.335,633956.0,melia
2020-01-20,8.35,8.365,8.24,8.25,8.25,458256.0,melia
2020-01-21,8.145,8.275,8.13,8.17,8.17,475209.0,melia
2020-01-22,8.19,8.215,8.06,8.155,8.155,572274.0,melia
2020-01-23,8.11,8.17,8.06,8.06,8.06,541023.0,melia
2020-01-24,8.15,8.175,7.845,7.845,7.845,585009.0,melia
2020-01-27,7.7,7.725,7.355,7.39,7.39,1110890.0,melia
2020-01-28,7.445,7.675,7.4,7.605,7.605,1083764.0,melia
2020-01-29,7.635,7.7,7.5,7.51,7.51,494130.0,melia
2020-01-30,7.45,7.485,7.19,7.365,7.365,1245441.0,melia
2020-01-31,7.37,7.47,7.23,7.25,7.25,645528.0,melia
2020-02-03,7.26,7.335,7.2,7.32,7.32,630908.0,melia
2020-02-04,7.365,7.505,7.355,7.47,7.47,434863.0,melia
2020-02-05,7.5,7.67,7.4,7.485,7.485,882576.0,melia
2020-02-06,7.56,7.56,7.39,7.47,7.47,695305.0,melia
2020-02-07,7.49,7.49,7.325,7.4,7.4,742445.0,melia
2020-02-10,7.4,7.42,7.335,7.385,7.385,380735.0,melia
2020-02-11,7.425,7.525,7.39,7.51,7.51,322154.0,melia
2020-02-12,7.49,7.595,7.49,7.595,7.595,310445.0,melia
2020-02-13,7.565,7.625,7.415,7.475,7.475,470995.0,melia
2020-02-14,7.505,7.61,7.505,7.53,7.53,469831.0,melia
2020-02-17,7.575,7.595,7.44,7.485,7.485,329332.0,melia
2020-02-18,7.455,7.455,7.33,7.35,7.35,572692.0,melia
2020-02-19,7.405,7.435,7.355,7.39,7.39,564162.0,melia
2020-02-20,7.36,7.405,7.335,7.35,7.35,442439.0,melia
2020-02-21,7.38,7.385,7.245,7.285,7.285,582978.0,melia
2020-02-24,7.075,7.075,6.68,6.715,6.715,1594445.0,melia
2020-02-25,6.775,6.79,6.48,6.48,6.48,1074472.0,melia
2020-02-26,6.34,6.465,6.225,6.395,6.395,1205413.0,melia
2020-02-27,6.4,6.405,5.94,6.095,6.095,2020763.0,melia
2020-02-28,5.9,6.255,5.83,6.235,6.235,1846026.0,melia
2020-03-02,6.41,6.45,6.05,6.125,6.125,1179564.0,melia
2020-03-03,6.25,6.33,6.08,6.08,6.08,1200290.0,melia
2020-03-04,6.145,6.15,5.72,5.755,5.755,1457805.0,melia
2020-03-05,5.795,5.82,5.655,5.68,5.68,1269120.0,melia
2020-03-06,5.6,5.62,5.35,5.46,5.46,2067296.0,melia
2020-03-09,5.21,5.265,5.07,5.08,5.08,1823302.0,melia
2020-03-10,5.165,5.24,4.85,4.96,4.96,1746594.0,melia
2020-03-11,5.03,5.08,4.662,4.694,4.694,1510618.0,melia
2020-03-12,4.5,4.5,3.98,4.006,4.006,2144948.0,melia
2020-03-13,4.2,4.25,3.82,3.934,3.934,1962379.0,melia
2020-03-16,3.918,3.92,3.2,3.206,3.206,2106387.0,melia
2020-03-17,3.282,3.368,2.922,3.216,3.216,938758.0,melia
2020-03-18,3.45,3.45,2.51,2.744,2.744,2697064.0,melia
2020-03-19,3.16,3.16,2.74,2.89,2.89,1205918.0,melia
2020-03-20,3.0,3.14,2.864,3.124,3.124,1434484.0,melia
2020-03-23,2.896,3.19,2.886,3.188,3.188,904700.0,melia
2020-03-24,3.418,4.016,3.3,4.016,4.016,1345023.0,melia
2020-03-25,4.184,4.2,3.514,3.75,3.75,2433715.0,melia
2020-03-26,3.734,3.944,3.6,3.9,3.9,832197.0,melia
2020-03-27,3.894,3.894,3.67,3.75,3.75,750563.0,melia
2020-03-30,3.7,3.75,3.51,3.712,3.712,721703.0,melia
2020-03-31,3.88,3.9,3.754,3.88,3.88,845093.0,melia
2020-04-01,3.81,3.846,3.7,3.822,3.822,654765.0,melia
2020-04-02,3.868,3.88,3.722,3.742,3.742,623021.0,melia
2020-04-03,3.746,3.784,3.71,3.71,3.71,398701.0,melia
2020-04-06,3.9,3.95,3.714,3.812,3.812,905119.0,melia
2020-04-07,4.0,4.79,3.994,4.274,4.274,1990878.0,melia
2020-04-08,4.54,4.54,4.1,4.3,4.3,894397.0,melia
2020-04-09,4.49,4.49,4.258,4.37,4.37,679913.0,melia
2020-04-14,4.79,4.79,4.326,4.348,4.348,1269473.0,melia
2020-04-15,4.346,4.346,4.1,4.198,4.198,988624.0,melia
2020-04-16,4.2,4.2,4.0,4.03,4.03,790377.0,melia
2020-04-17,4.15,4.234,4.042,4.2,4.2,731552.0,melia
2020-04-20,4.2,4.25,3.92,4.116,4.116,702180.0,melia
2020-04-21,4.0,4.136,3.94,4.084,4.084,630891.0,melia
2020-04-22,4.13,4.14,3.98,4.004,4.004,416336.0,melia
2020-04-23,4.088,4.108,3.998,4.064,4.064,509244.0,melia
2020-04-24,4.05,4.05,3.908,3.918,3.918,255541.0,melia
2020-04-27,4.0,4.06,3.97,4.058,4.058,292962.0,melia
2020-04-28,4.062,4.1,3.936,3.96,3.96,508622.0,melia
2020-04-29,4.05,4.342,4.0,4.33,4.33,939837.0,melia
2020-04-30,4.35,4.44,4.164,4.19,4.19,908196.0,melia
2020-05-04,4.19,4.19,3.984,4.076,4.076,530795.0,melia
2020-05-05,4.076,4.158,3.94,3.95,3.95,553925.0,melia
2020-05-06,4.052,4.052,3.814,3.836,3.836,652991.0,melia
2020-05-07,3.83,3.888,3.83,3.836,3.836,239528.0,melia
2020-05-08,3.9,3.9,3.8,3.9,3.9,397679.0,melia
2020-05-11,3.952,3.952,3.8,3.802,3.802,579140.0,melia
2020-05-12,3.812,3.822,3.562,3.578,3.578,1146428.0,melia
2020-05-13,3.53,3.532,3.27,3.3,3.3,782832.0,melia
2020-05-14,3.258,3.35,3.212,3.334,3.334,834395.0,melia
2020-05-15,3.38,3.41,3.3,3.408,3.408,693719.0,melia
2020-05-18,3.52,3.72,3.45,3.72,3.72,781640.0,melia
2020-05-19,3.836,3.966,3.486,3.592,3.592,3694659.0,melia
2020-05-20,3.56,3.56,3.264,3.486,3.486,1614724.0,melia
2020-05-21,3.462,3.662,3.35,3.516,3.516,1173333.0,melia
2020-05-22,3.48,3.64,3.382,3.476,3.476,1333665.0,melia
2020-05-25,4.038,4.41,3.922,4.4,4.4,5053832.0,melia
2020-05-26,4.5,5.235,4.48,5.0,5.0,8747759.0,melia
2020-05-27,5.02,5.04,4.65,4.84,4.84,4453381.0,melia
2020-05-28,4.954,5.05,4.568,4.722,4.722,2563521.0,melia
2020-05-29,4.648,4.648,4.326,4.462,4.462,2468163.0,melia
2020-06-01,4.674,4.838,4.574,4.826,4.826,2203122.0,melia
2020-06-02,4.9,5.05,4.722,4.746,4.746,3176102.0,melia
2020-06-03,4.838,4.942,4.732,4.84,4.84,2503611.0,melia
2020-06-04,4.83,4.83,4.626,4.752,4.752,2631526.0,melia
2020-06-05,4.862,5.16,4.81,5.09,5.09,4136261.0,melia
2020-06-08,5.1,5.475,5.0,5.08,5.08,4141727.0,melia
2020-06-09,5.135,5.3,4.752,4.852,4.852,3222443.0,melia
2020-06-10,4.914,4.96,4.534,4.612,4.612,2336644.0,melia
2020-06-11,4.4,4.418,4.16,4.268,4.268,2638632.0,melia
2020-06-12,4.22,4.49,4.11,4.286,4.286,2904885.0,melia
2020-06-15,4.27,4.672,4.17,4.39,4.39,3967415.0,melia
2020-06-16,4.664,4.664,4.318,4.356,4.356,3344002.0,melia
2020-06-17,4.386,4.464,4.152,4.35,4.35,2633609.0,melia
2020-06-18,4.278,4.384,4.172,4.304,4.304,1559676.0,melia
2020-06-19,4.374,4.374,4.258,4.286,4.286,1011636.0,melia
2020-06-22,4.236,4.256,4.068,4.156,4.156,1581876.0,melia
2020-06-23,4.224,4.24,4.084,4.136,4.136,1465656.0,melia
2020-06-24,4.12,4.18,3.946,3.946,3.946,1831553.0,melia
2020-06-25,3.938,3.95,3.76,3.854,3.854,1907843.0,melia
2020-06-26,3.92,3.92,3.712,3.732,3.732,1807830.0,melia
2020-06-29,3.75,3.88,3.68,3.846,3.846,1492090.0,melia
2020-06-30,3.864,3.896,3.678,3.782,3.782,1225877.0,melia
2020-07-01,3.81,3.812,3.624,3.716,3.716,1399470.0,melia
2020-07-02,3.768,4.184,3.754,4.056,4.056,2730899.0,melia
2020-07-03,4.094,4.198,3.912,4.01,4.01,1336478.0,melia
2020-07-06,4.172,4.202,4.014,4.054,4.054,1790406.0,melia
2020-07-07,3.936,3.99,3.892,3.912,3.912,1658489.0,melia
2020-07-08,3.9,3.9,3.768,3.824,3.824,1593155.0,melia
2020-07-09,3.836,3.882,3.676,3.688,3.688,1665745.0,melia
2020-07-10,3.65,3.744,3.58,3.718,3.718,1269796.0,melia
2020-07-13,3.774,3.846,3.718,3.764,3.764,1016566.0,melia
2020-07-14,3.696,3.746,3.53,3.618,3.618,1753534.0,melia
2020-07-15,3.666,3.912,3.64,3.888,3.888,1996365.0,melia
2020-07-16,3.832,3.948,3.818,3.82,3.82,1300551.0,melia
2020-07-17,3.816,3.816,3.684,3.73,3.73,907915.0,melia
2020-07-20,3.7,3.73,3.602,3.67,3.67,1111256.0,melia
2020-07-21,3.786,4.048,3.736,3.89,3.89,2580798.0,melia
2020-07-22,3.874,3.906,3.714,3.732,3.732,1072457.0,melia
2020-07-23,3.8,3.8,3.588,3.62,3.62,1335096.0,melia
2020-07-24,3.554,3.698,3.532,3.624,3.624,1099389.0,melia
2020-07-27,3.55,3.55,3.316,3.392,3.392,2087829.0,melia
2020-07-28,3.422,3.502,3.402,3.5,3.5,846651.0,melia
2020-07-29,3.48,3.496,3.356,3.43,3.43,1281722.0,melia
2020-07-30,3.46,3.494,3.356,3.494,3.494,1265264.0,melia
2020-07-31,3.42,3.484,3.144,3.144,3.144,2892311.0,melia
2020-08-03,3.15,3.15,2.922,3.062,3.062,3414523.0,melia
2020-08-04,3.09,3.176,2.974,3.148,3.148,2709745.0,melia
2020-08-05,3.188,3.428,3.154,3.41,3.41,2161614.0,melia
2020-08-06,3.386,3.386,3.21,3.386,3.386,1752387.0,melia
2020-08-07,3.35,3.412,3.258,3.412,3.412,1313315.0,melia
2020-08-10,3.452,3.562,3.41,3.562,3.562,1640564.0,melia
2020-08-11,3.6,3.908,3.598,3.898,3.898,2481091.0,melia
2020-08-12,3.9,3.9,3.67,3.694,3.694,2158597.0,melia
2020-08-13,3.67,3.83,3.614,3.772,3.772,1247568.0,melia
2020-08-14,3.746,3.746,3.55,3.658,3.658,1848863.0,melia
2020-08-17,3.6,3.6,3.358,3.374,3.374,2148157.0,melia
2020-08-18,3.33,3.52,3.328,3.358,3.358,1853509.0,melia
2020-08-19,3.36,3.442,3.322,3.442,3.442,1246494.0,melia
2020-08-20,3.362,3.386,3.302,3.386,3.386,1269863.0,melia
2020-08-21,3.4,3.448,3.322,3.44,3.44,1210787.0,melia
2020-08-24,3.472,3.49,3.304,3.41,3.41,1186618.0,melia
2020-08-25,3.45,3.574,3.43,3.474,3.474,1215752.0,melia
2020-08-26,3.456,3.534,3.45,3.5,3.5,808920.0,melia
2020-08-27,3.468,3.606,3.428,3.596,3.596,1247405.0,melia
2020-08-28,3.632,3.68,3.564,3.622,3.622,1176221.0,melia
2020-08-31,3.686,3.72,3.5,3.512,3.512,1107616.0,melia
2020-09-01,3.514,3.514,3.358,3.404,3.404,1202983.0,melia
2020-09-02,3.42,3.46,3.36,3.43,3.43,1180547.0,melia
2020-09-03,3.4,3.626,3.374,3.528,3.528,1857319.0,melia
2020-09-04,3.528,3.65,3.46,3.588,3.588,1129861.0,melia
2020-09-07,3.63,3.666,3.536,3.59,3.59,832698.0,melia
2020-09-08,3.606,3.65,3.496,3.588,3.588,1035324.0,melia
2020-09-09,3.6,3.6,3.442,3.478,3.478,787844.0,melia
2020-09-10,3.49,3.588,3.472,3.508,3.508,1038929.0,melia
2020-09-11,3.474,3.48,3.35,3.354,3.354,1058454.0,melia
2020-09-14,3.4,3.404,3.29,3.392,3.392,1186970.0,melia
2020-09-15,3.354,3.418,3.302,3.322,3.322,879293.0,melia
2020-09-16,3.33,3.34,3.26,3.316,3.316,1230846.0,melia
2020-09-17,3.282,3.382,3.24,3.364,3.364,1623238.0,melia
2020-09-18,3.322,3.348,3.15,3.15,3.15,2103027.0,melia
2020-09-21,3.104,3.104,2.906,2.954,2.954,2676886.0,melia
2020-09-22,3.01,3.048,2.88,2.97,2.97,2707387.0,melia
2020-09-23,3.002,3.188,2.972,3.008,3.008,2382122.0,melia
2020-09-24,2.978,3.048,2.912,2.956,2.956,1261502.0,melia
2020-09-25,3.0,3.018,2.906,3.01,3.01,1390033.0,melia
2020-09-28,3.1,3.184,3.066,3.168,3.168,810968.0,melia
2020-09-29,3.148,3.15,3.05,3.062,3.062,752355.0,melia
2020-09-30,3.0,3.158,2.972,3.134,3.134,773556.0,melia
2020-10-01,3.152,3.152,3.046,3.084,3.084,953095.0,melia
2020-10-02,3.04,3.07,2.978,3.034,3.034,1094896.0,melia
2020-10-05,3.082,3.188,3.062,3.138,3.138,939496.0,melia
2020-10-06,3.17,3.382,3.12,3.382,3.382,1314872.0,melia
2020-10-07,3.344,3.412,3.238,3.372,3.372,790040.0,melia
2020-10-08,3.41,3.52,3.366,3.404,3.404,1267872.0,melia
2020-10-09,3.384,3.478,3.384,3.456,3.456,814791.0,melia
2020-10-12,3.48,3.48,3.376,3.388,3.388,638559.0,melia
2020-10-13,3.366,3.366,3.252,3.272,3.272,581733.0,melia
2020-10-14,3.11,3.142,3.006,3.1,3.1,2017481.0,melia
2020-10-15,3.05,3.096,2.922,3.082,3.082,2399058.0,melia
2020-10-16,3.084,3.114,2.97,3.014,3.014,2069754.0,melia
2020-10-19,3.036,3.08,2.96,3.028,3.028,1995763.0,melia
2020-10-20,2.98,3.098,2.952,3.068,3.068,2288737.0,melia
2020-10-21,3.1,3.12,3.002,3.01,3.01,1577745.0,melia
2020-10-22,3.0,3.098,2.954,3.088,3.088,1124163.0,melia
2020-10-23,3.12,3.286,3.12,3.266,3.266,2316960.0,melia
2020-10-26,3.166,3.338,3.112,3.164,3.164,1627510.0,melia
2020-10-27,3.188,3.204,3.048,3.12,3.12,1882539.0,melia
2020-10-28,3.038,3.074,2.942,3.01,3.01,2098230.0,melia
2020-10-29,3.0,3.11,2.942,3.072,3.072,1806676.0,melia
2020-10-30,3.0,3.18,3.0,3.18,3.18,1579150.0,melia
2020-11-02,3.168,3.188,3.048,3.14,3.14,1154060.0,melia
2020-11-03,3.144,3.256,3.124,3.178,3.178,959025.0,melia
2020-11-04,3.082,3.222,3.05,3.206,3.206,1060065.0,melia
2020-11-05,3.21,3.296,3.1,3.27,3.27,1630870.0,melia
2020-11-06,3.25,3.346,3.116,3.296,3.296,2186949.0,melia
2020-11-09,3.444,4.63,3.41,4.518,4.518,9524644.0,melia
2020-11-10,4.382,4.794,4.212,4.496,4.496,6224248.0,melia
2020-11-11,4.542,4.78,4.356,4.668,4.668,3286010.0,melia
2020-11-12,4.6,4.7,4.442,4.694,4.694,2269935.0,melia
2020-11-13,4.602,4.724,4.534,4.658,4.658,1928208.0,melia
2020-11-16,4.75,5.235,4.71,5.13,5.13,4507352.0,melia
2020-11-17,5.195,5.2,4.88,4.992,4.992,2115030.0,melia
2020-11-18,4.982,5.055,4.912,4.954,4.954,1505253.0,melia
2020-11-19,4.93,4.93,4.79,4.79,4.79,1058728.0,melia
2020-11-20,4.782,4.866,4.644,4.722,4.722,963216.0,melia
2020-11-23,4.86,5.045,4.796,5.0,5.0,1923130.0,melia
2020-11-24,5.085,5.465,5.085,5.395,5.395,2804965.0,melia
2020-11-25,5.425,5.495,5.21,5.445,5.445,2364288.0,melia
2020-11-26,5.5,5.51,5.265,5.36,5.36,1665294.0,melia
2020-11-27,5.315,5.49,5.275,5.49,5.49,1399520.0,melia
2020-11-30,5.415,5.545,5.34,5.4,5.4,1829300.0,melia
2020-12-01,5.465,5.74,5.43,5.715,5.715,1817479.0,melia
2020-12-02,5.745,5.88,5.73,5.795,5.795,1738464.0,melia
2020-12-03,5.85,5.85,5.68,5.8,5.8,2014110.0,melia
2020-12-04,5.745,6.08,5.745,5.85,5.85,2269162.0,melia
2020-12-07,5.87,6.03,5.805,5.92,5.92,1454525.0,melia
2020-12-08,6.0,6.0,5.755,5.76,5.76,907845.0,melia
2020-12-09,5.805,5.97,5.705,5.74,5.74,1352258.0,melia
2020-12-10,5.78,5.78,5.54,5.655,5.655,1956996.0,melia
2020-12-11,5.65,5.65,5.425,5.495,5.495,1302488.0,melia
2020-12-14,5.615,5.63,5.36,5.41,5.41,1212214.0,melia
2020-12-15,5.68,5.82,5.515,5.78,5.78,1618578.0,melia
2020-12-16,5.795,5.87,5.65,5.695,5.695,1151727.0,melia
2020-12-17,5.74,5.825,5.66,5.685,5.685,688525.0,melia
2020-12-18,5.66,5.745,5.515,5.555,5.555,1026079.0,melia
2020-12-21,5.1,5.465,4.936,5.44,5.44,2223770.0,melia
2020-12-22,5.5,5.605,5.43,5.435,5.435,935246.0,melia
2020-12-23,5.49,5.8,5.475,5.795,5.795,1135817.0,melia
2020-12-24,5.8,5.97,5.775,5.86,5.86,584056.0,melia
2020-12-28,5.95,5.965,5.815,5.83,5.83,640159.0,melia
2020-12-29,5.84,5.995,5.72,5.74,5.74,1028598.0,melia
2020-12-30,5.73,5.905,5.7,5.82,5.82,733021.0,melia
2020-12-31,5.715,5.835,5.715,5.72,5.72,369355.0,melia
2021-01-04,5.74,5.885,5.335,5.355,5.355,2186119.0,melia
2021-01-05,5.25,5.48,5.22,5.35,5.35,1458523.0,melia
2021-01-06,5.45,5.615,5.375,5.59,5.59,1079675.0,melia
2021-01-07,5.6,5.62,5.43,5.535,5.535,980302.0,melia
2021-01-08,5.6,5.73,5.58,5.635,5.635,984489.0,melia
2021-01-11,5.6,5.6,5.475,5.5,5.5,1018276.0,melia
2021-01-12,5.635,5.735,5.545,5.695,5.695,902212.0,melia
2021-01-13,5.685,5.69,5.565,5.62,5.62,896486.0,melia
2021-01-14,5.67,5.82,5.62,5.715,5.715,812942.0,melia
2021-01-15,5.72,5.88,5.695,5.73,5.73,1076593.0,melia
2021-01-18,5.675,5.835,5.635,5.81,5.81,607518.0,melia
2021-01-19,5.72,5.92,5.72,5.81,5.81,680132.0,melia
2021-01-20,5.86,5.97,5.8,5.835,5.835,789464.0,melia
2021-01-21,5.86,5.91,5.715,5.75,5.75,1181029.0,melia
2021-01-22,5.67,5.7,5.56,5.575,5.575,953979.0,melia
2021-01-25,5.52,5.54,5.195,5.33,5.33,1624507.0,melia
2021-01-26,5.24,5.55,5.24,5.515,5.515,814479.0,melia
2021-01-27,5.495,5.645,5.405,5.5,5.5,798724.0,melia
2021-01-28,5.36,5.55,5.355,5.5,5.5,1015215.0,melia
2021-01-29,5.46,5.495,5.3,5.4,5.4,1269851.0,melia
2021-02-01,5.445,5.515,5.4,5.51,5.51,791425.0,melia
2021-02-02,5.58,5.73,5.53,5.7,5.7,922022.0,melia
2021-02-03,5.74,5.84,5.55,5.55,5.55,1259802.0,melia
2021-02-04,5.625,5.825,5.615,5.825,5.825,1236091.0,melia
2021-02-05,5.77,5.995,5.77,5.99,5.99,1692641.0,melia
2021-02-08,6.04,6.265,6.015,6.25,6.25,1667197.0,melia
2021-02-09,6.3,6.5,6.215,6.265,6.265,1419241.0,melia
2021-02-10,6.345,6.37,6.045,6.125,6.125,970045.0,melia
2021-02-11,6.16,6.19,5.93,6.06,6.06,752518.0,melia
2021-02-12,6.1,6.16,5.91,6.075,6.075,714343.0,melia
2021-02-15,6.0,6.415,6.0,6.38,6.38,1093385.0,melia
2021-02-16,6.42,6.46,6.22,6.29,6.29,1115757.0,melia
2021-02-17,6.32,6.42,6.2,6.28,6.28,816307.0,melia
2021-02-18,6.34,6.34,6.195,6.22,6.22,636152.0,melia
2021-02-19,6.235,6.455,6.215,6.455,6.455,811136.0,melia
2021-02-22,6.485,6.75,6.405,6.735,6.735,1394218.0,melia
2021-02-23,6.715,7.055,6.655,6.745,6.745,2642069.0,melia
2021-02-24,6.82,6.99,6.79,6.975,6.975,1531132.0,melia
2021-02-25,7.03,7.22,6.865,7.12,7.12,1664765.0,melia
2021-02-26,6.845,7.09,6.71,7.0,7.0,1728386.0,melia
2021-03-01,7.055,7.14,6.895,7.025,7.025,1470100.0,melia
2021-03-02,7.04,7.21,6.995,7.135,7.135,1357972.0,melia
2021-03-03,7.175,7.4,7.175,7.3,7.3,1194746.0,melia
2021-03-04,7.21,7.32,7.06,7.175,7.175,974708.0,melia
2021-03-05,7.125,7.15,6.755,6.765,6.765,1474954.0,melia
2021-03-08,6.875,7.155,6.815,7.08,7.08,1074736.0,melia
2021-03-09,7.155,7.3,7.1,7.145,7.145,1106385.0,melia
2021-03-10,7.19,7.19,6.875,6.905,6.905,978741.0,melia
2021-03-11,6.99,7.0,6.77,6.89,6.89,1147066.0,melia
2021-03-12,6.88,7.135,6.86,7.06,7.06,915187.0,melia
2021-03-15,7.15,7.29,7.08,7.165,7.165,1116126.0,melia
2021-03-16,7.18,7.345,7.065,7.125,7.125,1044726.0,melia
2021-03-17,7.13,7.13,6.835,6.9,6.9,1364237.0,melia
2021-03-18,6.98,7.035,6.87,6.985,6.985,957145.0,melia
2021-03-19,6.925,6.98,6.735,6.8,6.8,908952.0,melia
2021-03-22,6.78,6.78,6.54,6.58,6.58,1238920.0,melia
2021-03-23,6.5,6.545,6.275,6.37,6.37,1240631.0,melia
2021-03-24,6.3,6.45,6.205,6.35,6.35,1635615.0,melia
2021-03-25,6.375,6.41,6.15,6.35,6.35,1020977.0,melia
2021-03-26,6.35,6.425,6.26,6.345,6.345,911183.0,melia
2021-03-29,6.35,6.37,6.21,6.27,6.27,913447.0,melia
2021-03-30,6.37,6.48,6.315,6.445,6.445,760078.0,melia
2021-03-31,6.475,6.49,6.33,6.335,6.335,983016.0,melia
2021-04-01,6.35,6.446,6.344,6.438,6.438,473159.0,melia
2021-04-06,6.538,6.722,6.536,6.69,6.69,953222.0,melia
2021-04-07,6.74,6.756,6.61,6.682,6.682,784268.0,melia
2021-04-08,6.724,6.724,6.464,6.55,6.55,793547.0,melia
2021-04-09,6.55,6.596,6.388,6.4,6.4,751400.0,melia
2021-04-12,6.386,6.43,6.26,6.308,6.308,767605.0,melia
2021-04-13,6.28,6.452,6.202,6.304,6.304,1021079.0,melia
2021-04-14,6.33,6.556,6.33,6.528,6.528,992652.0,melia
2021-04-15,6.676,6.89,6.61,6.616,6.616,1218609.0,melia
2021-04-16,6.658,6.672,6.512,6.604,6.604,846785.0,melia
2021-04-19,6.648,6.934,6.61,6.836,6.836,1276583.0,melia
2021-04-20,6.844,6.846,6.45,6.46,6.46,1188469.0,melia
2021-04-21,6.502,6.714,6.464,6.67,6.67,1173089.0,melia
2021-04-22,6.7,6.766,6.614,6.766,6.766,612624.0,melia
2021-04-23,6.72,6.852,6.678,6.848,6.848,796998.0,melia
2021-04-26,6.85,7.012,6.774,7.0,7.0,912432.0,melia
2021-04-27,6.992,7.034,6.886,6.954,6.954,950647.0,melia
2021-04-28,7.0,7.096,6.938,7.046,7.046,851123.0,melia
2021-04-29,7.1,7.276,6.936,6.98,6.98,1402961.0,melia
2021-04-30,6.98,7.02,6.808,6.816,6.816,1100520.0,melia
2021-05-03,6.866,7.024,6.772,7.012,7.012,755710.0,melia
2021-05-04,7.028,7.19,6.932,6.942,6.942,913758.0,melia
2021-05-05,7.072,7.106,6.982,7.096,7.096,752036.0,melia
2021-05-06,7.09,7.102,6.852,6.896,6.896,1030808.0,melia
2021-05-07,6.994,7.152,6.934,7.152,7.152,890145.0,melia
2021-05-10,7.18,7.2,7.02,7.132,7.132,611808.0,melia
2021-05-11,7.06,7.062,6.786,6.836,6.836,1131648.0,melia
2021-05-12,6.852,6.98,6.766,6.768,6.768,871142.0,melia
2021-05-13,6.724,6.734,6.49,6.642,6.642,1386188.0,melia
2021-05-14,6.75,6.876,6.582,6.866,6.866,1124772.0,melia
2021-05-17,6.87,6.89,6.71,6.71,6.71,949024.0,melia
2021-05-18,6.79,6.872,6.736,6.85,6.85,798298.0,melia
2021-05-19,6.79,6.844,6.6,6.734,6.734,819396.0,melia
2021-05-20,6.762,6.78,6.606,6.668,6.668,639431.0,melia
2021-05-21,6.686,6.736,6.618,6.688,6.688,642409.0,melia
2021-05-24,6.736,6.844,6.66,6.844,6.844,495210.0,melia
2021-05-25,6.88,7.048,6.828,6.984,6.984,1131550.0,melia
2021-05-26,6.97,6.986,6.89,6.928,6.928,609575.0,melia
2021-05-27,6.912,7.144,6.9,7.026,7.026,1287208.0,melia
2021-05-28,7.088,7.094,6.836,6.884,6.884,679032.0,melia
2021-05-31,6.9,6.978,6.86,6.916,6.916,496064.0,melia
2021-06-01,6.942,7.092,6.888,7.08,7.08,877608.0,melia
2021-06-02,7.076,7.122,7.004,7.09,7.09,648123.0,melia
2021-06-03,7.1,7.19,6.906,6.958,6.958,860507.0,melia
2021-06-04,6.922,6.978,6.81,6.964,6.964,626109.0,melia
2021-06-07,6.97,7.066,6.888,7.03,7.03,388923.0,melia
2021-06-08,7.058,7.138,6.996,7.054,7.054,637286.0,melia
2021-06-09,7.08,7.29,7.052,7.19,7.19,1465835.0,melia
2021-06-10,7.19,7.19,6.892,6.95,6.95,1431042.0,melia
2021-06-11,6.99,7.15,6.962,7.09,7.09,734462.0,melia
2021-06-14,7.1,7.134,7.016,7.052,7.052,614985.0,melia
2021-06-15,7.104,7.104,6.926,6.926,6.926,588759.0,melia
2021-06-16,6.926,7.022,6.888,6.976,6.976,602989.0,melia
2021-06-17,7.01,7.128,6.988,6.988,6.988,628295.0,melia
2021-06-18,6.964,7.024,6.678,6.778,6.778,1802688.0,melia
2021-06-21,6.788,6.788,6.572,6.768,6.768,700179.0,melia
2021-06-22,6.81,6.928,6.76,6.894,6.894,877242.0,melia
2021-06-23,6.882,6.928,6.726,6.806,6.806,554237.0,melia
2021-06-24,6.838,6.858,6.726,6.828,6.828,781250.0,melia
2021-06-25,6.82,6.88,6.608,6.682,6.682,1368194.0,melia
2021-06-28,6.69,6.69,6.23,6.252,6.252,2537077.0,melia
2021-06-29,6.272,6.35,6.09,6.142,6.142,1434155.0,melia
2021-06-30,6.116,6.33,6.038,6.24,6.24,1200063.0,melia
2021-07-01,6.3,6.506,6.3,6.43,6.43,1109386.0,melia
2021-07-02,6.456,6.502,6.36,6.466,6.466,688826.0,melia
2021-07-05,6.43,6.592,6.376,6.572,6.572,583197.0,melia
2021-07-06,6.58,6.678,6.492,6.538,6.538,675989.0,melia
2021-07-07,6.544,6.57,6.346,6.376,6.376,654273.0,melia
2021-07-08,6.306,6.338,6.08,6.196,6.196,1618213.0,melia
2021-07-09,6.224,6.314,6.128,6.226,6.226,706290.0,melia
2021-07-12,6.18,6.224,6.042,6.086,6.086,674102.0,melia
2021-07-13,6.09,6.11,5.956,6.004,6.004,766866.0,melia
2021-07-14,6.0,6.0,5.88,5.91,5.91,821663.0,melia
2021-07-15,5.896,5.896,5.7,5.7,5.7,1047074.0,melia
2021-07-16,5.676,5.89,5.676,5.806,5.806,988061.0,melia
2021-07-19,5.762,5.79,5.542,5.634,5.634,1297388.0,melia
2021-07-20,5.67,5.706,5.432,5.526,5.526,1438488.0,melia
2021-07-21,5.594,5.81,5.544,5.77,5.77,1306734.0,melia
2021-07-22,5.81,5.974,5.76,5.788,5.788,918423.0,melia
2021-07-23,5.864,5.864,5.704,5.704,5.704,798215.0,melia
2021-07-26,5.69,5.904,5.67,5.874,5.874,731719.0,melia
2021-07-27,5.924,5.926,5.744,5.84,5.84,747616.0,melia
2021-07-28,5.91,5.98,5.84,5.934,5.934,823155.0,melia
2021-07-29,5.918,5.978,5.714,5.912,5.912,1483059.0,melia
2021-07-30,5.848,5.948,5.726,5.814,5.814,1347667.0,melia
2021-08-02,5.846,6.02,5.812,5.896,5.896,648854.0,melia
2021-08-03,5.86,5.884,5.708,5.726,5.726,851150.0,melia
2021-08-04,5.76,5.804,5.62,5.67,5.67,703208.0,melia
2021-08-05,5.622,5.926,5.572,5.916,5.916,949986.0,melia
2021-08-06,5.96,6.018,5.844,5.944,5.944,667670.0,melia
2021-08-09,5.95,5.998,5.87,5.954,5.954,565491.0,melia
2021-08-10,5.992,6.044,5.872,5.934,5.934,590215.0,melia
2021-08-11,5.94,6.044,5.912,6.018,6.018,662338.0,melia
2021-08-12,6.05,6.118,5.952,5.952,5.952,538606.0,melia
2021-08-13,5.948,6.04,5.91,5.936,5.936,336336.0,melia
2021-08-16,5.864,5.926,5.798,5.91,5.91,544809.0,melia
2021-08-17,5.864,5.95,5.75,5.778,5.778,684630.0,melia
2021-08-18,5.752,5.942,5.74,5.912,5.912,566544.0,melia
2021-08-19,5.782,5.946,5.72,5.838,5.838,630446.0,melia
2021-08-20,5.8,5.812,5.622,5.696,5.696,1063932.0,melia
2021-08-23,5.764,5.92,5.746,5.862,5.862,638636.0,melia
2021-08-24,5.92,6.134,5.89,6.108,6.108,1226932.0,melia
2021-08-25,6.14,6.216,6.098,6.164,6.164,1129736.0,melia
2021-08-26,6.1,6.162,6.046,6.054,6.054,574987.0,melia
2021-08-27,6.074,6.076,5.942,6.076,6.076,662984.0,melia
2021-08-30,6.084,6.122,5.976,5.996,5.996,267533.0,melia
2021-08-31,6.1,6.1,5.864,5.916,5.916,714656.0,melia
2021-09-01,5.97,6.128,5.954,6.052,6.052,673119.0,melia
2021-09-02,6.022,6.052,5.942,5.998,5.998,389981.0,melia
2021-09-03,6.024,6.03,5.802,5.802,5.802,736636.0,melia
2021-09-06,5.826,5.842,5.712,5.714,5.714,679345.0,melia
2021-09-07,5.704,5.82,5.654,5.742,5.742,791306.0,melia
2021-09-08,5.7,5.944,5.674,5.786,5.786,782428.0,melia
2021-09-09,5.76,5.86,5.63,5.85,5.85,736624.0,melia
2021-09-10,5.852,5.86,5.688,5.694,5.694,591936.0,melia
2021-09-13,5.73,5.78,5.646,5.776,5.776,1853864.0,melia
2021-09-14,5.754,5.816,5.69,5.7,5.7,723003.0,melia
2021-09-15,5.71,5.736,5.538,5.548,5.548,753551.0,melia
2021-09-16,5.648,5.766,5.608,5.746,5.746,660885.0,melia
2021-09-17,5.8,5.972,5.8,5.864,5.864,975927.0,melia
2021-09-20,5.8,5.99,5.66,5.934,5.934,1200919.0,melia
2021-09-21,5.864,5.988,5.864,5.962,5.962,1259167.0,melia
2021-09-22,5.958,6.146,5.958,6.146,6.146,1558157.0,melia
2021-09-23,6.14,6.32,6.14,6.3,6.3,1046845.0,melia
2021-09-24,6.292,6.464,6.26,6.442,6.442,986803.0,melia
2021-09-27,6.49,6.718,6.47,6.692,6.692,1397900.0,melia
2021-09-28,6.69,6.748,6.554,6.584,6.584,1245497.0,melia
2021-09-29,6.57,6.708,6.51,6.64,6.64,930185.0,melia
2021-09-30,6.69,6.716,6.4,6.43,6.43,961617.0,melia
2021-10-01,6.316,6.808,6.252,6.808,6.808,1272014.0,melia
2021-10-04,6.736,6.89,6.7,6.778,6.778,1013234.0,melia
2021-10-05,6.766,6.828,6.586,6.712,6.712,764597.0,melia
2021-10-06,6.652,6.652,6.4,6.51,6.51,1098151.0,melia
2021-10-07,6.56,6.632,6.528,6.61,6.61,650242.0,melia
2021-10-08,6.59,6.774,6.588,6.706,6.706,641947.0,melia
2021-10-11,6.616,6.734,6.606,6.73,6.73,472692.0,melia
2021-10-12,6.64,6.728,6.612,6.674,6.674,509532.0,melia
2021-10-13,6.628,6.826,6.628,6.69,6.69,949913.0,melia
2021-10-14,6.768,6.868,6.74,6.77,6.77,732960.0,melia
2021-10-15,6.778,7.088,6.778,7.088,7.088,1488464.0,melia
2021-10-18,7.032,7.08,6.91,7.012,7.012,1163049.0,melia
2021-10-19,7.01,7.034,6.808,6.826,6.826,820180.0,melia
2021-10-20,6.834,6.834,6.31,6.354,6.354,2508286.0,melia
2021-10-21,6.312,6.462,6.19,6.38,6.38,1183495.0,melia
2021-10-22,6.45,6.45,6.216,6.342,6.342,1346052.0,melia
2021-10-25,6.282,6.352,6.122,6.246,6.246,1613313.0,melia
2021-10-26,6.294,6.478,6.25,6.334,6.334,892766.0,melia
2021-10-27,6.302,6.336,6.152,6.302,6.302,900600.0,melia
2021-10-28,6.364,6.432,6.228,6.408,6.408,1158904.0,melia
2021-10-29,6.25,6.43,6.23,6.362,6.362,703598.0,melia
2021-11-01,6.352,6.53,6.35,6.436,6.436,890639.0,melia
2021-11-02,6.412,6.47,6.344,6.368,6.368,525864.0,melia
2021-11-03,6.39,6.406,6.226,6.378,6.378,741134.0,melia
2021-11-04,6.394,6.486,6.338,6.384,6.384,659635.0,melia
2021-11-05,6.42,6.91,6.25,6.906,6.906,2154788.0,melia
2021-11-08,6.784,6.92,6.618,6.728,6.728,1907489.0,melia
2021-11-09,6.66,6.872,6.64,6.822,6.822,2089734.0,melia
2021-11-10,6.752,6.894,6.652,6.7,6.7,1977245.0,melia
2021-11-11,6.682,6.682,6.366,6.506,6.506,1486593.0,melia
2021-11-12,6.54,6.54,6.314,6.35,6.35,1037641.0,melia
2021-11-15,6.338,6.54,6.282,6.382,6.382,911401.0,melia
2021-11-16,6.52,6.792,6.466,6.504,6.504,1775100.0,melia
2021-11-17,6.538,6.538,6.24,6.244,6.244,1519520.0,melia
2021-11-18,6.306,6.338,6.094,6.14,6.14,1357654.0,melia
2021-11-19,6.164,6.186,5.958,6.064,6.064,2322570.0,melia
2021-11-22,6.064,6.16,5.85,5.99,5.99,1815733.0,melia
2021-11-23,5.986,6.068,5.88,5.942,5.942,1139190.0,melia
2021-11-24,5.922,6.018,5.844,5.992,5.992,1126974.0,melia
2021-11-25,6.15,6.366,6.112,6.33,6.33,1223971.0,melia
2021-11-26,6.01,6.072,5.676,5.838,5.838,3071265.0,melia
2021-11-29,5.91,5.98,5.7,5.726,5.726,1933504.0,melia
2021-11-30,5.65,5.758,5.494,5.516,5.516,2057168.0,melia
2021-12-01,5.588,5.77,5.544,5.67,5.67,912992.0,melia
2021-12-02,5.58,5.722,5.516,5.582,5.582,1412002.0,melia
2021-12-03,5.662,5.776,5.61,5.638,5.638,704492.0,melia
2021-12-06,5.708,5.884,5.602,5.884,5.884,855369.0,melia
2021-12-07,5.99,6.108,5.906,5.964,5.964,933300.0,melia
2021-12-08,5.99,6.088,5.72,6.024,6.024,1392909.0,melia
2021-12-09,6.078,6.078,5.852,5.852,5.852,718613.0,melia
2021-12-10,5.85,5.898,5.732,5.732,5.732,928594.0,melia
2021-12-13,5.758,5.832,5.558,5.562,5.562,616097.0,melia
2021-12-14,5.624,5.684,5.48,5.572,5.572,1101730.0,melia
2021-12-15,5.574,5.608,5.424,5.44,5.44,660244.0,melia
2021-12-16,5.588,5.588,5.356,5.356,5.356,689933.0,melia
2021-12-17,5.348,5.554,5.32,5.542,5.542,948631.0,melia
2021-12-20,5.338,5.51,5.242,5.466,5.466,1016760.0,melia
2021-12-21,5.5,5.72,5.428,5.69,5.69,842868.0,melia
2021-12-22,5.67,5.924,5.658,5.906,5.906,860890.0,melia
2021-12-23,5.9,6.046,5.9,5.932,5.932,915902.0,melia
2021-12-27,5.892,6.09,5.79,6.008,6.008,784509.0,melia
2021-12-28,6.0,6.084,6.0,6.036,6.036,371398.0,melia
2021-12-29,6.05,6.078,5.942,5.942,5.942,504906.0,melia
2021-12-30,5.888,6.012,5.866,6.002,6.002,651719.0,melia
2022-01-03,6.03,6.282,6.028,6.24,6.24,683266.0,melia
2022-01-04,6.3,6.39,6.272,6.32,6.32,921803.0,melia
2022-01-05,6.34,6.404,6.244,6.332,6.332,569142.0,melia
2022-01-06,6.25,6.5,6.15,6.398,6.398,640507.0,melia
2022-01-07,6.4,6.438,6.312,6.4,6.4,1645381.0,melia
2022-01-10,6.45,6.59,6.376,6.398,6.398,1255571.0,melia
2022-01-11,6.474,6.532,6.41,6.41,6.41,745712.0,melia
2022-01-12,6.506,6.65,6.45,6.466,6.466,1323532.0,melia
2022-01-13,6.41,6.572,6.342,6.54,6.54,687791.0,melia
2022-01-14,6.49,6.52,6.38,6.436,6.436,773342.0,melia
2022-01-17,6.5,6.586,6.468,6.526,6.526,709941.0,melia
2022-01-18,6.49,6.506,6.414,6.458,6.458,806479.0,melia
2022-01-19,6.44,6.578,6.394,6.42,6.42,913697.0,melia
2022-01-20,6.43,6.582,6.43,6.574,6.574,932553.0,melia
2022-01-21,6.43,6.574,6.38,6.526,6.526,1101395.0,melia
2022-01-24,6.5,6.536,6.26,6.312,6.312,1196172.0,melia
2022-01-25,6.32,6.5,6.28,6.394,6.394,946955.0,melia
2022-01-26,6.422,6.67,6.422,6.598,6.598,1046904.0,melia
2022-01-27,6.49,6.61,6.44,6.524,6.524,609416.0,melia
2022-01-28,6.532,6.618,6.402,6.606,6.606,833739.0,melia
2022-01-31,6.688,6.7,6.52,6.684,6.684,653875.0,melia
2022-02-01,6.738,6.888,6.696,6.866,6.866,1639525.0,melia
2022-02-02,6.89,6.986,6.712,6.712,6.712,1077835.0,melia
2022-02-03,6.712,6.816,6.66,6.71,6.71,709365.0,melia
2022-02-04,6.806,6.806,6.614,6.676,6.676,1566846.0,melia
2022-02-07,6.72,6.75,6.6,6.732,6.732,719590.0,melia
2022-02-08,6.742,6.9,6.71,6.888,6.888,2146996.0,melia
2022-02-09,6.92,7.074,6.914,6.996,6.996,2068113.0,melia
2022-02-10,7.062,7.254,7.042,7.12,7.12,1469571.0,melia
2022-02-11,7.076,7.338,7.014,7.244,7.244,1809527.0,melia
2022-02-14,6.966,7.168,6.836,7.086,7.086,1250534.0,melia
2022-02-15,7.03,7.314,7.026,7.29,7.29,927053.0,melia
2022-02-16,7.34,7.462,7.18,7.282,7.282,1462809.0,melia
2022-02-17,7.256,7.39,7.17,7.272,7.272,874205.0,melia
2022-02-18,7.18,7.3,7.112,7.116,7.116,772269.0,melia
2022-02-21,7.2,7.27,6.984,7.068,7.068,748393.0,melia
2022-02-22,6.832,7.178,6.79,7.078,7.078,2636576.0,melia
2022-02-23,7.152,7.276,7.016,7.016,7.016,662934.0,melia
2022-02-24,6.66,6.94,6.602,6.742,6.742,1513662.0,melia
2022-02-25,6.8,7.034,6.676,7.034,7.034,1414866.0,melia
2022-02-28,6.792,6.894,6.62,6.744,6.744,1499174.0,melia
2022-03-01,6.76,7.1,6.628,6.628,6.628,1751885.0,melia
2022-03-02,6.55,7.038,6.474,6.99,6.99,2070031.0,melia
2022-03-03,7.0,7.0,6.44,6.448,6.448,1329214.0,melia
2022-03-04,6.43,6.446,5.922,5.932,5.932,2287430.0,melia
2022-03-07,5.608,6.084,5.354,5.798,5.798,2567779.0,melia
2022-03-08,5.7,5.936,5.606,5.624,5.624,1586540.0,melia
2022-03-09,5.85,6.166,5.774,6.086,6.086,2338909.0,melia
2022-03-10,6.1,6.194,5.97,6.064,6.064,1274996.0,melia
2022-03-11,6.11,6.55,6.11,6.34,6.34,1595750.0,melia
2022-03-14,6.39,6.598,6.218,6.246,6.246,1051860.0,melia
2022-03-15,6.232,6.346,6.144,6.326,6.326,969442.0,melia
2022-03-16,6.476,6.74,6.476,6.68,6.68,1732794.0,melia
2022-03-17,6.76,6.79,6.564,6.602,6.602,792855.0,melia
2022-03-18,6.674,6.676,6.51,6.638,6.638,737226.0,melia
2022-03-21,6.576,6.654,6.484,6.484,6.484,616501.0,melia
2022-03-22,6.5,6.674,6.496,6.674,6.674,569854.0,melia
2022-03-23,6.68,6.716,6.474,6.474,6.474,873805.0,melia
2022-03-24,6.554,6.56,6.46,6.54,6.54,634840.0,melia
2022-03-25,6.6,6.658,6.542,6.6,6.6,440613.0,melia
2022-03-28,6.57,6.72,6.57,6.606,6.606,507305.0,melia
2022-03-29,6.694,6.952,6.672,6.952,6.952,1088057.0,melia
2022-03-30,6.928,6.958,6.784,6.882,6.882,728129.0,melia
2022-03-31,6.856,6.926,6.774,6.806,6.806,438742.0,melia
2022-04-01,6.81,6.85,6.705,6.73,6.73,462013.0,melia
2022-04-04,6.74,6.83,6.53,6.64,6.64,887065.0,melia
2022-04-05,6.68,6.73,6.6,6.645,6.645,522717.0,melia
2022-04-06,6.65,6.725,6.3,6.3,6.3,894277.0,melia
2022-04-07,6.43,6.48,6.25,6.25,6.25,1027891.0,melia
2022-04-08,6.41,6.43,6.225,6.28,6.28,470157.0,melia
2022-04-11,6.31,6.4,6.22,6.35,6.35,1170955.0,melia
2022-04-12,6.35,6.425,6.275,6.4,6.4,602950.0,melia
2022-04-13,6.36,6.57,6.31,6.57,6.57,616895.0,melia
2022-04-14,6.585,6.895,6.575,6.875,6.875,967905.0,melia
2022-04-19,6.87,7.155,6.8,7.05,7.05,1623293.0,melia
2022-04-20,7.1,7.14,7.01,7.095,7.095,760932.0,melia
2022-04-21,7.065,7.38,6.79,7.24,7.24,1301325.0,melia
2022-04-22,7.175,7.23,6.995,6.995,6.995,652096.0,melia
2022-04-25,6.905,7.315,6.85,7.23,7.23,1242292.0,melia
2022-04-26,7.315,7.55,7.18,7.41,7.41,1507522.0,melia
