2017-04-27,14.74,14.745,14.485,14.56,10.503582000000002,6239856.0,repsol
2017-04-28,14.62,14.625,14.52,14.535,10.485548,5238133.0,repsol
2017-05-02,14.605,14.74,14.56,14.63,10.55408,7421876.0,repsol
2017-05-03,14.58,14.635,14.495,14.56,10.503582000000002,5636210.0,repsol
2017-05-04,14.6,14.65,14.4,14.47,10.438656,14404552.0,repsol
2017-05-05,14.34,14.63,14.18,14.59,10.525224,11803925.0,repsol
2017-05-08,14.68,14.72,14.515,14.61,10.539652,7632565.0,repsol
2017-05-09,14.72,14.795,14.485,14.655,10.572115,7008337.0,repsol
2017-05-10,14.69,14.815,14.59,14.74,10.633433,7537934.0,repsol
2017-05-11,14.805,14.885,14.61,14.675,10.586542,5792412.0,repsol
2017-05-12,14.74,14.74,14.505,14.64,10.561295,5159971.0,repsol
2017-05-15,14.74,14.93,14.715,14.8,10.676718,4904010.0,repsol
2017-05-16,14.84,15.025,14.81,14.98,10.806569999999999,5514247.0,repsol
2017-05-17,14.9,14.98,14.73,14.8,10.676718,4491171.0,repsol
2017-05-18,14.765,14.83,14.365,14.645,10.564900999999999,6481730.0,repsol
2017-05-19,14.73,14.905,14.65,14.84,10.705575,5009019.0,repsol
2017-05-22,14.88,14.98,14.83,14.845,10.709181,4357608.0,repsol
2017-05-23,14.905,15.12,14.805,15.085,10.882317,15858687.0,repsol
2017-05-24,15.1,15.22,15.055,15.075,10.875102,5828563.0,repsol
2017-05-25,15.19,15.19,14.88,15.06,10.864283,4893756.0,repsol
2017-05-26,14.92,14.96,14.795,14.955,10.788535000000001,9197489.0,repsol
2017-05-29,14.945,15.05,14.9,15.01,10.828213,2698388.0,repsol
2017-05-30,14.98,15.09,14.92,15.0,10.820998,7566000.0,repsol
2017-05-31,14.98,15.07,14.905,14.915,10.75968,23813340.0,repsol
2017-06-01,15.0,15.06,14.885,14.99,10.813785000000001,17731371.0,repsol
2017-06-02,14.97,15.03,14.755,14.82,10.691146,7094927.0,repsol
2017-06-05,14.895,14.945,14.81,14.855,10.716394000000001,5475270.0,repsol
2017-06-06,14.9,14.97,14.835,14.895,10.745252,6024106.0,repsol
2017-06-07,14.94,15.0,14.815,14.88,10.734428999999999,7751710.0,repsol
2017-06-08,14.9,14.935,14.74,14.855,10.716394000000001,7651220.0,repsol
2017-06-09,14.81,14.93,14.755,14.83,10.698359,15533794.0,repsol
2017-06-12,14.505,14.505,14.36,14.4,10.695389,6645257.0,repsol
2017-06-13,14.425,14.53,14.36,14.4,10.695389,5946609.0,repsol
2017-06-14,14.42,14.455,14.1,14.135,10.498565,8792619.0,repsol
2017-06-15,14.055,14.095,13.78,13.84,10.279456,10519101.0,repsol
2017-06-16,13.895,13.97,13.78,13.895,10.320309,10512541.0,repsol
2017-06-19,13.97,14.15,13.96,14.075,10.454,6471269.0,repsol
2017-06-20,14.05,14.105,13.745,13.77,10.227466,8642988.0,repsol
2017-06-21,13.75,13.84,13.55,13.715,10.186617,17033956.0,repsol
2017-06-22,13.66,13.69,13.44,13.59,10.093774,8576764.0,repsol
2017-06-23,13.55,13.6,13.41,13.53,10.04921,15722717.0,repsol
2017-06-26,13.57,13.665,13.49,13.575,10.082633,7197927.0,repsol
2017-06-27,13.575,13.655,13.515,13.61,10.108627,8354625.0,repsol
2017-06-28,13.57,13.725,13.435,13.66,10.145764999999999,8424124.0,repsol
2017-06-29,13.7,13.75,13.42,13.525,10.045497,5093800.0,repsol
2017-06-30,13.55,13.6,13.395,13.4,9.952653,5388991.0,repsol
2017-07-03,13.52,13.775,13.5,13.765,10.223752000000001,4819866.0,repsol
2017-07-04,13.71,13.865,13.66,13.79,10.24232,6088605.0,repsol
2017-07-05,13.76,13.85,13.555,13.555,10.067779,12239337.0,repsol
2017-07-06,13.65,13.65,13.495,13.595,10.097486,8114381.0,repsol
2017-07-07,13.53,13.53,13.35,13.44,9.982364,7756636.0,repsol
2017-07-10,13.5,13.54,13.365,13.475,10.00836,6201498.0,repsol
2017-07-11,13.4,13.49,13.275,13.475,10.00836,8886810.0,repsol
2017-07-12,13.525,13.725,13.52,13.61,10.108627,5824742.0,repsol
2017-07-13,13.655,13.87,13.615,13.83,10.272029,4816082.0,repsol
2017-07-14,13.81,13.99,13.775,13.91,10.331448,4122271.0,repsol
2017-07-17,13.91,13.97,13.84,13.865,10.298025,6439316.0,repsol
2017-07-18,13.805,13.93,13.67,13.7,10.175475,3676444.0,repsol
2017-07-19,13.745,13.82,13.58,13.79,10.24232,3989430.0,repsol
2017-07-20,13.9,13.94,13.755,13.845,10.283172,5698609.0,repsol
2017-07-21,13.815,13.975,13.61,13.695,10.17176,5783786.0,repsol
2017-07-24,13.645,13.76,13.52,13.64,10.13091,3175977.0,repsol
2017-07-25,13.62,13.89,13.6,13.885,10.31288,3697601.0,repsol
2017-07-26,13.95,14.055,13.875,14.0,10.398294,4253798.0,repsol
2017-07-27,14.1,14.31,14.03,14.1,10.472569,8580571.0,repsol
2017-07-28,14.06,14.215,14.06,14.14,10.502278,5488558.0,repsol
2017-07-31,14.05,14.285,14.045,14.16,10.517132,4187163.0,repsol
2017-08-01,14.25,14.47,14.21,14.37,10.673107,6269733.0,repsol
2017-08-02,14.36,14.495,14.215,14.39,10.687961999999999,8720118.0,repsol
2017-08-03,14.25,14.41,14.125,14.41,10.702817,4960690.0,repsol
2017-08-04,14.345,14.655,14.315,14.55,10.8068,5525974.0,repsol
2017-08-07,14.57,14.645,14.52,14.56,10.814226,3111376.0,repsol
2017-08-08,14.58,14.67,14.53,14.6,10.843937,2909287.0,repsol
2017-08-09,14.535,14.665,14.37,14.43,10.717671000000001,7583458.0,repsol
2017-08-10,14.455,14.465,14.235,14.315,10.632256,4437687.0,repsol
2017-08-11,14.2,14.255,14.04,14.045,10.431716999999999,5101501.0,repsol
2017-08-14,14.095,14.255,14.035,14.18,10.531988,4667770.0,repsol
2017-08-15,14.15,14.18,14.065,14.125,10.491136000000001,2057330.0,repsol
2017-08-16,14.16,14.36,14.16,14.255,10.587693,2357241.0,repsol
2017-08-17,14.245,14.265,14.11,14.13,10.494849,2631716.0,repsol
2017-08-18,14.02,14.135,13.96,14.055,10.439145,3029057.0,repsol
2017-08-21,13.96,14.115,13.92,14.06,10.442859,2894876.0,repsol
2017-08-22,14.15,14.195,14.075,14.17,10.524559,2209167.0,repsol
2017-08-23,14.17,14.225,14.1,14.14,10.502278,2228721.0,repsol
2017-08-24,14.195,14.25,14.13,14.13,10.494849,6227252.0,repsol
2017-08-25,14.155,14.235,14.06,14.11,10.479994999999999,1679434.0,repsol
2017-08-28,14.075,14.2,14.025,14.04,10.428004,1335394.0,repsol
2017-08-29,13.92,14.02,13.7,13.96,10.368587,4348226.0,repsol
2017-08-30,14.04,14.25,14.005,14.185,10.535701,3816245.0,repsol
2017-08-31,14.23,14.47,14.195,14.43,10.717671000000001,5351849.0,repsol
2017-09-01,14.44,14.555,14.44,14.53,10.791945,3318597.0,repsol
2017-09-04,14.24,14.475,14.23,14.445,10.728812,2089274.0,repsol
2017-09-05,14.56,14.88,14.52,14.71,10.925636,7717846.0,repsol
2017-09-06,14.64,14.745,14.575,14.71,10.925636,6655088.0,repsol
2017-09-07,14.705,14.79,14.605,14.65,10.881072,3792354.0,repsol
2017-09-08,14.595,14.69,14.485,14.54,10.799372,4890363.0,repsol
2017-09-11,14.6,14.785,14.6,14.775,10.973914,3535495.0,repsol
2017-09-12,14.765,14.855,14.745,14.855,11.033333,3088512.0,repsol
2017-09-13,14.8,15.05,14.8,15.01,11.148458999999999,6708778.0,repsol
2017-09-14,14.98,15.215,14.975,15.17,11.267296,4903005.0,repsol
2017-09-15,15.105,15.14,14.99,15.02,11.155885000000001,6646039.0,repsol
2017-09-18,15.045,15.19,15.01,15.1,11.215303,6836059.0,repsol
2017-09-19,15.07,15.315,15.055,15.26,11.334141,8051216.0,repsol
2017-09-20,15.21,15.37,15.16,15.345,11.397273,11367684.0,repsol
2017-09-21,15.37,15.45,15.265,15.39,11.430698,5333280.0,repsol
2017-09-22,15.315,15.51,15.24,15.465,11.486402,8769526.0,repsol
2017-09-25,15.395,15.65,15.38,15.6,11.586672,6014170.0,repsol
2017-09-26,15.635,15.7,15.445,15.535,11.538393,7425865.0,repsol
2017-09-27,15.545,15.685,15.54,15.58,11.571816,6728223.0,repsol
2017-09-28,15.6,15.655,15.435,15.48,11.497542999999999,5872085.0,repsol
2017-09-29,15.45,15.59,15.37,15.59,11.579244000000001,9366327.0,repsol
2017-10-02,15.495,15.58,15.395,15.5,11.512398,5389644.0,repsol
2017-10-03,15.525,15.535,15.33,15.505,11.516110000000001,5328937.0,repsol
2017-10-04,15.43,15.45,15.02,15.12,11.23016,11178445.0,repsol
2017-10-05,14.975,15.395,14.83,15.32,11.378706,9691095.0,repsol
2017-10-06,15.32,15.375,15.205,15.275,11.345282000000001,12143765.0,repsol
2017-10-09,15.27,15.365,15.215,15.275,11.345282000000001,5432044.0,repsol
2017-10-10,15.205,15.315,15.145,15.28,11.348997,5426047.0,repsol
2017-10-11,15.36,15.48,15.29,15.4,11.438124,8564409.0,repsol
2017-10-12,15.46,15.46,15.27,15.35,11.40099,3158676.0,repsol
2017-10-13,15.375,15.505,15.35,15.445,11.471546,4227514.0,repsol
2017-10-16,15.375,15.425,15.315,15.39,11.430698,3290460.0,repsol
2017-10-17,15.355,15.545,15.305,15.355,11.4047,3926886.0,repsol
2017-10-18,15.385,15.385,15.255,15.285,11.352708999999999,3491433.0,repsol
2017-10-19,15.25,15.325,15.095,15.285,11.352708999999999,4011076.0,repsol
2017-10-20,15.205,15.315,15.185,15.29,11.356423,4697480.0,repsol
2017-10-23,15.215,15.36,15.18,15.275,11.345282000000001,4013963.0,repsol
2017-10-24,15.21,15.515,15.21,15.46,11.482688000000001,5154040.0,repsol
2017-10-25,15.4,15.495,15.31,15.32,11.378706,3606941.0,repsol
2017-10-26,15.29,15.545,15.21,15.465,11.486402,5745034.0,repsol
2017-10-27,15.49,15.605,15.37,15.545,11.545819999999999,10885416.0,repsol
2017-10-30,15.595,16.02,15.57,15.99,11.876338,6519362.0,repsol
2017-10-31,16.02,16.184998999999998,15.885,16.084999,11.946898,7134800.0,repsol
2017-11-01,16.200001,16.299999,16.084999,16.155001000000002,11.998889,11499461.0,repsol
2017-11-02,16.094998999999998,16.235001,16.0,16.155001000000002,11.998889,4021324.0,repsol
2017-11-03,16.285,16.285,15.685,15.915,11.820634,5917682.0,repsol
2017-11-06,15.95,15.975,15.66,15.83,11.757502,6483900.0,repsol
2017-11-07,15.95,16.125,15.83,15.94,11.839201,7576901.0,repsol
2017-11-08,15.945,15.98,15.815,15.86,11.779782,7572102.0,repsol
2017-11-09,15.83,15.935,15.74,15.845,11.768642,9020854.0,repsol
2017-11-10,15.86,15.96,15.805,15.855,11.776069999999999,5606453.0,repsol
2017-11-13,15.9,15.91,15.725,15.745,11.694367,5517686.0,repsol
2017-11-14,15.725,15.77,15.375,15.49,11.50497,26259231.0,repsol
2017-11-15,15.21,15.36,14.88,15.01,11.148458999999999,14388524.0,repsol
2017-11-16,15.1,15.115,14.85,14.885,11.055615,6138271.0,repsol
2017-11-17,14.88,15.065,14.825,14.91,11.074183999999999,7446811.0,repsol
2017-11-20,14.93,15.005,14.775,15.005,11.144744000000001,4402147.0,repsol
2017-11-21,15.02,15.235,14.98,15.05,11.178167,7362065.0,repsol
2017-11-22,15.225,15.28,15.075,15.155,11.256153999999999,14949316.0,repsol
2017-11-23,15.18,15.21,15.075,15.115,11.226445,14816907.0,repsol
2017-11-24,15.085,15.18,14.985,15.015,11.152171000000001,4468785.0,repsol
2017-11-27,14.945,15.1,14.93,14.985,11.129889,3128457.0,repsol
2017-11-28,14.995,15.44,14.96,15.265,11.337855000000001,6169608.0,repsol
2017-11-29,15.37,15.495,15.255,15.42,11.452978,7573649.0,repsol
2017-11-30,15.415,15.555,15.355,15.42,11.452978,12364798.0,repsol
2017-12-01,15.42,15.465,15.255,15.345,11.397273,4889971.0,repsol
2017-12-04,15.45,15.605,15.4,15.585,11.57553,6833287.0,repsol
2017-12-05,15.515,15.705,15.515,15.685,11.649804,6517860.0,repsol
2017-12-06,15.61,15.615,15.45,15.5,11.512398,9336332.0,repsol
2017-12-07,15.47,15.575,15.45,15.49,11.50497,2726773.0,repsol
2017-12-08,15.55,15.575,15.435,15.475,11.49383,6518403.0,repsol
2017-12-11,15.425,15.465,15.36,15.37,11.415842999999999,15192015.0,repsol
2017-12-12,15.425,15.55,15.37,15.4,11.438124,15506755.0,repsol
2017-12-13,15.365,15.46,15.32,15.32,11.378706,5148595.0,repsol
2017-12-14,15.32,15.44,15.29,15.37,11.415842999999999,6507596.0,repsol
2017-12-15,15.3,15.415,15.155,15.155,11.256153999999999,13094878.0,repsol
2017-12-18,15.0,15.17,14.87,15.005,11.43757,6262047.0,repsol
2017-12-19,15.03,15.255,15.01,15.05,11.471871,6384513.0,repsol
2017-12-20,15.07,15.075,14.925,15.035,11.460438,16631182.0,repsol
2017-12-21,15.09,15.105,14.93,15.045,11.468060000000001,8869912.0,repsol
2017-12-22,14.95,15.11,14.92,15.04,11.46425,2814988.0,repsol
2017-12-27,15.025,15.185,14.95,15.005,11.43757,4054123.0,repsol
2017-12-28,15.035,15.085,14.965,15.035,11.460438,2844272.0,repsol
2017-12-29,15.0,15.05,14.745,14.745,11.239385,8878391.0,repsol
2018-01-02,14.855,15.04,14.775,14.99,11.426136,6051569.0,repsol
2018-01-03,15.05,15.38,15.025,15.325,11.68149,6027549.0,repsol
2018-01-04,15.47,15.795,15.39,15.73,11.990200999999999,8434475.0,repsol
2018-01-05,15.695,15.86,15.68,15.765,12.016882,5123643.0,repsol
2018-01-08,15.815,15.88,15.705,15.775,12.024503,4245786.0,repsol
2018-01-09,15.81,15.94,15.745,15.795,12.039748,5720973.0,repsol
2018-01-10,15.845,15.985,15.685,15.73,11.990200999999999,6732709.0,repsol
2018-01-11,15.73,15.885,15.7,15.86,12.089293,7190835.0,repsol
2018-01-12,15.84,16.014999,15.75,15.92,12.13503,5127286.0,repsol
2018-01-15,15.93,15.95,15.86,15.94,12.150273,4911752.0,repsol
2018-01-16,15.94,15.955,15.77,15.79,12.035936,5595659.0,repsol
2018-01-17,15.715,15.75,15.57,15.665,11.940655,11335859.0,repsol
2018-01-18,15.74,15.865,15.65,15.75,12.005446000000001,6754185.0,repsol
2018-01-19,15.675,15.75,15.55,15.58,11.875863,6973833.0,repsol
2018-01-22,15.61,15.87,15.595,15.87,12.096916,5960093.0,repsol
2018-01-23,15.93,16.02,15.755,15.82,12.058803999999999,6304934.0,repsol
2018-01-24,15.795,15.885,15.725,15.82,12.058803999999999,4688429.0,repsol
2018-01-25,15.74,15.875,15.72,15.72,11.982579,5485150.0,repsol
2018-01-26,15.665,15.67,15.41,15.515,11.826317,12856681.0,repsol
2018-01-29,15.52,15.58,15.45,15.45,11.776771,4183238.0,repsol
2018-01-30,15.32,15.39,15.125,15.13,11.532850999999999,5920055.0,repsol
2018-01-31,15.1,15.305,15.03,15.155,11.551908000000001,8067891.0,repsol
2018-02-01,15.28,15.455,15.165,15.3,11.662433,8194749.0,repsol
2018-02-02,15.37,15.485,15.01,15.04,11.46425,6471246.0,repsol
2018-02-05,15.0,15.02,14.77,14.82,11.296553,7501688.0,repsol
2018-02-06,14.355,14.63,14.115,14.38,10.961164,8365954.0,repsol
2018-02-07,14.62,14.79,14.46,14.67,11.182216,7705305.0,repsol
2018-02-08,14.58,14.59,14.18,14.18,10.808714,11122608.0,repsol
2018-02-09,14.18,14.36,13.88,13.965,10.644828,10165380.0,repsol
2018-02-12,14.12,14.235,14.015,14.065,10.721055,4720404.0,repsol
2018-02-13,14.1,14.12,13.88,13.97,10.648641,6638249.0,repsol
2018-02-14,13.995,14.06,13.67,13.825,10.538115,6666646.0,repsol
2018-02-15,13.95,14.04,13.67,13.75,10.480946000000001,4724691.0,repsol
2018-02-16,13.905,13.94,13.725,13.89,10.587661,6345805.0,repsol
2018-02-19,13.94,14.035,13.9,13.955,10.637205999999999,4594709.0,repsol
2018-02-20,14.015,14.23,14.0,14.12,10.762977000000001,4730387.0,repsol
2018-02-21,14.06,14.095,13.945,14.015,10.682941,3072558.0,repsol
2018-02-22,13.88,14.14,13.77,14.12,10.762977000000001,4007805.0,repsol
2018-02-23,14.185,14.22,14.045,14.155,10.789658,2807820.0,repsol
2018-02-26,14.275,14.275,14.085,14.27,10.877316,5647233.0,repsol
2018-02-27,14.3,14.3,14.17,14.21,10.83158,2590418.0,repsol
2018-02-28,14.3,14.83,14.06,14.705,11.208895,11655430.0,repsol
2018-03-01,14.65,14.825,14.42,14.5,11.052634,7082329.0,repsol
2018-03-02,14.435,14.465,13.975,14.0,10.671508,6131935.0,repsol
2018-03-05,13.99,14.19,13.94,14.115,10.759167,4244996.0,repsol
2018-03-06,14.24,14.315,14.1,14.24,10.854449,5450893.0,repsol
2018-03-07,14.16,14.175,13.955,13.98,10.656262,6258370.0,repsol
2018-03-08,13.975,14.005,13.82,13.96,10.641019,4582923.0,repsol
2018-03-09,13.94,14.11,13.935,14.105,10.751544,4528019.0,repsol
2018-03-12,14.165,14.235,14.075,14.12,10.762977000000001,5130463.0,repsol
2018-03-13,14.155,14.34,14.105,14.125,10.766789,5162351.0,repsol
2018-03-14,14.1,14.195,13.99,14.0,10.671508,10145865.0,repsol
2018-03-15,14.03,14.08,13.925,13.96,10.641019,4174958.0,repsol
2018-03-16,13.9,14.275,13.8,14.22,10.839203,12747871.0,repsol
2018-03-19,14.15,14.19,13.78,13.79,10.511435,24748633.0,repsol
2018-03-20,13.85,14.115,13.845,14.05,10.709621,23715456.0,repsol
2018-03-21,14.105,14.255,14.035,14.255,10.865882000000001,11712856.0,repsol
2018-03-22,14.19,14.315,14.005,14.075,10.728677000000001,5767293.0,repsol
2018-03-23,13.94,14.06,13.735,14.03,10.694374,6282945.0,repsol
2018-03-26,14.03,14.355,14.0,14.215,10.835394,6800777.0,repsol
2018-03-27,14.44,14.605,14.31,14.38,10.961164,11744650.0,repsol
2018-03-28,14.245,14.34,14.105,14.305,10.903996000000001,5645636.0,repsol
2018-03-29,14.29,14.56,14.28,14.415,10.987842,4620839.0,repsol
2018-04-03,14.28,14.53,14.235,14.5,11.052634,4812533.0,repsol
2018-04-04,14.54,14.68,14.31,14.645,11.163158000000001,6763468.0,repsol
2018-04-05,14.82,15.065,14.71,14.98,11.418513,13528723.0,repsol
2018-04-06,14.965,15.135,14.9,15.005,11.43757,5322142.0,repsol
2018-04-09,15.05,15.165,14.925,14.975,11.414702,4558526.0,repsol
2018-04-10,15.1,15.295,15.1,15.295,11.658624,7690982.0,repsol
2018-04-11,15.21,15.45,15.195,15.4,11.738659,6490892.0,repsol
2018-04-12,15.43,15.57,15.36,15.525,11.83394,6453857.0,repsol
2018-04-13,15.525,15.6,15.335,15.535,11.841563,4590736.0,repsol
2018-04-16,15.52,15.535,15.355,15.415,11.750092,8205986.0,repsol
2018-04-17,15.485,15.52,15.41,15.455,11.780582,9635740.0,repsol
2018-04-18,15.51,15.8,15.485,15.745,12.001635,9848119.0,repsol
2018-04-19,15.78,15.85,15.55,15.735,11.994013,11612033.0,repsol
2018-04-20,15.645,15.875,15.575,15.725,11.986391000000001,4716979.0,repsol
2018-04-23,15.77,15.825,15.695,15.775,12.024503,9246800.0,repsol
2018-04-24,15.87,16.09,15.85,15.975,12.176953999999999,8045225.0,repsol
2018-04-25,15.77,15.8,15.615,15.7,11.967334,6147246.0,repsol
2018-04-26,15.685,15.83,15.615,15.805,12.047371,4583966.0,repsol
2018-04-27,15.79,15.915,15.64,15.805,12.047371,3851313.0,repsol
2018-04-30,15.75,15.875,15.75,15.85,12.081672,3428391.0,repsol
2018-05-02,15.82,16.014999,15.8,15.87,12.096916,4110311.0,repsol
2018-05-03,15.86,15.97,15.815,15.9,12.119783,3725731.0,repsol
2018-05-04,15.8,16.049999,15.785,16.014999,12.207442,4487604.0,repsol
2018-05-07,16.0,16.25,16.0,16.245001000000002,12.382762,6153807.0,repsol
2018-05-08,16.190001000000002,16.275,16.065001000000002,16.129998999999998,12.2951,6111831.0,repsol
2018-05-09,16.23,16.549999,16.195,16.540001,12.607625,9267820.0,repsol
2018-05-10,16.559998999999998,16.594998999999998,16.365,16.469998999999998,12.554267,8342518.0,repsol
2018-05-11,16.5,16.639999,16.27,16.639999,12.683848,5433550.0,repsol
2018-05-14,16.639999,16.700001,16.51,16.67,12.706717,3421145.0,repsol
2018-05-15,16.67,16.834999,16.59,16.74,12.760075,4151015.0,repsol
2018-05-16,16.735001,16.85,16.66,16.75,12.767696,9531988.0,repsol
2018-05-17,16.790001,17.139999,16.725,17.09,13.026862,6952762.0,repsol
2018-05-18,17.110001,17.184998999999998,16.93,17.065001000000002,13.007805000000001,5895412.0,repsol
2018-05-21,17.145,17.16,17.055,17.139999,13.064974000000001,7266086.0,repsol
2018-05-22,17.155001000000002,17.25,17.035,17.16,13.080219,6960021.0,repsol
2018-05-23,17.01,17.049999,15.995,16.41,12.508532,12682832.0,repsol
2018-05-24,16.48,16.65,16.219998999999998,16.25,12.386571,6939796.0,repsol
2018-05-25,16.299999,16.360001,15.705,15.76,12.013069,13326674.0,repsol
2018-05-28,15.66,15.865,15.56,15.67,11.944467,4664306.0,repsol
2018-05-29,15.49,15.715,15.21,15.65,11.929219999999999,8043236.0,repsol
2018-05-30,15.655,16.305,15.655,16.305,12.428496,7708143.0,repsol
2018-05-31,16.365,16.440001000000002,16.139999,16.305,12.428496,15839785.0,repsol
2018-06-01,16.285,16.790001,16.285,16.504998999999998,12.580945,8904400.0,repsol
2018-06-04,16.545,16.77,16.424999,16.455,12.542833,4416657.0,repsol
2018-06-05,16.475,16.74,16.395,16.415001,12.512343,5359782.0,repsol
2018-06-06,16.59,17.059998999999998,16.5,16.905001000000002,12.885847,8120881.0,repsol
2018-06-07,17.0,17.245001000000002,17.0,17.209999,13.118332,15170753.0,repsol
2018-06-08,17.115,17.225,16.975,17.035,12.984937,5750939.0,repsol
2018-06-11,17.165001,17.325001,17.025,17.280001000000002,13.171691000000001,7232853.0,repsol
2018-06-12,17.35,17.48,17.040001,17.110001,13.042108,9111634.0,repsol
2018-06-13,17.035,17.18,16.934998999999998,17.049999,12.996372000000001,13148762.0,repsol
2018-06-14,16.945,17.219998999999998,16.905001000000002,17.219998999999998,13.125954,10136597.0,repsol
2018-06-15,17.299999,17.370001000000002,17.0,17.120001000000002,13.049729,10412597.0,repsol
2018-06-18,16.655001000000002,16.715,16.455,16.68,13.085032,16247323.0,repsol
2018-06-19,16.584999,16.655001000000002,16.445,16.625,13.041885,8664313.0,repsol
2018-06-20,16.68,16.75,16.325001,16.355,12.830077000000001,8982409.0,repsol
2018-06-21,16.41,16.440001000000002,16.184998999999998,16.25,12.747707,9982388.0,repsol
2018-06-22,16.26,16.795,16.205,16.700001,13.100722,12548245.0,repsol
2018-06-25,16.584999,16.66,16.360001,16.42,12.881067999999999,9157991.0,repsol
2018-06-26,16.475,16.605,16.4,16.514999,12.955592999999999,8283905.0,repsol
2018-06-27,16.6,16.91,16.5,16.805,13.183091000000001,13003195.0,repsol
2018-06-28,16.93,17.08,16.785,16.875,13.238002,5798872.0,repsol
2018-06-29,16.93,17.01,16.764999,16.764999,13.151710999999999,7640768.0,repsol
2018-07-02,16.635,16.785,16.475,16.68,13.085032,4308100.0,repsol
2018-07-03,16.799999,17.004998999999998,16.73,16.860001,13.226235999999998,7894152.0,repsol
2018-07-04,16.875,17.01,16.85,16.924999,13.277225,6835069.0,repsol
2018-07-05,16.895,17.35,16.875,17.254998999999998,13.536103,8657437.0,repsol
2018-07-06,17.245001000000002,17.26,16.959999,17.16,13.461578,5828199.0,repsol
2018-07-09,17.254998999999998,17.41,17.219998999999998,17.27,13.547872,3669847.0,repsol
2018-07-10,17.43,17.51,17.235001,17.285,13.559638,5947571.0,repsol
2018-07-11,17.165001,17.205,16.950001,17.01,13.343907000000002,8805914.0,repsol
2018-07-12,16.940001000000002,17.004998999999998,16.674999,16.959999,13.304682999999999,5638077.0,repsol
2018-07-13,17.045,17.049999,16.825001,16.985001,13.324295000000001,5366324.0,repsol
2018-07-16,17.0,17.115,16.76,16.799999,13.179167999999999,5026610.0,repsol
2018-07-17,16.83,16.905001000000002,16.6,16.82,13.194856,7044180.0,repsol
2018-07-18,16.865,16.93,16.629998999999998,16.75,13.139944,3132715.0,repsol
2018-07-19,16.84,17.045,16.77,16.950001,13.296838000000001,4454051.0,repsol
2018-07-20,16.955,16.99,16.715,16.855,13.222314,4577230.0,repsol
2018-07-23,16.764999,16.93,16.705,16.860001,13.226235999999998,3542785.0,repsol
2018-07-24,16.870001000000002,16.945,16.754998999999998,16.85,13.218391,3718363.0,repsol
2018-07-25,16.790001,16.85,16.629998999999998,16.764999,13.151710999999999,5614385.0,repsol
2018-07-26,16.6,16.780001000000002,16.309998999999998,16.705,13.104644,7060319.0,repsol
2018-07-27,16.620001000000002,16.870001000000002,16.620001000000002,16.790001,13.171323999999998,5500824.0,repsol
2018-07-30,16.775,16.975,16.705,16.9,13.257614000000002,3614956.0,repsol
2018-07-31,16.82,17.040001,16.82,16.975,13.316451,4431658.0,repsol
2018-08-01,16.959999,17.0,16.805,16.905001000000002,13.261539,6835941.0,repsol
2018-08-02,16.83,16.995001000000002,16.805,16.885,13.245848,5999387.0,repsol
2018-08-03,16.940001000000002,17.045,16.875,16.99,13.328218,3842557.0,repsol
2018-08-06,17.045,17.045,16.855,16.98,13.320372,3087536.0,repsol
2018-08-07,17.004998999999998,17.17,17.0,17.075001,13.394898000000001,4971070.0,repsol
2018-08-08,17.1,17.219998999999998,17.01,17.07,13.390976,3945860.0,repsol
2018-08-09,17.030001000000002,17.030001000000002,16.905001000000002,17.004998999999998,13.339982999999998,3707977.0,repsol
2018-08-10,16.885,16.905001000000002,16.725,16.85,13.218391,4089299.0,repsol
2018-08-13,16.75,16.780001000000002,16.65,16.709999,13.108564000000001,4949516.0,repsol
2018-08-14,16.790001,16.82,16.485001,16.549999,12.983048,4550478.0,repsol
2018-08-15,16.549999,16.555,16.1,16.184998999999998,12.696715,4679293.0,repsol
2018-08-16,16.254998999999998,16.355,16.125,16.245001000000002,12.743786,3687835.0,repsol
2018-08-17,16.315001000000002,16.325001,16.115,16.209999,12.716327,3417258.0,repsol
2018-08-20,16.235001,16.42,16.209999,16.299999,12.786931,2221640.0,repsol
2018-08-21,16.35,16.504998999999998,16.299999,16.424999,12.88499,2682968.0,repsol
2018-08-22,16.379998999999998,16.549999,16.325001,16.514999,12.955592999999999,2826069.0,repsol
2018-08-23,16.485001,16.59,16.370001000000002,16.415001,12.877147,3027535.0,repsol
2018-08-24,16.375,16.540001,16.370001000000002,16.5,12.943826,2816568.0,repsol
2018-08-27,16.565001000000002,16.59,16.465,16.549999,12.983048,2391134.0,repsol
2018-08-28,16.52,16.665001,16.48,16.6,13.022275,4310597.0,repsol
2018-08-29,16.625,16.695,16.549999,16.635,13.049728,3664628.0,repsol
2018-08-30,16.67,16.780001000000002,16.540001,16.67,13.077186,2614701.0,repsol
2018-08-31,16.620001000000002,16.66,16.530001000000002,16.565001000000002,12.994817,8258502.0,repsol
2018-09-03,16.555,16.74,16.555,16.684998999999998,13.088951,1885647.0,repsol
2018-09-04,16.809998999999998,16.995001000000002,16.780001000000002,16.9,13.257614000000002,5367630.0,repsol
2018-09-05,16.885,16.92,16.535,16.535,12.971282,9347612.0,repsol
2018-09-06,16.610001,16.610001,16.309998999999998,16.33,12.810464999999999,5255436.0,repsol
2018-09-07,16.299999,16.360001,16.174999,16.360001,12.834,4107678.0,repsol
2018-09-10,16.4,16.48,16.35,16.42,12.881067999999999,3420249.0,repsol
2018-09-11,16.780001000000002,16.865,16.625,16.745001000000002,13.136022,6068286.0,repsol
2018-09-12,16.700001,17.18,16.700001,17.125,13.434122,6949056.0,repsol
2018-09-13,17.1,17.184998999999998,16.955,16.98,13.320372,5292681.0,repsol
2018-09-14,16.975,17.08,16.950001,16.950001,13.296838000000001,4906085.0,repsol
2018-09-17,16.940001000000002,17.02,16.9,16.93,13.281149,3616645.0,repsol
2018-09-18,16.860001,17.059998999999998,16.82,17.0,13.336063000000001,4317321.0,repsol
2018-09-19,17.07,17.225,16.969998999999998,17.0,13.336063000000001,11070314.0,repsol
2018-09-20,,,,,,,repsol
2018-09-21,16.469998999999998,16.6,16.25,16.48,12.928135000000001,16335760.0,repsol
2018-09-24,16.49,16.865,16.49,16.780001000000002,13.163478,31673718.0,repsol
2018-09-25,16.865,17.27,16.865,17.030001000000002,13.359596,18946409.0,repsol
2018-09-26,17.1,17.219998999999998,17.01,17.15,13.453732999999998,9797909.0,repsol
2018-09-27,17.15,17.285,17.15,17.200001,13.492958999999999,8368992.0,repsol
2018-09-28,17.190001000000002,17.32,17.02,17.165001,13.465501000000001,10036596.0,repsol
2018-10-01,17.225,17.370001000000002,17.200001,17.235001,13.520415,6991110.0,repsol
2018-10-02,17.290001,17.41,17.17,17.200001,13.492958999999999,7299842.0,repsol
2018-10-03,17.25,17.389999,17.155001000000002,17.155001000000002,13.457656,4152797.0,repsol
2018-10-04,17.15,17.370001000000002,17.129998999999998,17.155001000000002,13.457656,5853202.0,repsol
2018-10-05,17.129998999999998,17.200001,16.940001000000002,17.025,13.355675,5779785.0,repsol
2018-10-08,16.959999,17.025,16.73,16.815001000000002,13.190935999999999,4854908.0,repsol
2018-10-09,16.940001000000002,17.120001000000002,16.934998999999998,17.040001,13.367442,5655657.0,repsol
2018-10-10,17.15,17.4,17.045,17.075001,13.394898000000001,10838253.0,repsol
2018-10-11,16.719998999999998,16.76,16.35,16.440001000000002,12.896757000000001,10663963.0,repsol
2018-10-12,16.594998999999998,16.620001000000002,16.32,16.32,12.80262,5500079.0,repsol
2018-10-15,16.299999,16.440001000000002,16.254998999999998,16.379998999999998,12.849688,4057516.0,repsol
2018-10-16,16.365,16.51,16.195,16.405001000000002,12.869302000000001,4227679.0,repsol
2018-10-17,16.495001000000002,16.535,16.190001000000002,16.280001000000002,12.771241999999999,4289127.0,repsol
2018-10-18,16.190001000000002,16.5,16.184998999999998,16.245001000000002,12.743786,5231765.0,repsol
2018-10-19,16.195,16.305,15.975,16.014999,12.563355,6647151.0,repsol
2018-10-22,16.24,16.27,15.885,15.93,12.496675,4728501.0,repsol
2018-10-23,15.8,15.835,15.5,15.5,12.159349,8362645.0,repsol
2018-10-24,15.4,15.64,15.2,15.27,11.978924000000001,6810200.0,repsol
2018-10-25,15.075,15.23,14.94,15.05,11.806338,9415807.0,repsol
2018-10-26,15.01,15.105,14.69,15.105,11.849483,7389202.0,repsol
2018-10-29,15.19,15.415,15.175,15.205,11.927931,6235762.0,repsol
2018-10-30,15.265,15.415,14.95,15.165,11.896552,7975381.0,repsol
2018-10-31,15.35,15.93,15.325,15.825,12.414305,12532212.0,repsol
2018-11-01,15.66,15.825,15.375,15.56,12.20642,9342749.0,repsol
2018-11-02,15.7,15.785,15.535,15.6,12.237798,8817445.0,repsol
2018-11-05,15.65,15.905,15.585,15.705,12.320167999999999,6612409.0,repsol
2018-11-06,15.66,15.75,15.585,15.635,12.265255999999999,5164771.0,repsol
2018-11-07,15.75,16.030001000000002,15.68,15.77,12.37116,5852491.0,repsol
2018-11-08,15.845,15.945,15.685,15.825,12.414305,5325309.0,repsol
2018-11-09,15.705,15.875,15.605,15.85,12.433917,4617009.0,repsol
2018-11-12,16.055,16.209999,15.785,15.8,12.394693,4440128.0,repsol
2018-11-13,15.745,15.75,15.43,15.665,12.288789999999999,13928449.0,repsol
2018-11-14,15.415,15.63,15.075,15.505,12.163274000000001,10993018.0,repsol
2018-11-15,15.53,15.725,15.5,15.695,12.312323,5889185.0,repsol
2018-11-16,15.84,16.049999,15.61,15.655,12.280945,6115359.0,repsol
2018-11-19,15.7,15.795,15.57,15.61,12.245642,5009345.0,repsol
2018-11-20,15.61,15.72,15.255,15.285,11.990688,6509481.0,repsol
2018-11-21,15.285,15.56,15.25,15.5,12.159349,4707599.0,repsol
2018-11-22,15.475,15.485,15.235,15.26,11.971078,5155182.0,repsol
2018-11-23,15.225,15.31,14.79,14.86,11.657289,7835235.0,repsol
2018-11-26,14.95,15.17,14.93,15.15,11.884786,4376863.0,repsol
2018-11-27,15.12,15.21,14.93,14.965,11.739657000000001,5697095.0,repsol
2018-11-28,15.005,15.085,14.83,14.84,11.6416,15463966.0,repsol
2018-11-29,14.86,15.21,14.805,15.14,11.876941,6983439.0,repsol
2018-11-30,15.24,15.3,15.1,15.25,11.963233,5048061.0,repsol
2018-12-03,15.615,15.705,15.3,15.3,12.002456,7875435.0,repsol
2018-12-04,15.32,15.425,15.27,15.3,12.002456,4754771.0,repsol
2018-12-05,15.155,15.16,15.015,15.055,11.810262,8209069.0,repsol
2018-12-06,14.955,14.99,14.315,14.315,11.229747999999999,10936254.0,repsol
2018-12-07,14.38,14.935,14.35,14.785,11.598453,12595770.0,repsol
2018-12-10,14.64,14.705,14.36,14.4,11.29643,10500506.0,repsol
2018-12-11,14.52,14.92,14.395,14.61,11.461169,12724382.0,repsol
2018-12-12,14.68,14.855,14.68,14.765,11.582764,7149199.0,repsol
2018-12-13,14.7,14.97,14.675,14.93,11.712201,9697518.0,repsol
2018-12-14,14.895,14.95,14.79,14.79,11.602373,5145602.0,repsol
2018-12-17,14.75,14.91,14.71,14.71,11.539617,10362646.0,repsol
2018-12-18,14.615,14.695,14.505,14.565,11.425867,9738206.0,repsol
2018-12-19,14.51,14.765,14.435,14.665,11.504316000000001,11591839.0,repsol
2018-12-20,14.46,14.475,14.26,14.315,11.229747999999999,11054985.0,repsol
2018-12-21,14.32,14.465,14.195,14.37,11.272895,16331045.0,repsol
2018-12-24,14.175,14.21,13.915,13.965,11.27774,2387772.0,repsol
2018-12-27,14.075,14.14,13.605,13.735,11.091999000000001,9691429.0,repsol
2018-12-28,13.815,14.215,13.815,14.165,11.439255000000001,9041580.0,repsol
2018-12-31,14.21,14.27,14.08,14.08,11.370611,1420165.0,repsol
2019-01-02,13.98,14.31,13.785,14.235,11.495785,10003999.0,repsol
2019-01-03,14.04,14.38,14.025,14.255,11.511936,12814838.0,repsol
2019-01-04,14.41,14.705,14.36,14.595,11.78651,7089672.0,repsol
2019-01-07,14.66,14.695,14.33,14.475,11.689602,4409347.0,repsol
2019-01-08,14.445,14.79,14.44,14.49,11.701715,12227338.0,repsol
2019-01-09,14.6,14.745,14.455,14.695,11.867269,11410241.0,repsol
2019-01-10,14.615,14.795,14.555,14.775,11.931874,6329149.0,repsol
2019-01-11,14.785,14.9,14.6,14.75,11.911685,6035768.0,repsol
2019-01-14,14.575,14.73,14.455,14.67,11.847078999999999,7463778.0,repsol
2019-01-15,14.73,14.86,14.52,14.64,11.822852000000001,10911530.0,repsol
2019-01-16,14.69,14.73,14.53,14.65,11.830927,7294675.0,repsol
2019-01-17,14.58,14.815,14.53,14.755,11.915724,5463446.0,repsol
2019-01-18,14.86,15.105,14.8,15.0,12.113578,8525141.0,repsol
2019-01-21,15.01,15.075,14.755,14.8,11.952064,6210469.0,repsol
2019-01-22,14.82,14.915,14.735,14.83,11.976291,5792284.0,repsol
2019-01-23,14.78,14.98,14.74,14.775,11.931874,5389615.0,repsol
2019-01-24,14.795,15.1,14.755,15.05,12.153955999999999,6699989.0,repsol
2019-01-25,15.12,15.185,15.01,15.045,12.149919,2958628.0,repsol
2019-01-28,14.99,14.99,14.77,14.77,11.927836,4737044.0,repsol
2019-01-29,14.83,15.115,14.68,15.01,12.121654,6561897.0,repsol
2019-01-30,14.99,15.135,14.925,15.125,12.214524,3748282.0,repsol
2019-01-31,15.19,15.335,15.18,15.33,12.380075999999999,7766043.0,repsol
2019-02-01,15.28,15.31,15.165,15.27,12.331623,5612996.0,repsol
2019-02-04,15.28,15.335,15.045,15.23,12.299319,5606114.0,repsol
2019-02-05,15.26,15.52,15.26,15.405,12.440642,8826293.0,repsol
2019-02-06,15.38,15.435,15.185,15.37,12.412379,6271254.0,repsol
2019-02-07,15.24,15.31,15.025,15.025,12.133767,8371536.0,repsol
2019-02-08,14.965,15.02,14.8,14.86,12.000518,7627198.0,repsol
2019-02-11,14.915,15.045,14.865,14.885,12.020706,4072284.0,repsol
2019-02-12,14.99,15.175,14.92,15.01,12.121654,10723885.0,repsol
2019-02-13,15.12,15.12,14.965,15.085,12.182221,6579380.0,repsol
2019-02-14,15.16,15.2,14.99,14.995,12.109539,3613649.0,repsol
2019-02-15,14.97,15.295,14.96,15.17,12.250864,6958654.0,repsol
2019-02-18,15.23,15.31,15.16,15.195,12.271053,2667233.0,repsol
2019-02-19,15.15,15.205,15.06,15.11,12.20241,5055890.0,repsol
2019-02-20,15.145,15.245,15.035,15.205,12.279129,3685169.0,repsol
2019-02-21,15.21,15.25,15.145,15.19,12.267014999999999,7821280.0,repsol
2019-02-22,15.115,15.275,15.11,15.155,12.238750999999999,3267098.0,repsol
2019-02-25,15.21,15.265,15.02,15.02,12.129728,5445985.0,repsol
2019-02-26,15.035,15.155,14.955,15.13,12.218562,8159174.0,repsol
2019-02-27,15.135,15.175,15.06,15.15,12.234714,4983997.0,repsol
2019-02-28,15.175,15.235,14.93,15.125,12.214524,8193984.0,repsol
2019-03-01,15.22,15.28,15.105,15.115,12.206448,4931083.0,repsol
2019-03-04,15.13,15.165,15.03,15.1,12.194334,5257322.0,repsol
2019-03-05,15.1,15.115,15.01,15.085,12.182221,4242114.0,repsol
2019-03-06,15.005,15.13,14.9,15.1,12.194334,9380295.0,repsol
2019-03-07,15.1,15.18,15.025,15.065,12.16607,3405670.0,repsol
2019-03-08,14.95,15.025,14.705,14.755,11.915724,7255649.0,repsol
2019-03-11,14.8,14.87,14.77,14.855,11.99648,5110563.0,repsol
2019-03-12,14.885,14.925,14.74,14.79,11.943986,5632832.0,repsol
2019-03-13,14.79,15.02,14.79,14.985,12.101463,7252631.0,repsol
2019-03-14,15.02,15.21,15.005,15.01,12.121654,6425219.0,repsol
2019-03-15,15.095,15.175,14.96,15.0,12.113578,17471504.0,repsol
2019-03-18,15.1,15.41,15.015,15.36,12.404303,9309080.0,repsol
2019-03-19,15.365,15.66,15.36,15.515,12.529477,10376795.0,repsol
2019-03-20,15.425,15.545,15.41,15.475,12.497174000000001,5589595.0,repsol
2019-03-21,15.46,15.56,15.425,15.465,12.489099000000001,4889842.0,repsol
2019-03-22,15.47,15.49,15.15,15.21,12.283167,8418417.0,repsol
2019-03-25,15.105,15.225,15.055,15.095,12.190298,3615645.0,repsol
2019-03-26,15.125,15.235,15.06,15.15,12.234714,3806939.0,repsol
2019-03-27,15.165,15.315,15.07,15.265,12.327584,4051138.0,repsol
2019-03-28,15.245,15.33,15.085,15.14,12.226638000000001,4765888.0,repsol
2019-03-29,15.285,15.325,15.17,15.26,12.323546,4838068.0,repsol
2019-04-01,15.31,15.46,15.275,15.38,12.420455,4635927.0,repsol
2019-04-02,15.41,15.475,15.33,15.375,12.416417,6015394.0,repsol
2019-04-03,15.5,15.565,15.435,15.435,12.464871,3956854.0,repsol
2019-04-04,15.4,15.4,15.11,15.28,12.339698,6247297.0,repsol
2019-04-05,15.295,15.475,15.285,15.34,12.388152,5342642.0,repsol
2019-04-08,15.32,15.355,15.18,15.275,12.335659,8949738.0,repsol
2019-04-09,15.27,15.395,15.01,15.05,12.153955999999999,7548137.0,repsol
2019-04-10,15.105,15.415,15.105,15.295,12.351811,6838895.0,repsol
2019-04-11,15.27,15.295,15.095,15.125,12.214524,4103062.0,repsol
2019-04-12,15.185,15.25,15.055,15.075,12.174145,21696222.0,repsol
2019-04-15,15.07,15.08,14.885,14.995,12.109539,6852044.0,repsol
2019-04-16,14.94,15.035,14.825,14.865,12.004556,4492846.0,repsol
2019-04-17,14.945,15.165,14.885,15.035,12.141843,6079406.0,repsol
2019-04-18,15.03,15.105,14.915,15.065,12.16607,3623035.0,repsol
2019-04-23,15.305,15.35,15.155,15.185,12.262979,7191315.0,repsol
2019-04-24,15.15,15.16,14.805,14.805,11.956101,10302553.0,repsol
2019-04-25,14.81,14.93,14.675,14.89,12.024745,8205640.0,repsol
2019-04-26,14.885,14.895,14.69,14.745,11.907647,5995534.0,repsol
2019-04-29,14.74,14.78,14.6,14.745,11.907647,4891225.0,repsol
2019-04-30,14.85,15.325,14.83,15.13,12.218562,7882536.0,repsol
2019-05-02,15.165,15.165,14.775,14.825,11.972252000000001,6663624.0,repsol
2019-05-03,14.885,14.905,14.76,14.76,11.919761,5096351.0,repsol
2019-05-06,14.57,14.635,14.45,14.635,11.818814,4061460.0,repsol
2019-05-07,14.64,14.66,14.325,14.37,11.604807000000001,5967258.0,repsol
2019-05-08,14.38,14.525,14.31,14.42,11.645185000000001,8697735.0,repsol
2019-05-09,14.35,14.37,14.23,14.27,11.52405,6598243.0,repsol
2019-05-10,14.35,14.37,14.195,14.285,11.536163,6814120.0,repsol
2019-05-13,14.285,14.35,14.175,14.21,11.475595,6526394.0,repsol
2019-05-14,14.21,14.445,14.165,14.42,11.645185000000001,15796073.0,repsol
2019-05-15,14.455,14.53,14.34,14.5,11.709791000000001,6795939.0,repsol
2019-05-16,14.47,14.695,14.42,14.685,11.859193,7378905.0,repsol
2019-05-17,14.69,14.83,14.575,14.79,11.943986,7442691.0,repsol
2019-05-20,14.805,15.035,14.805,14.88,12.016669,7758119.0,repsol
2019-05-21,14.91,15.09,14.86,15.06,12.162032,7648195.0,repsol
2019-05-22,15.04,15.1,14.94,14.96,12.081275,6727617.0,repsol
2019-05-23,14.82,15.01,14.375,14.435,11.657299,10710003.0,repsol
2019-05-24,14.54,14.605,14.46,14.515,11.721905,5046648.0,repsol
2019-05-27,14.595,14.72,14.59,14.625,11.810739,5332925.0,repsol
2019-05-28,14.63,14.78,14.6,14.685,11.859193,6812575.0,repsol
2019-05-29,14.57,14.57,14.335,14.39,11.620958,6336643.0,repsol
2019-05-30,14.545,14.65,14.495,14.58,11.774397,5164413.0,repsol
2019-05-31,14.41,14.5,14.33,14.46,11.677488,15328333.0,repsol
2019-06-03,14.34,14.535,14.185,14.485,11.697677,13424502.0,repsol
2019-06-04,14.37,14.705,14.33,14.63,11.814775,5890059.0,repsol
2019-06-05,14.63,14.77,14.535,14.535,11.738055000000001,15573948.0,repsol
2019-06-06,14.615,14.69,14.545,14.59,11.782473,22498722.0,repsol
2019-06-07,14.69,14.835,14.65,14.66,11.839004,8925387.0,repsol
2019-06-10,14.77,14.81,14.63,14.63,11.814775,3612902.0,repsol
2019-06-11,14.71,14.765,14.66,14.67,11.847078999999999,8882964.0,repsol
2019-06-12,14.56,14.59,14.37,14.37,11.604807000000001,5203714.0,repsol
2019-06-13,14.4,14.525,14.36,14.395,11.624996000000001,8318238.0,repsol
2019-06-14,14.4,14.465,14.235,14.3,11.548277,6682411.0,repsol
2019-06-17,13.905,13.905,13.635,13.635,11.414335000000001,12793686.0,repsol
2019-06-18,13.675,13.89,13.58,13.88,11.619432000000002,15307766.0,repsol
2019-06-19,13.9,13.94,13.695,13.695,11.464561999999999,18840551.0,repsol
2019-06-20,13.785,13.94,13.61,13.87,11.611061999999999,13791032.0,repsol
2019-06-21,13.89,14.075,13.87,14.075,11.782675,17338661.0,repsol
2019-06-24,13.995,14.175,13.88,13.91,11.644547,16301536.0,repsol
2019-06-25,13.92,13.925,13.71,13.77,11.527349000000001,11804556.0,repsol
2019-06-26,13.84,13.94,13.81,13.895,11.63199,8324545.0,repsol
2019-06-27,13.94,13.945,13.705,13.71,11.47712,5230154.0,repsol
2019-06-28,13.715,13.785,13.605,13.785,11.539907000000001,5851206.0,repsol
2019-07-01,13.91,14.095,13.875,14.095,11.799417,10412003.0,repsol
2019-07-02,14.02,14.14,13.94,13.94,11.669661,4596950.0,repsol
2019-07-03,13.91,13.94,13.775,13.775,11.531533999999999,6998882.0,repsol
2019-07-04,13.775,13.87,13.705,13.77,11.527349000000001,6132208.0,repsol
2019-07-05,13.8,13.83,13.72,13.74,11.502234,3717757.0,repsol
2019-07-08,13.795,13.845,13.72,13.755,11.514792,4183782.0,repsol
2019-07-09,13.7,13.735,13.59,13.695,11.464561999999999,6763637.0,repsol
2019-07-10,13.71,13.885,13.6,13.79,11.544091,10180377.0,repsol
2019-07-11,13.9,13.965,13.805,13.845,11.590133999999999,8810005.0,repsol
2019-07-12,13.85,14.0,13.85,13.95,11.678033000000001,7462331.0,repsol
2019-07-15,13.95,14.0,13.86,13.92,11.652918,6554679.0,repsol
2019-07-16,13.88,13.905,13.775,13.78,11.53572,16487387.0,repsol
2019-07-17,13.715,13.72,13.495,13.495,11.297136,4659265.0,repsol
2019-07-18,13.45,13.465,13.255,13.275,11.112967,7134270.0,repsol
2019-07-19,13.34,13.41,13.225,13.305,11.138081,7686244.0,repsol
2019-07-22,13.355,13.395,13.28,13.295,11.129709,4728196.0,repsol
2019-07-23,13.38,13.555,13.31,13.48,11.284578999999999,15866847.0,repsol
2019-07-24,14.0,14.32,13.825,14.29,11.962659,32448282.0,repsol
2019-07-25,14.42,14.64,14.295,14.54,12.171942999999999,9656115.0,repsol
2019-07-26,14.545,14.68,14.405,14.585,12.209614,16305535.0,repsol
2019-07-29,14.555,14.59,14.47,14.57,12.197057000000001,15149883.0,repsol
2019-07-30,14.59,14.67,14.28,14.37,12.029630000000001,15653859.0,repsol
2019-07-31,14.445,14.57,14.385,14.385,12.042188000000001,14594872.0,repsol
2019-08-01,14.415,14.415,14.18,14.27,11.945916,3636173.0,repsol
2019-08-02,14.01,14.085,13.76,13.815,11.56502,6627375.0,repsol
2019-08-05,13.735,13.74,13.505,13.58,11.368294,5569305.0,repsol
2019-08-06,13.56,13.645,13.405,13.405,11.221794000000001,4819873.0,repsol
2019-08-07,13.425,13.505,13.125,13.16,11.016696000000001,13049548.0,repsol
2019-08-08,13.3,13.38,13.155,13.23,11.075295,7055457.0,repsol
2019-08-09,13.25,13.28,13.04,13.12,10.983211,6931066.0,repsol
2019-08-12,13.165,13.21,12.935,12.955,10.845084,6919282.0,repsol
2019-08-13,12.92,13.255,12.85,13.09,10.958097,6409728.0,repsol
2019-08-14,13.1,13.105,12.655,12.7,10.631615,10325603.0,repsol
2019-08-15,12.745,12.795,12.365,12.48,10.447444,5751405.0,repsol
2019-08-16,12.515,12.59,12.435,12.475,10.443259,6267801.0,repsol
2019-08-19,12.62,12.82,12.565,12.82,10.732071000000001,4525228.0,repsol
2019-08-20,12.73,12.77,12.555,12.555,10.51023,6881706.0,repsol
2019-08-21,12.63,12.87,12.63,12.8,10.715328,5700491.0,repsol
2019-08-22,12.75,12.94,12.68,12.785,10.70277,6467407.0,repsol
2019-08-23,12.81,12.83,12.525,12.55,10.506043,12567367.0,repsol
2019-08-26,12.49,12.665,12.455,12.595,10.543716,1917867.0,repsol
2019-08-27,12.55,12.745,12.53,12.55,10.506043,12347131.0,repsol
2019-08-28,12.615,12.88,12.53,12.88,10.782299,21470838.0,repsol
2019-08-29,12.79,13.08,12.735,13.065,10.937167,5708439.0,repsol
2019-08-30,13.095,13.38,13.085,13.22,11.066925,8635970.0,repsol
2019-09-02,13.235,13.455,13.235,13.37,11.192494,5085282.0,repsol
2019-09-03,13.385,13.47,13.255,13.31,11.142267,7990633.0,repsol
2019-09-04,13.45,13.59,13.36,13.56,11.351550999999999,7397860.0,repsol
2019-09-05,13.49,13.92,13.49,13.775,11.531533999999999,8994851.0,repsol
2019-09-06,13.77,13.785,13.605,13.615,11.397592999999999,6581679.0,repsol
2019-09-09,13.735,13.92,13.72,13.88,11.619432000000002,6587844.0,repsol
2019-09-10,13.95,14.195,13.94,14.155,11.849646,6067110.0,repsol
2019-09-11,14.225,14.27,14.005,14.015,11.732447,4875022.0,repsol
2019-09-12,14.005,14.01,13.69,13.835,11.581762,6150337.0,repsol
2019-09-13,13.85,14.1,13.83,13.985,11.707333,6733473.0,repsol
2019-09-16,14.255,14.415,14.095,14.135,11.832902,10026824.0,repsol
2019-09-17,14.22,14.285,13.82,14.015,11.732447,13383773.0,repsol
2019-09-18,13.92,14.145,13.86,14.065,11.774303,7069463.0,repsol
2019-09-19,14.075,14.335,13.975,14.26,11.937545,7256663.0,repsol
2019-09-20,14.215,14.34,14.075,14.21,11.895688,14850615.0,repsol
2019-09-23,14.255,14.33,14.135,14.305,11.975216,4590713.0,repsol
2019-09-24,14.35,14.375,14.09,14.165,11.858017,4472923.0,repsol
2019-09-25,14.055,14.14,13.91,14.085,11.791046000000001,8125033.0,repsol
2019-09-26,14.035,14.265,14.035,14.155,11.849646,4205594.0,repsol
2019-09-27,14.225,14.435,14.225,14.305,11.975216,6592084.0,repsol
2019-09-30,14.315,14.43,14.215,14.34,12.004515,5126424.0,repsol
2019-10-01,14.35,14.45,14.23,14.305,11.975216,4678477.0,repsol
2019-10-02,14.32,14.32,13.97,13.97,11.694777,9109048.0,repsol
2019-10-03,13.95,13.95,13.625,13.735,11.498049,6147404.0,repsol
2019-10-04,13.78,13.87,13.705,13.785,11.539907000000001,5020819.0,repsol
2019-10-07,13.83,14.095,13.745,14.095,11.799417,5864343.0,repsol
2019-10-08,14.12,14.18,13.795,13.94,11.669661,3762971.0,repsol
2019-10-09,13.815,14.165,13.765,14.09,11.795233,4715143.0,repsol
2019-10-10,14.045,14.375,14.02,14.31,11.979401,5468324.0,repsol
2019-10-11,14.365,14.555,14.36,14.555,12.1845,6208875.0,repsol
2019-10-14,14.43,14.54,14.37,14.525,12.159385,4052594.0,repsol
2019-10-15,14.59,14.775,14.505,14.715,12.318441,8816222.0,repsol
2019-10-16,14.66,14.825,14.57,14.735,12.335184,5636046.0,repsol
2019-10-17,14.66,14.955,14.635,14.675,12.284956,8908103.0,repsol
2019-10-18,14.665,14.745,14.46,14.5,12.138457,6975835.0,repsol
2019-10-21,14.47,14.67,14.465,14.57,12.197057000000001,4950950.0,repsol
2019-10-22,14.625,14.69,14.565,14.6,12.222171000000001,7777126.0,repsol
2019-10-23,14.555,14.785,14.555,14.775,12.36867,4078331.0,repsol
2019-10-24,14.8,15.0,14.78,14.925,12.494239,4454748.0,repsol
2019-10-25,14.925,15.035,14.89,14.99,12.548653999999999,3639909.0,repsol
2019-10-28,15.04,15.19,15.0,15.115,12.653295,4449664.0,repsol
2019-10-29,15.085,15.115,14.905,15.05,12.598882000000001,5508978.0,repsol
2019-10-30,15.015,15.095,14.86,14.94,12.506797,6910004.0,repsol
2019-10-31,14.855,15.31,14.67,14.7,12.305883,17400412.0,repsol
2019-11-01,15.08,15.2,15.005,15.145,12.678411,6869537.0,repsol
2019-11-04,15.265,15.59,15.195,15.47,12.950479,6922644.0,repsol
2019-11-05,15.455,15.665,15.385,15.415,12.904435000000001,10035752.0,repsol
2019-11-06,15.35,15.41,15.09,15.13,12.665853,15736300.0,repsol
2019-11-07,15.13,15.245,14.92,15.145,12.678411,11897805.0,repsol
2019-11-08,15.16,15.16,14.88,15.04,12.590511,5421084.0,repsol
2019-11-11,15.04,15.07,14.865,15.03,12.582139,7725855.0,repsol
2019-11-12,15.095,15.19,14.935,15.02,12.573767,4518505.0,repsol
2019-11-13,14.88,14.905,14.625,14.72,12.322627,8384914.0,repsol
2019-11-14,14.67,14.78,14.595,14.595,12.217985,5301849.0,repsol
2019-11-15,14.685,14.77,14.555,14.69,12.297512,5231570.0,repsol
2019-11-18,14.68,14.785,14.58,14.63,12.247284,4590942.0,repsol
2019-11-19,14.615,14.755,14.555,14.615,12.234729,4315984.0,repsol
2019-11-20,14.55,14.59,14.38,14.545,12.176128,4468139.0,repsol
2019-11-21,14.455,14.505,14.365,14.445,12.092414999999999,5297755.0,repsol
2019-11-22,14.47,14.7,14.47,14.6,12.222171000000001,5348788.0,repsol
2019-11-25,14.7,14.75,14.635,14.68,12.289142,3487490.0,repsol
2019-11-26,14.69,14.69,14.55,14.59,12.213799,15432390.0,repsol
2019-11-27,14.665,14.67,14.47,14.5,12.138457,4315801.0,repsol
2019-11-28,14.485,14.525,14.385,14.405,12.058928,4333479.0,repsol
2019-11-29,14.36,14.435,14.25,14.29,11.962659,4250601.0,repsol
2019-12-02,14.31,14.415,14.08,14.145,11.841274,6236249.0,repsol
2019-12-03,14.1,14.13,13.975,14.095,11.799417,7684944.0,repsol
2019-12-04,14.09,14.39,14.09,14.35,12.012887,12602100.0,repsol
2019-12-05,14.41,14.5,14.33,14.34,12.004515,8464034.0,repsol
2019-12-06,14.385,14.685,14.345,14.635,12.251471,5720010.0,repsol
2019-12-09,14.66,14.665,14.43,14.46,12.104972,5006379.0,repsol
2019-12-10,14.405,14.44,14.23,14.35,12.012887,5181399.0,repsol
2019-12-11,14.41,14.465,14.345,14.35,12.012887,5257987.0,repsol
2019-12-12,14.39,14.44,14.18,14.375,12.033814999999999,8125332.0,repsol
2019-12-13,14.5,14.535,14.285,14.325,11.991959,7409070.0,repsol
2019-12-16,14.44,14.47,14.345,14.4,12.054744,7962371.0,repsol
2019-12-17,14.055,14.125,13.955,13.96,12.040944,6986347.0,repsol
2019-12-18,13.96,14.115,13.945,13.98,12.058193,9080059.0,repsol
2019-12-19,13.965,14.0,13.91,13.98,12.058193,6377030.0,repsol
2019-12-20,13.955,14.095,13.955,14.085,12.148761,25724495.0,repsol
2019-12-23,14.04,14.15,14.02,14.15,12.204823,3908790.0,repsol
2019-12-24,14.155,14.155,14.04,14.155,12.209137,1262746.0,repsol
2019-12-25,14.155,14.155,14.155,14.155,12.209137,0.0,repsol
2019-12-27,14.155,14.265,14.13,14.2,12.247952,2949913.0,repsol
2019-12-30,14.18,14.2,14.125,14.125,12.183261,2012826.0,repsol
2019-12-31,14.1,14.1,13.93,13.93,12.015067,2221149.0,repsol
2020-01-02,14.03,14.135,13.975,14.065,12.131509,5576733.0,repsol
2020-01-03,14.105,14.28,14.06,14.24,12.282453,4769535.0,repsol
2020-01-06,14.26,14.475,14.26,14.35,12.377331,3960659.0,repsol
2020-01-07,14.365,14.42,14.23,14.23,12.273828,6809406.0,repsol
2020-01-08,14.23,14.375,14.155,14.36,12.385955000000001,4661762.0,repsol
2020-01-09,14.4,14.405,14.16,14.17,12.222075,9326800.0,repsol
2020-01-10,14.25,14.405,14.135,14.32,12.351455,3762822.0,repsol
2020-01-13,14.35,14.35,14.135,14.245,12.286764999999999,9160802.0,repsol
2020-01-14,14.245,14.28,14.175,14.235,12.278138,5799009.0,repsol
2020-01-15,14.215,14.24,14.045,14.1,12.161698,4016320.0,repsol
2020-01-16,14.09,14.265,14.075,14.145,12.200513,4264590.0,repsol
2020-01-17,14.2,14.24,14.015,14.04,12.109945,4323080.0,repsol
2020-01-20,14.065,14.075,13.865,13.92,12.006442999999999,7740315.0,repsol
2020-01-21,13.855,13.855,13.715,13.775,11.881374000000001,20149802.0,repsol
2020-01-22,13.8,13.81,13.6,13.6,11.730433,8705875.0,repsol
2020-01-23,13.5,13.5,13.045,13.13,11.325042999999999,11851595.0,repsol
2020-01-24,13.125,13.23,13.09,13.1,11.299166,7410029.0,repsol
2020-01-27,12.935,12.935,12.65,12.65,10.911027,8906675.0,repsol
2020-01-28,12.71,12.82,12.59,12.77,11.014531,10668180.0,repsol
2020-01-29,12.89,12.92,12.7,12.795,11.036094,15454614.0,repsol
2020-01-30,12.675,12.74,12.54,12.58,10.850649,10235930.0,repsol
2020-01-31,12.68,12.68,12.41,12.465,10.751458,7611213.0,repsol
2020-02-03,12.465,12.475,12.285,12.285,10.596203,10596894.0,repsol
2020-02-04,12.38,12.595,12.35,12.58,10.850649,8288812.0,repsol
2020-02-05,12.545,12.925,12.49,12.795,11.036094,14104207.0,repsol
2020-02-06,12.93,12.97,12.745,12.825,11.06197,22068690.0,repsol
2020-02-07,12.83,12.83,12.71,12.755,11.001593,5926955.0,repsol
2020-02-10,12.75,12.765,12.59,12.59,10.859275,6964625.0,repsol
2020-02-11,12.68,12.75,12.61,12.745,10.992967,5190198.0,repsol
2020-02-12,12.785,12.895,12.76,12.77,11.014531,6455374.0,repsol
2020-02-13,12.75,12.75,12.545,12.665,10.923964999999999,5688394.0,repsol
2020-02-14,12.685,12.77,12.62,12.65,10.911027,3683911.0,repsol
2020-02-17,12.565,12.65,12.515,12.525,10.80321,5301328.0,repsol
2020-02-18,12.5,12.535,12.34,12.345,10.647955,7076534.0,repsol
2020-02-19,12.48,12.48,12.275,12.35,10.652267,14311397.0,repsol
2020-02-20,12.285,12.53,12.26,12.295,10.604827,14010032.0,repsol
2020-02-21,12.24,12.24,11.9,11.955,10.311567,19411232.0,repsol
2020-02-24,11.705,11.72,11.215,11.315,9.759546,16931041.0,repsol
2020-02-25,11.37,11.37,10.925,10.965,9.457661,19539940.0,repsol
2020-02-26,10.855,10.98,10.725,10.865,9.371408,14073304.0,repsol
2020-02-27,10.72,10.725,10.27,10.51,9.065209,14509675.0,repsol
2020-02-28,10.185,10.33,10.015,10.13,8.737447999999999,32611097.0,repsol
2020-03-02,10.51,10.515,9.972,10.215,8.810761999999999,20049068.0,repsol
2020-03-03,10.47,10.675,10.28,10.35,8.927204,10559081.0,repsol
2020-03-04,10.385,10.435,10.17,10.29,8.875452000000001,12700207.0,repsol
2020-03-05,10.355,10.355,10.03,10.09,8.702946,16028444.0,repsol
2020-03-06,10.0,10.0,9.6,9.6,8.280305,16585403.0,repsol
2020-03-09,8.0,8.506,7.958,8.148,7.027908,35545925.0,repsol
2020-03-10,8.294,9.022,8.148,8.28,7.141763,23649183.0,repsol
2020-03-11,8.438,8.53,8.242,8.318,7.174539,28384800.0,repsol
2020-03-12,8.008,8.022,7.162,7.2,6.210228,41428239.0,repsol
2020-03-13,8.222,8.28,7.412,7.542,6.505214,17689172.0,repsol
2020-03-16,7.322,7.376,6.52,6.774,5.842791,39740950.0,repsol
2020-03-17,7.48,7.48,6.55,6.768,5.837615,31864669.0,repsol
2020-03-18,6.678,6.772,6.136,6.142,5.29767,19663393.0,repsol
2020-03-19,6.18,6.412,5.92,6.03,5.201066,26149008.0,repsol
2020-03-20,6.47,6.638,6.158,6.168,5.3200959999999995,35961306.0,repsol
2020-03-23,6.1,6.45,6.1,6.212,5.358047,39428358.0,repsol
2020-03-24,6.65,7.186,6.45,7.186,6.198153,43694632.0,repsol
2020-03-25,7.526,7.88,6.958,7.374,6.360309,14427609.0,repsol
2020-03-26,7.224,7.68,7.16,7.65,6.598367999999999,16668883.0,repsol
2020-03-27,7.5,7.546,7.202,7.346,6.336158999999999,12848688.0,repsol
2020-03-30,7.64,7.79,7.21,7.592,6.548341000000001,8788233.0,repsol
2020-03-31,7.82,8.39,7.722,8.332,7.186615,14993423.0,repsol
2020-04-01,8.218,8.4,8.02,8.1,6.9865070000000005,11626580.0,repsol
2020-04-02,8.45,8.97,8.33,8.588,7.407423,17389836.0,repsol
2020-04-03,8.54,8.678,8.08,8.252,7.117611999999999,13324374.0,repsol
2020-04-06,8.8,8.8,8.19,8.19,7.064135,12501690.0,repsol
2020-04-07,8.44,8.588,8.18,8.464,7.3004679999999995,11032146.0,repsol
2020-04-08,8.49,8.502,8.206,8.362,7.212491,5884225.0,repsol
2020-04-09,8.6,8.62,8.252,8.286,7.1469380000000005,10806445.0,repsol
2020-04-14,8.722,8.722,8.044,8.044,6.938205,12791793.0,repsol
2020-04-15,8.0,8.002,7.436,7.436,6.413786,14287060.0,repsol
2020-04-16,7.52,7.644,7.124,7.332,6.324083,9756234.0,repsol
2020-04-17,7.522,7.786,7.498,7.786,6.7156720000000005,9774192.0,repsol
2020-04-20,7.634,7.766,7.5,7.734,6.670821000000001,8176040.0,repsol
2020-04-21,7.34,7.5,7.24,7.278,6.277506,14554333.0,repsol
2020-04-22,7.302,7.59,7.21,7.394,6.37756,11295567.0,repsol
2020-04-23,7.58,7.944,7.498,7.84,6.762249000000001,18314971.0,repsol
2020-04-24,7.8,8.054,7.528,7.742,6.677721000000001,7306252.0,repsol
2020-04-27,7.94,7.96,7.626,7.812,6.738099000000001,5496779.0,repsol
2020-04-28,7.6,7.918,7.532,7.912,6.824350999999999,8935408.0,repsol
2020-04-29,7.978,8.502,7.928,8.502,7.3332440000000005,11560657.0,repsol
2020-04-30,8.6,8.77,8.284,8.314,7.1710899999999995,10430331.0,repsol
2020-05-04,8.05,8.05,7.632,7.666,6.612168,18186384.0,repsol
2020-05-05,8.39,8.78,8.08,8.678,7.4850509999999995,17628932.0,repsol
2020-05-06,8.65,9.15,8.45,8.506,7.336695,18339136.0,repsol
2020-05-07,8.59,8.89,8.54,8.774,7.567854,7923690.0,repsol
2020-05-08,8.95,8.95,8.562,8.634,7.447099000000001,13926709.0,repsol
2020-05-11,8.822,8.822,8.45,8.504,7.334969999999999,8690523.0,repsol
2020-05-12,8.474,8.566,8.328,8.358,7.209039999999999,7235596.0,repsol
2020-05-13,8.326,8.338,8.07,8.07,6.960630999999999,6888087.0,repsol
2020-05-14,8.028,8.174,7.704,8.174,7.050333999999999,14502621.0,repsol
2020-05-15,8.35,8.428,8.04,8.104,6.989958000000001,7028743.0,repsol
2020-05-18,8.446,8.64,8.364,8.64,7.452275,7265125.0,repsol
2020-05-19,8.7,8.72,8.432,8.546,7.371196,9364123.0,repsol
2020-05-20,8.54,8.75,8.308,8.738,7.536802000000001,7964743.0,repsol
2020-05-21,8.58,8.69,8.392,8.446,7.284942999999999,6871153.0,repsol
2020-05-22,8.36,8.498,8.168,8.292,7.152113000000001,6862465.0,repsol
2020-05-25,8.432,8.44,8.306,8.398,7.243542,3549892.0,repsol
2020-05-26,8.496,8.642,8.468,8.616,7.431574,7244932.0,repsol
2020-05-27,8.64,9.17,8.628,8.876,7.655832000000001,15153611.0,repsol
2020-05-28,8.98,8.98,8.718,8.87,7.650657000000001,5919830.0,repsol
2020-05-29,8.75,8.758,8.352,8.37,7.219391000000001,18371818.0,repsol
2020-06-01,8.6,8.736,8.464,8.616,7.431574,8134542.0,repsol
2020-06-02,8.706,9.06,8.694,8.976,7.742085,12881005.0,repsol
2020-06-03,9.15,9.238,8.934,9.126,7.871465,11760913.0,repsol
2020-06-04,9.102,9.25,8.888,9.046,7.802461999999999,22197459.0,repsol
2020-06-05,9.18,9.59,9.15,9.53,8.219927,17079746.0,repsol
2020-06-08,9.654,10.075,9.62,9.726,8.388983999999999,15671559.0,repsol
2020-06-09,9.78,9.822,9.08,9.236,7.966342999999999,16775174.0,repsol
2020-06-10,9.328,9.428,9.134,9.156,7.897342,13098224.0,repsol
2020-06-11,9.02,9.026,8.582,8.582,7.402247,12244209.0,repsol
2020-06-12,8.5,8.938,8.4,8.688,7.493675,11420143.0,repsol
2020-06-15,8.586,8.76,8.418,8.68,7.486776,10848303.0,repsol
2020-06-16,8.54,8.68,8.322,8.42,7.698907000000001,13230479.0,repsol
2020-06-17,8.41,8.488,8.146,8.23,7.5251779999999995,22903745.0,repsol
2020-06-18,8.176,8.252,8.01,8.206,7.503234,9991680.0,repsol
2020-06-19,8.25,8.416,8.23,8.298,7.587356,28931722.0,repsol
2020-06-22,8.244,8.252,8.054,8.132,7.4355720000000005,19797582.0,repsol
2020-06-23,8.22,8.386,8.114,8.3,7.5891839999999995,13584257.0,repsol
2020-06-24,8.27,8.36,7.868,7.868,7.1941809999999995,7668558.0,repsol
2020-06-25,7.848,8.04,7.722,8.0,7.314875999999999,15441426.0,repsol
2020-06-26,8.1,8.122,7.732,7.77,7.104574,10318052.0,repsol
2020-06-29,7.77,7.914,7.642,7.866,7.1923520000000005,9739630.0,repsol
2020-06-30,7.844,7.92,7.648,7.786,7.119203,10214379.0,repsol
2020-07-01,7.828,8.008,7.716,7.886,7.210639,6933381.0,repsol
2020-07-02,7.956,8.11,7.926,8.036,7.347794,7917415.0,repsol
2020-07-03,8.03,8.044,7.78,7.816,7.146634,8372447.0,repsol
2020-07-06,8.0,8.136,7.924,7.974,7.291102,5879437.0,repsol
2020-07-07,7.94,7.972,7.83,7.87,7.196008999999999,11007828.0,repsol
2020-07-08,7.8,7.852,7.71,7.74,7.0771429999999995,6810828.0,repsol
2020-07-09,7.788,7.84,7.51,7.532,6.886956,6409078.0,repsol
2020-07-10,7.5,7.698,7.456,7.624,6.971077,5861891.0,repsol
2020-07-13,7.764,7.854,7.674,7.784,7.117374000000001,3497226.0,repsol
2020-07-14,7.7,7.986,7.684,7.986,7.302075,5160531.0,repsol
2020-07-15,8.0,8.072,7.872,7.906,7.2289270000000005,6639223.0,repsol
2020-07-16,7.982,8.076,7.91,8.014,7.327677,5052837.0,repsol
2020-07-17,7.988,8.012,7.836,7.874,7.199667,7632648.0,repsol
2020-07-20,7.828,7.828,7.682,7.738,7.075315,3937960.0,repsol
2020-07-21,7.858,7.928,7.702,7.928,7.2490429999999995,6557759.0,repsol
2020-07-22,7.85,7.924,7.638,7.67,7.0131380000000005,7345795.0,repsol
2020-07-23,7.87,7.87,7.534,7.58,6.930845,6492829.0,repsol
2020-07-24,7.5,7.544,7.39,7.39,6.757117,7693242.0,repsol
2020-07-27,7.36,7.36,7.12,7.162,6.548643,7338541.0,repsol
2020-07-28,7.196,7.274,7.062,7.062,6.457207,7305247.0,repsol
2020-07-29,7.1,7.122,6.956,7.036,6.433433999999999,6030470.0,repsol
2020-07-30,7.0,7.03,6.722,6.788,6.206672,11500916.0,repsol
2020-07-31,6.84,6.87,6.568,6.58,6.0164860000000004,11272329.0,repsol
2020-08-03,6.58,6.716,6.462,6.694,6.120723,10392339.0,repsol
2020-08-04,6.762,6.964,6.75,6.916,6.323711,10615675.0,repsol
2020-08-05,7.0,7.108,6.954,7.058,6.453549,8404393.0,repsol
2020-08-06,7.0,7.02,6.782,6.8,6.217645,8640329.0,repsol
2020-08-07,6.792,6.83,6.664,6.676,6.104264,7539662.0,repsol
2020-08-10,6.752,6.9,6.716,6.802,6.219473000000001,7113723.0,repsol
2020-08-11,6.874,7.294,6.872,7.124,6.513897,10733545.0,repsol
2020-08-12,7.07,7.236,7.022,7.198,6.5815600000000005,8469201.0,repsol
2020-08-13,7.18,7.23,7.054,7.054,6.449892,7065877.0,repsol
2020-08-14,7.04,7.042,6.866,6.988,6.389544,7637094.0,repsol
2020-08-17,6.966,7.036,6.826,6.842,6.256048000000001,8106132.0,repsol
2020-08-18,6.82,6.924,6.722,6.756,6.177413,5668138.0,repsol
2020-08-19,6.734,6.82,6.686,6.82,6.235932,16353169.0,repsol
2020-08-20,6.704,6.784,6.67,6.692,6.118894,9607026.0,repsol
2020-08-21,6.7,6.73,6.558,6.616,6.049403,11385290.0,repsol
2020-08-24,6.686,6.95,6.642,6.934,6.340169,8132622.0,repsol
2020-08-25,6.95,7.058,6.776,6.792,6.21033,8005816.0,repsol
2020-08-26,6.77,6.942,6.728,6.858,6.270678,4767540.0,repsol
2020-08-27,6.848,6.966,6.78,6.882,6.292622,5274645.0,repsol
2020-08-28,6.958,6.986,6.88,6.902,6.310909,4662568.0,repsol
2020-08-31,6.98,7.048,6.622,6.622,6.054889,7825072.0,repsol
2020-09-01,6.728,6.756,6.51,6.604,6.038431,6830177.0,repsol
2020-09-02,6.646,6.7,6.402,6.432,5.8811599999999995,9082417.0,repsol
2020-09-03,6.454,6.58,6.402,6.412,5.8628730000000004,12076271.0,repsol
2020-09-04,6.432,6.646,6.432,6.448,5.89579,12050216.0,repsol
2020-09-07,6.522,6.688,6.476,6.636,6.06769,8209892.0,repsol
2020-09-08,6.69,6.69,6.282,6.334,5.7915529999999995,11093775.0,repsol
2020-09-09,6.33,6.48,6.302,6.39,5.842757,9368681.0,repsol
2020-09-10,6.412,6.546,6.34,6.46,5.906763,6407146.0,repsol
2020-09-11,6.44,6.448,6.3,6.394,5.846415,6554592.0,repsol
2020-09-14,6.444,6.49,6.25,6.266,5.729376,6902434.0,repsol
2020-09-15,6.252,6.48,6.224,6.452,5.8994480000000005,9523922.0,repsol
2020-09-16,6.44,6.584,6.364,6.548,5.987226000000001,6211843.0,repsol
2020-09-17,6.5,6.622,6.452,6.522,5.963451999999999,9703675.0,repsol
2020-09-18,6.552,6.552,6.314,6.314,5.7732660000000005,19796444.0,repsol
2020-09-21,6.282,6.282,6.042,6.112,5.588565,8866200.0,repsol
2020-09-22,6.152,6.366,6.082,6.208,5.676344,9184801.0,repsol
2020-09-23,6.234,6.3,6.04,6.056,5.537361,9984115.0,repsol
2020-09-24,6.0,6.084,5.89,5.89,5.385577,30849532.0,repsol
2020-09-25,5.964,5.988,5.724,5.754,5.261225,18449237.0,repsol
2020-09-28,5.842,5.93,5.794,5.882,5.378263,15390396.0,repsol
2020-09-29,5.886,5.89,5.67,5.67,5.184418,7312523.0,repsol
2020-09-30,5.662,5.822,5.616,5.722,5.231965,17556253.0,repsol
2020-10-01,5.768,5.8,5.508,5.512,5.03995,11621364.0,repsol
2020-10-02,5.5,5.522,5.372,5.518,5.0454360000000005,13159019.0,repsol
2020-10-05,5.594,5.79,5.55,5.722,5.231965,9641308.0,repsol
2020-10-06,5.77,6.052,5.742,6.004,5.489815,10838152.0,repsol
2020-10-07,5.99,6.062,5.92,6.032,5.515417,8792461.0,repsol
2020-10-08,6.1,6.298,5.994,6.242,5.707432,9894617.0,repsol
2020-10-09,6.3,6.424,6.246,6.31,5.769608,9226230.0,repsol
2020-10-12,6.298,6.3,6.202,6.202,5.670858,5167901.0,repsol
2020-10-13,6.222,6.32,6.128,6.142,5.615996,6443718.0,repsol
2020-10-14,6.082,6.18,5.95,6.132,5.606853,7871379.0,repsol
2020-10-15,6.038,6.056,5.888,5.918,5.41118,7843293.0,repsol
2020-10-16,5.986,6.002,5.806,6.002,5.487986,10159146.0,repsol
2020-10-19,5.996,6.078,5.868,5.926,5.418495,6147678.0,repsol
2020-10-20,5.892,5.936,5.776,5.854,5.352661,6086770.0,repsol
2020-10-21,5.9,5.9,5.656,5.666,5.180761,8809694.0,repsol
2020-10-22,5.65,5.682,5.522,5.662,5.177104,8796042.0,repsol
2020-10-23,5.698,5.896,5.686,5.824,5.32523,8179919.0,repsol
2020-10-26,5.644,5.844,5.61,5.642,5.158817,7508932.0,repsol
2020-10-27,5.68,5.684,5.41,5.46,4.9924029999999995,13285418.0,repsol
2020-10-28,5.39,5.396,5.15,5.272,4.8205029999999995,15663400.0,repsol
2020-10-29,5.262,5.36,5.042,5.226,4.778443,13362050.0,repsol
2020-10-30,5.15,5.368,5.122,5.34,4.882680000000001,9000939.0,repsol
2020-11-02,5.34,5.68,5.264,5.672,5.186247,10452056.0,repsol
2020-11-03,5.72,5.88,5.68,5.786,5.290483999999999,12350684.0,repsol
2020-11-04,5.676,5.918,5.568,5.9,5.394721,10855265.0,repsol
2020-11-05,5.936,5.954,5.784,5.784,5.288656,9379179.0,repsol
2020-11-06,5.78,5.872,5.72,5.772,5.277683000000001,9130093.0,repsol
2020-11-09,5.846,6.834,5.804,6.824,6.239589,35275931.0,repsol
2020-11-10,6.788,7.81,6.674,7.646,6.991192999999999,43813525.0,repsol
2020-11-11,7.702,7.968,7.39,7.676,7.018624000000001,21276769.0,repsol
2020-11-12,7.576,7.616,7.318,7.356,6.726029,15702058.0,repsol
2020-11-13,7.2,7.376,7.022,7.262,6.640078999999999,15092259.0,repsol
2020-11-16,7.4,7.95,7.38,7.912,7.234413000000001,19487552.0,repsol
2020-11-17,7.878,7.956,7.65,7.844,7.172236,15183290.0,repsol
2020-11-18,7.8,8.042,7.716,7.938,7.258186,9373447.0,repsol
2020-11-19,7.8,7.842,7.682,7.746,7.082628999999999,10533416.0,repsol
2020-11-20,7.778,7.9,7.724,7.724,7.062513,9741724.0,repsol
2020-11-23,7.948,8.354,7.92,8.33,7.616614,19811322.0,repsol
2020-11-24,8.45,8.852,8.44,8.852,8.093911,16598095.0,repsol
2020-11-25,8.85,8.98,8.514,8.74,7.9915020000000005,14079937.0,repsol
2020-11-26,8.736,8.738,8.224,8.436,7.713537,15300784.0,repsol
2020-11-27,8.42,8.51,8.23,8.486,7.7592550000000005,39814811.0,repsol
2020-11-30,8.374,8.452,8.058,8.058,7.367909,33459454.0,repsol
2020-12-01,8.064,8.372,8.032,8.22,7.5160350000000005,11642414.0,repsol
2020-12-02,8.086,8.286,7.93,8.25,7.5434660000000004,14348611.0,repsol
2020-12-03,8.2,8.224,7.99,8.132,7.4355720000000005,13457962.0,repsol
2020-12-04,8.192,8.604,8.178,8.562,7.828747,13972634.0,repsol
2020-12-07,8.5,8.514,8.312,8.48,7.753767999999999,9098450.0,repsol
2020-12-08,8.432,8.658,8.376,8.602,7.865321000000001,8342443.0,repsol
2020-12-09,8.64,8.988,8.64,8.858,8.099397,14897280.0,repsol
2020-12-10,8.872,8.988,8.736,8.95,8.183517,10007135.0,repsol
2020-12-11,8.942,8.972,8.612,8.78,8.028075999999999,11354251.0,repsol
2020-12-14,8.912,8.98,8.588,8.62,7.88178,11567399.0,repsol
2020-12-15,8.616,8.756,8.5,8.746,7.996988000000001,6879271.0,repsol
2020-12-16,8.76,8.966,8.612,8.714,7.967728999999999,11761541.0,repsol
2020-12-17,8.5,8.566,8.266,8.284,7.833452,14644175.0,repsol
2020-12-18,8.2,8.272,8.076,8.142,7.699175,38868306.0,repsol
2020-12-21,7.78,7.888,7.5,7.84,7.4136,30557278.0,repsol
2020-12-22,7.818,7.886,7.75,7.838,7.411708999999999,6954104.0,repsol
2020-12-23,7.848,8.212,7.81,8.2,7.75402,6548485.0,repsol
2020-12-24,8.22,8.346,8.164,8.346,7.892078999999999,3094707.0,repsol
2020-12-28,8.428,8.448,8.3,8.32,7.867494000000001,6435171.0,repsol
2020-12-29,8.372,8.416,8.222,8.314,7.86182,6141224.0,repsol
2020-12-30,8.322,8.37,8.246,8.286,7.835342999999999,5024235.0,repsol
2020-12-31,8.254,8.312,8.158,8.25,7.801301,2973311.0,repsol
2021-01-04,8.328,8.51,8.082,8.106,7.665133,7901137.0,repsol
2021-01-05,8.142,8.73,8.134,8.73,8.255195,11674727.0,repsol
2021-01-06,8.784,8.984,8.738,8.85,8.368669,12401959.0,repsol
2021-01-07,8.886,8.95,8.58,8.882,8.398928,17011938.0,repsol
2021-01-08,8.98,8.988,8.692,8.726,8.251411000000001,11807348.0,repsol
2021-01-11,8.664,8.726,8.54,8.636,8.166307000000002,5986272.0,repsol
2021-01-12,8.74,8.894,8.68,8.822,8.342191,7688675.0,repsol
2021-01-13,8.86,8.922,8.694,8.702,8.228717999999999,5309109.0,repsol
2021-01-14,8.7,8.896,8.692,8.862,8.380015,8655977.0,repsol
2021-01-15,8.82,8.856,8.522,8.652,8.181436999999999,8581202.0,repsol
2021-01-18,8.576,8.716,8.52,8.672,8.20035,4430818.0,repsol
2021-01-19,8.71,8.78,8.622,8.632,8.162525,16590328.0,repsol
2021-01-20,8.724,8.872,8.672,8.846,8.364885000000001,5764107.0,repsol
2021-01-21,8.86,8.876,8.56,8.57,8.103896,11694014.0,repsol
2021-01-22,8.5,8.5,8.274,8.452,7.992314,12828860.0,repsol
2021-01-25,8.518,8.56,8.23,8.3,7.848582,8274994.0,repsol
2021-01-26,8.25,8.566,8.24,8.452,7.992314,6075048.0,repsol
2021-01-27,8.424,8.546,8.256,8.522,8.058508,11641234.0,repsol
2021-01-28,8.34,8.486,8.266,8.372,7.916664999999999,5489463.0,repsol
2021-01-29,8.28,8.4,8.122,8.122,7.680262,5705565.0,repsol
2021-02-01,8.17,8.206,7.96,7.98,7.545986,11071762.0,repsol
2021-02-02,8.094,8.25,8.082,8.178,7.733217,15666180.0,repsol
2021-02-03,8.312,8.586,8.142,8.576,8.109571,9973268.0,repsol
2021-02-04,8.61,8.796,8.468,8.6,8.132265,8758517.0,repsol
2021-02-05,8.62,8.806,8.47,8.712,8.238174,8740750.0,repsol
2021-02-08,8.752,8.87,8.686,8.848,8.366777,8431038.0,repsol
2021-02-09,8.878,8.968,8.768,8.796,8.317605,7350628.0,repsol
2021-02-10,8.812,8.906,8.69,8.878,8.395146,6566539.0,repsol
2021-02-11,8.862,8.91,8.736,8.778,8.300585,4912243.0,repsol
2021-02-12,8.74,8.876,8.608,8.874,8.391363,4212883.0,repsol
2021-02-15,8.97,9.39,8.926,9.36,8.85093,12159015.0,repsol
2021-02-16,9.4,9.55,9.256,9.416,8.903885,9429847.0,repsol
2021-02-17,9.4,9.748,9.396,9.456,8.94171,10689382.0,repsol
2021-02-18,9.5,9.778,9.5,9.56,9.040053,11777660.0,repsol
2021-02-19,9.486,9.964,9.372,9.94,9.399385,11777441.0,repsol
2021-02-22,9.91,10.21,9.86,10.15,9.597964,10606879.0,repsol
2021-02-23,10.19,10.4,9.98,10.145,9.593237,12087009.0,repsol
2021-02-24,10.225,10.325,10.135,10.32,9.758718,10089067.0,repsol
2021-02-25,10.345,10.685,10.33,10.62,10.042402000000001,12486726.0,repsol
2021-02-26,10.425,10.525,10.28,10.415,9.848550999999999,12410074.0,repsol
2021-03-01,10.52,10.78,10.52,10.705,10.122779,9008616.0,repsol
2021-03-02,10.54,10.77,10.44,10.67,10.089683,10160205.0,repsol
2021-03-03,10.6,10.885,10.6,10.86,10.269349,8750941.0,repsol
2021-03-04,10.66,11.14,10.65,11.04,10.439559,11381153.0,repsol
2021-03-05,11.02,11.14,10.89,10.965,10.368638,13091915.0,repsol
2021-03-08,10.93,11.02,10.53,10.68,10.099139,10661451.0,repsol
2021-03-09,10.76,10.875,10.565,10.725,10.141691999999999,7747822.0,repsol
2021-03-10,10.63,10.89,10.58,10.7,10.118051,6218365.0,repsol
2021-03-11,10.77,10.84,10.555,10.75,10.165332000000001,6586151.0,repsol
2021-03-12,10.72,10.975,10.72,10.96,10.36391,5422472.0,repsol
2021-03-15,11.0,11.14,10.82,10.85,10.259893,6876505.0,repsol
2021-03-16,10.9,10.94,10.615,10.75,10.165332000000001,5850420.0,repsol
2021-03-17,10.645,10.835,10.625,10.735,10.151147,5788267.0,repsol
2021-03-18,10.775,10.83,10.61,10.72,10.136964,7067797.0,repsol
2021-03-19,10.58,10.74,10.415,10.67,10.089683,10660862.0,repsol
2021-03-22,10.585,10.695,10.545,10.56,9.985665,5982217.0,repsol
2021-03-23,10.52,10.545,10.25,10.42,9.853278999999999,12606604.0,repsol
2021-03-24,10.3,10.69,10.265,10.69,10.108595,6894406.0,repsol
2021-03-25,10.68,10.71,10.055,10.33,9.768174,8766161.0,repsol
2021-03-26,10.4,10.605,10.345,10.605,10.028217,9146350.0,repsol
2021-03-29,10.6,10.72,10.42,10.7,10.118051,6163510.0,repsol
2021-03-30,10.74,10.835,10.6,10.67,10.089683,4557409.0,repsol
2021-03-31,10.67,10.775,10.53,10.56,9.985665,5721863.0,repsol
2021-04-01,10.63,10.63,10.402,10.438,9.8703,5111655.0,repsol
2021-04-06,10.44,10.64,10.414,10.414,9.847605999999999,5603261.0,repsol
2021-04-07,10.42,10.612,10.41,10.476,9.906233,3494995.0,repsol
2021-04-08,10.52,10.528,10.106,10.206,9.650919,8001613.0,repsol
2021-04-09,10.21,10.254,10.116,10.134,9.582834,3427070.0,repsol
2021-04-12,10.08,10.258,10.02,10.21,9.654701,3239339.0,repsol
2021-04-13,10.25,10.258,10.052,10.12,9.569596,43851954.0,repsol
2021-04-14,10.09,10.602,10.074,10.566,9.991339,16104130.0,repsol
2021-04-15,10.62,10.628,10.314,10.394,9.828693,4314645.0,repsol
2021-04-16,10.394,10.476,10.28,10.352,9.788979,10090827.0,repsol
2021-04-19,10.33,10.388,10.144,10.252,9.694417,4130809.0,repsol
2021-04-20,10.24,10.32,9.85,9.85,9.314281,10296071.0,repsol
2021-04-21,9.86,10.138,9.86,10.08,9.531772,6710269.0,repsol
2021-04-22,10.1,10.1,9.933,10.084,9.535554,4360673.0,repsol
2021-04-23,10.018,10.1,9.972,10.01,9.465579,3286241.0,repsol
2021-04-26,10.02,10.166,9.92,10.128,9.577161,4387081.0,repsol
2021-04-27,10.106,10.182,9.993,10.03,9.48449,3491783.0,repsol
2021-04-28,10.138,10.26,10.098,10.26,9.701982000000001,4833139.0,repsol
2021-04-29,10.406,10.438,10.144,10.152,9.599855,5741235.0,repsol
2021-04-30,10.176,10.236,9.936,9.938,9.397494,5131342.0,repsol
2021-05-03,9.981,10.24,9.925,10.238,9.681178,4576865.0,repsol
2021-05-04,10.258,10.776,10.226,10.498,9.927037,24416054.0,repsol
2021-05-05,10.64,10.876,10.59,10.824,10.235307,6646535.0,repsol
2021-05-06,10.86,10.962,10.656,10.8,10.212613000000001,5413385.0,repsol
2021-05-07,10.9,10.912,10.682,10.802,10.214503,4271916.0,repsol
2021-05-10,10.93,11.066,10.878,10.916,10.322303999999999,6967487.0,repsol
2021-05-11,10.844,10.896,10.712,10.716,10.133181,5668928.0,repsol
2021-05-12,10.73,11.07,10.636,11.022,10.422539,5453542.0,repsol
2021-05-13,10.88,10.88,10.596,10.846,10.256110000000001,6505736.0,repsol
2021-05-14,10.868,11.14,10.834,11.102,10.498188,5475547.0,repsol
2021-05-17,11.134,11.188,10.906,11.188,10.57951,3235332.0,repsol
2021-05-18,11.2,11.4,11.13,11.178,10.570053999999999,7133518.0,repsol
2021-05-19,11.0,11.124,10.746,10.89,10.297717,5297776.0,repsol
2021-05-20,10.93,10.958,10.682,10.842,10.252328,6047677.0,repsol
2021-05-21,10.82,11.05,10.666,10.934,10.339324000000001,5403143.0,repsol
2021-05-24,10.94,11.046,10.928,11.042,10.44145,2336861.0,repsol
2021-05-25,11.05,11.088,10.822,10.858,10.267457,4135719.0,repsol
2021-05-26,10.872,11.092,10.822,11.07,10.467927,5802126.0,repsol
2021-05-27,11.026,11.116,10.976,11.006,10.407409,6087960.0,repsol
2021-05-28,11.096,11.096,10.886,10.964,10.367692,2864423.0,repsol
2021-05-31,10.982,11.01,10.906,10.924,10.329867,2294564.0,repsol
2021-06-01,11.0,11.278,11.0,11.24,10.628681,5289149.0,repsol
2021-06-02,11.25,11.41,11.178,11.31,10.694875,3759616.0,repsol
2021-06-03,11.364,11.4,11.242,11.39,10.770524,3822056.0,repsol
2021-06-04,11.4,11.41,11.198,11.25,10.638138,2883946.0,repsol
2021-06-07,11.25,11.388,11.088,11.348,10.730807,4164978.0,repsol
2021-06-08,11.338,11.338,11.12,11.29,10.675962,2681984.0,repsol
2021-06-09,11.31,11.348,11.152,11.256,10.643811,4607748.0,repsol
2021-06-10,11.25,11.294,11.124,11.222,10.61166,4308155.0,repsol
2021-06-11,11.166,11.28,11.162,11.214,10.604095,2521026.0,repsol
2021-06-14,11.22,11.5,11.22,11.472,10.848063,12001594.0,repsol
2021-06-15,11.444,11.498,11.286,11.472,10.848063,9540498.0,repsol
2021-06-16,11.49,11.55,11.254,11.274,10.660833,9999871.0,repsol
2021-06-17,11.22,11.42,11.164,11.164,10.556815,8869549.0,repsol
2021-06-18,11.09,11.12,10.656,10.74,10.155875,40186564.0,repsol
2021-06-21,10.7,10.87,10.57,10.768,10.182352,13082155.0,repsol
2021-06-22,10.87,10.986,10.772,10.824,10.235307,11133856.0,repsol
2021-06-23,10.85,11.05,10.848,10.852,10.261785,14452618.0,repsol
2021-06-24,10.916,11.144,10.826,11.098,10.494405,7312326.0,repsol
2021-06-25,11.164,11.19,11.022,11.058,10.45658,5937378.0,repsol
2021-06-28,11.054,11.1,10.65,10.682,10.101028999999999,55580839.0,repsol
2021-06-29,10.682,10.85,10.622,10.684,10.102921,7384897.0,repsol
2021-06-30,10.68,10.752,10.508,10.554,9.979992,5075436.0,repsol
2021-07-01,10.66,10.868,10.626,10.726,10.142636,20927369.0,repsol
2021-07-02,10.77,10.808,10.56,10.628,10.049968,10806982.0,repsol
2021-07-05,10.45,10.45,10.1,10.38,10.100567,3644531.0,repsol
2021-07-06,10.4,10.56,10.034,10.048,9.777505,6495590.0,repsol
2021-07-07,10.1,10.324,9.862,9.955,9.687008,7646689.0,repsol
2021-07-08,9.93,10.096,9.565,9.731,9.469038000000001,10741478.0,repsol
2021-07-09,9.772,9.877,9.601,9.848,9.582889,6268091.0,repsol
2021-07-12,9.88,9.9,9.607,9.749,9.486553,61950437.0,repsol
2021-07-13,9.801,9.828,9.522,9.569,9.311399,9380434.0,repsol
2021-07-14,9.549,9.724,9.543,9.559,9.301669,3989368.0,repsol
2021-07-15,9.5,9.501,9.232,9.325,9.073967999999999,19824005.0,repsol
2021-07-16,9.236,9.415,9.057,9.164,8.917302000000001,12462078.0,repsol
2021-07-19,9.126,9.127,8.727,8.758,8.522232,9784304.0,repsol
2021-07-20,8.786,8.974,8.694,8.95,8.709063,6135150.0,repsol
2021-07-21,8.989,9.283,8.921,9.249,9.000013000000001,7289108.0,repsol
2021-07-22,9.31,9.414,9.137,9.191,8.943575,4908362.0,repsol
2021-07-23,9.271,9.355,9.13,9.184,8.936764,3535421.0,repsol
2021-07-26,9.109,9.495,9.05,9.441,9.186845,4162001.0,repsol
2021-07-27,9.461,9.461,9.255,9.438,9.183926,4424139.0,repsol
2021-07-28,9.42,9.637,9.317,9.596,9.337672,6567082.0,repsol
2021-07-29,9.658,9.813,9.361,9.493,9.237446,10719279.0,repsol
2021-07-30,9.4,9.525,9.166,9.221,8.972767999999999,8266612.0,repsol
2021-08-02,9.3,9.538,9.255,9.259,9.009745,9391596.0,repsol
2021-08-03,9.365,9.676,9.323,9.552,9.294857,6603494.0,repsol
2021-08-04,9.598,9.609,9.303,9.43,9.176142,3988594.0,repsol
2021-08-05,9.349,9.492,9.272,9.492,9.236472000000001,4646050.0,repsol
2021-08-06,9.482,9.553,9.396,9.553,9.295831,4282818.0,repsol
2021-08-09,9.5,9.542,9.342,9.518,9.261772,3836444.0,repsol
2021-08-10,9.518,9.654,9.452,9.621,9.362,9948858.0,repsol
2021-08-11,9.636,9.7,9.566,9.7,9.438872,3293490.0,repsol
2021-08-12,9.71,9.85,9.675,9.744,9.481688,4304814.0,repsol
2021-08-13,9.78,9.78,9.586,9.655,9.395083999999999,3833166.0,repsol
2021-08-16,9.542,9.545,9.443,9.518,9.261772,3805656.0,repsol
2021-08-17,9.45,9.6,9.397,9.517,9.260799,3261756.0,repsol
2021-08-18,9.5,9.612,9.482,9.586,9.327942,3085663.0,repsol
2021-08-19,9.39,9.434,9.242,9.286,9.036017999999999,7959196.0,repsol
2021-08-20,9.29,9.376,9.231,9.362,9.109972,5207263.0,repsol
2021-08-23,9.449,9.687,9.396,9.664,9.403842,5277398.0,repsol
2021-08-24,9.7,9.755,9.663,9.72,9.458335,5054030.0,repsol
2021-08-25,9.738,9.81,9.675,9.715,9.453469,3858755.0,repsol
2021-08-26,9.642,9.737,9.591,9.693,9.432061000000001,2311914.0,repsol
2021-08-27,9.761,9.93,9.696,9.904,9.637382,3356171.0,repsol
2021-08-30,9.86,9.976,9.836,9.896,9.629597,2907959.0,repsol
2021-08-31,9.917,9.917,9.67,9.705,9.443738,8506868.0,repsol
2021-09-01,9.65,9.822,9.515,9.515,9.258854,5939366.0,repsol
2021-09-02,9.515,9.765,9.501,9.747,9.484608,3533566.0,repsol
2021-09-03,9.722,9.76,9.57,9.591,9.332807,5389767.0,repsol
2021-09-06,9.643,9.647,9.523,9.601,9.342538000000001,2138799.0,repsol
2021-09-07,9.59,9.67,9.522,9.62,9.361027,2586522.0,repsol
2021-09-08,9.556,9.647,9.389,9.515,9.258854,4911533.0,repsol
2021-09-09,9.453,9.467,9.294,9.361,9.108999,6309214.0,repsol
2021-09-10,9.387,9.453,9.337,9.45,9.195602000000001,5242488.0,repsol
2021-09-13,9.441,9.786,9.441,9.783,9.519638,5351618.0,repsol
2021-09-14,9.798,10.0,9.71,9.84,9.575104,7629758.0,repsol
2021-09-15,9.78,10.06,9.78,10.002,9.732743,5979294.0,repsol
2021-09-16,9.999,10.17,9.997,10.032,9.761935000000001,6773474.0,repsol
2021-09-17,10.18,10.2,9.935,10.044,9.773612,22871404.0,repsol
2021-09-20,9.852,10.014,9.736,9.979,9.710362,8497675.0,repsol
2021-09-21,10.0,10.33,9.991,10.242,9.966282000000001,9895248.0,repsol
2021-09-22,10.37,10.626,10.37,10.472,10.19009,6878231.0,repsol
2021-09-23,10.6,10.72,10.504,10.688,10.400275,7044465.0,repsol
2021-09-24,10.67,10.762,10.638,10.72,10.431415,4751907.0,repsol
2021-09-27,10.78,11.06,10.766,10.966,10.670792,9271883.0,repsol
2021-09-28,11.02,11.22,10.98,11.024,10.727231,17183613.0,repsol
2021-09-29,11.0,11.246,10.836,11.246,10.943254,6858484.0,repsol
2021-09-30,11.262,11.38,11.126,11.298,10.993855,7161515.0,repsol
2021-10-01,11.15,11.378,11.056,11.318,11.013316,6132934.0,repsol
2021-10-04,11.396,11.78,11.38,11.636,11.322755,17237675.0,repsol
2021-10-05,11.6,11.732,11.48,11.662,11.348055,6933511.0,repsol
2021-10-06,11.69,11.734,11.37,11.4,11.093108,6436314.0,repsol
2021-10-07,11.538,11.604,11.356,11.5,11.190416,5833562.0,repsol
2021-10-08,11.4,11.644,11.364,11.582,11.270208,8696315.0,repsol
2021-10-11,11.632,11.72,11.382,11.458,11.149548,6290161.0,repsol
2021-10-12,11.366,11.54,10.79,11.53,11.219608000000001,30976797.0,repsol
2021-10-13,11.494,11.52,11.216,11.388,11.081431,4407731.0,repsol
2021-10-14,11.5,11.646,11.476,11.526,11.215716,14151049.0,repsol
2021-10-15,11.576,11.704,11.508,11.58,11.268263000000001,6329640.0,repsol
2021-10-18,11.586,11.602,11.392,11.516,11.205985,10372065.0,repsol
2021-10-19,11.496,11.604,11.424,11.522,11.211824,4925189.0,repsol
2021-10-20,11.474,11.714,11.438,11.69,11.375301,10955021.0,repsol
2021-10-21,11.596,11.66,11.444,11.452,11.143708,7488282.0,repsol
2021-10-22,11.496,11.57,11.422,11.466,11.157331,3142779.0,repsol
2021-10-25,11.424,11.716,11.424,11.678,11.363625,6731732.0,repsol
2021-10-26,11.69,11.71,11.468,11.54,11.229339999999999,4638525.0,repsol
2021-10-27,11.58,11.58,11.32,11.466,11.157331,8844144.0,repsol
2021-10-28,11.476,11.488,10.902,11.064,10.766153,11379317.0,repsol
2021-10-29,11.15,11.286,11.018,11.056,10.758367999999999,44085243.0,repsol
2021-11-01,11.08,11.184,11.0,11.018,10.721392,8729704.0,repsol
2021-11-02,11.0,11.0,10.764,10.912,10.618245,5441772.0,repsol
2021-11-03,10.784,10.86,10.612,10.72,10.431415,9337663.0,repsol
2021-11-04,10.73,10.96,10.668,10.72,10.431415,5224000.0,repsol
2021-11-05,10.71,10.878,10.584,10.812,10.520938000000001,9052619.0,repsol
2021-11-08,10.87,11.022,10.744,10.83,10.538453,5221169.0,repsol
2021-11-09,10.802,10.972,10.718,10.806,10.515099000000001,3707708.0,repsol
2021-11-10,10.862,11.19,10.858,11.06,10.762261,9773044.0,repsol
2021-11-11,11.02,11.218,11.008,11.15,10.849838,8472188.0,repsol
2021-11-12,11.11,11.124,10.868,10.882,10.589053,5950238.0,repsol
2021-11-15,10.81,11.026,10.774,10.934,10.639653,6064022.0,repsol
2021-11-16,10.978,11.116,10.874,10.982,10.686361,5505918.0,repsol
2021-11-17,10.97,10.976,10.822,10.858,10.565699,6506065.0,repsol
2021-11-18,10.77,10.77,10.608,10.66,10.37303,4757209.0,repsol
2021-11-19,10.766,10.826,10.35,10.374,10.094728,12911054.0,repsol
2021-11-22,10.38,10.586,10.29,10.536,10.252367999999999,5638430.0,repsol
2021-11-23,10.468,10.742,10.358,10.606,10.320483,7297596.0,repsol
2021-11-24,10.716,10.76,10.478,10.526,10.242637,8646786.0,repsol
2021-11-25,10.542,10.542,10.366,10.478,10.195929,6798769.0,repsol
2021-11-26,10.0,10.016,9.62,9.708,9.446658,19077658.0,repsol
2021-11-29,9.854,10.11,9.799,9.912,9.645164999999999,8233890.0,repsol
2021-11-30,9.722,9.852,9.603,9.791,9.527424,18980074.0,repsol
2021-12-01,9.98,10.2,9.943,10.02,9.750258,7489491.0,repsol
2021-12-02,9.894,10.188,9.882,10.102,9.830051,8184153.0,repsol
2021-12-03,10.22,10.308,10.062,10.062,9.791128,6204215.0,repsol
2021-12-06,10.15,10.368,10.15,10.272,9.995475,5482693.0,repsol
2021-12-07,10.38,10.54,10.32,10.396,10.116137,6465853.0,repsol
2021-12-08,10.352,10.43,10.198,10.31,10.032452000000001,4025443.0,repsol
2021-12-09,10.324,10.354,10.1,10.136,9.863135,3426217.0,repsol
2021-12-10,10.114,10.212,10.06,10.1,9.828105,5451872.0,repsol
2021-12-13,10.144,10.274,9.885,9.885,9.618893,4392608.0,repsol
2021-12-14,9.93,10.074,9.896,9.994,9.724958,4966050.0,repsol
2021-12-15,9.985,10.0,9.793,9.82,9.555642,8535522.0,repsol
2021-12-16,9.93,10.078,9.903,9.998,9.72885,7711773.0,repsol
2021-12-17,9.917,9.989,9.832,9.943,9.675331,30050546.0,repsol
2021-12-20,9.69,9.876,9.63,9.842,9.57705,18273226.0,repsol
2021-12-21,9.98,10.112,9.862,10.08,9.808643,7629950.0,repsol
2021-12-22,10.088,10.172,10.02,10.152,9.878705,3343479.0,repsol
2021-12-23,10.178,10.442,10.152,10.374,10.094728,7561362.0,repsol
2021-12-27,10.296,10.576,10.274,10.504,10.221229,4732857.0,repsol
2021-12-28,10.53,10.666,10.516,10.596,10.310752,7363456.0,repsol
2021-12-29,10.554,10.624,10.394,10.478,10.195929,3405221.0,repsol
2021-12-30,10.432,10.51,10.408,10.436,10.15506,6822415.0,repsol
2022-01-03,10.456,10.696,10.44,10.648,10.361352,11340948.0,repsol
2022-01-04,10.7,10.976,10.698,10.892,10.598784,51878743.0,repsol
2022-01-05,10.9,11.19,10.892,11.172,10.871246000000001,24976847.0,repsol
2022-01-06,11.03,11.246,10.9,11.144,10.844,11476599.0,repsol
2022-01-07,10.96,10.968,10.662,10.832,10.832,5794599.0,repsol
2022-01-10,10.85,10.912,10.73,10.78,10.78,4189280.0,repsol
2022-01-11,10.756,10.902,10.74,10.892,10.892,4247483.0,repsol
2022-01-12,10.984,11.178,10.97,11.086,11.086,8870360.0,repsol
2022-01-13,11.086,11.2,11.032,11.2,11.2,4061481.0,repsol
2022-01-14,11.18,11.266,11.086,11.242,11.242,4262272.0,repsol
2022-01-17,11.204,11.276,11.092,11.144,11.144,19565377.0,repsol
2022-01-18,11.2,11.29,11.072,11.124,11.124,56757167.0,repsol
2022-01-19,11.066,11.41,11.05,11.132,11.132,34217683.0,repsol
2022-01-20,11.074,11.084,10.72,10.81,10.81,23003012.0,repsol
2022-01-21,10.69,10.754,10.492,10.664,10.664,24737724.0,repsol
2022-01-24,10.606,10.736,10.282,10.424,10.424,10941715.0,repsol
2022-01-25,10.344,10.734,10.324,10.716,10.716,10805458.0,repsol
2022-01-26,10.79,11.134,10.766,11.042,11.042,8075117.0,repsol
2022-01-27,10.868,11.374,10.83,11.246,11.246,6940069.0,repsol
2022-01-28,11.244,11.35,11.112,11.19,11.19,6204112.0,repsol
2022-01-31,11.244,11.294,11.106,11.242,11.242,6169195.0,repsol
2022-02-01,11.286,11.426,11.114,11.384,11.384,9446366.0,repsol
2022-02-02,11.376,11.432,11.162,11.326,11.326,6374473.0,repsol
2022-02-03,11.326,11.426,11.204,11.33,11.33,5208055.0,repsol
2022-02-04,11.42,11.586,11.392,11.488,11.488,7607950.0,repsol
2022-02-07,11.548,11.594,11.374,11.542,11.542,6036712.0,repsol
2022-02-08,11.572,11.814,11.374,11.396,11.396,6494862.0,repsol
2022-02-09,11.62,11.644,11.39,11.584,11.584,8113736.0,repsol
2022-02-10,11.548,11.816,11.544,11.75,11.75,6151859.0,repsol
2022-02-11,11.626,11.882,11.58,11.868,11.868,6428439.0,repsol
2022-02-14,11.754,11.986,11.606,11.668,11.668,8362112.0,repsol
2022-02-15,11.59,11.75,11.436,11.626,11.626,8139495.0,repsol
2022-02-16,11.664,11.976,11.626,11.934,11.934,8155716.0,repsol
2022-02-17,11.844,12.0,11.676,11.87,11.87,8114343.0,repsol
2022-02-18,11.878,12.036,11.656,11.734,11.734,7709619.0,repsol
2022-02-21,11.74,11.818,11.53,11.62,11.62,5171870.0,repsol
2022-02-22,11.41,11.77,11.4,11.468,11.468,6924845.0,repsol
2022-02-23,11.474,11.632,11.358,11.366,11.366,6680005.0,repsol
2022-02-24,11.08,11.398,10.98,11.33,11.33,13349172.0,repsol
2022-02-25,11.21,11.736,11.15,11.594,11.594,9058029.0,repsol
2022-02-28,11.45,11.746,11.342,11.626,11.626,13472862.0,repsol
2022-03-01,11.7,11.992,11.652,11.862,11.862,9146984.0,repsol
2022-03-02,12.0,12.366,11.92,12.268,12.268,14960005.0,repsol
2022-03-03,12.308,12.676,11.964,12.002,12.002,19956964.0,repsol
2022-03-04,11.93,11.98,11.372,11.466,11.466,12203037.0,repsol
2022-03-07,11.45,12.096,11.292,11.928,11.928,17131496.0,repsol
2022-03-08,12.048,12.372,11.91,12.242,12.242,10553439.0,repsol
2022-03-09,12.242,12.468,11.786,11.85,11.85,15514946.0,repsol
2022-03-10,11.796,11.988,11.708,11.824,11.824,8048141.0,repsol
2022-03-11,11.7,11.98,11.548,11.634,11.634,10953044.0,repsol
2022-03-14,11.636,11.664,11.268,11.454,11.454,8889217.0,repsol
2022-03-15,11.35,11.468,11.158,11.468,11.468,7791864.0,repsol
2022-03-16,11.6,11.642,11.198,11.228,11.228,10864520.0,repsol
2022-03-17,11.336,11.548,11.276,11.492,11.492,7039284.0,repsol
2022-03-18,11.6,11.6,11.16,11.218,11.218,15595515.0,repsol
2022-03-21,11.25,11.65,11.242,11.63,11.63,9412952.0,repsol
2022-03-22,11.7,11.832,11.606,11.678,11.678,4852844.0,repsol
2022-03-23,11.862,12.144,11.81,12.07,12.07,7940775.0,repsol
2022-03-24,12.074,12.204,11.98,11.99,11.99,7738390.0,repsol
2022-03-25,11.998,12.194,11.79,12.164,12.164,4335122.0,repsol
2022-03-28,12.082,12.306,11.83,11.904,11.904,16686343.0,repsol
2022-03-29,12.0,12.17,11.622,11.772,11.772,6530273.0,repsol
2022-03-30,11.9,12.046,11.88,12.022,12.022,4696618.0,repsol
2022-03-31,11.922,12.062,11.834,11.924,11.924,5251275.0,repsol
2022-04-01,11.8,12.005,11.7,11.945,11.945,4753153.0,repsol
2022-04-04,12.0,12.065,11.87,11.88,11.88,6647661.0,repsol
2022-04-05,11.99,12.2,11.865,12.19,12.19,9687630.0,repsol
2022-04-06,12.3,12.42,12.165,12.3,12.3,6195618.0,repsol
2022-04-07,12.3,12.38,12.125,12.22,12.22,9457273.0,repsol
2022-04-08,12.35,12.83,12.335,12.83,12.83,12854634.0,repsol
2022-04-11,12.8,12.93,12.76,12.805,12.805,6115807.0,repsol
2022-04-12,12.68,13.275,12.655,13.235,13.235,10011614.0,repsol
2022-04-13,13.245,13.58,13.24,13.535,13.535,23609735.0,repsol
2022-04-14,13.65,13.815,13.535,13.77,13.77,6350740.0,repsol
2022-04-19,13.795,14.075,13.625,13.645,13.645,14694253.0,repsol
2022-04-20,13.685,13.81,13.585,13.63,13.63,11462853.0,repsol
2022-04-21,13.65,13.79,13.585,13.675,13.675,7636432.0,repsol
2022-04-22,13.53,13.535,12.73,13.195,13.195,8472986.0,repsol
2022-04-25,12.835,13.09,12.605,12.605,12.605,9003008.0,repsol
2022-04-26,12.775,12.96,12.5,12.665,12.665,5602585.0,repsol
