2017-04-27,15.0,15.24,14.99,15.0,14.504529999999999,7730.0,rovi
2017-04-28,14.96,15.18,14.96,15.18,14.678582999999998,2459.0,rovi
2017-05-02,15.2,15.24,15.08,15.14,14.639904999999999,1257.0,rovi
2017-05-03,15.18,15.32,15.15,15.3,14.794621,12189.0,rovi
2017-05-04,15.32,15.5,15.32,15.5,14.988013,5532.0,rovi
2017-05-05,15.09,15.47,15.09,15.47,14.959004,2754.0,rovi
2017-05-08,15.5,15.5,15.29,15.5,14.988013,4377.0,rovi
2017-05-09,15.5,15.7,15.5,15.69,15.171737,5788.0,rovi
2017-05-10,15.51,15.7,15.35,15.5,14.988013,8362.0,rovi
2017-05-11,15.5,15.54,15.3,15.5,14.988013,9359.0,rovi
2017-05-12,15.31,15.58,15.31,15.38,14.871977,3817.0,rovi
2017-05-15,15.36,15.5,15.35,15.47,14.959004,2435.0,rovi
2017-05-16,15.36,15.5,15.36,15.5,14.988013,718.0,rovi
2017-05-17,15.51,15.78,15.5,15.78,15.258763,5841.0,rovi
2017-05-18,15.37,15.78,15.37,15.5,14.988013,3016.0,rovi
2017-05-19,15.7,15.75,15.5,15.72,15.200747,1447.0,rovi
2017-05-22,15.38,15.8,15.38,15.8,15.278103,2586.0,rovi
2017-05-23,15.8,15.92,15.7,15.91,15.384471,4198.0,rovi
2017-05-24,15.92,15.92,15.77,15.8,15.278103,3091.0,rovi
2017-05-25,15.71,15.99,15.71,15.84,15.316783,5484.0,rovi
2017-05-26,15.84,16.200001,15.84,15.84,15.316783,3719.0,rovi
2017-05-29,15.87,16.450001,15.87,16.16,15.626211999999999,1496.0,rovi
2017-05-30,15.84,16.440001000000002,15.7,15.93,15.40381,5303.0,rovi
2017-05-31,15.81,15.94,15.35,15.5,14.988013,10637.0,rovi
2017-06-01,15.33,15.86,15.33,15.74,15.220085000000001,5640.0,rovi
2017-06-02,15.99,16.219998999999998,15.9,15.9,15.3748,3634.0,rovi
2017-06-05,16.0,16.33,15.99,16.309998999999998,15.771257,2601.0,rovi
2017-06-06,16.07,16.07,15.44,15.54,15.026691,5821.0,rovi
2017-06-07,15.65,15.75,15.64,15.66,15.142726999999999,563.0,rovi
2017-06-08,15.81,15.81,15.0,15.08,14.581885,11295.0,rovi
2017-06-09,15.0,15.52,15.0,15.15,14.649574,9028.0,rovi
2017-06-12,15.8,15.8,15.01,15.08,14.581885,12827.0,rovi
2017-06-13,15.26,15.37,15.08,15.12,14.620565,3318.0,rovi
2017-06-14,15.02,15.68,15.02,15.57,15.0557,8241.0,rovi
2017-06-15,15.75,15.75,15.22,15.32,14.813958999999999,8638.0,rovi
2017-06-16,15.64,15.72,15.1,15.4,14.891314999999999,60036.0,rovi
2017-06-19,15.65,15.98,15.53,15.73,15.210417000000001,3556.0,rovi
2017-06-20,15.9,15.9,15.61,15.61,15.09438,1225.0,rovi
2017-06-21,15.61,15.89,15.61,15.85,15.326453,7096.0,rovi
2017-06-22,15.89,16.1,15.89,16.0,15.471497,44738.0,rovi
2017-06-23,15.62,16.450001,15.62,16.200001,15.664891,6028.0,rovi
2017-06-26,16.290001,16.389999,16.030001000000002,16.200001,15.664891,1595.0,rovi
2017-06-27,16.25,16.42,16.200001,16.33,15.790598000000001,3398.0,rovi
2017-06-28,16.25,16.35,16.049999,16.34,15.800267000000002,3585.0,rovi
2017-06-29,16.33,16.75,16.33,16.700001,16.148375,7665.0,rovi
2017-06-30,16.76,18.75,16.76,17.07,16.506155,16883.0,rovi
2017-07-03,17.15,17.74,16.92,17.25,16.860970000000002,27804.0,rovi
2017-07-04,17.790001,17.790001,16.530001000000002,16.799999,16.421116,5043.0,rovi
2017-07-05,16.5,16.940001000000002,16.129998999999998,16.23,15.863971,7898.0,rovi
2017-07-06,16.16,16.57,15.81,15.95,15.590285,9725.0,rovi
2017-07-07,16.35,16.4,15.21,15.23,14.886522,14074.0,rovi
2017-07-10,15.51,15.85,15.25,15.6,15.248179,11899.0,rovi
2017-07-11,15.58,15.59,15.25,15.38,15.033141,1520.0,rovi
2017-07-12,15.25,15.7,15.25,15.5,15.150433999999999,17147.0,rovi
2017-07-13,15.25,15.66,15.25,15.57,15.218855,1695.0,rovi
2017-07-14,15.26,15.57,15.26,15.56,15.209081,676.0,rovi
2017-07-17,15.65,15.65,15.3,15.3,14.954946,3228.0,rovi
2017-07-18,15.27,15.74,15.27,15.61,15.257954000000002,9906.0,rovi
2017-07-19,15.7,16.18,15.7,15.75,15.394796,984.0,rovi
2017-07-20,15.8,15.95,15.8,15.75,15.394796,274.0,rovi
2017-07-21,15.71,16.0,15.43,15.73,15.375247,1087.0,rovi
2017-07-24,15.65,15.9,15.5,15.73,15.375247,421.0,rovi
2017-07-25,15.73,15.87,15.42,15.58,15.228629999999999,814.0,rovi
2017-07-26,15.8,15.95,15.47,15.47,15.121112,2835.0,rovi
2017-07-27,15.44,16.49,15.44,16.17,15.805323999999999,6134.0,rovi
2017-07-28,16.049999,16.049999,15.43,15.78,15.424119000000001,6833.0,rovi
2017-07-31,16.0,16.120001000000002,15.57,16.120001000000002,15.756453,1405.0,rovi
2017-08-01,15.99,16.309998999999998,15.77,16.309998999999998,15.942167999999999,4006.0,rovi
2017-08-02,16.49,16.5,15.66,16.139999,15.776,1157.0,rovi
2017-08-03,15.64,16.450001,15.64,16.059998999999998,15.697804000000001,2690.0,rovi
2017-08-04,16.200001,16.200001,15.77,15.83,15.472992000000001,1137.0,rovi
2017-08-07,16.1,16.1,16.1,15.83,15.472992000000001,1.0,rovi
2017-08-08,15.83,15.97,15.82,15.83,15.472992000000001,240.0,rovi
2017-08-09,15.65,15.89,15.58,15.7,15.345923,2559.0,rovi
2017-08-10,15.98,15.98,15.76,15.7,15.345923,338.0,rovi
2017-08-11,15.66,15.82,15.66,15.81,15.453443,926.0,rovi
2017-08-14,15.99,16.07,15.99,16.0,15.639157,781.0,rovi
2017-08-15,15.94,16.290001,15.94,16.0,15.639157,239.0,rovi
2017-08-16,16.01,16.209999,16.01,16.02,15.658707000000001,1333.0,rovi
2017-08-17,16.02,16.469998999999998,16.02,16.02,15.658707000000001,405.0,rovi
2017-08-18,16.1,16.49,16.1,16.379998999999998,16.010586,526.0,rovi
2017-08-21,16.450001,16.450001,16.309998999999998,16.379998999999998,16.010586,498.0,rovi
2017-08-22,16.379998999999998,16.379998999999998,16.379998999999998,16.379998999999998,16.010586,0.0,rovi
2017-08-23,16.379998999999998,16.379998999999998,16.35,16.379998999999998,16.010586,209.0,rovi
2017-08-24,16.059998999999998,16.450001,16.059998999999998,16.379998999999998,16.010586,787.0,rovi
2017-08-25,16.26,16.450001,16.049999,16.1,15.736903,1597.0,rovi
2017-08-28,16.200001,16.379998999999998,16.0,16.030001000000002,15.668481,994.0,rovi
2017-08-29,16.01,16.360001,15.58,15.72,15.365473000000001,17147.0,rovi
2017-08-30,16.34,16.34,15.86,16.27,15.903070000000001,547.0,rovi
2017-08-31,16.280001000000002,16.280001000000002,16.280001000000002,16.27,15.903070000000001,11.0,rovi
2017-09-01,16.18,16.18,15.78,16.27,15.903070000000001,442.0,rovi
2017-09-04,15.8,16.0,15.51,16.27,15.903070000000001,319.0,rovi
2017-09-05,15.51,15.95,15.51,15.7,15.345923,754.0,rovi
2017-09-06,15.52,16.07,15.4,16.0,15.639157,3841.0,rovi
2017-09-07,16.0,16.049999,16.0,16.02,15.658707000000001,2710.0,rovi
2017-09-08,16.200001,16.200001,16.0,16.02,15.658707000000001,438.0,rovi
2017-09-11,15.58,15.92,15.41,15.54,15.189531,1664.0,rovi
2017-09-12,15.93,16.0,15.4,16.0,15.639157,4774.0,rovi
2017-09-13,16.190001000000002,16.190001000000002,15.87,16.0,15.639157,290.0,rovi
2017-09-14,16.18,16.18,16.0,16.0,15.639157,939.0,rovi
2017-09-15,15.9,16.469998999999998,15.9,16.469998999999998,16.098557,2291.0,rovi
2017-09-18,16.469998999999998,16.469998999999998,16.469998999999998,16.469998999999998,16.098557,219.0,rovi
2017-09-19,15.99,16.65,15.99,16.469998999999998,16.098557,281.0,rovi
2017-09-20,15.99,16.32,15.71,16.02,15.658707000000001,3146.0,rovi
2017-09-21,16.379998999999998,16.379998999999998,15.73,16.0,15.639157,806.0,rovi
2017-09-22,15.72,15.72,15.72,16.0,15.639157,13.0,rovi
2017-09-25,16.0,16.0,16.0,16.0,15.639157,0.0,rovi
2017-09-26,15.86,15.86,15.86,15.86,15.502315,612.0,rovi
2017-09-27,16.0,16.459999,15.72,16.120001000000002,15.756453,818.0,rovi
2017-09-28,16.0,16.120001000000002,15.95,16.0,15.639157,10168.0,rovi
2017-09-29,16.0,16.219998999999998,15.74,16.190001000000002,15.824873,3060.0,rovi
2017-10-02,16.01,16.309998999999998,15.72,15.72,15.365473000000001,6458.0,rovi
2017-10-03,15.5,15.86,15.32,15.36,15.013592000000001,7522.0,rovi
2017-10-04,15.36,15.36,14.2,14.7,14.368476000000001,21278.0,rovi
2017-10-05,14.5,15.36,14.5,15.35,15.003817999999999,8781.0,rovi
2017-10-06,15.08,15.8,14.74,15.46,15.111338,7865.0,rovi
2017-10-09,15.7,15.7,15.08,15.46,15.111338,466.0,rovi
2017-10-10,15.79,15.9,15.37,15.61,15.257954000000002,2409.0,rovi
2017-10-11,15.9,15.9,15.36,15.6,15.248179,1528.0,rovi
2017-10-12,15.6,15.84,15.6,15.6,15.248179,1313.0,rovi
2017-10-13,15.6,16.0,15.6,15.87,15.512089999999999,3750.0,rovi
2017-10-16,15.9,15.95,15.3,15.72,15.365473000000001,9759.0,rovi
2017-10-17,16.0,16.0,15.41,15.56,15.209081,705.0,rovi
2017-10-18,15.45,15.89,15.4,15.41,15.062464000000002,1963.0,rovi
2017-10-19,15.4,15.54,15.35,15.4,15.05269,20238.0,rovi
2017-10-20,15.16,15.49,15.1,15.34,14.994043,6169.0,rovi
2017-10-23,15.16,15.43,15.16,15.25,14.906072,1764.0,rovi
2017-10-24,15.42,16.610001,15.42,16.299999,15.932391,34589.0,rovi
2017-10-25,16.65,16.65,16.309998999999998,16.32,15.951941,3474.0,rovi
2017-10-26,16.0,16.690001000000002,16.0,16.26,15.893294000000001,28881.0,rovi
2017-10-27,16.049999,16.559998999999998,16.0,16.02,15.658707000000001,9461.0,rovi
2017-10-30,16.440001000000002,16.440001000000002,16.059998999999998,16.110001,15.746676999999998,1530.0,rovi
2017-10-31,16.42,16.42,15.77,16.110001,15.746676999999998,253.0,rovi
2017-11-01,16.15,16.299999,16.15,16.110001,15.746676999999998,244.0,rovi
2017-11-02,16.0,16.280001000000002,16.0,16.0,15.639157,20580.0,rovi
2017-11-03,16.0,16.690001000000002,16.0,16.200001,15.834648000000001,1473.0,rovi
2017-11-06,16.15,16.35,16.120001000000002,16.33,15.961715,1008.0,rovi
2017-11-07,16.17,16.33,16.17,16.190001000000002,15.824873,632.0,rovi
2017-11-08,16.35,16.6,16.200001,16.6,16.225628,4097.0,rovi
2017-11-09,16.610001,16.65,16.26,16.360001,15.99104,5811.0,rovi
2017-11-10,16.5,16.799999,16.5,16.690001000000002,16.313597,830.0,rovi
2017-11-13,16.690001000000002,16.690001000000002,16.690001000000002,16.690001000000002,16.313597,0.0,rovi
2017-11-14,16.059998999999998,16.59,16.059998999999998,16.309998999999998,15.942167999999999,2410.0,rovi
2017-11-15,16.51,16.799999,16.5,16.780001000000002,16.401569,1855.0,rovi
2017-11-16,16.799999,16.950001,16.799999,16.93,16.548185,8401.0,rovi
2017-11-17,17.0,17.299999,17.0,17.0,16.616606,3225.0,rovi
2017-11-20,17.0,17.15,17.0,17.0,16.616606,3445.0,rovi
2017-11-21,16.780001000000002,17.25,16.780001000000002,17.0,16.616606,6838.0,rovi
2017-11-22,17.290001,17.290001,16.85,16.85,16.46999,2707.0,rovi
2017-11-23,17.299999,17.299999,16.309998999999998,16.620001000000002,16.245176,74407.0,rovi
2017-11-24,16.620001000000002,16.620001000000002,16.0,16.48,16.108334,3156.0,rovi
2017-11-27,16.870001000000002,16.870001000000002,16.1,16.290001,15.922619000000001,1913.0,rovi
2017-11-28,16.290001,16.290001,16.290001,16.290001,15.922619000000001,1345.0,rovi
2017-11-29,16.049999,16.82,16.049999,16.540001,16.166981,2039.0,rovi
2017-11-30,16.65,16.65,16.190001000000002,16.43,16.05946,3297.0,rovi
2017-12-01,16.42,16.43,16.42,16.43,16.05946,788.0,rovi
2017-12-04,16.98,16.98,16.33,16.67,16.294045999999998,788.0,rovi
2017-12-05,16.5,16.67,16.01,16.4,16.030136,9538.0,rovi
2017-12-06,16.98,16.98,16.67,16.969998999999998,16.58728,6514.0,rovi
2017-12-07,16.700001,16.92,16.700001,16.809998999999998,16.430891,580.0,rovi
2017-12-08,16.9,17.0,16.5,16.6,16.225628,9380.0,rovi
2017-12-11,16.9,17.0,16.5,17.0,16.616606,1995.0,rovi
2017-12-12,16.99,17.0,16.65,16.99,16.606831,2322.0,rovi
2017-12-13,16.66,16.99,16.610001,16.65,16.274498,2848.0,rovi
2017-12-14,16.5,16.92,16.42,16.65,16.274498,482.0,rovi
2017-12-15,16.41,16.83,16.25,16.76,16.382020999999998,1405.0,rovi
2017-12-18,16.35,16.549999,16.200001,16.27,15.903070000000001,301638.0,rovi
2017-12-19,16.280001000000002,16.290001,16.129998999999998,16.27,15.903070000000001,997.0,rovi
2017-12-20,16.1,16.17,16.0,16.01,15.648932,1772.0,rovi
2017-12-21,16.0,16.4,16.0,16.190001000000002,15.824873,2130.0,rovi
2017-12-22,16.18,16.200001,15.81,15.81,15.453443,3119.0,rovi
2017-12-27,15.56,15.99,15.56,15.75,15.394796,2416.0,rovi
2017-12-28,15.94,15.94,15.6,15.64,15.287276,18477.0,rovi
2017-12-29,15.61,15.88,15.61,15.65,15.29705,901.0,rovi
2018-01-02,15.71,15.75,15.71,15.65,15.29705,414.0,rovi
2018-01-03,15.75,16.0,15.65,16.0,15.639157,1597.0,rovi
2018-01-04,15.8,15.85,15.6,15.6,15.248179,3101.0,rovi
2018-01-05,15.75,15.8,15.75,15.8,15.443667000000001,808.0,rovi
2018-01-08,15.55,15.95,15.55,15.85,15.492541000000001,1474.0,rovi
2018-01-09,15.95,15.95,15.55,15.6,15.248179,4497.0,rovi
2018-01-10,15.75,16.0,15.6,16.0,15.639157,3542.0,rovi
2018-01-11,15.7,16.0,15.65,15.7,15.345923,1059.0,rovi
2018-01-12,15.7,16.0,15.7,15.7,15.345923,325.0,rovi
2018-01-15,15.95,16.200001,15.75,16.049999,15.688029,4176.0,rovi
2018-01-16,16.0,16.0,15.9,16.0,15.639157,40437.0,rovi
2018-01-17,15.85,16.0,15.85,16.0,15.639157,22231.0,rovi
2018-01-18,15.8,16.0,15.8,16.0,15.639157,1368.0,rovi
2018-01-19,15.85,16.15,15.85,16.0,15.639157,77721.0,rovi
2018-01-22,16.0,16.0,15.8,16.0,15.639157,425.0,rovi
2018-01-23,16.0,16.0,15.75,16.0,15.639157,49910.0,rovi
2018-01-24,15.95,16.0,15.6,15.9,15.541412,56088.0,rovi
2018-01-25,15.95,16.0,15.75,16.0,15.639157,121184.0,rovi
2018-01-26,15.7,16.15,15.55,15.7,15.345923,17359.0,rovi
2018-01-29,15.6,15.85,15.6,15.85,15.492541000000001,2473.0,rovi
2018-01-30,15.85,15.9,15.65,15.85,15.492541000000001,3619.0,rovi
2018-01-31,16.0,16.1,16.0,16.1,15.736903,1674.0,rovi
2018-02-01,15.9,16.1,15.9,16.1,15.736903,1484.0,rovi
2018-02-02,15.85,16.200001,15.65,16.200001,15.834648000000001,5620.0,rovi
2018-02-05,15.8,16.15,15.8,15.8,15.443667000000001,606.0,rovi
2018-02-06,15.7,16.0,15.7,15.9,15.541412,1847.0,rovi
2018-02-07,16.0,16.0,15.75,16.0,15.639157,17924.0,rovi
2018-02-08,15.75,16.15,15.75,16.0,15.639157,315.0,rovi
2018-02-09,16.049999,16.15,15.75,16.1,15.736903,12011.0,rovi
2018-02-12,15.7,16.200001,15.7,16.15,15.785773999999998,1373.0,rovi
2018-02-13,15.75,16.15,15.75,16.0,15.639157,1148.0,rovi
2018-02-14,16.15,16.15,15.95,16.15,15.785773999999998,975.0,rovi
2018-02-15,15.85,16.200001,15.85,16.200001,15.834648000000001,1457.0,rovi
2018-02-16,16.200001,16.200001,16.1,16.200001,15.834648000000001,3587.0,rovi
2018-02-19,15.9,16.200001,15.9,16.200001,15.834648000000001,1144.0,rovi
2018-02-20,16.200001,16.200001,15.8,16.15,15.785773999999998,2691.0,rovi
2018-02-21,16.25,16.25,16.200001,16.200001,15.834648000000001,852.0,rovi
2018-02-22,16.25,16.299999,16.25,16.299999,15.932391,2959.0,rovi
2018-02-23,16.049999,16.200001,15.85,16.15,15.785773999999998,2117.0,rovi
2018-02-26,15.65,16.200001,15.65,16.15,15.785773999999998,780.0,rovi
2018-02-27,16.049999,16.450001,16.049999,16.450001,16.07901,828.0,rovi
2018-02-28,16.700001,16.75,16.65,16.75,16.372244,2650.0,rovi
2018-03-01,16.700001,16.75,16.700001,16.700001,16.323372,551.0,rovi
2018-03-02,16.799999,16.950001,16.25,16.9,16.51886,6402.0,rovi
2018-03-05,16.35,17.0,16.35,17.0,16.616606,5660.0,rovi
2018-03-06,17.0,17.0,16.700001,17.0,16.616606,2532.0,rovi
2018-03-07,17.1,17.200001,17.0,17.200001,16.812094000000002,1837.0,rovi
2018-03-08,17.25,17.25,16.85,17.1,16.71435,4484.0,rovi
2018-03-09,17.15,17.299999,16.9,17.299999,16.90984,1455.0,rovi
2018-03-12,17.4,17.6,17.4,17.6,17.203073999999997,19199.0,rovi
2018-03-13,17.549999,17.6,17.25,17.6,17.203073999999997,1874.0,rovi
2018-03-14,17.549999,17.799999,17.15,17.6,17.203073999999997,27512.0,rovi
2018-03-15,17.35,17.450001,17.049999,17.6,17.203073999999997,380.0,rovi
2018-03-16,17.549999,17.6,17.049999,17.6,17.203073999999997,3399.0,rovi
2018-03-19,17.35,17.35,16.75,16.9,16.51886,1821.0,rovi
2018-03-20,16.9,17.25,16.9,17.200001,16.812094000000002,903.0,rovi
2018-03-21,16.9,17.25,16.549999,17.0,16.616606,3032.0,rovi
2018-03-22,17.0,17.25,17.0,17.200001,16.812094000000002,983.0,rovi
2018-03-23,17.35,17.549999,16.85,17.049999,16.665478,1347.0,rovi
2018-03-26,17.0,17.549999,17.0,17.0,16.616606,1737.0,rovi
2018-03-27,17.4,17.799999,17.049999,17.299999,16.90984,3067.0,rovi
2018-03-28,17.0,17.4,17.0,17.0,16.616606,1285.0,rovi
2018-03-29,17.0,17.4,17.0,17.0,16.616606,312.0,rovi
2018-04-03,17.0,17.4,16.65,17.299999,16.90984,585.0,rovi
2018-04-04,17.5,17.700001,17.0,17.25,16.860970000000002,10984.0,rovi
2018-04-05,17.049999,17.4,17.049999,17.4,17.007584,4757.0,rovi
2018-04-06,17.25,17.299999,17.15,17.299999,16.90984,963.0,rovi
2018-04-09,17.549999,17.549999,17.15,17.450001,17.056456,59286.0,rovi
2018-04-10,17.450001,17.450001,17.15,17.450001,17.056456,373.0,rovi
2018-04-11,17.15,17.15,17.1,17.450001,17.056456,154.0,rovi
2018-04-12,17.25,17.5,17.25,17.450001,17.056456,1230.0,rovi
2018-04-13,17.200001,17.5,17.200001,17.299999,16.90984,584.0,rovi
2018-04-16,17.299999,17.299999,16.6,16.9,16.51886,25540.0,rovi
2018-04-17,16.75,17.1,16.75,17.1,16.71435,821.0,rovi
2018-04-18,16.65,17.200001,16.6,16.65,16.274498,596.0,rovi
2018-04-19,17.0,17.4,17.0,17.299999,16.90984,1213.0,rovi
2018-04-20,17.049999,17.200001,17.049999,17.15,16.763222,1045.0,rovi
2018-04-23,17.1,17.25,17.0,17.0,16.616606,2187.0,rovi
2018-04-24,17.0,17.0,17.0,17.0,16.616606,0.0,rovi
2018-04-25,17.299999,17.299999,17.0,17.200001,16.812094000000002,3324.0,rovi
2018-04-26,17.25,17.299999,16.9,17.1,16.71435,10636.0,rovi
2018-04-27,17.299999,17.299999,16.950001,16.950001,16.567732,5182.0,rovi
2018-04-30,16.950001,17.25,16.549999,16.85,16.46999,1874.0,rovi
2018-05-02,17.200001,17.25,17.15,16.85,16.46999,306.0,rovi
2018-05-03,16.85,17.200001,16.75,16.799999,16.421116,3609.0,rovi
2018-05-04,17.25,17.4,16.9,17.15,16.763222,1294.0,rovi
2018-05-07,17.200001,17.5,16.9,17.0,16.616606,1314.0,rovi
2018-05-08,16.950001,17.5,16.950001,17.0,16.616606,216.0,rovi
2018-05-09,16.9,17.5,16.9,17.0,16.616606,2768.0,rovi
2018-05-10,17.0,17.25,16.85,17.25,16.860970000000002,3019.0,rovi
2018-05-11,17.200001,17.25,16.799999,16.799999,16.421116,3776.0,rovi
2018-05-14,17.0,17.1,16.799999,16.85,16.46999,6943.0,rovi
2018-05-15,17.049999,17.299999,16.85,17.1,16.71435,10565.0,rovi
2018-05-16,17.200001,17.200001,16.9,17.1,16.71435,441.0,rovi
2018-05-17,16.75,17.25,16.75,17.25,16.860970000000002,6653.0,rovi
2018-05-18,16.9,17.15,16.9,16.9,16.51886,2071.0,rovi
2018-05-21,16.950001,16.950001,16.549999,16.549999,16.176754000000003,3542.0,rovi
2018-05-22,16.549999,16.549999,16.25,16.549999,16.176754000000003,6221.0,rovi
2018-05-23,16.450001,16.85,16.450001,16.549999,16.176754000000003,72677.0,rovi
2018-05-24,16.5,16.75,16.4,16.5,16.127882,2139.0,rovi
2018-05-25,16.549999,16.9,16.549999,16.6,16.225628,4663.0,rovi
2018-05-28,16.9,16.9,16.549999,16.549999,16.176754000000003,808.0,rovi
2018-05-29,16.5,16.75,16.5,16.5,16.127882,2735.0,rovi
2018-05-30,16.65,16.65,16.200001,16.25,15.883521,1332.0,rovi
2018-05-31,15.95,16.75,15.75,15.75,15.394796,14897.0,rovi
2018-06-01,15.65,16.549999,15.6,16.25,15.883521,16810.0,rovi
2018-06-04,16.25,16.950001,16.1,16.15,15.785773999999998,2464.0,rovi
2018-06-05,16.15,16.6,16.15,16.15,15.785773999999998,499.0,rovi
2018-06-06,16.15,16.6,16.15,16.15,15.785773999999998,450.0,rovi
2018-06-07,16.15,16.700001,16.15,16.299999,15.932391,1381.0,rovi
2018-06-08,16.65,16.85,16.65,16.700001,16.323372,6150.0,rovi
2018-06-11,16.5,16.5,16.5,16.5,16.127882,842.0,rovi
2018-06-12,16.5,16.5,16.200001,16.200001,15.834648000000001,8017.0,rovi
2018-06-13,16.25,16.450001,16.049999,16.049999,15.688029,12723.0,rovi
2018-06-14,16.0,16.5,15.95,16.049999,15.688029,2344.0,rovi
2018-06-15,16.0,16.049999,15.75,15.95,15.590285,11173.0,rovi
2018-06-18,16.25,16.25,15.8,15.85,15.492541000000001,1391.0,rovi
2018-06-19,15.9,15.9,15.9,15.85,15.492541000000001,113.0,rovi
2018-06-20,15.8,16.0,15.4,15.8,15.443667000000001,15986.0,rovi
2018-06-21,15.85,15.9,15.6,15.8,15.443667000000001,30104.0,rovi
2018-06-22,15.85,16.0,15.85,15.9,15.541412,2281.0,rovi
2018-06-25,15.8,15.9,15.6,15.8,15.443667000000001,56196.0,rovi
2018-06-26,15.6,16.049999,15.6,16.0,15.639157,664.0,rovi
2018-06-27,16.049999,16.200001,15.65,15.95,15.590285,2367.0,rovi
2018-06-28,15.7,15.95,15.55,15.6,15.248179,853.0,rovi
2018-06-29,15.35,16.200001,15.35,15.7,15.345923,2857.0,rovi
2018-07-02,16.15,16.15,15.45,15.45,15.101562,2327.0,rovi
2018-07-03,15.95,15.95,15.55,15.8,15.565269,1709.0,rovi
2018-07-04,16.200001,16.299999,15.7,15.75,15.516012,6822.0,rovi
2018-07-05,16.15,16.4,15.8,16.4,16.156357,3225.0,rovi
2018-07-06,16.299999,16.4,15.9,16.15,15.910069,115376.0,rovi
2018-07-09,16.4,16.9,16.299999,16.5,16.254870999999998,64198.0,rovi
2018-07-10,15.9,16.450001,15.9,16.450001,16.205614,44774.0,rovi
2018-07-11,16.450001,16.6,16.299999,16.299999,16.05784,584.0,rovi
2018-07-12,16.5,16.549999,16.299999,16.549999,16.304126999999998,24880.0,rovi
2018-07-13,16.6,16.65,16.4,16.450001,16.205614,3981.0,rovi
2018-07-16,16.450001,16.6,16.450001,16.5,16.254870999999998,7959.0,rovi
2018-07-17,16.65,16.75,16.049999,16.75,16.501155999999998,2668.0,rovi
2018-07-18,16.75,17.1,16.25,16.799999,16.550413,11172.0,rovi
2018-07-19,16.85,17.1,16.85,16.85,16.59967,2476.0,rovi
2018-07-20,17.200001,17.200001,16.200001,16.299999,16.05784,1325.0,rovi
2018-07-23,16.299999,16.299999,15.75,15.75,15.516012,83662.0,rovi
2018-07-24,16.0,16.1,15.95,16.0,15.762298000000001,3106.0,rovi
2018-07-25,16.1,16.200001,15.8,16.0,15.762298000000001,1914.0,rovi
2018-07-26,15.75,15.75,15.5,15.5,15.269727,12566.0,rovi
2018-07-27,16.25,16.25,15.65,16.1,15.860812,1267.0,rovi
2018-07-30,16.1,16.25,16.0,16.25,16.008585,613.0,rovi
2018-07-31,16.200001,16.25,16.200001,16.25,16.008585,254.0,rovi
2018-08-01,16.200001,16.450001,16.1,16.450001,16.205614,1172.0,rovi
2018-08-02,16.5,16.5,16.0,16.5,16.254870999999998,889.0,rovi
2018-08-03,16.85,16.85,16.85,16.85,16.59967,404.0,rovi
2018-08-06,16.5,16.5,16.5,16.5,16.254870999999998,465.0,rovi
2018-08-07,16.25,16.450001,16.25,16.5,16.254870999999998,380.0,rovi
2018-08-08,16.450001,16.450001,16.4,16.4,16.156357,1055.0,rovi
2018-08-09,16.25,16.299999,16.200001,16.299999,16.05784,1355.0,rovi
2018-08-10,16.200001,16.65,16.200001,16.200001,15.959328,12996.0,rovi
2018-08-13,16.200001,16.5,16.200001,16.200001,15.959328,357.0,rovi
2018-08-14,16.200001,16.65,16.200001,16.65,16.402641,528.0,rovi
2018-08-15,16.200001,16.700001,16.200001,16.65,16.402641,164.0,rovi
2018-08-16,16.75,16.9,16.25,16.85,16.59967,22531.0,rovi
2018-08-17,16.4,16.75,16.4,16.75,16.501155999999998,953.0,rovi
2018-08-20,16.25,16.700001,16.200001,16.5,16.254870999999998,12322.0,rovi
2018-08-21,16.299999,16.6,16.299999,16.6,16.353384,1427.0,rovi
2018-08-22,16.700001,16.700001,16.700001,16.700001,16.451898999999997,1407.0,rovi
2018-08-23,16.35,16.75,16.35,16.35,16.107098,762.0,rovi
2018-08-24,16.35,16.75,16.25,16.299999,16.05784,740.0,rovi
2018-08-27,16.299999,16.75,16.299999,16.299999,16.05784,262.0,rovi
2018-08-28,16.25,16.5,16.25,16.25,16.008585,1264.0,rovi
2018-08-29,16.4,16.700001,16.299999,16.450001,16.205614,8402.0,rovi
2018-08-30,16.450001,16.65,16.450001,16.65,16.402641,290.0,rovi
2018-08-31,16.6,16.75,16.299999,16.450001,16.205614,380.0,rovi
2018-09-03,16.9,16.9,16.049999,16.200001,15.959328,1904.0,rovi
2018-09-04,16.450001,16.65,16.450001,16.6,16.353384,1286.0,rovi
2018-09-05,16.6,16.6,16.6,16.6,16.353384,0.0,rovi
2018-09-06,16.0,16.4,15.95,16.0,15.762298000000001,2336.0,rovi
2018-09-07,15.9,16.15,15.8,16.1,15.860812,931.0,rovi
2018-09-10,16.049999,16.65,16.049999,16.450001,16.205614,6982.0,rovi
2018-09-11,16.799999,16.9,16.200001,16.4,16.156357,28063.0,rovi
2018-09-12,16.4,16.549999,16.299999,16.4,16.156357,1779.0,rovi
2018-09-13,16.4,16.6,16.4,16.4,16.156357,300.0,rovi
2018-09-14,16.4,16.4,16.200001,16.25,16.008585,669.0,rovi
2018-09-17,16.1,16.700001,16.1,16.25,16.008585,2190.0,rovi
2018-09-18,16.65,16.700001,16.15,16.200001,15.959328,1625.0,rovi
2018-09-19,16.4,16.4,16.1,16.35,16.107098,876.0,rovi
2018-09-20,,,,,,,rovi
2018-09-21,16.1,16.450001,16.0,16.049999,15.811554000000001,3185.0,rovi
2018-09-24,16.200001,16.200001,15.55,15.6,15.368241000000001,3132.0,rovi
2018-09-25,15.7,15.8,15.15,15.2,14.974182999999998,2978.0,rovi
2018-09-26,15.1,15.55,15.1,15.4,15.171210999999998,6876.0,rovi
2018-09-27,14.95,15.8,14.95,15.8,15.565269,1447.0,rovi
2018-09-28,15.4,15.75,15.4,15.7,15.466755,243.0,rovi
2018-10-01,15.7,15.7,15.35,15.8,15.565269,357.0,rovi
2018-10-02,15.4,15.7,15.0,15.0,14.777154999999999,9545.0,rovi
2018-10-03,15.6,15.6,14.85,15.2,14.974182999999998,1879.0,rovi
2018-10-04,14.95,14.95,14.8,14.8,14.580126000000002,862.0,rovi
2018-10-05,15.25,15.4,15.05,15.2,14.974182999999998,97705.0,rovi
2018-10-08,15.45,15.45,15.45,15.45,15.220469,6097828.0,rovi
2018-10-09,15.3,15.5,15.05,15.5,15.269727,36635.0,rovi
2018-10-10,16.299999,16.299999,15.4,15.5,15.269727,20323.0,rovi
2018-10-11,15.85,15.85,15.35,15.5,15.269727,86028.0,rovi
2018-10-12,15.7,15.7,15.7,15.7,15.466755,2200.0,rovi
2018-10-15,15.75,15.8,15.5,15.5,15.269727,5728.0,rovi
2018-10-16,15.5,15.8,15.15,15.7,15.466755,5353.0,rovi
2018-10-17,15.8,16.75,15.7,16.35,16.107098,170856.0,rovi
2018-10-18,16.200001,17.25,16.15,16.4,16.156357,34091.0,rovi
2018-10-19,16.0,16.4,15.9,15.9,15.663782999999999,12410.0,rovi
2018-10-22,15.5,16.700001,15.5,16.1,15.860812,10177.0,rovi
2018-10-23,16.0,16.4,15.7,15.9,15.663782999999999,10450.0,rovi
2018-10-24,16.0,16.35,16.0,16.299999,16.05784,2260.0,rovi
2018-10-25,16.299999,16.299999,16.049999,16.25,16.008585,4198.0,rovi
2018-10-26,16.0,16.25,16.0,16.200001,15.959328,9758.0,rovi
2018-10-29,16.25,16.35,16.0,16.25,16.008585,18706.0,rovi
2018-10-30,16.25,16.35,16.200001,16.299999,16.05784,2010.0,rovi
2018-10-31,16.4,16.4,16.1,16.299999,16.05784,10324.0,rovi
2018-11-01,16.299999,16.35,16.049999,16.25,16.008585,1874.0,rovi
2018-11-02,16.299999,16.450001,16.299999,16.35,16.107098,6457.0,rovi
2018-11-05,16.200001,16.5,15.55,16.450001,16.205614,1944.0,rovi
2018-11-06,16.5,16.799999,16.5,16.75,16.501155999999998,15762.0,rovi
2018-11-07,16.5,17.4,16.5,16.799999,16.550413,12298.0,rovi
2018-11-08,17.200001,17.25,16.9,17.0,16.747442000000003,10296.0,rovi
2018-11-09,17.200001,17.25,17.0,17.200001,16.944471,6335.0,rovi
2018-11-12,16.65,17.5,16.65,17.4,17.141499,3543.0,rovi
2018-11-13,17.5,17.9,17.25,17.4,17.141499,4266.0,rovi
2018-11-14,17.5,17.5,16.950001,17.200001,16.944471,1482.0,rovi
2018-11-15,17.0,18.0,17.0,18.0,17.732585999999998,18788.0,rovi
2018-11-16,18.0,18.0,17.35,18.0,17.732585999999998,287583.0,rovi
2018-11-19,18.0,18.15,17.200001,17.799999,17.535555,10658.0,rovi
2018-11-20,17.200001,17.799999,17.200001,17.25,16.993729000000002,3594.0,rovi
2018-11-21,17.299999,17.450001,17.299999,17.4,17.141499,1089.0,rovi
2018-11-22,17.200001,17.5,17.200001,17.5,17.240013,1348.0,rovi
2018-11-23,17.5,17.5,17.200001,17.200001,16.944471,3137.0,rovi
2018-11-26,17.200001,17.5,17.200001,17.5,17.240013,2449.0,rovi
2018-11-27,17.5,17.5,17.299999,17.299999,17.042984,2319.0,rovi
2018-11-28,17.299999,17.35,17.1,17.15,16.895212,5819.0,rovi
2018-11-29,17.15,17.450001,17.1,17.450001,17.190756,9382.0,rovi
2018-11-30,17.5,17.5,16.85,17.450001,17.190756,30075.0,rovi
2018-12-03,17.5,17.700001,17.450001,17.5,17.240013,11167.0,rovi
2018-12-04,17.700001,17.799999,17.200001,17.35,17.092241,18350.0,rovi
2018-12-05,17.299999,17.299999,17.200001,17.25,16.993729000000002,810.0,rovi
2018-12-06,17.15,17.299999,17.0,17.200001,16.944471,5165.0,rovi
2018-12-07,17.15,17.35,17.049999,17.25,16.993729000000002,2217.0,rovi
2018-12-10,17.0,17.35,17.0,17.25,16.993729000000002,1574.0,rovi
2018-12-11,17.049999,17.299999,17.0,17.049999,16.796698000000003,486008.0,rovi
2018-12-12,17.35,17.450001,17.200001,17.299999,17.042984,106731.0,rovi
2018-12-13,17.700001,17.700001,17.1,17.4,17.141499,4672.0,rovi
2018-12-14,17.799999,17.799999,17.35,17.5,17.240013,4951.0,rovi
2018-12-17,17.799999,17.799999,17.200001,17.700001,17.437042,3037.0,rovi
2018-12-18,17.65,17.799999,17.299999,17.5,17.240013,7314.0,rovi
2018-12-19,17.049999,17.5,17.049999,17.5,17.240013,4606.0,rovi
2018-12-20,17.5,17.5,17.15,17.15,16.895212,11605.0,rovi
2018-12-21,17.450001,17.799999,17.4,17.4,17.141499,297554.0,rovi
2018-12-24,17.049999,17.799999,17.0,17.799999,17.535555,2827.0,rovi
2018-12-27,17.5,17.5,17.35,17.5,17.240013,2097.0,rovi
2018-12-28,17.450001,17.5,17.049999,17.450001,17.190756,334584.0,rovi
2018-12-31,17.049999,17.450001,17.049999,17.450001,17.190756,5332.0,rovi
2019-01-02,17.799999,17.799999,17.200001,17.299999,17.042984,1344.0,rovi
2019-01-03,17.75,17.75,17.299999,17.75,17.4863,1815.0,rovi
2019-01-04,17.5,18.0,17.25,18.0,17.732585999999998,6441.0,rovi
2019-01-07,18.049999,18.299999,17.85,18.1,17.831099,5332.0,rovi
2019-01-08,18.450001,18.5,18.15,18.35,18.077386999999998,9013.0,rovi
2019-01-09,18.5,18.799999,18.4,18.549999,18.274414,10038.0,rovi
2019-01-10,18.549999,18.799999,18.5,18.5,18.225157,7042.0,rovi
2019-01-11,18.6,18.85,18.549999,18.85,18.569960000000002,6398.0,rovi
2019-01-14,18.200001,18.950001,18.200001,18.5,18.225157,11023.0,rovi
2019-01-15,18.9,18.9,18.5,18.65,18.372929,3125.0,rovi
2019-01-16,18.4,18.65,17.75,18.0,17.732585999999998,22084.0,rovi
2019-01-17,18.0,18.200001,17.85,18.0,17.732585999999998,5748.0,rovi
2019-01-18,18.0,18.15,17.799999,18.0,17.732585999999998,4134.0,rovi
2019-01-21,18.85,18.85,17.9,18.0,17.732585999999998,6181.0,rovi
2019-01-22,18.0,18.299999,17.9,18.1,17.831099,2030.0,rovi
2019-01-23,18.0,18.299999,17.85,18.299999,18.028126,9565.0,rovi
2019-01-24,18.25,18.4,18.1,18.4,18.126642,8260.0,rovi
2019-01-25,18.5,19.4,18.5,19.4,19.111786,17816.0,rovi
2019-01-28,18.65,19.15,18.549999,18.950001,18.668472,15220.0,rovi
2019-01-29,18.799999,19.0,18.799999,19.0,18.71773,10461.0,rovi
2019-01-30,19.0,19.0,18.75,19.0,18.71773,17310.0,rovi
2019-01-31,18.75,19.15,18.35,18.5,18.225157,10098.0,rovi
2019-02-01,18.35,18.35,17.700001,18.0,17.732585999999998,27548.0,rovi
2019-02-04,17.75,18.65,17.75,18.65,18.372929,6880.0,rovi
2019-02-05,18.9,18.9,18.65,18.799999,18.5207,2086.0,rovi
2019-02-06,18.6,18.9,18.1,18.35,18.077386999999998,4075.0,rovi
2019-02-07,18.5,18.799999,18.0,18.0,17.732585999999998,9508.0,rovi
2019-02-08,17.85,18.549999,17.85,18.549999,18.274414,10109.0,rovi
2019-02-11,18.9,18.9,18.299999,18.35,18.077386999999998,3774.0,rovi
2019-02-12,18.35,18.450001,17.799999,18.049999,17.781841,23087.0,rovi
2019-02-13,18.200001,18.4,17.85,17.85,17.584812,10881.0,rovi
2019-02-14,18.0,18.25,17.85,18.0,17.732585999999998,6230.0,rovi
2019-02-15,17.950001,18.15,17.9,18.1,17.831099,6162.0,rovi
2019-02-18,18.700001,18.700001,18.299999,18.4,18.126642,2936.0,rovi
2019-02-19,18.4,18.450001,17.950001,18.049999,17.781841,9600.0,rovi
2019-02-20,18.0,18.25,17.85,18.25,17.97887,2411.0,rovi
2019-02-21,18.25,18.25,18.0,18.0,17.732585999999998,14214.0,rovi
2019-02-22,18.049999,18.35,18.0,18.049999,17.781841,12848.0,rovi
2019-02-25,18.049999,18.4,17.85,18.0,17.732585999999998,9601.0,rovi
2019-02-26,17.85,18.1,17.85,18.0,17.732585999999998,1902.0,rovi
2019-02-27,18.0,18.25,18.0,18.1,17.831099,1559.0,rovi
2019-02-28,18.4,18.5,18.35,18.4,18.126642,1752.0,rovi
2019-03-01,18.35,18.4,18.200001,18.299999,18.028126,4617.0,rovi
2019-03-04,18.25,18.35,18.200001,18.35,18.077386999999998,2403.0,rovi
2019-03-05,18.299999,18.4,18.299999,18.299999,18.028126,1634.0,rovi
2019-03-06,18.25,18.25,18.200001,18.25,17.97887,1262.0,rovi
2019-03-07,18.5,18.5,17.950001,18.1,17.831099,2947.0,rovi
2019-03-08,17.85,18.0,17.4,17.4,17.141499,108032.0,rovi
2019-03-11,17.5,17.5,16.9,17.0,16.747442000000003,52217.0,rovi
2019-03-12,17.450001,17.5,17.0,17.450001,17.190756,52429.0,rovi
2019-03-13,18.049999,18.049999,17.25,17.4,17.141499,14584.0,rovi
2019-03-14,17.35,17.700001,17.049999,17.049999,16.796698000000003,19363.0,rovi
2019-03-15,17.25,17.4,17.049999,17.200001,16.944471,23831.0,rovi
2019-03-18,17.15,17.299999,17.1,17.299999,17.042984,70906.0,rovi
2019-03-19,17.700001,18.4,17.450001,18.049999,17.781841,44639.0,rovi
2019-03-20,18.049999,18.5,18.0,18.5,18.225157,9893.0,rovi
2019-03-21,18.450001,18.700001,18.450001,18.700001,18.422186,4098.0,rovi
2019-03-22,18.5,18.75,18.15,18.75,18.471445000000003,26574.0,rovi
2019-03-25,18.75,19.549999,18.75,19.0,18.71773,10420.0,rovi
2019-03-26,19.5,19.5,18.950001,19.0,18.71773,5725.0,rovi
2019-03-27,19.200001,19.200001,18.450001,18.450001,18.1759,49245.0,rovi
2019-03-28,18.700001,19.0,18.700001,18.799999,18.5207,6760.0,rovi
2019-03-29,18.700001,18.75,18.6,18.75,18.471445000000003,15449.0,rovi
2019-04-01,19.200001,19.200001,18.85,18.9,18.619215,4382.0,rovi
2019-04-02,19.200001,19.200001,19.1,19.15,18.865501000000002,3555.0,rovi
2019-04-03,19.1,19.200001,19.1,19.200001,18.914759,27963.0,rovi
2019-04-04,19.0,19.15,19.0,19.0,18.71773,3282.0,rovi
2019-04-05,19.0,19.0,18.6,18.700001,18.422186,8224.0,rovi
2019-04-08,18.35,18.85,18.25,18.35,18.077386999999998,8853.0,rovi
2019-04-09,18.799999,18.799999,18.25,18.5,18.225157,6400.0,rovi
2019-04-10,18.049999,18.200001,17.9,18.1,17.831099,18253.0,rovi
2019-04-11,18.200001,18.950001,18.200001,18.299999,18.028126,4342.0,rovi
2019-04-12,19.0,19.0,18.049999,18.1,17.831099,3406.0,rovi
2019-04-15,18.450001,18.6,18.1,18.4,18.126642,4612.0,rovi
2019-04-16,18.25,18.950001,18.25,18.6,18.323673,3107.0,rovi
2019-04-17,18.65,18.75,18.200001,18.450001,18.1759,12726.0,rovi
2019-04-18,18.950001,18.950001,18.35,18.4,18.126642,8900.0,rovi
2019-04-23,18.6,18.6,18.25,18.549999,18.274414,10720.0,rovi
2019-04-24,18.549999,18.700001,18.450001,18.700001,18.422186,2008.0,rovi
2019-04-25,18.700001,18.700001,18.35,18.5,18.225157,2996.0,rovi
2019-04-26,18.299999,18.4,18.049999,18.1,17.831099,11956.0,rovi
2019-04-29,18.049999,18.1,18.0,18.0,17.732585999999998,7870.0,rovi
2019-04-30,18.25,18.5,18.049999,18.4,18.126642,9296.0,rovi
2019-05-02,18.549999,18.549999,18.1,18.4,18.126642,442.0,rovi
2019-05-03,17.950001,18.549999,17.950001,18.35,18.077386999999998,1932.0,rovi
2019-05-06,17.700001,18.299999,17.700001,18.299999,18.028126,2619.0,rovi
2019-05-07,18.049999,18.299999,18.049999,18.200001,17.929613,1505.0,rovi
2019-05-08,18.1,18.25,18.1,18.15,17.880356,6131.0,rovi
2019-05-09,18.0,18.15,18.0,18.0,17.732585999999998,42785.0,rovi
2019-05-10,18.0,18.299999,18.0,18.15,17.880356,528.0,rovi
2019-05-13,18.0,18.1,17.450001,17.450001,17.190756,6032.0,rovi
2019-05-14,17.299999,17.85,17.299999,17.85,17.584812,2951.0,rovi
2019-05-15,17.450001,18.049999,17.450001,17.85,17.584812,27261.0,rovi
2019-05-16,17.85,18.1,17.85,17.950001,17.683327,592818.0,rovi
2019-05-17,17.65,18.299999,17.5,17.5,17.240013,682400.0,rovi
2019-05-20,18.049999,18.049999,17.65,17.75,17.4863,2791.0,rovi
2019-05-21,17.75,18.700001,17.75,18.25,17.97887,2807.0,rovi
2019-05-22,18.4,18.700001,18.4,18.549999,18.274414,46998.0,rovi
2019-05-23,18.549999,18.75,18.5,18.5,18.225157,8361.0,rovi
2019-05-24,18.6,19.15,18.450001,19.15,18.865501000000002,10536.0,rovi
2019-05-27,19.200001,19.450001,18.450001,19.450001,19.161043,14386.0,rovi
2019-05-28,19.75,19.75,19.6,19.700001,19.407329999999998,2231.0,rovi
2019-05-29,19.549999,19.700001,19.299999,19.299999,19.013271,3805.0,rovi
2019-05-30,19.65,19.65,19.450001,19.5,19.2103,2878.0,rovi
2019-05-31,19.5,19.5,19.15,19.35,19.062531,6692.0,rovi
2019-06-03,19.25,19.4,19.200001,19.299999,19.013271,805.0,rovi
2019-06-04,19.200001,19.5,19.1,19.1,18.816244,11480.0,rovi
2019-06-05,19.450001,19.450001,19.15,19.450001,19.161043,8281.0,rovi
2019-06-06,19.5,19.700001,19.35,19.700001,19.407329999999998,7057.0,rovi
2019-06-07,19.700001,20.700001,19.700001,20.5,20.195444000000002,5031.0,rovi
2019-06-10,21.299999,22.0,20.5,21.1,20.78653,11298.0,rovi
2019-06-11,20.6,21.200001,20.200001,21.0,20.688015,7288.0,rovi
2019-06-12,20.9,20.9,20.5,20.5,20.195444000000002,3548.0,rovi
2019-06-13,20.4,20.4,19.9,20.0,19.702873,12232.0,rovi
2019-06-14,19.799999,20.1,19.799999,19.85,19.555101,5507.0,rovi
2019-06-17,20.299999,20.299999,19.9,20.0,19.702873,1788.0,rovi
2019-06-18,19.9,20.299999,19.9,20.200001,19.8999,2706.0,rovi
2019-06-19,20.200001,20.299999,19.950001,20.1,19.801388,577.0,rovi
2019-06-20,20.1,20.299999,19.85,20.299999,19.998413,9158.0,rovi
2019-06-21,20.0,20.0,19.9,20.0,19.702873,2056.0,rovi
2019-06-24,19.9,20.200001,19.85,20.1,19.801388,2619.0,rovi
2019-06-25,20.299999,20.299999,19.85,19.9,19.604357,6576.0,rovi
2019-06-26,19.9,20.1,19.85,20.0,19.702873,867.0,rovi
2019-06-27,19.9,20.200001,19.85,20.1,19.801388,4561.0,rovi
2019-06-28,20.1,20.200001,19.950001,20.1,19.801388,3374.0,rovi
2019-07-01,19.9,20.0,19.85,20.0,19.702873,66482.0,rovi
2019-07-02,20.5,20.700001,19.85,20.700001,20.474165,43664.0,rovi
2019-07-03,20.299999,21.1,20.299999,20.6,20.375256,68915.0,rovi
2019-07-04,20.5,20.5,20.299999,20.299999,20.078526999999998,7029.0,rovi
2019-07-05,20.6,20.799999,20.4,20.799999,20.573074,20469.0,rovi
2019-07-08,21.700001,21.700001,20.299999,20.9,20.671982,35759.0,rovi
2019-07-09,20.799999,20.799999,20.4,20.5,20.276348000000002,2231.0,rovi
2019-07-10,20.5,20.5,19.950001,19.950001,19.732347,16424.0,rovi
2019-07-11,19.950001,20.4,19.85,19.85,19.633438,27407.0,rovi
2019-07-12,20.200001,20.200001,19.9,19.950001,19.732347,958.0,rovi
2019-07-15,20.0,20.0,19.9,19.950001,19.732347,4180.0,rovi
2019-07-16,20.0,20.0,19.85,19.85,19.633438,5248.0,rovi
2019-07-17,19.9,20.1,19.9,20.0,19.781801,2820.0,rovi
2019-07-18,20.200001,20.200001,19.85,19.9,19.682894,3031.0,rovi
2019-07-19,20.4,20.6,20.0,20.4,20.177437,5804.0,rovi
2019-07-22,20.9,20.9,20.5,20.9,20.671982,6408.0,rovi
2019-07-23,19.9,20.9,19.85,20.799999,20.573074,39496.0,rovi
2019-07-24,20.299999,20.9,20.1,20.1,19.880710999999998,5146.0,rovi
2019-07-25,20.1,20.299999,20.0,20.1,19.880710999999998,4349.0,rovi
2019-07-26,20.1,20.700001,19.9,20.1,19.880710999999998,4763.0,rovi
2019-07-29,20.700001,20.700001,19.950001,20.5,20.276348000000002,5551.0,rovi
2019-07-30,20.6,21.5,20.6,21.1,20.869802,13471.0,rovi
2019-07-31,21.200001,21.299999,20.700001,20.9,20.671982,5691.0,rovi
2019-08-01,20.9,20.9,20.6,20.799999,20.573074,3133.0,rovi
2019-08-02,20.6,20.799999,20.4,20.799999,20.573074,29071.0,rovi
2019-08-05,20.799999,20.9,20.799999,20.799999,20.573074,2814.0,rovi
2019-08-06,20.6,21.700001,20.6,21.6,21.364345999999998,28334.0,rovi
2019-08-07,21.6,21.700001,21.200001,21.5,21.265435999999998,9514.0,rovi
2019-08-08,21.5,21.700001,21.5,21.6,21.364345999999998,276802.0,rovi
2019-08-09,21.700001,21.700001,21.0,21.5,21.265435999999998,8772.0,rovi
2019-08-12,21.4,21.700001,21.4,21.700001,21.463257000000002,11020.0,rovi
2019-08-13,21.700001,21.700001,21.5,21.700001,21.463257000000002,3126.0,rovi
2019-08-14,21.200001,22.299999,21.200001,22.0,21.759983,14032.0,rovi
2019-08-15,22.200001,23.200001,22.200001,23.0,22.749073000000003,11122.0,rovi
2019-08-16,23.1,23.799999,22.6,22.799999,22.551251999999998,11730.0,rovi
2019-08-19,24.0,24.4,22.1,22.299999,22.056707,11606.0,rovi
2019-08-20,22.200001,22.9,21.6,22.5,22.254526000000002,8010.0,rovi
2019-08-21,22.5,23.700001,22.5,23.0,22.749073000000003,52359.0,rovi
2019-08-22,23.4,23.4,22.200001,22.9,22.650161999999998,12405.0,rovi
2019-08-23,23.9,23.9,22.6,22.700001,22.452347,9330.0,rovi
2019-08-26,23.4,23.4,22.6,22.700001,22.452347,3170.0,rovi
2019-08-27,22.700001,22.799999,22.299999,22.700001,22.452347,19462.0,rovi
2019-08-28,22.700001,22.700001,22.299999,22.4,22.155619,61423.0,rovi
2019-08-29,22.9,22.9,22.5,22.6,22.353436,15174.0,rovi
2019-08-30,22.799999,22.799999,22.5,22.6,22.353436,6555.0,rovi
2019-09-02,23.4,23.4,22.200001,22.299999,22.056707,5102.0,rovi
2019-09-03,23.4,23.4,22.299999,22.9,22.650161999999998,5337.0,rovi
2019-09-04,23.0,23.299999,23.0,23.200001,22.94689,1583.0,rovi
2019-09-05,23.4,23.4,22.6,22.700001,22.452347,17493.0,rovi
2019-09-06,22.700001,23.0,22.6,22.6,22.353436,7967.0,rovi
2019-09-09,23.0,23.0,22.5,22.6,22.353436,9573.0,rovi
2019-09-10,23.0,23.0,22.0,22.5,22.254526000000002,7262.0,rovi
2019-09-11,22.9,22.9,21.9,21.9,21.661072,3703.0,rovi
2019-09-12,21.700001,21.700001,21.200001,21.299999,21.067617000000002,12437.0,rovi
2019-09-13,21.299999,21.799999,21.200001,21.200001,20.96871,2702.0,rovi
2019-09-16,20.6,21.0,20.5,20.9,20.671982,10613.0,rovi
2019-09-17,21.0,21.0,20.1,20.299999,20.078526999999998,36984.0,rovi
2019-09-18,20.299999,20.9,19.85,20.6,20.375256,46395.0,rovi
2019-09-19,20.700001,20.700001,20.200001,20.299999,20.078526999999998,11911.0,rovi
2019-09-20,20.299999,20.799999,20.299999,20.700001,20.474165,8767.0,rovi
2019-09-23,20.700001,21.1,20.6,20.799999,20.573074,6284.0,rovi
2019-09-24,20.700001,21.1,20.700001,20.9,20.671982,24649.0,rovi
2019-09-25,20.9,21.1,20.9,21.0,20.770891,22481.0,rovi
2019-09-26,20.9,21.200001,20.9,21.1,20.869802,3335.0,rovi
2019-09-27,21.9,22.299999,21.200001,21.4,21.166529,4869.0,rovi
2019-09-30,21.4,21.9,21.4,21.9,21.661072,4154.0,rovi
2019-10-01,21.299999,22.0,21.299999,21.5,21.265435999999998,6299.0,rovi
2019-10-02,21.9,21.9,21.200001,21.5,21.265435999999998,4677.0,rovi
2019-10-03,21.299999,21.5,21.200001,21.200001,20.96871,25365.0,rovi
2019-10-04,20.799999,21.5,20.799999,21.4,21.166529,6134.0,rovi
2019-10-07,22.0,22.0,21.0,21.299999,21.067617000000002,5121.0,rovi
2019-10-08,20.799999,21.9,20.799999,21.5,21.265435999999998,18068.0,rovi
2019-10-09,21.5,21.9,21.5,21.9,21.661072,19280.0,rovi
2019-10-10,21.9,21.9,21.5,21.799999,21.562164000000003,6978.0,rovi
2019-10-11,21.799999,21.9,21.5,21.6,21.364345999999998,12861.0,rovi
2019-10-14,22.700001,22.700001,21.5,21.9,21.661072,3478.0,rovi
2019-10-15,22.6,22.6,21.5,21.6,21.364345999999998,6250.0,rovi
2019-10-16,21.5,21.6,20.799999,20.799999,20.573074,22147.0,rovi
2019-10-17,20.799999,21.0,20.6,20.700001,20.474165,11568.0,rovi
2019-10-18,20.700001,20.700001,20.5,20.5,20.276348000000002,5630.0,rovi
2019-10-21,20.200001,21.0,20.1,20.799999,20.573074,10688.0,rovi
2019-10-22,21.1,21.4,21.0,21.200001,20.96871,42002.0,rovi
2019-10-23,20.5,21.299999,20.5,21.1,20.869802,4612.0,rovi
2019-10-24,21.200001,21.200001,21.0,21.1,20.869802,3115.0,rovi
2019-10-25,21.0,21.5,20.9,21.0,20.770891,13418.0,rovi
2019-10-28,20.799999,21.299999,20.700001,21.299999,21.067617000000002,170743.0,rovi
2019-10-29,21.1,21.200001,20.9,21.0,20.770891,7457.0,rovi
2019-10-30,20.799999,21.9,20.799999,21.9,21.661072,7093.0,rovi
2019-10-31,21.299999,22.299999,21.299999,22.1,21.858892,12808.0,rovi
2019-11-01,22.1,22.200001,21.9,21.9,21.661072,5611.0,rovi
2019-11-04,21.9,22.299999,21.700001,22.299999,22.056707,11733.0,rovi
2019-11-05,22.799999,23.200001,22.4,22.9,22.650161999999998,9049.0,rovi
2019-11-06,23.0,23.5,22.9,23.299999,23.045799,43598.0,rovi
2019-11-07,23.799999,24.9,23.799999,24.6,24.331617,41115.0,rovi
2019-11-08,24.4,25.1,24.1,24.6,24.331617,10485.0,rovi
2019-11-11,24.6,25.5,24.6,25.5,25.221798,21159.0,rovi
2019-11-12,25.5,25.5,24.4,25.0,24.727251000000003,44858.0,rovi
2019-11-13,24.4,25.0,24.4,25.0,24.727251000000003,6064.0,rovi
2019-11-14,25.0,25.0,24.5,24.6,24.331617,67867.0,rovi
2019-11-15,24.1,24.9,24.1,24.700001,24.430525,16009.0,rovi
2019-11-18,24.6,24.9,24.4,24.799999,24.529434,99514.0,rovi
2019-11-19,25.0,25.0,24.299999,24.4,24.133797,14884.0,rovi
2019-11-20,24.799999,24.799999,24.299999,24.700001,24.430525,31480.0,rovi
2019-11-21,25.0,25.0,24.200001,24.4,24.133797,6331.0,rovi
2019-11-22,24.700001,24.700001,23.5,24.0,23.738163,8707.0,rovi
2019-11-25,24.9,25.299999,24.0,24.5,24.232708,55400.0,rovi
2019-11-26,25.200001,25.200001,24.200001,24.700001,24.430525,15685.0,rovi
2019-11-27,24.799999,25.1,24.299999,24.700001,24.430525,40298.0,rovi
2019-11-28,24.200001,24.5,23.9,24.0,23.738163,20870.0,rovi
2019-11-29,24.4,24.4,23.9,23.9,23.639254,17058.0,rovi
2019-12-02,23.700001,23.9,23.6,23.799999,23.540342000000003,14467.0,rovi
2019-12-03,23.799999,24.1,23.5,23.5,23.243616,34637.0,rovi
2019-12-04,23.5,23.9,23.5,23.9,23.639254,50677.0,rovi
2019-12-05,23.9,24.4,23.700001,23.799999,23.540342000000003,8778.0,rovi
2019-12-06,24.4,24.4,23.799999,24.4,24.133797,8551.0,rovi
2019-12-09,24.4,25.1,24.1,24.6,24.331617,14935.0,rovi
2019-12-10,24.6,24.6,24.200001,24.299999,24.034889,6589.0,rovi
2019-12-11,24.299999,24.700001,24.299999,24.299999,24.034889,26932.0,rovi
2019-12-12,25.0,25.1,24.6,24.799999,24.529434,33012.0,rovi
2019-12-13,25.0,25.299999,24.799999,24.799999,24.529434,31487.0,rovi
2019-12-16,25.0,25.0,24.200001,24.299999,24.034889,22177.0,rovi
2019-12-17,24.299999,24.4,24.0,24.0,23.738163,24637.0,rovi
2019-12-18,24.200001,24.200001,23.700001,23.9,23.639254,113059.0,rovi
2019-12-19,23.6,24.1,23.4,23.6,23.342527,11644.0,rovi
2019-12-20,23.4,23.700001,23.4,23.4,23.144707,13014.0,rovi
2019-12-23,23.799999,23.799999,23.5,23.799999,23.540342000000003,11403.0,rovi
2019-12-24,24.4,24.4,23.5,24.299999,24.034889,4709.0,rovi
2019-12-25,24.299999,24.299999,24.299999,24.299999,24.034889,0.0,rovi
2019-12-27,24.4,24.4,23.6,24.200001,23.935982,8155.0,rovi
2019-12-30,24.299999,24.4,24.1,24.200001,23.935982,40383.0,rovi
2019-12-31,24.9,24.9,24.299999,24.4,24.133797,26420.0,rovi
2020-01-02,24.799999,25.1,24.6,25.0,24.727251000000003,40156.0,rovi
2020-01-03,25.1,25.200001,25.1,25.1,24.826162,9527.0,rovi
2020-01-06,25.1,25.4,24.9,25.200001,24.925072,9610.0,rovi
2020-01-07,24.5,25.299999,24.5,24.799999,24.529434,45909.0,rovi
2020-01-08,24.5,24.6,24.200001,24.4,24.133797,10044.0,rovi
2020-01-09,24.5,24.6,24.200001,24.299999,24.034889,7966.0,rovi
2020-01-10,24.700001,25.4,24.4,25.4,25.122889,13305.0,rovi
2020-01-13,25.4,25.4,24.700001,24.700001,24.430525,8417.0,rovi
2020-01-14,24.9,24.9,24.5,24.5,24.232708,7028.0,rovi
2020-01-15,24.5,25.1,24.4,25.0,24.727251000000003,25479.0,rovi
2020-01-16,25.200001,25.200001,24.799999,25.1,24.826162,26177.0,rovi
2020-01-17,25.4,26.0,25.1,25.6,25.320705,58234.0,rovi
2020-01-20,25.700001,25.799999,25.4,25.5,25.221798,22404.0,rovi
2020-01-21,25.5,25.5,25.1,25.299999,25.023977,20105.0,rovi
2020-01-22,25.5,25.5,25.0,25.0,24.727251000000003,18427.0,rovi
2020-01-23,24.9,25.1,24.299999,24.299999,24.034889,52487.0,rovi
2020-01-24,24.200001,25.200001,24.200001,24.9,24.628344,22485.0,rovi
2020-01-27,25.200001,25.200001,24.5,25.1,24.826162,21615.0,rovi
2020-01-28,25.0,25.200001,24.9,25.1,24.826162,19905.0,rovi
2020-01-29,25.200001,25.200001,24.5,25.0,24.727251000000003,23672.0,rovi
2020-01-30,24.9,24.9,24.5,24.799999,24.529434,19707.0,rovi
2020-01-31,25.0,25.0,24.5,24.9,24.628344,56740.0,rovi
2020-02-03,25.0,25.0,24.6,25.0,24.727251000000003,71579.0,rovi
2020-02-04,24.799999,25.700001,24.799999,25.700001,25.419617000000002,39030.0,rovi
2020-02-05,25.799999,25.9,25.5,25.5,25.221798,14716.0,rovi
2020-02-06,25.9,26.0,25.6,25.9,25.617432,13534.0,rovi
2020-02-07,26.0,26.299999,25.700001,26.200001,25.91416,50379.0,rovi
2020-02-10,26.5,26.5,26.0,26.299999,26.013067000000003,9937.0,rovi
2020-02-11,26.5,26.5,26.200001,26.5,26.210888,25176.0,rovi
2020-02-12,26.799999,27.0,26.4,26.799999,26.507614,30341.0,rovi
2020-02-13,27.0,27.0,26.299999,26.299999,26.013067000000003,16065.0,rovi
2020-02-14,26.9,26.9,26.299999,26.700001,26.408707,11145.0,rovi
2020-02-17,26.9,26.9,25.799999,26.1,25.815251999999997,53590.0,rovi
2020-02-18,26.1,26.1,25.799999,26.1,25.815251999999997,9910.0,rovi
2020-02-19,26.700001,26.700001,25.5,25.700001,25.419617000000002,15458.0,rovi
2020-02-20,25.700001,26.700001,25.200001,26.5,26.210888,21379.0,rovi
2020-02-21,25.799999,26.799999,25.799999,26.200001,25.91416,22108.0,rovi
2020-02-24,25.6,26.0,24.6,25.1,24.826162,33414.0,rovi
2020-02-25,25.200001,25.4,24.6,24.9,24.628344,95564.0,rovi
2020-02-26,26.0,26.5,25.0,25.200001,24.925072,71392.0,rovi
2020-02-27,25.0,25.5,24.799999,25.4,25.122889,79071.0,rovi
2020-02-28,25.5,25.5,24.299999,24.4,24.133797,74674.0,rovi
2020-03-02,25.0,25.200001,24.6,25.0,24.727251000000003,28392.0,rovi
2020-03-03,25.700001,25.700001,24.9,25.1,24.826162,56476.0,rovi
2020-03-04,25.1,25.299999,24.9,25.0,24.727251000000003,49073.0,rovi
2020-03-05,25.1,25.200001,24.299999,24.799999,24.529434,17826.0,rovi
2020-03-06,25.0,25.0,23.799999,24.200001,23.935982,25762.0,rovi
2020-03-09,23.5,23.5,22.6,22.700001,22.452347,82817.0,rovi
2020-03-10,22.5,23.700001,22.5,22.5,22.254526000000002,235047.0,rovi
2020-03-11,23.299999,23.299999,22.5,23.0,22.749073000000003,28377.0,rovi
2020-03-12,21.799999,23.0,21.0,21.299999,21.067617000000002,97194.0,rovi
2020-03-13,20.299999,26.0,20.0,21.9,21.661072,108270.0,rovi
2020-03-16,23.0,23.0,20.299999,20.299999,20.078526999999998,66006.0,rovi
2020-03-17,21.9,22.0,20.700001,20.799999,20.573074,32059.0,rovi
2020-03-18,20.9,21.799999,20.6,21.0,20.770891,22359.0,rovi
2020-03-19,21.299999,21.4,20.799999,21.200001,20.96871,9276.0,rovi
2020-03-20,22.0,22.0,21.4,21.5,21.265435999999998,22785.0,rovi
2020-03-23,21.5,21.700001,20.799999,21.0,20.770891,167252.0,rovi
2020-03-24,21.9,21.9,20.299999,20.5,20.276348000000002,26245.0,rovi
2020-03-25,21.299999,21.299999,20.5,21.299999,21.067617000000002,68853.0,rovi
2020-03-26,20.6,21.6,20.6,21.0,20.770891,86925.0,rovi
2020-03-27,21.5,21.5,20.6,20.700001,20.474165,20141.0,rovi
2020-03-30,21.799999,21.799999,20.6,20.9,20.671982,22388.0,rovi
2020-03-31,21.4,23.200001,21.4,22.700001,22.452347,18474.0,rovi
2020-04-01,22.200001,23.700001,21.1,22.200001,21.9578,35532.0,rovi
2020-04-02,22.6,23.0,22.299999,22.6,22.353436,35672.0,rovi
2020-04-03,23.0,23.0,22.299999,22.5,22.254526000000002,44975.0,rovi
2020-04-06,23.1,23.1,22.299999,23.0,22.749073000000003,26018.0,rovi
2020-04-07,22.799999,23.299999,22.5,23.299999,23.045799,120282.0,rovi
2020-04-08,23.5,23.5,22.700001,22.700001,22.452347,18586.0,rovi
2020-04-09,23.1,23.6,22.9,23.5,23.243616,13288.0,rovi
2020-04-14,23.4,23.9,23.200001,23.9,23.639254,21474.0,rovi
2020-04-15,24.299999,24.299999,23.5,24.1,23.83707,15729.0,rovi
2020-04-16,24.299999,24.299999,23.0,23.799999,23.540342000000003,22410.0,rovi
2020-04-17,24.0,24.0,23.299999,24.0,23.738163,14958.0,rovi
2020-04-20,24.5,24.5,23.6,23.700001,23.441435000000002,14486.0,rovi
2020-04-21,24.1,24.1,23.6,24.1,23.83707,58282.0,rovi
2020-04-22,24.5,25.200001,24.1,24.299999,24.034889,15393.0,rovi
2020-04-23,24.799999,25.0,24.5,24.9,24.628344,112504.0,rovi
2020-04-24,25.200001,26.0,25.0,25.799999,25.518524,62131.0,rovi
2020-04-27,26.200001,27.0,25.9,26.299999,26.013067000000003,33450.0,rovi
2020-04-28,26.0,27.1,25.799999,26.9,26.606522,24660.0,rovi
2020-04-29,27.0,27.0,25.700001,26.0,25.716343,51810.0,rovi
2020-04-30,26.5,26.5,25.4,25.9,25.617432,21291.0,rovi
2020-05-04,25.6,26.5,25.299999,25.700001,25.419617000000002,22057.0,rovi
2020-05-05,26.0,26.299999,25.299999,25.299999,25.023977,25334.0,rovi
2020-05-06,25.9,26.0,25.6,26.0,25.716343,17329.0,rovi
2020-05-07,26.1,26.1,25.799999,25.9,25.617432,41978.0,rovi
2020-05-08,25.299999,26.0,25.299999,25.799999,25.518524,15888.0,rovi
2020-05-11,26.1,26.299999,25.0,26.0,25.716343,33337.0,rovi
2020-05-12,26.299999,26.299999,25.4,25.700001,25.419617000000002,20451.0,rovi
2020-05-13,26.1,26.6,24.6,25.5,25.221798,46586.0,rovi
2020-05-14,25.799999,25.799999,24.4,24.5,24.232708,47845.0,rovi
2020-05-15,24.6,25.200001,24.6,24.6,24.331617,14631.0,rovi
2020-05-18,25.5,25.5,24.0,25.0,24.727251000000003,42649.0,rovi
2020-05-19,25.9,25.9,23.700001,24.1,23.83707,53212.0,rovi
2020-05-20,24.700001,26.0,24.0,24.799999,24.529434,52938.0,rovi
2020-05-21,24.6,24.700001,24.4,24.700001,24.430525,34219.0,rovi
2020-05-22,25.0,25.0,24.200001,24.4,24.133797,19203.0,rovi
2020-05-25,24.9,24.9,24.200001,24.5,24.232708,17525.0,rovi
2020-05-26,25.0,25.0,23.6,24.0,23.738163,45991.0,rovi
2020-05-27,24.0,24.0,23.299999,23.4,23.144707,38842.0,rovi
2020-05-28,23.0,23.4,22.299999,23.0,22.749073000000003,57623.0,rovi
2020-05-29,22.9,23.4,22.700001,23.1,22.84798,23526.0,rovi
2020-06-01,23.700001,23.799999,23.299999,23.4,23.144707,23438.0,rovi
2020-06-02,23.9,23.9,23.200001,23.6,23.342527,66229.0,rovi
2020-06-03,23.9,24.1,23.299999,24.0,23.738163,40656.0,rovi
2020-06-04,24.299999,24.299999,23.700001,23.9,23.639254,17295.0,rovi
2020-06-05,24.1,24.200001,23.299999,23.4,23.144707,21191.0,rovi
2020-06-08,23.799999,23.799999,22.799999,23.0,22.749073000000003,34772.0,rovi
2020-06-09,23.299999,23.299999,22.5,22.700001,22.452347,23467.0,rovi
2020-06-10,22.6,22.700001,21.9,22.4,22.155619,56604.0,rovi
2020-06-11,22.299999,22.700001,22.299999,22.5,22.254526000000002,33422.0,rovi
2020-06-12,23.0,23.299999,22.6,23.1,22.84798,47015.0,rovi
2020-06-15,22.9,23.299999,22.6,22.9,22.650161999999998,43636.0,rovi
2020-06-16,23.200001,23.5,22.700001,23.4,23.144707,15463.0,rovi
2020-06-17,23.4,23.700001,23.1,23.4,23.144707,12311.0,rovi
2020-06-18,23.4,23.700001,23.299999,23.5,23.243616,41617.0,rovi
2020-06-19,23.6,24.299999,23.4,24.0,23.738163,19644.0,rovi
2020-06-22,24.4,24.6,24.1,24.4,24.133797,20026.0,rovi
2020-06-23,24.799999,24.799999,24.200001,24.5,24.232708,21410.0,rovi
2020-06-24,24.700001,24.700001,24.299999,24.5,24.232708,17145.0,rovi
2020-06-25,24.200001,24.700001,24.200001,24.5,24.232708,16818.0,rovi
2020-06-26,24.799999,25.0,24.4,24.9,24.628344,23366.0,rovi
2020-06-29,25.200001,25.200001,24.0,24.700001,24.430525,17923.0,rovi
2020-06-30,24.299999,25.299999,24.299999,25.299999,25.023977,20344.0,rovi
2020-07-01,25.700001,25.700001,24.4,24.4,24.133797,66871.0,rovi
2020-07-02,24.299999,25.200001,24.299999,25.200001,24.925072,19609.0,rovi
2020-07-03,25.299999,26.200001,25.200001,26.200001,25.91416,23579.0,rovi
2020-07-06,26.299999,26.299999,25.1,25.6,25.320705,26381.0,rovi
2020-07-07,25.799999,25.799999,25.1,25.200001,24.925072,16439.0,rovi
2020-07-08,25.1,25.6,24.799999,25.6,25.320705,13509.0,rovi
2020-07-09,25.799999,28.0,25.4,27.5,27.199976,173894.0,rovi
2020-07-10,28.6,30.200001,28.0,28.1,27.793429999999997,196217.0,rovi
2020-07-13,29.200001,29.4,28.6,29.0,28.683613,80132.0,rovi
2020-07-14,29.1,29.200001,28.5,28.700001,28.386886999999998,38930.0,rovi
2020-07-15,30.1,31.299999,29.700001,30.6,30.266154999999998,286957.0,rovi
2020-07-16,32.400002,32.599998,30.799999,30.799999,30.463974,181042.0,rovi
2020-07-17,31.799999,32.400002,31.0,32.0,31.650883,125633.0,rovi
2020-07-20,33.200001,33.799999,32.599998,32.700001,32.343246,171275.0,rovi
2020-07-21,32.799999,32.900002,29.299999,31.200001,30.859612,150009.0,rovi
2020-07-22,30.5,31.299999,30.4,30.799999,30.463974,75762.0,rovi
2020-07-23,30.799999,31.799999,30.799999,31.5,31.156338,61803.0,rovi
2020-07-24,31.299999,31.299999,29.700001,30.6,30.266154999999998,47920.0,rovi
2020-07-27,31.799999,32.400002,30.0,30.6,30.266154999999998,107906.0,rovi
2020-07-28,31.799999,31.799999,28.200001,29.6,29.277067,137772.0,rovi
2020-07-29,29.5,29.6,29.0,29.0,28.683613,44039.0,rovi
2020-07-30,29.0,29.5,28.799999,28.799999,28.485794,38531.0,rovi
2020-07-31,28.5,29.4,28.5,29.0,28.683613,32616.0,rovi
2020-08-03,29.1,29.1,27.9,28.5,28.189068,59626.0,rovi
2020-08-04,28.200001,28.700001,27.5,28.1,27.793429999999997,34471.0,rovi
2020-08-05,28.9,28.9,28.1,28.200001,27.892342,31639.0,rovi
2020-08-06,28.799999,28.799999,27.200001,28.1,27.793429999999997,66257.0,rovi
2020-08-07,27.4,28.0,27.299999,27.5,27.199976,47988.0,rovi
2020-08-10,27.9,27.9,27.200001,27.299999,27.002159000000002,18163.0,rovi
2020-08-11,27.200001,27.9,27.1,27.5,27.199976,83977.0,rovi
2020-08-12,27.799999,28.799999,27.6,28.200001,27.892342,46052.0,rovi
2020-08-13,28.6,28.6,28.200001,28.5,28.189068,16365.0,rovi
2020-08-14,28.6,28.6,27.6,27.9,27.595613,26590.0,rovi
2020-08-17,28.4,28.700001,27.9,28.700001,28.386886999999998,17050.0,rovi
2020-08-18,28.9,29.200001,28.4,28.6,28.287977,25859.0,rovi
2020-08-19,28.5,28.6,28.200001,28.299999,27.991249,19012.0,rovi
2020-08-20,28.299999,28.5,27.6,28.5,28.189068,23007.0,rovi
2020-08-21,29.4,29.4,27.799999,27.799999,27.496702000000003,23484.0,rovi
2020-08-24,27.6,29.1,27.6,29.0,28.683613,55089.0,rovi
2020-08-25,29.4,29.5,27.9,28.1,27.793429999999997,70677.0,rovi
2020-08-26,28.1,28.299999,27.700001,28.0,27.694522999999997,20796.0,rovi
2020-08-27,27.799999,29.1,27.700001,27.9,27.595613,39142.0,rovi
2020-08-28,28.6,28.6,27.700001,27.9,27.595613,43900.0,rovi
2020-08-31,28.299999,28.299999,27.799999,28.1,27.793429999999997,37441.0,rovi
2020-09-01,28.4,28.4,27.6,27.799999,27.496702000000003,40029.0,rovi
2020-09-02,28.1,29.200001,27.700001,29.1,28.782521999999997,64761.0,rovi
2020-09-03,29.4,30.299999,29.1,29.4,29.079248,62266.0,rovi
2020-09-04,30.0,30.700001,29.5,30.1,29.771612,75840.0,rovi
2020-09-07,30.299999,30.799999,30.0,30.6,30.266154999999998,35882.0,rovi
2020-09-08,30.6,31.4,30.299999,31.299999,30.958519,95599.0,rovi
2020-09-09,30.9,31.700001,30.6,30.700001,30.365067,49953.0,rovi
2020-09-10,30.700001,31.0,29.799999,29.799999,29.474884000000003,37782.0,rovi
2020-09-11,30.299999,30.5,29.700001,30.1,29.771612,19741.0,rovi
2020-09-14,29.9,30.4,29.5,30.0,29.672703000000002,31092.0,rovi
2020-09-15,29.799999,30.4,29.6,30.299999,29.969427000000003,31233.0,rovi
2020-09-16,30.299999,30.299999,29.700001,30.0,29.672703000000002,27535.0,rovi
2020-09-17,29.6,30.299999,29.1,29.9,29.573793,50597.0,rovi
2020-09-18,29.799999,30.299999,29.0,30.299999,29.969427000000003,37116.0,rovi
2020-09-21,30.1,30.200001,28.6,29.1,28.782521999999997,30129.0,rovi
2020-09-22,28.700001,29.200001,28.299999,28.9,28.584703,46260.0,rovi
2020-09-23,29.0,30.0,28.799999,29.799999,29.474884000000003,34847.0,rovi
2020-09-24,29.700001,30.799999,29.700001,30.799999,30.463974,42520.0,rovi
2020-09-25,30.799999,32.0,30.5,31.299999,30.958519,65535.0,rovi
2020-09-28,31.5,31.700001,30.5,31.0,30.661793,34902.0,rovi
2020-09-29,30.799999,31.4,30.5,31.200001,30.859612,43018.0,rovi
2020-09-30,31.4,31.700001,30.799999,31.4,31.057428,47286.0,rovi
2020-10-01,31.799999,31.799999,31.0,31.4,31.057428,51195.0,rovi
2020-10-02,31.1,31.5,30.9,31.0,30.661793,43467.0,rovi
2020-10-05,31.1,31.9,30.799999,31.9,31.551972999999997,64050.0,rovi
2020-10-06,32.0,32.400002,31.6,32.200001,31.848701000000002,70449.0,rovi
2020-10-07,32.400002,32.400002,31.9,31.9,31.551972999999997,45782.0,rovi
2020-10-08,32.0,32.400002,31.799999,32.0,31.650883,25947.0,rovi
2020-10-09,32.099998,32.200001,31.700001,32.099998,31.74979,37806.0,rovi
2020-10-12,32.200001,32.299999,31.9,32.0,31.650883,36195.0,rovi
2020-10-13,32.0,32.099998,31.5,31.700001,31.354156,16723.0,rovi
2020-10-14,31.6,32.099998,31.4,31.6,31.255246999999997,28693.0,rovi
2020-10-15,32.0,32.0,31.200001,31.5,31.156338,33692.0,rovi
2020-10-16,31.700001,31.9,31.5,31.700001,31.354156,41008.0,rovi
2020-10-19,31.9,31.9,31.1,31.1,30.760702000000002,31681.0,rovi
2020-10-20,31.5,32.799999,31.4,32.599998,32.244335,100901.0,rovi
2020-10-21,32.700001,33.900002,32.099998,32.299999,31.947609000000003,158572.0,rovi
2020-10-22,32.5,32.5,31.1,31.200001,30.859612,45408.0,rovi
2020-10-23,31.6,31.6,30.5,31.1,30.760702000000002,54691.0,rovi
2020-10-26,30.700001,31.200001,30.700001,31.200001,30.859612,40475.0,rovi
2020-10-27,30.6,31.1,30.6,31.0,30.661793,37377.0,rovi
2020-10-28,30.5,31.1,30.200001,31.0,30.661793,69625.0,rovi
2020-10-29,31.0,31.1,30.299999,30.799999,30.463974,44379.0,rovi
2020-10-30,30.200001,31.200001,30.200001,30.6,30.266154999999998,59247.0,rovi
2020-11-02,31.0,32.099998,31.0,32.0,31.650883,55729.0,rovi
2020-11-03,32.299999,32.799999,31.200001,31.5,31.156338,136155.0,rovi
2020-11-04,31.299999,32.200001,31.299999,31.6,31.255246999999997,73141.0,rovi
2020-11-05,33.0,34.900002,32.799999,34.799999,34.420338,207245.0,rovi
2020-11-06,34.200001,36.799999,34.200001,36.799999,36.398514,197336.0,rovi
2020-11-09,37.299999,37.299999,32.0,35.200001,34.815971000000005,265312.0,rovi
2020-11-10,35.0,35.299999,33.299999,34.599998,34.222515,118555.0,rovi
2020-11-11,34.599998,37.0,34.599998,36.0,35.607246,94213.0,rovi
2020-11-12,35.799999,37.099998,35.799999,36.0,35.607246,111715.0,rovi
2020-11-13,36.5,36.5,35.700001,36.099998,35.70615,48553.0,rovi
2020-11-16,37.299999,40.0,36.5,39.200001,38.772335,288184.0,rovi
2020-11-17,42.0,42.0,37.400002,37.5,37.257301,288166.0,rovi
2020-11-18,38.099998,39.299999,37.5,37.5,37.257301,101137.0,rovi
2020-11-19,37.5,38.200001,36.900002,37.0,36.760536,92866.0,rovi
2020-11-20,37.0,37.900002,36.5,37.0,36.760536,97139.0,rovi
2020-11-23,37.400002,37.599998,36.400002,37.400002,37.157948,53421.0,rovi
2020-11-24,38.0,38.0,36.599998,36.799999,36.561828999999996,95288.0,rovi
2020-11-25,37.200001,37.799999,37.0,37.700001,37.456005,76519.0,rovi
2020-11-26,38.0,38.5,37.799999,38.0,37.754063,58132.0,rovi
2020-11-27,38.099998,40.0,38.099998,39.400002,39.145004,92399.0,rovi
2020-11-30,39.5,42.5,39.400002,40.5,40.237885,249178.0,rovi
2020-12-01,41.0,41.900002,40.700001,40.700001,40.436592,93832.0,rovi
2020-12-02,40.799999,40.900002,39.099998,39.299999,39.04565,133699.0,rovi
2020-12-03,39.799999,39.799999,37.599998,38.5,38.250828000000006,87762.0,rovi
2020-12-04,39.0,39.599998,38.400002,39.0,38.747593,72370.0,rovi
2020-12-07,39.0,39.0,38.0,38.5,38.250828000000006,44185.0,rovi
2020-12-08,38.0,38.099998,37.599998,37.700001,37.456005,53543.0,rovi
2020-12-09,37.599998,38.299999,36.700001,37.0,36.760536,179938.0,rovi
2020-12-10,37.0,37.900002,37.0,37.200001,36.959244,51217.0,rovi
2020-12-11,37.5,37.5,36.700001,37.0,36.760536,88999.0,rovi
2020-12-14,36.5,38.0,36.5,37.700001,37.456005,48862.0,rovi
2020-12-15,37.5,38.299999,37.099998,37.099998,36.859885999999996,53781.0,rovi
2020-12-16,37.599998,38.0,37.200001,37.700001,37.456005,56875.0,rovi
2020-12-17,37.5,38.599998,37.5,38.0,37.754063,56546.0,rovi
2020-12-18,38.400002,39.0,38.099998,38.700001,38.449535,68165.0,rovi
2020-12-21,39.299999,39.299999,37.0,37.400002,37.157948,211315.0,rovi
2020-12-22,37.599998,38.299999,37.200001,38.0,37.754063,53043.0,rovi
2020-12-23,37.799999,38.700001,37.200001,37.400002,37.157948,60445.0,rovi
2020-12-24,38.099998,38.200001,37.200001,38.200001,37.95277,34941.0,rovi
2020-12-28,37.700001,38.0,37.0,37.200001,36.959244,38739.0,rovi
2020-12-29,37.099998,38.400002,37.099998,38.400002,38.151478000000004,55350.0,rovi
2020-12-30,38.5,38.799999,37.900002,38.299999,38.05212,67764.0,rovi
2020-12-31,37.799999,38.099998,37.799999,37.900002,37.654713,16039.0,rovi
2021-01-04,38.5,38.5,38.099998,38.299999,38.05212,33971.0,rovi
2021-01-05,38.099998,39.400002,38.0,39.099998,38.846942999999996,48133.0,rovi
2021-01-06,39.0,41.099998,38.900002,40.799999,40.535942,91073.0,rovi
2021-01-07,42.0,43.799999,41.400002,42.0,41.728176,134372.0,rovi
2021-01-08,42.5,42.5,41.299999,41.599998,41.330765,53927.0,rovi
2021-01-11,41.200001,43.200001,41.200001,43.0,42.721703000000005,105855.0,rovi
2021-01-12,43.599998,43.599998,42.299999,42.799999,42.522999,66156.0,rovi
2021-01-13,42.799999,43.400002,42.400002,43.099998,42.821056,42528.0,rovi
2021-01-14,43.200001,43.5,42.799999,43.299999,43.01976,48450.0,rovi
2021-01-15,43.5,44.200001,43.099998,43.299999,43.01976,61657.0,rovi
2021-01-18,42.700001,44.0,42.700001,43.700001,43.417175,42017.0,rovi
2021-01-19,44.0,44.599998,43.700001,44.299999,44.013290000000005,96649.0,rovi
2021-01-20,44.299999,45.099998,43.900002,44.799999,44.510056,71537.0,rovi
2021-01-21,45.0,45.0,42.700001,43.200001,42.92041,54912.0,rovi
2021-01-22,43.5,43.5,41.299999,42.099998,41.827526,69543.0,rovi
2021-01-25,42.5,42.5,40.5,41.0,40.73465,74983.0,rovi
2021-01-26,41.0,42.200001,40.900002,41.599998,41.330765,39650.0,rovi
2021-01-27,41.0,41.900002,39.5,40.700001,40.436592,78585.0,rovi
2021-01-28,41.0,41.0,39.0,40.5,40.237885,40899.0,rovi
2021-01-29,39.5,41.0,39.5,40.599998,40.337234,48056.0,rovi
2021-02-01,41.299999,41.400002,39.799999,39.900002,39.641769000000004,58400.0,rovi
2021-02-02,40.299999,42.299999,40.299999,41.599998,41.330765,76472.0,rovi
2021-02-03,42.0,42.200001,41.599998,42.0,41.728176,58100.0,rovi
2021-02-04,41.799999,42.5,41.799999,42.099998,41.827526,55561.0,rovi
2021-02-05,42.5,43.599998,42.299999,43.200001,42.92041,52784.0,rovi
2021-02-08,43.200001,44.299999,43.200001,43.799999,43.516525,73666.0,rovi
2021-02-09,43.900002,44.099998,42.799999,43.400002,43.119118,71731.0,rovi
2021-02-10,43.099998,44.0,42.900002,43.0,42.721703000000005,42461.0,rovi
2021-02-11,42.900002,44.599998,42.900002,43.700001,43.417175,56883.0,rovi
2021-02-12,44.200001,45.099998,43.900002,44.900002,44.609409,46215.0,rovi
2021-02-15,45.200001,46.400002,45.099998,45.400002,45.106173999999996,62122.0,rovi
2021-02-16,46.099998,46.099998,45.400002,45.599998,45.304874,26011.0,rovi
2021-02-17,45.799999,46.099998,45.5,45.599998,45.304874,40584.0,rovi
2021-02-18,45.400002,46.400002,45.299999,45.5,45.205524,41778.0,rovi
2021-02-19,45.200001,46.400002,45.200001,45.900002,45.602936,39789.0,rovi
2021-02-22,46.299999,47.900002,46.200001,47.599998,47.291931,63550.0,rovi
2021-02-23,47.5,47.5,45.200001,45.700001,45.404232,80103.0,rovi
2021-02-24,47.0,47.799999,45.5,45.5,45.205524,95292.0,rovi
2021-02-25,45.700001,47.0,45.700001,45.799999,45.503582,42062.0,rovi
2021-02-26,45.299999,46.5,45.099998,45.200001,44.907467,55571.0,rovi
2021-03-01,46.299999,46.299999,45.0,46.099998,45.80164,52795.0,rovi
2021-03-02,43.799999,45.200001,42.099998,44.700001,44.410702,312065.0,rovi
2021-03-03,44.5,44.5,42.700001,43.099998,42.821056,84087.0,rovi
2021-03-04,42.700001,43.5,42.599998,43.0,42.721703000000005,60445.0,rovi
2021-03-05,43.0,43.0,41.599998,42.0,41.728176,94388.0,rovi
2021-03-08,42.299999,42.299999,41.200001,41.400002,41.132061,61599.0,rovi
2021-03-09,41.599998,41.700001,41.299999,41.700001,41.430119,151637.0,rovi
2021-03-10,41.900002,43.0,41.700001,42.599998,42.324290999999995,63826.0,rovi
2021-03-11,43.0,43.799999,42.599998,42.700001,42.423645,84596.0,rovi
2021-03-12,43.200001,43.599998,42.700001,43.400002,43.119118,30072.0,rovi
2021-03-15,44.0,44.0,42.900002,43.099998,42.821056,39912.0,rovi
2021-03-16,43.299999,45.900002,43.299999,45.5,45.205524,59095.0,rovi
2021-03-17,45.700001,45.700001,44.299999,44.599998,44.311347999999995,69282.0,rovi
2021-03-18,44.400002,45.200001,44.299999,44.700001,44.410702,43351.0,rovi
2021-03-19,44.299999,46.900002,44.299999,46.900002,46.596466,689264.0,rovi
2021-03-22,46.599998,47.400002,46.099998,47.099998,46.795165999999995,65510.0,rovi
2021-03-23,46.900002,48.400002,46.900002,47.700001,47.391284999999996,69918.0,rovi
2021-03-24,48.0,48.0,46.700001,47.700001,47.391284999999996,117984.0,rovi
2021-03-25,47.400002,47.900002,46.400002,46.799999,46.497108000000004,124785.0,rovi
2021-03-26,47.0,48.200001,46.400002,48.200001,47.88805,49935.0,rovi
2021-03-29,47.900002,48.299999,47.700001,48.0,47.689346,24669.0,rovi
2021-03-30,48.400002,48.400002,46.700001,47.0,46.695816,160505.0,rovi
2021-03-31,47.0,47.099998,45.5,46.0,45.702290000000005,63531.0,rovi
2021-04-01,46.099998,46.900002,45.650002,46.549999,46.24873,32107.0,rovi
2021-04-06,46.0,46.650002,46.0,46.400002,46.099701,52398.0,rovi
2021-04-07,46.150002,46.200001,45.700001,46.049999,45.751965000000006,25859.0,rovi
2021-04-08,45.900002,46.900002,45.900002,46.849998,46.546787,22225.0,rovi
2021-04-09,47.400002,47.400002,45.950001,46.150002,45.851318,21382.0,rovi
2021-04-12,47.099998,48.299999,47.099998,48.099998,47.788696,68964.0,rovi
2021-04-13,48.099998,48.299999,47.700001,47.700001,47.391284999999996,55516.0,rovi
2021-04-14,48.299999,48.299999,47.0,47.099998,46.795165999999995,36592.0,rovi
2021-04-15,47.0,47.950001,47.0,47.549999,47.242256,74028.0,rovi
2021-04-16,47.700001,48.049999,47.5,47.799999,47.490639,87236.0,rovi
2021-04-19,48.25,48.25,46.700001,47.200001,46.894524,36533.0,rovi
2021-04-20,47.049999,47.25,46.549999,47.0,46.695816,25787.0,rovi
2021-04-21,46.900002,47.400002,46.75,47.099998,46.795165999999995,23243.0,rovi
2021-04-22,47.099998,47.25,46.150002,46.299999,46.000347,22307.0,rovi
2021-04-23,46.299999,46.450001,45.75,46.099998,45.80164,24174.0,rovi
2021-04-26,46.25,46.799999,45.950001,46.599998,46.298404999999995,28467.0,rovi
2021-04-27,46.549999,46.950001,46.549999,46.700001,46.397758,23128.0,rovi
2021-04-28,47.349998,47.400002,46.349998,47.150002,46.844848999999996,19355.0,rovi
2021-04-29,47.5,49.299999,47.049999,48.650002,48.33514,84242.0,rovi
2021-04-30,49.150002,49.5,48.200001,48.200001,47.88805,55645.0,rovi
2021-05-03,48.5,49.25,48.200001,49.200001,48.88158,43580.0,rovi
2021-05-04,49.650002,49.950001,48.049999,48.299999,47.987404,32278.0,rovi
2021-05-05,48.099998,49.75,48.099998,49.349998,49.030605,38827.0,rovi
2021-05-06,48.349998,49.0,46.400002,47.049999,46.745490999999994,84023.0,rovi
2021-05-07,46.549999,48.549999,46.549999,48.549999,48.235783000000005,40709.0,rovi
2021-05-10,48.900002,48.950001,47.650002,48.25,47.937725,53694.0,rovi
2021-05-11,47.75,48.150002,47.400002,48.150002,47.838375,30405.0,rovi
2021-05-12,48.299999,48.599998,47.900002,47.900002,47.589993,20713.0,rovi
2021-05-13,49.0,49.0,47.950001,48.700001,48.384815,51245.0,rovi
2021-05-14,48.900002,49.950001,48.849998,49.799999,49.477695000000004,79344.0,rovi
2021-05-17,49.799999,51.5,49.700001,51.099998,50.769279,57512.0,rovi
2021-05-18,51.099998,52.599998,51.099998,52.5,52.160221,73302.0,rovi
2021-05-19,52.799999,53.799999,52.0,52.900002,52.557632,72031.0,rovi
2021-05-20,53.799999,53.799999,52.599998,52.799999,52.458279000000005,39608.0,rovi
2021-05-21,53.799999,54.799999,52.900002,53.599998,53.253101,46654.0,rovi
2021-05-24,54.200001,54.700001,53.799999,54.599998,54.246628,47815.0,rovi
2021-05-25,54.599998,56.099998,54.599998,55.400002,55.041454,60171.0,rovi
2021-05-26,55.5,56.400002,55.200001,56.0,55.63756899999999,41129.0,rovi
2021-05-27,56.400002,57.400002,55.400002,55.799999,55.438862,583230.0,rovi
2021-05-28,55.599998,56.5,55.599998,56.200001,55.836273,52904.0,rovi
2021-05-31,56.5,57.200001,56.099998,57.0,56.631096,21550.0,rovi
2021-06-01,57.599998,58.5,56.700001,57.799999,57.42591899999999,49136.0,rovi
2021-06-02,58.299999,58.299999,56.799999,57.200001,56.829803000000005,40603.0,rovi
2021-06-03,56.400002,58.700001,56.400002,58.200001,57.823330000000006,30726.0,rovi
2021-06-04,58.700001,59.5,58.099998,59.200001,58.81686,38976.0,rovi
2021-06-07,59.099998,59.299999,58.400002,58.700001,58.320094999999995,32259.0,rovi
2021-06-08,58.799999,59.799999,58.599998,58.900002,58.518803000000005,31058.0,rovi
2021-06-09,59.0,59.5,58.5,58.799999,58.419444999999996,32602.0,rovi
2021-06-10,58.599998,59.0,55.5,58.200001,57.823330000000006,58328.0,rovi
2021-06-11,58.5,58.700001,57.599998,57.799999,57.42591899999999,36243.0,rovi
2021-06-14,57.400002,58.5,57.200001,57.700001,57.32656899999999,46999.0,rovi
2021-06-15,58.099998,58.5,57.599998,58.0,57.624626,98421.0,rovi
2021-06-16,57.799999,57.900002,57.5,57.599998,57.227211,35862.0,rovi
2021-06-17,57.200001,57.5,56.599998,56.799999,56.432388,71622.0,rovi
2021-06-18,56.900002,57.299999,56.700001,56.799999,56.432388,65791.0,rovi
2021-06-21,56.700001,56.700001,54.0,55.400002,55.041454,70940.0,rovi
2021-06-22,54.700001,55.5,54.299999,55.0,54.644039,72270.0,rovi
2021-06-23,53.200001,56.900002,53.200001,56.599998,56.233684999999994,1950749.0,rovi
2021-06-24,57.099998,57.099998,55.799999,56.099998,55.73691899999999,73454.0,rovi
2021-06-25,55.900002,56.400002,55.0,55.400002,55.041454,76631.0,rovi
2021-06-28,55.099998,56.599998,55.0,56.400002,56.03498100000001,124822.0,rovi
2021-06-29,56.799999,58.299999,56.200001,58.0,57.624626,64533.0,rovi
2021-06-30,57.599998,58.799999,57.0,58.400002,58.022038,96656.0,rovi
2021-07-01,58.400002,59.099998,57.200001,58.400002,58.022038,51729.0,rovi
2021-07-02,58.599998,59.0,58.200001,58.900002,58.518803000000005,29823.0,rovi
2021-07-05,59.099998,59.099998,57.799999,58.099998,58.099998,16471.0,rovi
2021-07-06,58.200001,59.0,57.799999,59.0,59.0,33905.0,rovi
2021-07-07,59.200001,59.200001,58.599998,59.0,59.0,24717.0,rovi
2021-07-08,58.599998,58.900002,57.0,57.200001,57.200001,154982.0,rovi
2021-07-09,57.799999,58.5,57.099998,58.200001,58.200001,43644.0,rovi
2021-07-12,57.900002,59.200001,57.900002,58.599998,58.599998,57980.0,rovi
2021-07-13,58.400002,58.5,57.400002,57.700001,57.700001,20863.0,rovi
2021-07-14,58.5,58.5,57.5,58.400002,58.400002,17019.0,rovi
2021-07-15,58.0,58.799999,57.700001,57.900002,57.900002,41828.0,rovi
2021-07-16,57.400002,58.099998,56.599998,57.200001,57.200001,20307.0,rovi
2021-07-19,56.299999,57.200001,56.0,57.099998,57.099998,187332.0,rovi
2021-07-20,57.099998,57.900002,56.400002,57.799999,57.799999,45717.0,rovi
2021-07-21,58.0,59.799999,57.799999,58.700001,58.700001,39990.0,rovi
2021-07-22,59.0,59.400002,58.400002,59.400002,59.400002,27124.0,rovi
2021-07-23,59.5,60.700001,59.200001,60.099998,60.099998,39721.0,rovi
2021-07-26,60.5,63.900002,60.299999,61.200001,61.200001,75332.0,rovi
2021-07-27,61.5,61.700001,60.0,60.299999,60.299999,73356.0,rovi
2021-07-28,63.799999,64.0,60.799999,63.0,63.0,114797.0,rovi
2021-07-29,63.099998,63.5,60.200001,60.200001,60.200001,70636.0,rovi
2021-07-30,60.200001,60.400002,59.099998,59.5,59.5,55446.0,rovi
2021-08-02,60.0,60.799999,59.099998,60.599998,60.599998,42746.0,rovi
2021-08-03,60.200001,60.900002,58.599998,59.099998,59.099998,29551.0,rovi
2021-08-04,60.200001,61.099998,58.799999,60.200001,60.200001,28470.0,rovi
2021-08-05,60.5,60.700001,59.700001,60.299999,60.299999,37096.0,rovi
2021-08-06,60.0,60.599998,59.099998,59.299999,59.299999,25912.0,rovi
2021-08-09,60.200001,61.799999,58.900002,61.5,61.5,32311.0,rovi
2021-08-10,61.799999,61.799999,60.099998,60.299999,60.299999,21700.0,rovi
2021-08-11,61.5,61.700001,60.099998,61.5,61.5,36010.0,rovi
2021-08-12,61.0,61.799999,60.900002,61.799999,61.799999,20554.0,rovi
2021-08-13,61.900002,63.099998,61.599998,62.799999,62.799999,23108.0,rovi
2021-08-16,63.0,64.300003,62.5,63.700001,63.700001,53348.0,rovi
2021-08-17,64.099998,64.400002,63.0,63.599998,63.599998,42295.0,rovi
2021-08-18,64.300003,64.699997,63.599998,64.300003,64.300003,34865.0,rovi
2021-08-19,64.5,65.900002,64.0,65.800003,65.800003,54721.0,rovi
2021-08-20,66.0,66.0,64.400002,65.599998,65.599998,39244.0,rovi
2021-08-23,66.0,68.800003,66.0,67.900002,67.900002,49119.0,rovi
2021-08-24,68.599998,68.599998,66.099998,66.099998,66.099998,41121.0,rovi
2021-08-25,66.900002,66.900002,64.5,65.0,65.0,41021.0,rovi
2021-08-26,63.5,63.5,56.200001,56.299999,56.299999,388363.0,rovi
2021-08-27,56.5,59.5,56.200001,58.5,58.5,204471.0,rovi
2021-08-30,51.599998,52.700001,44.200001,50.599998,50.599998,615455.0,rovi
2021-08-31,51.400002,54.799999,50.5,53.0,53.0,319795.0,rovi
2021-09-01,55.400002,57.0,54.0,55.400002,55.400002,361494.0,rovi
2021-09-02,56.099998,58.400002,56.099998,57.799999,57.799999,184066.0,rovi
2021-09-03,58.0,59.400002,56.599998,57.5,57.5,138129.0,rovi
2021-09-06,57.900002,58.599998,57.599998,58.099998,58.099998,50320.0,rovi
2021-09-07,57.700001,58.0,55.5,56.799999,56.799999,105411.0,rovi
2021-09-08,57.0,58.200001,56.299999,57.599998,57.599998,75764.0,rovi
2021-09-09,58.0,58.099998,57.200001,57.599998,57.599998,136495.0,rovi
2021-09-10,58.0,58.0,57.200001,57.599998,57.599998,35632.0,rovi
2021-09-13,57.400002,57.700001,56.200001,56.200001,56.200001,50864.0,rovi
2021-09-14,55.900002,57.799999,52.799999,57.599998,57.599998,97663.0,rovi
2021-09-15,57.900002,58.599998,56.700001,58.5,58.5,76929.0,rovi
2021-09-16,58.0,58.900002,56.299999,56.700001,56.700001,67124.0,rovi
2021-09-17,57.0,58.099998,56.700001,57.200001,57.200001,111484.0,rovi
2021-09-20,56.599998,57.099998,54.900002,56.0,56.0,46449.0,rovi
2021-09-21,57.099998,57.200001,55.900002,56.5,56.5,82680.0,rovi
2021-09-22,56.5,57.0,56.0,56.5,56.5,62753.0,rovi
2021-09-23,56.900002,59.900002,56.700001,58.799999,58.799999,162706.0,rovi
2021-09-24,58.799999,58.799999,56.400002,56.599998,56.599998,79863.0,rovi
2021-09-27,56.700001,56.799999,54.5,55.099998,55.099998,69348.0,rovi
2021-09-28,55.099998,56.0,54.0,55.099998,55.099998,96147.0,rovi
2021-09-29,55.5,56.0,54.299999,54.700001,54.700001,57303.0,rovi
2021-09-30,55.900002,57.099998,55.099998,56.5,56.5,71656.0,rovi
2021-10-01,55.5,57.5,54.900002,55.299999,55.299999,59732.0,rovi
2021-10-04,54.5,56.299999,54.400002,54.599998,54.599998,53408.0,rovi
2021-10-05,54.400002,55.700001,54.200001,55.099998,55.099998,44379.0,rovi
2021-10-06,55.5,55.5,53.700001,54.799999,54.799999,49308.0,rovi
2021-10-07,54.900002,55.299999,53.0,54.5,54.5,71829.0,rovi
2021-10-08,53.400002,54.700001,53.0,54.5,54.5,61727.0,rovi
2021-10-11,54.299999,54.400002,53.700001,53.799999,53.799999,50638.0,rovi
2021-10-12,53.5,55.299999,53.0,54.400002,54.400002,36981.0,rovi
2021-10-13,53.700001,56.0,53.700001,55.700001,55.700001,40608.0,rovi
2021-10-14,55.599998,57.099998,55.599998,56.799999,56.799999,49199.0,rovi
2021-10-15,57.200001,57.200001,55.799999,56.299999,56.299999,47890.0,rovi
2021-10-18,56.5,56.700001,55.700001,56.200001,56.200001,25185.0,rovi
2021-10-19,55.099998,57.0,55.099998,57.0,57.0,35602.0,rovi
2021-10-20,56.200001,58.099998,56.200001,57.700001,57.700001,65424.0,rovi
2021-10-21,57.599998,59.0,56.400002,59.0,59.0,76487.0,rovi
2021-10-22,59.099998,60.799999,58.900002,60.0,60.0,98927.0,rovi
2021-10-25,60.099998,60.099998,58.700001,59.5,59.5,45918.0,rovi
2021-10-26,60.099998,60.799999,58.700001,60.0,60.0,63626.0,rovi
2021-10-27,60.200001,60.200001,59.299999,59.700001,59.700001,53838.0,rovi
2021-10-28,59.200001,59.700001,57.799999,58.700001,58.700001,57901.0,rovi
2021-10-29,58.700001,60.599998,58.099998,60.599998,60.599998,72799.0,rovi
2021-11-01,60.900002,61.900002,60.700001,61.0,61.0,46725.0,rovi
2021-11-02,61.0,61.200001,59.700001,60.799999,60.799999,39524.0,rovi
2021-11-03,61.900002,64.5,60.599998,63.200001,63.200001,184689.0,rovi
2021-11-04,62.900002,65.199997,59.599998,63.0,63.0,203102.0,rovi
2021-11-05,63.0,63.799999,56.299999,56.900002,56.900002,231225.0,rovi
2021-11-08,56.799999,59.200001,55.799999,59.0,59.0,124407.0,rovi
2021-11-09,59.400002,60.299999,57.700001,58.099998,58.099998,76145.0,rovi
2021-11-10,57.900002,58.0,56.599998,56.799999,56.799999,72789.0,rovi
2021-11-11,56.599998,58.299999,56.5,57.400002,57.400002,77581.0,rovi
2021-11-12,58.099998,59.400002,57.299999,58.400002,58.400002,51628.0,rovi
2021-11-15,58.299999,60.0,57.900002,59.200001,59.200001,55622.0,rovi
2021-11-16,59.799999,60.200001,59.0,59.400002,59.400002,58454.0,rovi
2021-11-17,60.099998,60.299999,58.599998,58.599998,58.599998,78012.0,rovi
2021-11-18,59.400002,59.599998,59.099998,59.400002,59.400002,52114.0,rovi
2021-11-19,59.099998,61.400002,59.099998,61.0,61.0,114598.0,rovi
2021-11-22,61.0,62.5,61.0,61.5,61.5,74670.0,rovi
2021-11-23,61.799999,61.799999,59.700001,60.700001,60.700001,57295.0,rovi
2021-11-24,60.200001,62.299999,60.200001,61.200001,61.200001,85127.0,rovi
2021-11-25,61.900002,63.299999,61.599998,62.599998,62.599998,67019.0,rovi
2021-11-26,62.0,63.799999,61.400002,62.700001,62.700001,144679.0,rovi
2021-11-29,62.700001,64.800003,62.700001,64.5,64.5,85766.0,rovi
2021-11-30,64.300003,65.300003,63.700001,64.599998,64.599998,120344.0,rovi
2021-12-01,64.0,65.800003,63.799999,65.599998,65.599998,71814.0,rovi
2021-12-02,65.400002,65.400002,63.0,63.400002,63.400002,87585.0,rovi
2021-12-03,63.799999,64.300003,62.400002,62.599998,62.599998,60996.0,rovi
2021-12-06,63.0,63.299999,62.099998,62.099998,62.099998,48434.0,rovi
2021-12-07,62.200001,64.599998,62.200001,64.5,64.5,51852.0,rovi
2021-12-08,64.400002,67.199997,64.300003,65.5,65.5,65825.0,rovi
2021-12-09,65.300003,67.599998,65.300003,66.5,66.5,108092.0,rovi
2021-12-10,68.0,71.099998,66.099998,66.699997,66.699997,173256.0,rovi
2021-12-13,66.699997,66.900002,64.5,66.400002,66.400002,61612.0,rovi
2021-12-14,66.400002,68.0,66.0,66.199997,66.199997,76960.0,rovi
2021-12-15,65.699997,67.699997,65.300003,67.5,67.5,36962.0,rovi
2021-12-16,67.599998,68.900002,66.800003,67.900002,67.900002,49660.0,rovi
2021-12-17,68.199997,69.5,66.900002,69.099998,69.099998,489249.0,rovi
2021-12-20,68.800003,71.699997,67.5,71.400002,71.400002,98944.0,rovi
2021-12-21,72.199997,72.199997,70.400002,70.400002,70.400002,85975.0,rovi
2021-12-22,71.400002,73.199997,70.699997,72.199997,72.199997,78253.0,rovi
2021-12-23,72.599998,72.699997,71.599998,72.0,72.0,63243.0,rovi
2021-12-27,72.0,73.599998,71.599998,72.599998,72.599998,81846.0,rovi
2021-12-28,73.400002,74.099998,72.800003,73.099998,73.099998,39355.0,rovi
2021-12-29,73.199997,73.699997,72.0,73.0,73.0,53272.0,rovi
2021-12-30,73.0,74.199997,73.0,73.800003,73.800003,42989.0,rovi
2022-01-03,74.300003,74.400002,71.300003,71.699997,71.699997,81300.0,rovi
2022-01-04,72.0,72.400002,68.5,69.099998,69.099998,155211.0,rovi
2022-01-05,69.0,70.099998,67.800003,68.5,68.5,120484.0,rovi
2022-01-06,68.300003,68.800003,66.699997,68.599998,68.599998,95195.0,rovi
2022-01-07,69.0,69.0,67.199997,67.699997,67.699997,116592.0,rovi
2022-01-10,68.0,68.0,65.099998,65.699997,65.699997,150418.0,rovi
2022-01-11,66.099998,68.0,66.0,67.699997,67.699997,135501.0,rovi
2022-01-12,68.0,68.900002,67.199997,68.400002,68.400002,127409.0,rovi
2022-01-13,67.699997,68.300003,66.099998,66.199997,66.199997,85302.0,rovi
2022-01-14,66.5,67.099998,65.199997,65.699997,65.699997,122298.0,rovi
2022-01-17,66.0,67.099998,65.199997,67.0,67.0,92178.0,rovi
2022-01-18,67.0,67.0,64.900002,64.900002,64.900002,137769.0,rovi
2022-01-19,64.400002,66.099998,63.400002,65.300003,65.300003,159796.0,rovi
2022-01-20,65.300003,65.599998,63.700001,64.599998,64.599998,124623.0,rovi
2022-01-21,64.199997,64.5,63.0,63.0,63.0,103398.0,rovi
2022-01-24,62.900002,63.400002,60.900002,61.400002,61.400002,137149.0,rovi
2022-01-25,60.200001,62.099998,60.099998,61.099998,61.099998,157903.0,rovi
2022-01-26,60.5,62.400002,60.5,62.299999,62.299999,138809.0,rovi
2022-01-27,62.099998,64.5,61.400002,64.0,64.0,171002.0,rovi
2022-01-28,62.400002,63.5,61.599998,63.0,63.0,157753.0,rovi
2022-01-31,64.0,65.800003,63.700001,65.400002,65.400002,159906.0,rovi
2022-02-01,65.699997,67.300003,65.599998,66.599998,66.599998,119377.0,rovi
2022-02-02,67.400002,69.400002,67.099998,67.800003,67.800003,119962.0,rovi
2022-02-03,68.0,68.0,65.599998,65.599998,65.599998,78040.0,rovi
2022-02-04,65.599998,66.900002,65.599998,66.5,66.5,114416.0,rovi
2022-02-07,67.0,67.199997,65.5,65.900002,65.900002,127003.0,rovi
2022-02-08,65.599998,66.199997,61.799999,62.099998,62.099998,257547.0,rovi
2022-02-09,62.799999,64.599998,62.5,64.400002,64.400002,123932.0,rovi
2022-02-10,65.400002,66.900002,64.800003,66.099998,66.099998,155354.0,rovi
2022-02-11,65.300003,65.800003,64.800003,65.099998,65.099998,89918.0,rovi
2022-02-14,64.099998,65.099998,62.099998,64.300003,64.300003,146450.0,rovi
2022-02-15,63.700001,67.800003,63.700001,67.400002,67.400002,142822.0,rovi
2022-02-16,68.5,70.400002,68.199997,68.699997,68.699997,137390.0,rovi
2022-02-17,69.0,70.400002,68.900002,69.900002,69.900002,99843.0,rovi
2022-02-18,70.0,70.300003,68.300003,68.300003,68.300003,122067.0,rovi
2022-02-21,68.5,70.300003,68.300003,69.900002,69.900002,89209.0,rovi
2022-02-22,68.5,70.099998,67.900002,70.0,70.0,77747.0,rovi
2022-02-23,70.400002,74.900002,69.199997,72.400002,72.400002,220115.0,rovi
2022-02-24,69.0,72.699997,69.0,71.300003,71.300003,323430.0,rovi
2022-02-25,71.5,72.599998,70.5,71.800003,71.800003,174098.0,rovi
2022-02-28,70.800003,72.699997,70.800003,72.300003,72.300003,120169.0,rovi
2022-03-01,73.199997,73.199997,70.800003,70.800003,70.800003,104484.0,rovi
2022-03-02,70.099998,72.800003,70.0,72.300003,72.300003,179060.0,rovi
2022-03-03,72.599998,73.0,69.0,69.0,69.0,105731.0,rovi
2022-03-04,68.800003,69.5,65.900002,66.300003,66.300003,123227.0,rovi
2022-03-07,65.0,67.099998,64.199997,65.599998,65.599998,162864.0,rovi
2022-03-08,64.5,67.800003,64.5,66.0,66.0,267592.0,rovi
2022-03-09,66.099998,69.699997,65.800003,69.5,69.5,160944.0,rovi
2022-03-10,69.099998,70.199997,68.699997,68.900002,68.900002,149631.0,rovi
2022-03-11,70.0,70.300003,68.699997,69.099998,69.099998,150653.0,rovi
2022-03-14,70.0,71.599998,68.900002,71.199997,71.199997,107361.0,rovi
2022-03-15,68.099998,68.199997,64.699997,65.0,65.0,3274738.0,rovi
2022-03-16,66.300003,67.300003,65.699997,66.800003,66.800003,437181.0,rovi
2022-03-17,67.199997,67.699997,66.800003,67.599998,67.599998,515355.0,rovi
2022-03-18,67.800003,69.400002,67.699997,68.699997,68.699997,159941.0,rovi
2022-03-21,69.0,69.099998,67.699997,68.5,68.5,101393.0,rovi
2022-03-22,68.599998,69.699997,68.400002,69.300003,69.300003,88602.0,rovi
2022-03-23,69.599998,70.099998,69.300003,69.900002,69.900002,93450.0,rovi
2022-03-24,69.900002,69.900002,68.900002,69.099998,69.099998,148746.0,rovi
2022-03-25,69.5,69.900002,67.900002,68.300003,68.300003,95540.0,rovi
2022-03-28,68.099998,69.300003,68.099998,68.099998,68.099998,60788.0,rovi
2022-03-29,68.099998,69.300003,66.699997,67.5,67.5,91861.0,rovi
2022-03-30,67.400002,68.300003,67.099998,67.800003,67.800003,48997.0,rovi
2022-03-31,67.300003,68.400002,67.199997,67.199997,67.199997,97935.0,rovi
2022-04-01,67.400002,67.5,65.099998,65.849998,65.849998,61589.0,rovi
2022-04-04,66.0,68.199997,66.0,67.800003,67.800003,88614.0,rovi
2022-04-05,68.199997,69.5,67.400002,69.5,69.5,118906.0,rovi
2022-04-06,69.5,69.900002,67.949997,69.449997,69.449997,126704.0,rovi
2022-04-07,69.900002,70.800003,68.75,69.449997,69.449997,105642.0,rovi
2022-04-08,70.0,70.5,68.849998,69.900002,69.900002,201714.0,rovi
2022-04-11,69.0,70.349998,67.300003,68.25,68.25,838225.0,rovi
2022-04-12,68.150002,68.949997,65.949997,66.199997,66.199997,560072.0,rovi
2022-04-13,65.550003,67.25,65.449997,66.349998,66.349998,120244.0,rovi
2022-04-14,67.300003,67.400002,66.050003,66.599998,66.599998,81716.0,rovi
2022-04-19,66.099998,66.199997,64.300003,64.449997,64.449997,417798.0,rovi
2022-04-20,64.25,64.849998,63.349998,63.950001,63.950001,167293.0,rovi
2022-04-21,63.5,65.199997,63.5,65.0,65.0,743536.0,rovi
2022-04-22,64.5,64.800003,62.349998,62.5,62.5,115702.0,rovi
2022-04-25,62.0,62.150002,61.0,61.849998,61.849998,100177.0,rovi
2022-04-26,61.900002,62.599998,61.549999,62.150002,62.150002,110722.0,rovi
