ACCIONA,195.400,-0.20,-0.40,16.24,196.800,195.200,3134,10719,09:14,2022-04-21 09:30:26.339221
ACERINOX,10.080,0.00,0.00,-11.46,10.130,10.000,83469,2727,09:13,2022-04-21 09:30:26.339221
ACS,24.990,0.28,0.07,8.13,25.150,24.960,52124,7364,09:14,2022-04-21 09:30:26.339221
AENA,152.050,1.47,2.20,9.55,153.000,150.250,9228,22808,09:14,2022-04-21 09:30:26.339221
ALMIRALL,12.100,-0.74,-0.09,7.08,12.240,12.060,16231,2175,09:11,2022-04-21 09:30:26.339221
AMADEUS IT GROUP,58.780,1.34,0.78,-1.44,58.940,57.980,33731,26480,09:13,2022-04-21 09:30:26.339221
ARCELORMITTAL,30.440,1.50,0.45,7.28,30.440,29.950,49998,28547,09:14,2022-04-21 09:30:26.339221
BANCO SABADELL,0.773,0.65,0.00,35.76,0.780,0.771,2383640,4350,09:13,2022-04-21 09:30:26.339221
BANKINTER,5.408,0.19,0.01,21.30,5.430,5.384,145975,4861,09:14,2022-04-21 09:30:26.339221
BBVA,5.120,0.57,0.03,1.99,5.133,5.108,518972,34140,09:14,2022-04-21 09:30:26.339221
CAIXABANK,3.136,0.06,0.00,36.25,3.160,3.114,680292,25278,09:14,2022-04-21 09:30:26.339221
CELLNEX TELECOM,45.170,-0.33,-0.15,-11.74,45.300,45.000,27527,30685,09:13,2022-04-21 09:30:26.339221
CIE AUTOMOTIVE,20.560,0.29,0.06,-23.85,20.560,20.460,1748,2520,09:09,2022-04-21 09:30:26.339221
COLONIAL,8.215,0.00,0.00,-0.42,8.240,8.180,7325,4433,09:14,2022-04-21 09:30:26.339221
ENAGAS,20.880,-0.81,-0.17,2.35,21.080,20.880,31071,5470,09:14,2022-04-21 09:30:26.339221
ENDESA,19.865,0.20,0.04,-1.66,19.880,19.800,18614,21032,09:14,2022-04-21 09:30:26.339221
FERROVIAL,25.520,0.71,0.18,-7.40,25.560,25.340,16914,18722,09:14,2022-04-21 09:30:26.339221
FLUIDRA,25.680,0.63,0.16,-27.05,25.780,25.600,14762,5024,09:07,2022-04-21 09:30:26.339221
GRIFOLS,16.265,-0.46,-0.08,-3.61,16.390,16.120,89326,6931,09:14,2022-04-21 09:30:26.339221
IAG,1.800,3.81,0.07,5.63,1.804,1.750,4600632,8949,09:14,2022-04-21 09:30:26.339221
IBERDROLA,10.600,-0.19,-0.02,3.54,10.645,10.580,287537,68238,09:14,2022-04-21 09:30:26.339221
INDITEX,21.010,0.72,0.15,-26.36,21.040,20.860,121252,65481,09:14,2022-04-21 09:30:26.339221
INDRA,9.510,0.96,0.09,-0.11,9.515,9.420,25313,1680,09:11,2022-04-21 09:30:26.339221
MAPFRE,1.945,0.41,0.01,7.73,1.948,1.938,263938,5990,09:14,2022-04-21 09:30:26.339221
MELIÁ HOTELS,7.110,0.21,0.02,18.46,7.140,6.790,187053,1567,09:12,2022-04-21 09:30:26.339221
MERLIN PROP,10.850,0.00,0.00,13.38,10.890,10.800,35769,5097,09:09,2022-04-21 09:30:26.339221
NATURGY,29.350,0.48,0.14,4.66,29.390,29.190,8408,28458,09:13,2022-04-21 09:30:26.339221
PHARMA MAR,76.820,-0.16,-0.12,34.72,77.360,76.760,1696,1410,09:14,2022-04-21 09:30:26.339221
RED ELÉCTRICA,19.025,-0.52,-0.10,1.45,19.155,19.025,20647,10294,09:14,2022-04-21 09:30:26.339221
REPSOL,13.725,0.70,0.10,35.16,13.780,13.650,237441,21519,09:14,2022-04-21 09:30:26.339221
ROVI,64.000,0.08,0.05,-13.28,64.300,63.500,6022,3588,09:14,2022-04-21 09:30:26.339221
SANTANDER,3.207,-0.17,-0.01,9.05,3.225,3.205,1946156,55603,09:14,2022-04-21 09:30:26.339221
SIEMENS GAMESA,15.840,-0.13,-0.02,-24.82,15.920,15.610,83089,10789,09:14,2022-04-21 09:30:26.339221
SOLARIA,21.820,-0.77,-0.17,27.45,21.900,21.680,33437,2726,09:14,2022-04-21 09:30:26.339221
TELEFÓNICA,4.909,0.49,0.02,27.44,4.932,4.866,1251458,28369,09:14,2022-04-21 09:30:26.339221
ACCIONA,194.200,-0.82,-1.60,15.53,196.800,192.000,34268,10653,10:13,2022-04-21 10:30:14.494175
ACERINOX,10.130,0.50,0.05,-11.02,10.175,10.000,228264,2741,10:13,2022-04-21 10:30:14.494175
ACS,25.070,0.60,0.15,8.48,25.150,24.960,71102,7387,10:12,2022-04-21 10:30:14.494175
AENA,152.850,2.00,3.00,10.12,153.200,150.250,15846,22928,10:14,2022-04-21 10:30:14.494175
ALMIRALL,12.120,-0.57,-0.07,7.26,12.240,12.060,38375,2179,10:00,2022-04-21 10:30:14.494175
AMADEUS IT GROUP,60.040,3.52,2.04,0.67,60.040,57.980,124295,27048,10:14,2022-04-21 10:30:14.494175
ARCELORMITTAL,30.630,2.13,0.64,7.95,30.745,29.950,115335,28725,10:14,2022-04-21 10:30:14.494175
BANCO SABADELL,0.783,1.98,0.02,37.55,0.785,0.771,6048950,4407,10:14,2022-04-21 10:30:14.494175
BANKINTER,5.610,3.93,0.21,25.83,5.620,5.384,1376749,5043,10:13,2022-04-21 10:30:14.494175
BBVA,5.136,0.88,0.05,2.31,5.154,5.108,1411197,34246,10:14,2022-04-21 10:30:14.494175
CAIXABANK,3.134,0.00,0.00,36.16,3.160,3.114,2137240,25262,10:14,2022-04-21 10:30:14.494175
CELLNEX TELECOM,45.930,1.35,0.61,-10.26,45.970,45.000,117199,31202,10:14,2022-04-21 10:30:14.494175
CIE AUTOMOTIVE,20.740,1.17,0.24,-23.18,20.760,20.460,11097,2542,10:14,2022-04-21 10:30:14.494175
COLONIAL,8.285,0.85,0.07,0.42,8.295,8.180,41288,4471,10:07,2022-04-21 10:30:14.494175
ENAGAS,20.930,-0.57,-0.12,2.60,21.080,20.870,73524,5483,10:12,2022-04-21 10:30:14.494175
ENDESA,20.010,0.93,0.18,-0.94,20.070,19.800,81366,21186,10:14,2022-04-21 10:30:14.494175
FERROVIAL,25.580,0.95,0.24,-7.18,25.610,25.340,57589,18766,10:14,2022-04-21 10:30:14.494175
FLUIDRA,25.900,1.49,0.38,-26.42,25.920,25.600,48571,5067,10:14,2022-04-21 10:30:14.494175
GRIFOLS,16.410,0.43,0.07,-2.76,16.410,16.120,234746,6993,10:14,2022-04-21 10:30:14.494175
IAG,1.797,3.63,0.06,5.46,1.810,1.750,10312571,8934,10:14,2022-04-21 10:30:14.494175
IBERDROLA,10.700,0.75,0.08,4.52,10.735,10.580,1034263,68882,10:14,2022-04-21 10:30:14.494175
INDITEX,21.050,0.91,0.19,-26.22,21.120,20.860,390250,65606,10:14,2022-04-21 10:30:14.494175
INDRA,9.525,1.11,0.10,0.05,9.550,9.420,113937,1683,10:14,2022-04-21 10:30:14.494175
MAPFRE,1.944,0.36,0.01,7.67,1.948,1.937,484004,5987,10:13,2022-04-21 10:30:14.494175
MELIÁ HOTELS,7.195,1.41,0.10,19.88,7.215,6.790,368555,1586,10:13,2022-04-21 10:30:14.494175
MERLIN PROP,10.870,0.18,0.02,13.58,10.890,10.800,93017,5106,10:14,2022-04-21 10:30:14.494175
NATURGY,29.270,0.21,0.06,4.38,29.390,29.150,16996,28381,10:13,2022-04-21 10:30:14.494175
PHARMA MAR,76.900,-0.05,-0.04,34.86,77.360,76.200,7218,1411,10:13,2022-04-21 10:30:14.494175
RED ELÉCTRICA,18.980,-0.76,-0.15,1.21,19.155,18.965,129473,10270,10:14,2022-04-21 10:30:14.494175
REPSOL,13.670,0.29,0.04,34.61,13.780,13.650,515950,21433,10:14,2022-04-21 10:30:14.494175
ROVI,64.500,0.86,0.55,-12.60,64.600,63.500,20294,3616,10:14,2022-04-21 10:30:14.494175
SANTANDER,3.215,0.09,0.00,9.34,3.230,3.205,5393420,55750,10:14,2022-04-21 10:30:14.494175
SIEMENS GAMESA,15.920,0.38,0.06,-24.44,16.010,15.610,305171,10844,10:14,2022-04-21 10:30:14.494175
SOLARIA,22.500,2.32,0.51,31.43,22.520,21.680,141570,2811,10:14,2022-04-21 10:30:14.494175
TELEFÓNICA,4.880,-0.10,-0.01,26.69,4.932,4.866,2318281,28202,10:14,2022-04-21 10:30:14.494175
ACCIONA,192.700,-1.58,-3.10,14.63,196.800,192.000,42953,10571,11:14,2022-04-21 11:30:01.758979
ACERINOX,10.185,1.04,0.11,-10.54,10.190,10.000,328771,2756,11:13,2022-04-21 11:30:01.758979
ACS,24.990,0.28,0.07,8.13,25.150,24.960,129417,7364,11:14,2022-04-21 11:30:01.758979
AENA,153.000,2.10,3.15,10.23,153.300,150.250,19987,22950,11:12,2022-04-21 11:30:01.758979
ALMIRALL,12.170,-0.16,-0.02,7.70,12.240,12.060,43833,2188,11:03,2022-04-21 11:30:01.758979
AMADEUS IT GROUP,60.380,4.10,2.38,1.24,60.540,57.980,177833,27201,11:14,2022-04-21 11:30:01.758979
ARCELORMITTAL,30.760,2.57,0.77,8.41,30.790,29.950,161696,28847,11:14,2022-04-21 11:30:01.758979
BANCO SABADELL,0.791,3.05,0.02,38.99,0.792,0.771,11622842,4453,11:14,2022-04-21 11:30:01.758979
BANKINTER,5.598,3.71,0.20,25.56,5.622,5.384,1791164,5032,11:14,2022-04-21 11:30:01.758979
BBVA,5.171,1.57,0.08,3.01,5.171,5.108,2116228,34480,11:14,2022-04-21 11:30:01.758979
CAIXABANK,3.155,0.67,0.02,37.07,3.160,3.114,3098447,25431,11:14,2022-04-21 11:30:01.758979
CELLNEX TELECOM,45.690,0.82,0.37,-10.73,45.980,45.000,187012,31038,11:14,2022-04-21 11:30:01.758979
CIE AUTOMOTIVE,20.800,1.46,0.30,-22.96,20.820,20.460,65610,2549,11:07,2022-04-21 11:30:01.758979
COLONIAL,8.310,1.16,0.10,0.73,8.320,8.180,62399,4484,11:10,2022-04-21 11:30:01.758979
ENAGAS,20.760,-1.38,-0.29,1.76,21.080,20.740,138438,5439,11:14,2022-04-21 11:30:01.758979
ENDESA,19.955,0.66,0.13,-1.21,20.070,19.800,114504,21127,11:14,2022-04-21 11:30:01.758979
FERROVIAL,25.420,0.32,0.08,-7.76,25.640,25.340,93855,18648,11:14,2022-04-21 11:30:01.758979
FLUIDRA,25.980,1.80,0.46,-26.19,26.020,25.600,62029,5082,11:14,2022-04-21 11:30:01.758979
GRIFOLS,16.545,1.25,0.20,-1.96,16.600,16.120,378456,7050,11:14,2022-04-21 11:30:01.758979
IAG,1.827,5.39,0.09,7.25,1.830,1.750,14533673,9085,11:14,2022-04-21 11:30:01.758979
IBERDROLA,10.600,-0.19,-0.02,3.54,10.735,10.580,1756306,68238,11:13,2022-04-21 11:30:01.758979
INDITEX,21.070,1.01,0.21,-26.15,21.170,20.860,579724,65668,11:14,2022-04-21 11:30:01.758979
INDRA,9.575,1.65,0.15,0.58,9.575,9.420,153269,1691,11:14,2022-04-21 11:30:01.758979
MAPFRE,1.951,0.72,0.01,8.06,1.953,1.937,967801,6008,11:14,2022-04-21 11:30:01.758979
MELIÁ HOTELS,7.260,2.33,0.17,20.96,7.260,6.790,488819,1600,11:14,2022-04-21 11:30:01.758979
MERLIN PROP,10.900,0.46,0.05,13.90,10.910,10.800,255332,5121,11:10,2022-04-21 11:30:01.758979
NATURGY,28.980,-0.79,-0.23,3.34,29.390,28.940,27720,28099,11:14,2022-04-21 11:30:01.758979
PHARMA MAR,76.460,-0.62,-0.48,34.09,77.360,76.200,14947,1403,11:13,2022-04-21 11:30:01.758979
RED ELÉCTRICA,18.715,-2.14,-0.41,-0.20,19.155,18.690,220822,10126,11:14,2022-04-21 11:30:01.758979
REPSOL,13.635,0.04,0.01,34.27,13.780,13.620,737482,21378,11:14,2022-04-21 11:30:01.758979
ROVI,64.450,0.78,0.50,-12.67,64.750,63.500,34121,3614,11:13,2022-04-21 11:30:01.758979
SANTANDER,3.210,-0.06,-0.00,9.17,3.230,3.196,9170785,55663,11:14,2022-04-21 11:30:01.758979
SIEMENS GAMESA,15.695,-1.04,-0.16,-25.51,16.020,15.610,422242,10691,11:14,2022-04-21 11:30:01.758979
SOLARIA,22.010,0.09,0.02,28.56,22.520,21.680,189336,2750,11:14,2022-04-21 11:30:01.758979
TELEFÓNICA,4.898,0.27,0.01,27.15,4.932,4.866,2993453,28306,11:14,2022-04-21 11:30:01.758979
ACCIONA,193.300,-1.28,-2.50,14.99,196.800,192.000,50089,10604,12:09,2022-04-21 12:30:05.521578
ACERINOX,10.210,1.29,0.13,-10.32,10.220,10.000,424633,2762,12:11,2022-04-21 12:30:05.521578
ACS,24.990,0.28,0.07,8.13,25.150,24.960,165458,7364,12:13,2022-04-21 12:30:05.521578
AENA,152.600,1.84,2.75,9.94,153.300,150.250,22760,22890,12:14,2022-04-21 12:30:05.521578
ALMIRALL,12.180,-0.08,-0.01,7.79,12.240,12.060,55797,2190,12:11,2022-04-21 12:30:05.521578
AMADEUS IT GROUP,60.280,3.93,2.28,1.07,60.660,57.980,216307,27156,12:13,2022-04-21 12:30:05.521578
ARCELORMITTAL,30.895,3.02,0.91,8.88,30.895,29.950,205025,28974,12:13,2022-04-21 12:30:05.521578
BANCO SABADELL,0.796,3.59,0.03,39.73,0.796,0.771,15297944,4477,12:14,2022-04-21 12:30:05.521578
BANKINTER,5.626,4.22,0.23,26.19,5.626,5.384,2089810,5057,12:14,2022-04-21 12:30:05.521578
BBVA,5.162,1.39,0.07,2.83,5.178,5.108,2651766,34420,12:14,2022-04-21 12:30:05.521578
CAIXABANK,3.150,0.51,0.02,36.86,3.160,3.114,3715207,25391,12:14,2022-04-21 12:30:05.521578
CELLNEX TELECOM,45.610,0.64,0.29,-10.88,45.980,45.000,222651,30984,12:13,2022-04-21 12:30:05.521578
CIE AUTOMOTIVE,20.880,1.85,0.38,-22.67,20.880,20.460,92848,2559,12:14,2022-04-21 12:30:05.521578
COLONIAL,8.335,1.46,0.12,1.03,8.335,8.180,89718,4498,12:14,2022-04-21 12:30:05.521578
ENAGAS,20.730,-1.52,-0.32,1.62,21.080,20.720,183098,5431,12:14,2022-04-21 12:30:05.521578
ENDESA,19.895,0.35,0.07,-1.51,20.070,19.800,141759,21064,12:12,2022-04-21 12:30:05.521578
FERROVIAL,25.680,1.34,0.34,-6.82,25.710,25.340,148481,18839,12:12,2022-04-21 12:30:05.521578
FLUIDRA,26.160,2.51,0.64,-25.68,26.180,25.600,82358,5118,12:14,2022-04-21 12:30:05.521578
GRIFOLS,16.885,3.34,0.55,0.06,16.905,16.120,535554,7195,12:14,2022-04-21 12:30:05.521578
IAG,1.840,6.11,0.11,7.98,1.844,1.750,18188248,9148,12:14,2022-04-21 12:30:05.521578
IBERDROLA,10.590,-0.28,-0.03,3.44,10.735,10.580,2307306,68174,12:14,2022-04-21 12:30:05.521578
INDITEX,21.160,1.44,0.30,-25.83,21.190,20.860,728973,65948,12:14,2022-04-21 12:30:05.521578
INDRA,9.580,1.70,0.16,0.63,9.580,9.420,170431,1692,12:06,2022-04-21 12:30:05.521578
MAPFRE,1.953,0.83,0.02,8.17,1.957,1.937,1194400,6014,12:14,2022-04-21 12:30:05.521578
MELIÁ HOTELS,7.260,2.33,0.17,20.96,7.275,6.790,566312,1600,12:12,2022-04-21 12:30:05.521578
MERLIN PROP,10.890,0.37,0.04,13.79,10.910,10.800,284846,5116,12:05,2022-04-21 12:30:05.521578
NATURGY,28.960,-0.86,-0.25,3.27,29.390,28.930,36963,28080,12:14,2022-04-21 12:30:05.521578
PHARMA MAR,76.680,-0.34,-0.26,34.48,77.360,76.200,17781,1407,12:09,2022-04-21 12:30:05.521578
RED ELÉCTRICA,18.740,-2.01,-0.39,-0.07,19.155,18.660,285589,10140,12:14,2022-04-21 12:30:05.521578
REPSOL,13.615,-0.11,-0.02,34.07,13.780,13.605,983099,21347,12:12,2022-04-21 12:30:05.521578
ROVI,64.750,1.25,0.80,-12.26,64.800,63.500,43124,3630,12:13,2022-04-21 12:30:05.521578
SANTANDER,3.210,-0.08,-0.00,9.15,3.230,3.196,11097901,55655,12:14,2022-04-21 12:30:05.521578
SIEMENS GAMESA,15.805,-0.35,-0.05,-24.99,16.020,15.610,504709,10765,12:14,2022-04-21 12:30:05.521578
SOLARIA,21.990,0.00,0.00,28.45,22.520,21.680,234160,2748,12:14,2022-04-21 12:30:05.521578
TELEFÓNICA,4.909,0.49,0.02,27.44,4.932,4.866,3463479,28369,12:14,2022-04-21 12:30:05.521578
ACCIONA,192.000,-1.94,-3.80,14.22,196.800,192.000,63552,10532,13:14,2022-04-21 13:30:01.425493
ACERINOX,10.240,1.59,0.16,-10.06,10.250,10.000,496533,2770,13:11,2022-04-21 13:30:01.425493
ACS,25.030,0.44,0.11,8.31,25.150,24.960,201627,7375,13:14,2022-04-21 13:30:01.425493
AENA,153.050,2.14,3.20,10.27,153.400,150.250,29384,22958,13:14,2022-04-21 13:30:01.425493
ALMIRALL,12.060,-1.07,-0.13,6.73,12.250,12.020,132423,2168,13:13,2022-04-21 13:30:01.425493
AMADEUS IT GROUP,60.540,4.38,2.54,1.51,60.660,57.980,257428,27273,13:14,2022-04-21 13:30:01.425493
ARCELORMITTAL,30.910,3.07,0.92,8.93,30.930,29.950,243936,28988,13:13,2022-04-21 13:30:01.425493
BANCO SABADELL,0.797,3.80,0.03,40.01,0.798,0.771,18206658,4486,13:14,2022-04-21 13:30:01.425493
BANKINTER,5.654,4.74,0.26,26.82,5.664,5.384,2554331,5082,13:14,2022-04-21 13:30:01.425493
BBVA,5.167,1.49,0.08,2.93,5.178,5.108,3105725,34453,13:14,2022-04-21 13:30:01.425493
CAIXABANK,3.161,0.86,0.03,37.33,3.168,3.114,4614899,25480,13:14,2022-04-21 13:30:01.425493
CELLNEX TELECOM,45.570,0.55,0.25,-10.96,45.980,45.000,260883,30957,13:13,2022-04-21 13:30:01.425493
CIE AUTOMOTIVE,20.980,2.34,0.48,-22.30,20.980,20.460,120649,2571,13:13,2022-04-21 13:30:01.425493
COLONIAL,8.320,1.28,0.10,0.85,8.360,8.180,136307,4490,13:13,2022-04-21 13:30:01.425493
ENAGAS,20.760,-1.38,-0.29,1.76,21.080,20.720,213125,5439,13:12,2022-04-21 13:30:01.425493
ENDESA,19.940,0.58,0.11,-1.29,20.070,19.800,184065,21112,13:12,2022-04-21 13:30:01.425493
FERROVIAL,25.680,1.34,0.34,-6.82,25.730,25.340,189939,18839,13:10,2022-04-21 13:30:01.425493
FLUIDRA,26.240,2.82,0.72,-25.45,26.260,25.600,106577,5133,13:14,2022-04-21 13:30:01.425493
GRIFOLS,16.725,2.36,0.39,-0.89,16.905,16.120,651573,7127,13:13,2022-04-21 13:30:01.425493
IAG,1.848,6.57,0.11,8.45,1.850,1.750,21008516,9187,13:14,2022-04-21 13:30:01.425493
IBERDROLA,10.615,-0.05,-0.01,3.69,10.735,10.575,2802809,68335,13:14,2022-04-21 13:30:01.425493
INDITEX,21.180,1.53,0.32,-25.76,21.280,20.860,1026842,66011,13:12,2022-04-21 13:30:01.425493
INDRA,9.575,1.65,0.15,0.58,9.610,9.420,218197,1691,13:10,2022-04-21 13:30:01.425493
MAPFRE,1.954,0.88,0.02,8.22,1.958,1.937,1669057,6017,13:14,2022-04-21 13:30:01.425493
MELIÁ HOTELS,7.310,3.03,0.22,21.79,7.310,6.790,683778,1611,13:14,2022-04-21 13:30:01.425493
MERLIN PROP,10.900,0.46,0.05,13.90,10.930,10.800,354388,5121,13:14,2022-04-21 13:30:01.425493
NATURGY,29.020,-0.65,-0.19,3.48,29.390,28.920,62561,28138,13:10,2022-04-21 13:30:01.425493
PHARMA MAR,76.640,-0.39,-0.30,34.41,77.360,76.200,20856,1407,13:14,2022-04-21 13:30:01.425493
RED ELÉCTRICA,18.780,-1.80,-0.34,0.14,19.155,18.660,322537,10161,13:11,2022-04-21 13:30:01.425493
REPSOL,13.655,0.18,0.02,34.47,13.780,13.585,1242473,21410,13:14,2022-04-21 13:30:01.425493
ROVI,64.850,1.41,0.90,-12.13,65.200,63.500,54068,3636,13:14,2022-04-21 13:30:01.425493
SANTANDER,3.207,-0.14,-0.00,9.08,3.230,3.196,13430901,55620,13:14,2022-04-21 13:30:01.425493
SIEMENS GAMESA,15.895,0.22,0.04,-24.56,16.020,15.610,574339,10827,13:11,2022-04-21 13:30:01.425493
SOLARIA,22.100,0.50,0.11,29.09,22.520,21.680,314084,2761,13:12,2022-04-21 13:30:01.425493
TELEFÓNICA,4.915,0.61,0.03,27.60,4.932,4.866,4043098,28404,13:14,2022-04-21 13:30:01.425493
ACCIONA,191.800,-2.04,-4.00,14.10,196.800,191.700,69550,10522,14:11,2022-04-21 14:30:00.633231
ACERINOX,10.260,1.79,0.18,-9.88,10.290,10.000,672156,2776,14:14,2022-04-21 14:30:00.633231
ACS,25.000,0.32,0.08,8.18,25.150,24.960,228733,7367,14:14,2022-04-21 14:30:00.633231
AENA,152.700,1.90,2.85,10.01,153.400,150.250,33938,22905,14:13,2022-04-21 14:30:00.633231
ALMIRALL,12.070,-0.98,-0.12,6.81,12.250,11.980,163568,2170,14:08,2022-04-21 14:30:00.633231
AMADEUS IT GROUP,60.560,4.41,2.56,1.54,60.660,57.980,269896,27282,14:13,2022-04-21 14:30:00.633231
ARCELORMITTAL,30.905,3.05,0.92,8.92,31.070,29.950,304376,28983,14:14,2022-04-21 14:30:00.633231
BANCO SABADELL,0.798,3.85,0.03,40.08,0.800,0.771,20741920,4488,14:14,2022-04-21 14:30:00.633231
BANKINTER,5.668,5.00,0.27,27.13,5.680,5.384,2827177,5095,14:13,2022-04-21 14:30:00.633231
BBVA,5.163,1.41,0.07,2.85,5.178,5.108,3438786,34426,14:14,2022-04-21 14:30:00.633231
CAIXABANK,3.170,1.15,0.04,37.72,3.174,3.114,5302820,25552,14:13,2022-04-21 14:30:00.633231
CELLNEX TELECOM,45.410,0.20,0.09,-11.27,45.980,45.000,299657,30848,14:14,2022-04-21 14:30:00.633231
CIE AUTOMOTIVE,21.060,2.73,0.56,-22.00,21.060,20.460,126369,2581,14:06,2022-04-21 14:30:00.633231
COLONIAL,8.315,1.22,0.10,0.79,8.360,8.180,161245,4487,14:14,2022-04-21 14:30:00.633231
ENAGAS,20.710,-1.62,-0.34,1.52,21.080,20.710,243106,5426,14:14,2022-04-21 14:30:00.633231
ENDESA,19.895,0.35,0.07,-1.51,20.070,19.800,202106,21064,14:14,2022-04-21 14:30:00.633231
FERROVIAL,25.710,1.46,0.37,-6.71,25.730,25.340,214983,18861,14:14,2022-04-21 14:30:00.633231
FLUIDRA,26.780,4.94,1.26,-23.92,26.900,25.600,160978,5239,14:14,2022-04-21 14:30:00.633231
GRIFOLS,16.670,2.02,0.33,-1.21,16.905,16.120,709410,7104,14:14,2022-04-21 14:30:00.633231
IAG,1.855,6.95,0.12,8.83,1.855,1.750,24024872,9220,14:14,2022-04-21 14:30:00.633231
IBERDROLA,10.590,-0.28,-0.03,3.44,10.735,10.575,3320439,68174,14:12,2022-04-21 14:30:00.633231
INDITEX,21.250,1.87,0.39,-25.52,21.280,20.860,1175276,66229,14:14,2022-04-21 14:30:00.633231
INDRA,9.575,1.65,0.15,0.58,9.610,9.420,235536,1691,14:05,2022-04-21 14:30:00.633231
MAPFRE,1.950,0.67,0.01,8.00,1.958,1.937,1809195,6005,14:13,2022-04-21 14:30:00.633231
MELIÁ HOTELS,7.320,3.17,0.23,21.96,7.325,6.790,751349,1613,14:14,2022-04-21 14:30:00.633231
MERLIN PROP,10.900,0.46,0.05,13.90,10.930,10.800,373460,5121,14:13,2022-04-21 14:30:00.633231
NATURGY,29.040,-0.58,-0.17,3.55,29.390,28.920,75680,28158,14:14,2022-04-21 14:30:00.633231
PHARMA MAR,76.960,0.03,0.02,34.97,77.360,76.200,27892,1413,14:10,2022-04-21 14:30:00.633231
RED ELÉCTRICA,18.725,-2.09,-0.40,-0.15,19.155,18.660,355472,10132,14:14,2022-04-21 14:30:00.633231
REPSOL,13.660,0.22,0.03,34.52,13.780,13.585,1393129,21417,14:13,2022-04-21 14:30:00.633231
ROVI,64.800,1.33,0.85,-12.20,65.200,63.500,58189,3633,14:13,2022-04-21 14:30:00.633231
SANTANDER,3.207,-0.14,-0.00,9.08,3.230,3.196,16023075,55620,14:14,2022-04-21 14:30:00.633231
SIEMENS GAMESA,15.880,0.13,0.02,-24.63,16.020,15.610,661285,10817,14:14,2022-04-21 14:30:00.633231
SOLARIA,22.050,0.27,0.06,28.80,22.520,21.680,336990,2755,14:14,2022-04-21 14:30:00.633231
TELEFÓNICA,4.878,-0.14,-0.01,26.64,4.932,4.866,4629695,28190,14:14,2022-04-21 14:30:00.633231
ACCIONA,192.300,-1.79,-3.50,14.40,196.800,190.800,79637,10549,15:14,2022-04-21 15:30:16.739973
ACERINOX,10.265,1.84,0.19,-9.84,10.290,10.000,733041,2777,15:13,2022-04-21 15:30:16.739973
ACS,25.000,0.32,0.08,8.18,25.150,24.960,240643,7367,15:13,2022-04-21 15:30:16.739973
AENA,152.250,1.60,2.40,9.69,153.400,150.250,40258,22838,15:14,2022-04-21 15:30:16.739973
ALMIRALL,12.070,-0.98,-0.12,6.81,12.250,11.980,188716,2170,15:12,2022-04-21 15:30:16.739973
AMADEUS IT GROUP,60.620,4.52,2.62,1.64,60.660,57.980,305038,27309,15:14,2022-04-21 15:30:16.739973
ARCELORMITTAL,30.790,2.67,0.80,8.51,31.070,29.950,338273,28875,15:11,2022-04-21 15:30:16.739973
BANCO SABADELL,0.796,3.70,0.03,39.87,0.801,0.771,26015148,4481,15:14,2022-04-21 15:30:16.739973
BANKINTER,5.638,4.45,0.24,26.46,5.682,5.384,3019456,5068,15:14,2022-04-21 15:30:16.739973
BBVA,5.164,1.43,0.07,2.87,5.178,5.108,3922502,34433,15:12,2022-04-21 15:30:16.739973
CAIXABANK,3.168,1.08,0.03,37.64,3.179,3.114,6193267,25536,15:14,2022-04-21 15:30:16.739973
CELLNEX TELECOM,45.390,0.15,0.07,-11.31,45.980,45.000,330114,30835,15:13,2022-04-21 15:30:16.739973
CIE AUTOMOTIVE,21.020,2.54,0.52,-22.15,21.100,20.460,138629,2576,15:13,2022-04-21 15:30:16.739973
COLONIAL,8.315,1.22,0.10,0.79,8.360,8.180,202264,4487,15:11,2022-04-21 15:30:16.739973
ENAGAS,20.680,-1.76,-0.37,1.37,21.080,20.670,276038,5418,15:13,2022-04-21 15:30:16.739973
ENDESA,19.935,0.55,0.11,-1.31,20.070,19.800,240692,21106,15:14,2022-04-21 15:30:16.739973
FERROVIAL,25.700,1.42,0.36,-6.75,25.740,25.340,277717,18854,15:14,2022-04-21 15:30:16.739973
FLUIDRA,26.880,5.33,1.36,-23.64,26.900,25.600,185976,5259,15:14,2022-04-21 15:30:16.739973
GRIFOLS,16.630,1.77,0.29,-1.45,16.905,16.120,789150,7087,15:13,2022-04-21 15:30:16.739973
IAG,1.863,7.44,0.13,9.33,1.868,1.750,27491796,9262,15:14,2022-04-21 15:30:16.739973
IBERDROLA,10.570,-0.47,-0.05,3.25,10.735,10.570,3699328,68045,15:14,2022-04-21 15:30:16.739973
INDITEX,21.150,1.39,0.29,-25.87,21.280,20.860,1267053,65917,15:14,2022-04-21 15:30:16.739973
INDRA,9.520,1.06,0.10,0.00,9.610,9.420,260205,1682,15:10,2022-04-21 15:30:16.739973
MAPFRE,1.950,0.67,0.01,8.00,1.958,1.937,1930377,6005,15:13,2022-04-21 15:30:16.739973
MELIÁ HOTELS,7.355,3.66,0.26,22.54,7.360,6.790,902450,1621,15:11,2022-04-21 15:30:16.739973
MERLIN PROP,10.890,0.37,0.04,13.79,10.930,10.800,417728,5116,15:09,2022-04-21 15:30:16.739973
NATURGY,28.990,-0.75,-0.22,3.38,29.390,28.920,84622,28109,15:14,2022-04-21 15:30:16.739973
PHARMA MAR,76.700,-0.31,-0.24,34.51,77.360,76.200,28654,1408,15:13,2022-04-21 15:30:16.739973
RED ELÉCTRICA,18.710,-2.17,-0.42,-0.23,19.155,18.660,429189,10124,15:14,2022-04-21 15:30:16.739973
REPSOL,13.685,0.40,0.06,34.76,13.780,13.585,1538820,21457,15:14,2022-04-21 15:30:16.739973
ROVI,64.850,1.41,0.90,-12.13,65.200,63.500,65610,3636,15:13,2022-04-21 15:30:16.739973
SANTANDER,3.217,0.14,0.00,9.39,3.230,3.196,17472940,55776,15:14,2022-04-21 15:30:16.739973
SIEMENS GAMESA,15.910,0.32,0.05,-24.49,16.020,15.610,756516,10837,15:14,2022-04-21 15:30:16.739973
SOLARIA,21.730,-1.18,-0.26,26.93,22.520,21.680,367498,2715,15:12,2022-04-21 15:30:16.739973
TELEFÓNICA,4.859,-0.53,-0.03,26.14,4.932,4.859,5192900,28080,15:14,2022-04-21 15:30:16.739973
ACCIONA,192.400,-1.74,-3.40,14.46,196.800,190.800,89453,10554,16:13,2022-04-21 16:30:21.396152
ACERINOX,10.260,1.79,0.18,-9.88,10.295,10.000,814710,2776,16:13,2022-04-21 16:30:21.396152
ACS,24.950,0.12,0.03,7.96,25.150,24.930,288263,7352,16:14,2022-04-21 16:30:21.396152
AENA,151.550,1.13,1.70,9.19,153.400,150.250,50541,22732,16:14,2022-04-21 16:30:21.396152
ALMIRALL,12.120,-0.57,-0.07,7.26,12.250,11.980,250121,2179,16:11,2022-04-21 16:30:21.396152
AMADEUS IT GROUP,60.460,4.24,2.46,1.37,61.120,57.980,375803,27237,16:14,2022-04-21 16:30:21.396152
ARCELORMITTAL,30.970,3.27,0.98,9.15,31.105,29.950,419794,29044,16:14,2022-04-21 16:30:21.396152
BANCO SABADELL,0.795,3.54,0.03,39.66,0.801,0.771,28569972,4475,16:14,2022-04-21 16:30:21.396152
BANKINTER,5.622,4.15,0.22,26.10,5.682,5.384,3168449,5053,16:14,2022-04-21 16:30:21.396152
BBVA,5.160,1.36,0.07,2.79,5.178,5.108,4656899,34406,16:14,2022-04-21 16:30:21.396152
CAIXABANK,3.160,0.83,0.03,37.29,3.179,3.114,7330412,25472,16:14,2022-04-21 16:30:21.396152
CELLNEX TELECOM,45.540,0.49,0.22,-11.02,45.980,45.000,411757,30937,16:14,2022-04-21 16:30:21.396152
CIE AUTOMOTIVE,21.000,2.44,0.50,-22.22,21.100,20.460,150468,2574,16:14,2022-04-21 16:30:21.396152
COLONIAL,8.280,0.79,0.06,0.36,8.360,8.180,260631,4468,16:11,2022-04-21 16:30:21.396152
ENAGAS,20.690,-1.71,-0.36,1.42,21.080,20.630,331399,5421,16:12,2022-04-21 16:30:21.396152
ENDESA,19.925,0.50,0.10,-1.36,20.070,19.800,285837,21096,16:14,2022-04-21 16:30:21.396152
FERROVIAL,25.570,0.91,0.23,-7.22,25.740,25.340,324530,18758,16:13,2022-04-21 16:30:21.396152
FLUIDRA,26.640,4.39,1.12,-24.32,26.900,25.600,204220,5212,16:13,2022-04-21 16:30:21.396152
GRIFOLS,16.605,1.62,0.26,-1.60,16.905,16.120,953987,7076,16:14,2022-04-21 16:30:21.396152
IAG,1.853,6.86,0.12,8.74,1.868,1.750,30498636,9212,16:14,2022-04-21 16:30:21.396152
IBERDROLA,10.535,-0.80,-0.09,2.91,10.735,10.535,4132541,67820,16:13,2022-04-21 16:30:21.396152
INDITEX,21.090,1.10,0.23,-26.08,21.280,20.860,1468041,65730,16:14,2022-04-21 16:30:21.396152
INDRA,9.485,0.69,0.06,-0.37,9.610,9.420,309998,1676,16:11,2022-04-21 16:30:21.396152
MAPFRE,1.949,0.62,0.01,7.95,1.958,1.937,2048714,6002,16:13,2022-04-21 16:30:21.396152
MELIÁ HOTELS,7.275,2.54,0.18,21.21,7.380,6.790,1026311,1603,16:14,2022-04-21 16:30:21.396152
MERLIN PROP,10.900,0.46,0.05,13.90,10.930,10.800,428183,5121,16:04,2022-04-21 16:30:21.396152
NATURGY,29.030,-0.62,-0.18,3.52,29.390,28.920,97633,28148,16:14,2022-04-21 16:30:21.396152
PHARMA MAR,76.340,-0.78,-0.60,33.88,77.360,76.200,35072,1401,16:14,2022-04-21 16:30:21.396152
RED ELÉCTRICA,18.690,-2.27,-0.43,-0.34,19.155,18.660,498470,10113,16:14,2022-04-21 16:30:21.396152
REPSOL,13.740,0.81,0.11,35.30,13.780,13.585,1860595,21543,16:14,2022-04-21 16:30:21.396152
ROVI,64.550,0.94,0.60,-12.53,65.200,63.500,77139,3619,16:14,2022-04-21 16:30:21.396152
SANTANDER,3.224,0.39,0.01,9.66,3.230,3.196,20663772,55915,16:15,2022-04-21 16:30:21.396152
SIEMENS GAMESA,15.840,-0.13,-0.02,-24.82,16.020,15.610,942254,10789,16:14,2022-04-21 16:30:21.396152
SOLARIA,21.630,-1.64,-0.36,26.34,22.520,21.630,422685,2703,16:14,2022-04-21 16:30:21.396152
TELEFÓNICA,4.870,-0.31,-0.02,26.43,4.932,4.854,6072910,28144,16:15,2022-04-21 16:30:21.396152
ACCIONA,192.000,-1.94,-3.80,14.22,196.800,190.800,97461,10532,17:11,2022-04-21 17:30:06.580475
ACERINOX,10.250,1.69,0.17,-9.97,10.295,10.000,905558,2773,17:11,2022-04-21 17:30:06.580475
ACS,24.870,-0.20,-0.05,7.61,25.150,24.860,360413,7328,17:12,2022-04-21 17:30:06.580475
AENA,151.050,0.80,1.20,8.83,153.400,150.250,61782,22658,17:12,2022-04-21 17:30:06.580475
ALMIRALL,12.110,-0.66,-0.08,7.17,12.250,11.980,283459,2177,17:12,2022-04-21 17:30:06.580475
AMADEUS IT GROUP,60.200,3.79,2.20,0.94,61.120,57.980,452192,27120,17:13,2022-04-21 17:30:06.580475
ARCELORMITTAL,30.860,2.90,0.87,8.76,31.105,29.950,441849,28941,17:11,2022-04-21 17:30:06.580475
BANCO SABADELL,0.800,4.17,0.03,40.50,0.801,0.771,32355668,4502,17:12,2022-04-21 17:30:06.580475
BANKINTER,5.628,4.26,0.23,26.24,5.682,5.384,3295114,5059,17:12,2022-04-21 17:30:06.580475
BBVA,5.149,1.14,0.06,2.57,5.178,5.108,5692310,34333,17:13,2022-04-21 17:30:06.580475
CAIXABANK,3.142,0.26,0.01,36.51,3.179,3.114,8415578,25327,17:12,2022-04-21 17:30:06.580475
CELLNEX TELECOM,45.630,0.68,0.31,-10.84,45.980,45.000,487043,30998,17:12,2022-04-21 17:30:06.580475
CIE AUTOMOTIVE,21.060,2.73,0.56,-22.00,21.100,20.460,169301,2581,17:13,2022-04-21 17:30:06.580475
COLONIAL,8.250,0.43,0.03,0.00,8.360,8.180,316343,4452,17:06,2022-04-21 17:30:06.580475
ENAGAS,20.500,-2.61,-0.55,0.49,21.080,20.420,512121,5371,17:12,2022-04-21 17:30:06.580475
ENDESA,19.875,0.25,0.05,-1.61,20.070,19.800,379975,21043,17:11,2022-04-21 17:30:06.580475
FERROVIAL,25.600,1.03,0.26,-7.11,25.740,25.340,367862,18780,17:12,2022-04-21 17:30:06.580475
FLUIDRA,26.720,4.70,1.20,-24.09,26.900,25.600,230289,5227,17:10,2022-04-21 17:30:06.580475
GRIFOLS,16.680,2.08,0.34,-1.16,16.905,16.120,1058881,7108,17:12,2022-04-21 17:30:06.580475
IAG,1.849,6.63,0.12,8.51,1.868,1.750,33733600,9192,17:13,2022-04-21 17:30:06.580475
IBERDROLA,10.490,-1.22,-0.13,2.47,10.735,10.450,4981878,67530,17:12,2022-04-21 17:30:06.580475
INDITEX,21.110,1.20,0.25,-26.01,21.280,20.860,1789503,65793,17:12,2022-04-21 17:30:06.580475
INDRA,9.440,0.21,0.02,-0.84,9.610,9.420,346564,1668,17:11,2022-04-21 17:30:06.580475
MAPFRE,1.944,0.36,0.01,7.67,1.958,1.937,2201113,5987,17:11,2022-04-21 17:30:06.580475
MELIÁ HOTELS,7.245,2.11,0.15,20.71,7.380,6.790,1141031,1597,17:12,2022-04-21 17:30:06.580475
MERLIN PROP,10.900,0.46,0.05,13.90,10.930,10.800,836026,5121,17:12,2022-04-21 17:30:06.580475
NATURGY,28.860,-1.20,-0.35,2.91,29.390,28.800,136339,27983,17:11,2022-04-21 17:30:06.580475
PHARMA MAR,76.740,-0.26,-0.20,34.58,77.360,76.200,39262,1409,17:12,2022-04-21 17:30:06.580475
RED ELÉCTRICA,18.505,-3.24,-0.62,-1.32,19.155,18.445,702080,10013,17:12,2022-04-21 17:30:06.580475
REPSOL,13.700,0.51,0.07,34.91,13.790,13.585,2139700,21480,17:12,2022-04-21 17:30:06.580475
ROVI,64.950,1.56,1.00,-11.99,65.200,63.500,85334,3642,17:12,2022-04-21 17:30:06.580475
SANTANDER,3.220,0.25,0.01,9.51,3.232,3.196,24724812,55837,17:12,2022-04-21 17:30:06.580475
SIEMENS GAMESA,15.795,-0.41,-0.06,-25.04,16.020,15.610,1098966,10759,17:11,2022-04-21 17:30:06.580475
SOLARIA,21.560,-1.96,-0.43,25.93,22.520,21.500,511476,2694,17:11,2022-04-21 17:30:06.580475
TELEFÓNICA,4.844,-0.84,-0.04,25.75,4.932,4.841,7579613,27994,17:12,2022-04-21 17:30:06.580475
ACCIONA,191.400,-2.25,-4.40,13.86,196.800,190.800,150653,10500,18:00,2022-04-21 18:30:12.593753
ACERINOX,10.235,1.54,0.15,-10.10,10.295,10.000,1037481,2769,18:00,2022-04-21 18:30:12.593753
ACS,24.970,0.20,0.05,8.05,25.150,24.860,674302,7358,18:00,2022-04-21 18:30:12.593753
AENA,150.950,0.73,1.10,8.75,153.400,150.250,139360,22642,18:00,2022-04-21 18:30:12.593753
ALMIRALL,12.090,-0.82,-0.10,6.99,12.250,11.980,368854,2174,18:00,2022-04-21 18:30:12.593753
AMADEUS IT GROUP,60.200,3.79,2.20,0.94,61.120,57.980,794862,27120,18:00,2022-04-21 18:30:12.593753
ARCELORMITTAL,30.800,2.70,0.81,8.55,31.105,29.950,475976,28885,18:00,2022-04-21 18:30:12.593753
BANCO SABADELL,0.802,4.37,0.03,40.78,0.802,0.771,41120788,4511,18:00,2022-04-21 18:30:12.593753
BANKINTER,5.602,3.78,0.20,25.65,5.682,5.384,4077266,5035,18:00,2022-04-21 18:30:12.593753
BBVA,5.152,1.20,0.06,2.63,5.178,5.108,11775977,34353,18:00,2022-04-21 18:30:12.593753
CAIXABANK,3.131,-0.10,-0.00,36.03,3.179,3.114,15078729,25238,18:00,2022-04-21 18:30:12.593753
CELLNEX TELECOM,45.580,0.57,0.26,-10.94,45.980,45.000,884126,30964,18:00,2022-04-21 18:30:12.593753
CIE AUTOMOTIVE,20.980,2.34,0.48,-22.30,21.100,20.460,217849,2571,18:00,2022-04-21 18:30:12.593753
COLONIAL,8.290,0.91,0.07,0.48,8.360,8.180,569587,4473,18:00,2022-04-21 18:30:12.593753
ENAGAS,20.510,-2.57,-0.54,0.54,21.080,20.420,1346516,5373,18:00,2022-04-21 18:30:12.593753
ENDESA,19.860,0.18,0.03,-1.68,20.070,19.800,904879,21027,18:00,2022-04-21 18:30:12.593753
FERROVIAL,25.560,0.87,0.22,-7.26,25.740,25.340,908021,18751,18:00,2022-04-21 18:30:12.593753
FLUIDRA,26.640,4.39,1.12,-24.32,26.900,25.600,332605,5212,18:00,2022-04-21 18:30:12.593753
GRIFOLS,16.660,1.96,0.32,-1.27,16.905,16.120,1576644,7099,18:00,2022-04-21 18:30:12.593753
IAG,1.842,6.26,0.11,8.13,1.868,1.750,37518864,9160,18:00,2022-04-21 18:30:12.593753
IBERDROLA,10.520,-0.94,-0.10,2.76,10.735,10.450,11361792,67723,18:00,2022-04-21 18:30:12.593753
INDITEX,21.090,1.10,0.23,-26.08,21.280,20.860,3212395,65730,18:00,2022-04-21 18:30:12.593753
INDRA,9.420,0.00,0.00,-1.05,9.610,9.420,427593,1664,18:00,2022-04-21 18:30:12.593753
MAPFRE,1.940,0.15,0.00,7.45,1.958,1.937,3289216,5974,18:00,2022-04-21 18:30:12.593753
MELIÁ HOTELS,7.240,2.04,0.14,20.63,7.380,6.790,1301325,1596,18:00,2022-04-21 18:30:12.593753
MERLIN PROP,10.850,0.00,0.00,13.38,10.930,10.800,1179581,5097,18:00,2022-04-21 18:30:12.593753
NATURGY,28.940,-0.92,-0.27,3.20,29.390,28.800,385262,28061,18:00,2022-04-21 18:30:12.593753
PHARMA MAR,76.380,-0.73,-0.56,33.95,77.360,76.200,48189,1402,18:00,2022-04-21 18:30:12.593753
RED ELÉCTRICA,18.470,-3.42,-0.66,-1.51,19.155,18.445,2203448,9994,18:00,2022-04-21 18:30:12.593753
REPSOL,13.675,0.33,0.05,34.66,13.790,13.585,4367551,21441,18:00,2022-04-21 18:30:12.593753
ROVI,65.000,1.64,1.05,-11.92,65.200,63.500,105026,3644,18:00,2022-04-21 18:30:12.593753
SANTANDER,3.230,0.56,0.02,9.85,3.232,3.196,42785500,56010,18:00,2022-04-21 18:30:12.593753
SIEMENS GAMESA,15.700,-1.01,-0.16,-25.49,16.020,15.610,1783828,10694,18:00,2022-04-21 18:30:12.593753
SOLARIA,21.510,-2.18,-0.48,25.64,22.520,21.500,642799,2688,18:00,2022-04-21 18:30:12.593753
TELEFÓNICA,4.839,-0.94,-0.05,25.62,4.932,4.834,15076988,27965,18:00,2022-04-21 18:30:12.593753
ACCIONA,191.400,-2.25,-4.40,13.86,196.800,190.800,150653,10500,18:00,2022-04-21 19:30:04.158547
ACERINOX,10.235,1.54,0.15,-10.10,10.295,10.000,1037481,2769,18:00,2022-04-21 19:30:04.158547
ACS,24.970,0.20,0.05,8.05,25.150,24.860,674302,7358,18:00,2022-04-21 19:30:04.158547
AENA,150.950,0.73,1.10,8.75,153.400,150.250,139360,22642,18:00,2022-04-21 19:30:04.158547
ALMIRALL,12.090,-0.82,-0.10,6.99,12.250,11.980,368854,2174,18:00,2022-04-21 19:30:04.158547
AMADEUS IT GROUP,60.200,3.79,2.20,0.94,61.120,57.980,794862,27120,18:00,2022-04-21 19:30:04.158547
ARCELORMITTAL,30.800,2.70,0.81,8.55,31.105,29.950,475976,28885,18:00,2022-04-21 19:30:04.158547
BANCO SABADELL,0.802,4.37,0.03,40.78,0.802,0.771,41120788,4511,18:00,2022-04-21 19:30:04.158547
BANKINTER,5.602,3.78,0.20,25.65,5.682,5.384,4077266,5035,18:00,2022-04-21 19:30:04.158547
BBVA,5.152,1.20,0.06,2.63,5.178,5.108,11775977,34353,18:00,2022-04-21 19:30:04.158547
CAIXABANK,3.131,-0.10,-0.00,36.03,3.179,3.114,15078729,25238,18:00,2022-04-21 19:30:04.158547
CELLNEX TELECOM,45.580,0.57,0.26,-10.94,45.980,45.000,884126,30964,18:00,2022-04-21 19:30:04.158547
CIE AUTOMOTIVE,20.980,2.34,0.48,-22.30,21.100,20.460,217849,2571,18:00,2022-04-21 19:30:04.158547
COLONIAL,8.290,0.91,0.07,0.48,8.360,8.180,569587,4473,18:00,2022-04-21 19:30:04.158547
ENAGAS,20.510,-2.57,-0.54,0.54,21.080,20.420,1346516,5373,18:00,2022-04-21 19:30:04.158547
ENDESA,19.860,0.18,0.03,-1.68,20.070,19.800,904879,21027,18:00,2022-04-21 19:30:04.158547
FERROVIAL,25.560,0.87,0.22,-7.26,25.740,25.340,908021,18751,18:00,2022-04-21 19:30:04.158547
FLUIDRA,26.640,4.39,1.12,-24.32,26.900,25.600,332605,5212,18:00,2022-04-21 19:30:04.158547
GRIFOLS,16.660,1.96,0.32,-1.27,16.905,16.120,1576644,7099,18:00,2022-04-21 19:30:04.158547
IAG,1.842,6.26,0.11,8.13,1.868,1.750,37518864,9160,18:50,2022-04-21 19:30:04.158547
IBERDROLA,10.520,-0.94,-0.10,2.76,10.735,10.450,11361792,67723,18:50,2022-04-21 19:30:04.158547
INDITEX,21.090,1.10,0.23,-26.08,21.280,20.860,3212395,65730,18:00,2022-04-21 19:30:04.158547
INDRA,9.420,0.00,0.00,-1.05,9.610,9.420,427593,1664,18:00,2022-04-21 19:30:04.158547
MAPFRE,1.940,0.15,0.00,7.45,1.958,1.937,3289216,5974,18:00,2022-04-21 19:30:04.158547
MELIÁ HOTELS,7.240,2.04,0.14,20.63,7.380,6.790,1301325,1596,18:00,2022-04-21 19:30:04.158547
MERLIN PROP,10.850,0.00,0.00,13.38,10.930,10.800,1179581,5097,18:00,2022-04-21 19:30:04.158547
NATURGY,28.940,-0.92,-0.27,3.20,29.390,28.800,385262,28061,18:00,2022-04-21 19:30:04.158547
PHARMA MAR,76.380,-0.73,-0.56,33.95,77.360,76.200,48189,1402,18:00,2022-04-21 19:30:04.158547
RED ELÉCTRICA,18.470,-3.42,-0.66,-1.51,19.155,18.445,2203448,9994,18:00,2022-04-21 19:30:04.158547
REPSOL,13.675,0.33,0.05,34.66,13.790,13.585,4367551,21441,18:00,2022-04-21 19:30:04.158547
ROVI,65.000,1.64,1.05,-11.92,65.200,63.500,105026,3644,18:00,2022-04-21 19:30:04.158547
SANTANDER,3.230,0.56,0.02,9.85,3.232,3.196,42785500,56010,18:00,2022-04-21 19:30:04.158547
SIEMENS GAMESA,15.700,-1.01,-0.16,-25.49,16.020,15.610,1783828,10694,18:00,2022-04-21 19:30:04.158547
SOLARIA,21.510,-2.18,-0.48,25.64,22.520,21.500,642799,2688,18:00,2022-04-21 19:30:04.158547
TELEFÓNICA,4.839,-0.94,-0.05,25.62,4.932,4.834,15076988,27965,18:00,2022-04-21 19:30:04.158547
