ACCIONA,192.700,-1.93,-3.80,14.63,195.800,192.700,11063,10571,09:16,2022-04-20 09:30:19.001724
ACERINOX,9.976,0.50,0.05,-12.38,10.020,9.930,66525,2699,09:16,2022-04-20 09:30:19.001724
ACS,24.880,0.57,0.14,7.66,24.910,24.810,23739,7331,09:15,2022-04-20 09:30:19.001724
AENA,149.300,-0.57,-0.85,7.56,150.500,148.950,5076,22395,09:15,2022-04-20 09:30:19.001724
ALMIRALL,12.240,-0.89,-0.11,8.32,12.330,12.230,14781,2200,09:10,2022-04-20 09:30:19.001724
AMADEUS IT GROUP,57.080,0.42,0.24,-4.29,57.220,56.560,19912,25714,09:16,2022-04-20 09:30:19.001724
ARCELORMITTAL,30.600,0.62,0.19,7.84,30.645,30.285,21383,28697,09:16,2022-04-20 09:30:19.001724
BANCO SABADELL,0.755,1.94,0.01,32.60,0.757,0.744,1993979,4248,09:16,2022-04-20 09:30:19.001724
BANKINTER,5.336,0.98,0.05,19.69,5.354,5.310,91240,4796,09:16,2022-04-20 09:30:19.001724
BBVA,5.146,1.26,0.06,2.51,5.159,5.104,745312,34313,09:16,2022-04-20 09:30:19.001724
CAIXABANK,3.082,1.55,0.05,33.90,3.095,3.051,753020,24843,09:16,2022-04-20 09:30:19.001724
CELLNEX TELECOM,45.710,0.95,0.43,-10.69,45.880,45.230,34134,31052,09:16,2022-04-20 09:30:19.001724
CIE AUTOMOTIVE,20.320,0.69,0.14,-24.74,20.320,20.200,4409,2490,09:16,2022-04-20 09:30:19.001724
COLONIAL,8.170,-0.24,-0.02,-0.97,8.220,8.150,23490,4409,09:15,2022-04-20 09:30:19.001724
ENAGAS,21.080,0.62,0.13,3.33,21.170,21.030,31577,5523,09:16,2022-04-20 09:30:19.001724
ENDESA,19.490,0.26,0.05,-3.51,19.545,19.460,23483,20635,09:15,2022-04-20 09:30:19.001724
FERROVIAL,25.260,-0.32,-0.08,-8.35,25.440,25.200,38215,18531,09:15,2022-04-20 09:30:19.001724
FLUIDRA,25.080,0.32,0.08,-28.75,25.140,24.840,28351,4906,09:16,2022-04-20 09:30:19.001724
GRIFOLS,16.135,0.59,0.09,-4.39,16.210,16.015,66517,6876,09:16,2022-04-20 09:30:19.001724
IAG,1.738,-0.09,-0.00,2.02,1.751,1.728,946229,8643,09:16,2022-04-20 09:30:19.001724
IBERDROLA,10.460,-0.05,-0.01,2.17,10.495,10.450,455246,67337,09:16,2022-04-20 09:30:19.001724
INDITEX,20.960,0.91,0.19,-26.53,20.960,20.820,151096,65325,09:16,2022-04-20 09:30:19.001724
INDRA,9.205,0.55,0.05,-3.31,9.215,9.100,28866,1626,09:16,2022-04-20 09:30:19.001724
MAPFRE,1.912,0.05,0.00,5.90,1.920,1.910,154411,5888,09:16,2022-04-20 09:30:19.001724
MELIÁ HOTELS,7.065,0.21,0.01,17.71,7.140,7.045,58924,1557,09:16,2022-04-20 09:30:19.001724
MERLIN PROP,10.690,0.85,0.09,11.70,10.770,10.660,58156,5022,09:16,2022-04-20 09:30:19.001724
NATURGY,29.310,0.69,0.20,4.52,29.390,28.790,8860,28419,09:15,2022-04-20 09:30:19.001724
PHARMA MAR,77.120,-0.87,-0.68,35.25,77.580,76.980,2715,1416,09:16,2022-04-20 09:30:19.001724
RED ELÉCTRICA,19.135,-0.10,-0.02,2.04,19.215,19.125,23076,10354,09:16,2022-04-20 09:30:19.001724
REPSOL,13.695,0.37,0.05,34.86,13.810,13.675,275334,21472,09:16,2022-04-20 09:30:19.001724
ROVI,64.650,0.31,0.20,-12.40,64.850,63.500,5515,3625,09:15,2022-04-20 09:30:19.001724
SANTANDER,3.207,1.42,0.05,9.06,3.215,3.181,3169290,55611,09:16,2022-04-20 09:30:19.001724
SIEMENS GAMESA,14.800,-3.90,-0.60,-29.76,14.980,14.575,516737,10081,09:16,2022-04-20 09:30:19.001724
SOLARIA,21.780,1.82,0.39,27.22,21.870,21.200,65091,2721,09:16,2022-04-20 09:30:19.001724
TELEFÓNICA,4.902,-0.83,-0.04,27.26,4.937,4.887,942583,28329,09:16,2022-04-20 09:30:19.001724
ACCIONA,193.600,-1.48,-2.90,15.17,195.800,192.700,22905,10620,10:14,2022-04-20 10:30:15.914984
ACERINOX,10.010,0.85,0.08,-12.08,10.040,9.930,219206,2708,10:14,2022-04-20 10:30:15.914984
ACS,24.920,0.73,0.18,7.83,24.990,24.810,78954,7343,10:14,2022-04-20 10:30:15.914984
AENA,149.550,-0.40,-0.60,7.74,150.500,148.950,17770,22432,10:13,2022-04-20 10:30:15.914984
ALMIRALL,12.240,-0.89,-0.11,8.32,12.330,12.230,33923,2200,10:09,2022-04-20 10:30:15.914984
AMADEUS IT GROUP,56.660,-0.32,-0.18,-5.00,57.320,56.560,49486,25525,10:11,2022-04-20 10:30:15.914984
ARCELORMITTAL,30.795,1.27,0.39,8.53,30.835,30.285,55486,28880,10:14,2022-04-20 10:30:15.914984
BANCO SABADELL,0.760,2.59,0.02,33.44,0.764,0.744,6320012,4275,10:14,2022-04-20 10:30:15.914984
BANKINTER,5.378,1.78,0.09,20.63,5.400,5.310,407297,4834,10:14,2022-04-20 10:30:15.914984
BBVA,5.130,0.94,0.05,2.19,5.164,5.104,1713378,34206,10:14,2022-04-20 10:30:15.914984
CAIXABANK,3.097,2.04,0.06,34.55,3.104,3.051,1769970,24964,10:14,2022-04-20 10:30:15.914984
CELLNEX TELECOM,45.390,0.24,0.11,-11.31,45.940,45.230,86750,30835,10:14,2022-04-20 10:30:15.914984
CIE AUTOMOTIVE,20.160,-0.10,-0.02,-25.33,20.360,20.140,26221,2471,10:09,2022-04-20 10:30:15.914984
COLONIAL,8.155,-0.43,-0.03,-1.15,8.220,8.150,81234,4401,10:08,2022-04-20 10:30:15.914984
ENAGAS,21.010,0.29,0.06,2.99,21.170,20.840,93917,5504,10:13,2022-04-20 10:30:15.914984
ENDESA,19.585,0.75,0.14,-3.04,19.635,19.420,67744,20736,10:13,2022-04-20 10:30:15.914984
FERROVIAL,25.150,-0.75,-0.19,-8.74,25.440,24.960,92470,18450,10:12,2022-04-20 10:30:15.914984
FLUIDRA,24.920,-0.32,-0.08,-29.20,25.260,24.840,105057,4875,10:13,2022-04-20 10:30:15.914984
GRIFOLS,16.090,0.31,0.05,-4.65,16.350,16.015,269474,6856,10:14,2022-04-20 10:30:15.914984
IAG,1.714,-1.47,-0.03,0.62,1.751,1.712,3666691,8524,10:14,2022-04-20 10:30:15.914984
IBERDROLA,10.475,0.10,0.01,2.32,10.535,10.410,994581,67433,10:14,2022-04-20 10:30:15.914984
INDITEX,20.730,-0.19,-0.04,-27.34,21.020,20.700,437246,64608,10:14,2022-04-20 10:30:15.914984
INDRA,9.290,1.47,0.14,-2.42,9.305,9.100,88871,1641,10:14,2022-04-20 10:30:15.914984
MAPFRE,1.906,-0.26,-0.00,5.57,1.920,1.901,307630,5870,10:14,2022-04-20 10:30:15.914984
MELIÁ HOTELS,7.035,-0.21,-0.02,17.21,7.140,7.010,131442,1551,10:14,2022-04-20 10:30:15.914984
MERLIN PROP,10.750,1.42,0.15,12.33,10.770,10.660,264568,5050,10:14,2022-04-20 10:30:15.914984
NATURGY,29.140,0.10,0.03,3.91,29.390,28.790,16563,28255,10:07,2022-04-20 10:30:15.914984
PHARMA MAR,76.820,-1.26,-0.98,34.72,77.580,76.620,8749,1410,10:09,2022-04-20 10:30:15.914984
RED ELÉCTRICA,19.120,-0.18,-0.03,1.96,19.215,19.005,63793,10345,10:13,2022-04-20 10:30:15.914984
REPSOL,13.710,0.48,0.06,35.01,13.810,13.610,640890,21496,10:14,2022-04-20 10:30:15.914984
ROVI,63.800,-1.01,-0.65,-13.55,64.850,63.500,24074,3577,10:14,2022-04-20 10:30:15.914984
SANTANDER,3.197,1.09,0.03,8.71,3.217,3.181,6580177,55429,10:14,2022-04-20 10:30:15.914984
SIEMENS GAMESA,15.145,-1.66,-0.25,-28.12,15.290,14.575,1031868,10316,10:14,2022-04-20 10:30:15.914984
SOLARIA,21.500,0.51,0.11,25.58,21.910,21.200,135597,2686,10:14,2022-04-20 10:30:15.914984
TELEFÓNICA,4.905,-0.77,-0.04,27.34,4.937,4.857,2524810,28346,10:14,2022-04-20 10:30:15.914984
ACCIONA,193.400,-1.58,-3.10,15.05,195.800,192.700,31140,10609,11:13,2022-04-20 11:30:02.040961
ACERINOX,9.998,0.73,0.07,-12.18,10.040,9.930,288623,2705,11:14,2022-04-20 11:30:02.040961
ACS,24.840,0.40,0.10,7.48,24.990,24.810,117483,7319,11:14,2022-04-20 11:30:02.040961
AENA,149.300,-0.57,-0.85,7.56,150.500,148.550,25277,22395,11:14,2022-04-20 11:30:02.040961
ALMIRALL,12.210,-1.13,-0.14,8.05,12.330,12.200,39246,2195,11:07,2022-04-20 11:30:02.040961
AMADEUS IT GROUP,57.220,0.67,0.38,-4.06,57.320,56.560,76878,25778,11:14,2022-04-20 11:30:02.040961
ARCELORMITTAL,30.740,1.09,0.33,8.33,30.875,30.285,88702,28828,11:13,2022-04-20 11:30:02.040961
BANCO SABADELL,0.770,4.00,0.03,35.27,0.772,0.744,11550511,4334,11:13,2022-04-20 11:30:02.040961
BANKINTER,5.398,2.16,0.11,21.08,5.416,5.310,750731,4852,11:14,2022-04-20 11:30:02.040961
BBVA,5.152,1.38,0.07,2.63,5.168,5.104,3332659,34353,11:14,2022-04-20 11:30:02.040961
CAIXABANK,3.113,2.57,0.08,35.25,3.124,3.051,2576194,25093,11:14,2022-04-20 11:30:02.040961
CELLNEX TELECOM,45.530,0.55,0.25,-11.04,45.940,45.230,127289,30930,11:14,2022-04-20 11:30:02.040961
CIE AUTOMOTIVE,20.180,0.00,0.00,-25.26,20.360,20.120,38899,2473,11:14,2022-04-20 11:30:02.040961
COLONIAL,8.175,-0.18,-0.01,-0.91,8.220,8.150,109175,4411,11:07,2022-04-20 11:30:02.040961
ENAGAS,21.110,0.76,0.16,3.48,21.170,20.840,186469,5531,11:14,2022-04-20 11:30:02.040961
ENDESA,19.645,1.05,0.20,-2.75,19.645,19.420,108636,20799,11:14,2022-04-20 11:30:02.040961
FERROVIAL,25.180,-0.63,-0.16,-8.64,25.440,24.960,115187,18472,11:13,2022-04-20 11:30:02.040961
FLUIDRA,25.240,0.96,0.24,-28.30,25.260,24.840,134116,4938,11:11,2022-04-20 11:30:02.040961
GRIFOLS,16.120,0.50,0.08,-4.47,16.350,16.015,373471,6869,11:13,2022-04-20 11:30:02.040961
IAG,1.725,-0.83,-0.01,1.26,1.751,1.712,4822292,8578,11:14,2022-04-20 11:30:02.040961
IBERDROLA,10.490,0.24,0.02,2.47,10.535,10.410,1463555,67530,11:14,2022-04-20 11:30:02.040961
INDITEX,20.830,0.29,0.06,-26.99,21.020,20.690,657453,64920,11:14,2022-04-20 11:30:02.040961
INDRA,9.320,1.80,0.16,-2.10,9.340,9.100,144370,1646,11:11,2022-04-20 11:30:02.040961
MAPFRE,1.900,-0.58,-0.01,5.23,1.920,1.898,675005,5851,11:14,2022-04-20 11:30:02.040961
MELIÁ HOTELS,7.040,-0.14,-0.01,17.29,7.140,7.010,207038,1552,11:14,2022-04-20 11:30:02.040961
MERLIN PROP,10.780,1.70,0.18,12.64,10.780,10.660,361652,5064,11:13,2022-04-20 11:30:02.040961
NATURGY,29.310,0.69,0.20,4.52,29.390,28.790,23929,28419,11:13,2022-04-20 11:30:02.040961
PHARMA MAR,76.360,-1.85,-1.44,33.92,77.580,76.260,15028,1402,11:13,2022-04-20 11:30:02.040961
RED ELÉCTRICA,19.165,0.05,0.01,2.20,19.215,19.005,87698,10370,11:14,2022-04-20 11:30:02.040961
REPSOL,13.725,0.59,0.08,35.16,13.810,13.610,887205,21519,11:14,2022-04-20 11:30:02.040961
ROVI,63.900,-0.85,-0.55,-13.41,64.850,63.500,43582,3583,11:14,2022-04-20 11:30:02.040961
SANTANDER,3.211,1.53,0.05,9.18,3.217,3.181,9616664,55672,11:14,2022-04-20 11:30:02.040961
SIEMENS GAMESA,15.350,-0.32,-0.05,-27.15,15.380,14.575,1245153,10456,11:14,2022-04-20 11:30:02.040961
SOLARIA,21.750,1.68,0.36,27.04,21.910,21.200,186392,2718,11:14,2022-04-20 11:30:02.040961
TELEFÓNICA,4.900,-0.87,-0.04,27.21,4.937,4.857,3513612,28317,11:14,2022-04-20 11:30:02.040961
ACCIONA,194.400,-1.07,-2.10,15.65,195.800,192.700,38755,10664,12:14,2022-04-20 12:30:02.082864
ACERINOX,10.100,1.75,0.17,-11.29,10.150,9.930,455484,2733,12:12,2022-04-20 12:30:02.082864
ACS,24.850,0.44,0.11,7.53,24.990,24.810,162178,7322,12:07,2022-04-20 12:30:02.082864
AENA,149.100,-0.70,-1.05,7.42,150.500,148.550,31290,22365,12:13,2022-04-20 12:30:02.082864
ALMIRALL,12.330,-0.16,-0.02,9.12,12.360,12.190,69809,2217,12:13,2022-04-20 12:30:02.082864
AMADEUS IT GROUP,57.740,1.58,0.90,-3.19,57.820,56.560,104278,26012,12:14,2022-04-20 12:30:02.082864
ARCELORMITTAL,30.850,1.45,0.44,8.72,30.935,30.285,117818,28931,12:14,2022-04-20 12:30:02.082864
BANCO SABADELL,0.775,4.64,0.03,36.11,0.779,0.744,15972650,4361,12:13,2022-04-20 12:30:02.082864
BANKINTER,5.412,2.42,0.13,21.39,5.448,5.310,1040465,4865,12:13,2022-04-20 12:30:02.082864
BBVA,5.189,2.11,0.11,3.37,5.202,5.104,5100097,34600,12:14,2022-04-20 12:30:02.082864
CAIXABANK,3.122,2.87,0.09,35.64,3.132,3.051,3432907,25165,12:14,2022-04-20 12:30:02.082864
CELLNEX TELECOM,45.750,1.04,0.47,-10.61,45.940,45.230,161173,31079,12:14,2022-04-20 12:30:02.082864
CIE AUTOMOTIVE,20.340,0.79,0.16,-24.67,20.400,20.120,49739,2493,12:13,2022-04-20 12:30:02.082864
COLONIAL,8.175,-0.18,-0.01,-0.91,8.220,8.150,154036,4411,12:07,2022-04-20 12:30:02.082864
ENAGAS,21.170,1.05,0.22,3.77,21.170,20.840,224643,5546,12:14,2022-04-20 12:30:02.082864
ENDESA,19.770,1.70,0.33,-2.13,19.820,19.420,166413,20932,12:14,2022-04-20 12:30:02.082864
FERROVIAL,25.200,-0.55,-0.14,-8.56,25.440,24.960,131941,18487,12:13,2022-04-20 12:30:02.082864
FLUIDRA,25.480,1.92,0.48,-27.61,25.520,24.840,151606,4985,12:13,2022-04-20 12:30:02.082864
GRIFOLS,16.195,0.97,0.15,-4.03,16.350,16.015,412854,6901,12:14,2022-04-20 12:30:02.082864
IAG,1.729,-0.66,-0.01,1.44,1.751,1.712,5527903,8593,12:14,2022-04-20 12:30:02.082864
IBERDROLA,10.605,1.34,0.14,3.59,10.655,10.410,1983175,68270,12:14,2022-04-20 12:30:02.082864
INDITEX,20.950,0.87,0.18,-26.57,21.030,20.690,937291,65294,12:14,2022-04-20 12:30:02.082864
INDRA,9.370,2.35,0.22,-1.58,9.375,9.100,203441,1655,12:11,2022-04-20 12:30:02.082864
MAPFRE,1.917,0.31,0.01,6.18,1.920,1.898,951473,5904,12:14,2022-04-20 12:30:02.082864
MELIÁ HOTELS,7.070,0.28,0.02,17.79,7.140,7.010,253407,1558,12:13,2022-04-20 12:30:02.082864
MERLIN PROP,10.820,2.08,0.22,13.06,10.830,10.660,596495,5083,12:13,2022-04-20 12:30:02.082864
NATURGY,29.360,0.86,0.25,4.70,29.390,28.790,27174,28468,12:11,2022-04-20 12:30:02.082864
PHARMA MAR,76.580,-1.57,-1.22,34.30,77.580,76.200,18919,1406,12:11,2022-04-20 12:30:02.082864
RED ELÉCTRICA,19.180,0.13,0.02,2.28,19.215,19.005,149461,10378,12:15,2022-04-20 12:30:02.082864
REPSOL,13.720,0.55,0.07,35.11,13.810,13.610,1120428,21511,12:14,2022-04-20 12:30:02.082864
ROVI,63.850,-0.93,-0.60,-13.48,64.850,63.500,80489,3580,12:14,2022-04-20 12:30:02.082864
SANTANDER,3.237,2.37,0.08,10.08,3.250,3.181,14648950,56132,12:14,2022-04-20 12:30:02.082864
SIEMENS GAMESA,15.870,3.05,0.47,-24.68,15.920,14.575,1711343,10810,12:14,2022-04-20 12:30:02.082864
SOLARIA,21.940,2.57,0.55,28.15,22.070,21.200,235770,2741,12:14,2022-04-20 12:30:02.082864
TELEFÓNICA,4.900,-0.87,-0.04,27.21,4.937,4.857,4378781,28317,12:14,2022-04-20 12:30:02.082864
ACCIONA,196.100,-0.20,-0.40,16.66,196.100,192.700,44752,10757,13:15,2022-04-20 13:30:23.028284
ACERINOX,10.075,1.50,0.15,-11.51,10.150,9.930,499986,2726,13:14,2022-04-20 13:30:23.028284
ACS,24.850,0.44,0.11,7.53,24.990,24.810,177407,7322,13:13,2022-04-20 13:30:23.028284
AENA,149.650,-0.33,-0.50,7.82,150.500,148.550,35102,22448,13:11,2022-04-20 13:30:23.028284
ALMIRALL,12.250,-0.81,-0.10,8.41,12.360,12.190,85640,2202,13:11,2022-04-20 13:30:23.028284
AMADEUS IT GROUP,57.640,1.41,0.80,-3.35,57.840,56.560,127439,25967,13:14,2022-04-20 13:30:23.028284
ARCELORMITTAL,30.580,0.56,0.17,7.77,30.935,30.285,150702,28678,13:14,2022-04-20 13:30:23.028284
BANCO SABADELL,0.777,4.97,0.04,36.53,0.780,0.744,19004694,4374,13:15,2022-04-20 13:30:23.028284
BANKINTER,5.390,2.01,0.11,20.90,5.448,5.310,1165034,4845,13:14,2022-04-20 13:30:23.028284
BBVA,5.169,1.71,0.09,2.97,5.202,5.104,5767578,34466,13:14,2022-04-20 13:30:23.028284
CAIXABANK,3.122,2.87,0.09,35.64,3.134,3.051,4155318,25165,13:14,2022-04-20 13:30:23.028284
CELLNEX TELECOM,45.760,1.06,0.48,-10.59,45.940,45.230,189688,31086,13:12,2022-04-20 13:30:23.028284
CIE AUTOMOTIVE,20.440,1.29,0.26,-24.30,20.460,20.120,69119,2505,13:11,2022-04-20 13:30:23.028284
COLONIAL,8.215,0.31,0.03,-0.42,8.220,8.150,183481,4433,13:09,2022-04-20 13:30:23.028284
ENAGAS,21.170,1.05,0.22,3.77,21.200,20.840,250909,5546,13:12,2022-04-20 13:30:23.028284
ENDESA,19.790,1.80,0.35,-2.03,19.820,19.420,219982,20953,13:14,2022-04-20 13:30:23.028284
FERROVIAL,25.340,0.00,0.00,-8.06,25.440,24.960,215057,18589,13:13,2022-04-20 13:30:23.028284
FLUIDRA,25.480,1.92,0.48,-27.61,25.520,24.840,161229,4985,13:11,2022-04-20 13:30:23.028284
GRIFOLS,16.250,1.31,0.21,-3.70,16.350,16.015,448626,6925,13:14,2022-04-20 13:30:23.028284
IAG,1.742,0.11,0.00,2.23,1.751,1.712,6535158,8660,13:14,2022-04-20 13:30:23.028284
IBERDROLA,10.625,1.53,0.16,3.79,10.655,10.410,2383929,68399,13:13,2022-04-20 13:30:23.028284
INDITEX,21.010,1.16,0.24,-26.36,21.050,20.690,1097631,65481,13:14,2022-04-20 13:30:23.028284
INDRA,9.375,2.40,0.22,-1.52,9.385,9.100,245906,1656,13:08,2022-04-20 13:30:23.028284
MAPFRE,1.917,0.31,0.01,6.18,1.920,1.898,1099584,5904,13:14,2022-04-20 13:30:23.028284
MELIÁ HOTELS,7.130,1.13,0.08,18.79,7.140,7.010,314956,1571,13:13,2022-04-20 13:30:23.028284
MERLIN PROP,10.840,2.26,0.24,13.27,10.880,10.660,721059,5092,13:14,2022-04-20 13:30:23.028284
NATURGY,29.320,0.72,0.21,4.55,29.440,28.790,41513,28429,13:14,2022-04-20 13:30:23.028284
PHARMA MAR,77.200,-0.77,-0.60,35.39,77.580,76.200,23860,1417,13:12,2022-04-20 13:30:23.028284
RED ELÉCTRICA,19.200,0.23,0.05,2.38,19.215,19.005,167637,10389,13:14,2022-04-20 13:30:23.028284
REPSOL,13.715,0.51,0.07,35.06,13.810,13.610,1233338,21504,13:11,2022-04-20 13:30:23.028284
ROVI,63.600,-1.32,-0.85,-13.82,64.850,63.400,98820,3566,13:13,2022-04-20 13:30:23.028284
SANTANDER,3.222,1.90,0.06,9.57,3.250,3.181,18568872,55872,13:14,2022-04-20 13:30:23.028284
SIEMENS GAMESA,16.030,4.09,0.63,-23.92,16.140,14.575,2098055,10919,13:14,2022-04-20 13:30:23.028284
SOLARIA,22.100,3.32,0.71,29.09,22.160,21.200,285102,2761,13:13,2022-04-20 13:30:23.028284
TELEFÓNICA,4.894,-0.99,-0.05,27.05,4.937,4.857,4988990,28283,13:14,2022-04-20 13:30:23.028284
ACCIONA,195.800,-0.36,-0.70,16.48,196.600,192.700,51957,10741,14:13,2022-04-20 14:30:17.958772
ACERINOX,10.050,1.25,0.12,-11.73,10.150,9.930,551949,2719,14:13,2022-04-20 14:30:17.958772
ACS,24.830,0.36,0.09,7.44,24.990,24.810,196487,7317,14:12,2022-04-20 14:30:17.958772
AENA,149.650,-0.33,-0.50,7.82,150.500,148.550,38004,22448,14:14,2022-04-20 14:30:17.958772
ALMIRALL,12.260,-0.73,-0.09,8.50,12.360,12.190,102243,2204,14:14,2022-04-20 14:30:17.958772
AMADEUS IT GROUP,57.780,1.65,0.94,-3.12,57.880,56.560,158281,26030,14:12,2022-04-20 14:30:17.958772
ARCELORMITTAL,30.395,-0.05,-0.01,7.12,30.935,30.285,190690,28505,14:14,2022-04-20 14:30:17.958772
BANCO SABADELL,0.775,4.67,0.03,36.14,0.780,0.744,21151266,4362,14:14,2022-04-20 14:30:17.958772
BANKINTER,5.408,2.35,0.12,21.30,5.448,5.310,1228820,4861,14:13,2022-04-20 14:30:17.958772
BBVA,5.189,2.11,0.11,3.37,5.202,5.104,6368007,34600,14:14,2022-04-20 14:30:17.958772
CAIXABANK,3.131,3.16,0.10,36.03,3.134,3.051,4924506,25238,14:14,2022-04-20 14:30:17.958772
CELLNEX TELECOM,45.750,1.04,0.47,-10.61,45.940,45.230,241879,31079,14:14,2022-04-20 14:30:17.958772
CIE AUTOMOTIVE,20.480,1.49,0.30,-24.15,20.580,20.120,85897,2510,13:55,2022-04-20 14:30:17.958772
COLONIAL,8.205,0.18,0.02,-0.55,8.235,8.150,268853,4428,14:06,2022-04-20 14:30:17.958772
ENAGAS,21.070,0.57,0.12,3.28,21.200,20.840,280026,5520,14:14,2022-04-20 14:30:17.958772
ENDESA,19.815,1.93,0.38,-1.91,19.840,19.420,242915,20979,14:14,2022-04-20 14:30:17.958772
FERROVIAL,25.310,-0.12,-0.03,-8.16,25.440,24.960,241418,18567,14:12,2022-04-20 14:30:17.958772
FLUIDRA,25.500,2.00,0.50,-27.56,25.540,24.840,179302,4989,13:59,2022-04-20 14:30:17.958772
GRIFOLS,16.195,0.97,0.15,-4.03,16.350,16.015,514803,6901,14:14,2022-04-20 14:30:17.958772
IAG,1.732,-0.46,-0.01,1.64,1.751,1.712,7076765,8611,14:14,2022-04-20 14:30:17.958772
IBERDROLA,10.640,1.67,0.18,3.93,10.685,10.410,2945888,68496,14:14,2022-04-20 14:30:17.958772
INDITEX,21.020,1.20,0.25,-26.32,21.060,20.690,1259134,65512,14:13,2022-04-20 14:30:17.958772
INDRA,9.385,2.51,0.23,-1.42,9.390,9.100,295113,1658,14:14,2022-04-20 14:30:17.958772
MAPFRE,1.925,0.73,0.01,6.62,1.927,1.898,1300215,5928,14:14,2022-04-20 14:30:17.958772
MELIÁ HOTELS,7.105,0.78,0.05,18.38,7.140,7.010,387415,1566,14:13,2022-04-20 14:30:17.958772
MERLIN PROP,10.850,2.36,0.25,13.38,10.880,10.660,883322,5097,14:15,2022-04-20 14:30:17.958772
NATURGY,29.260,0.52,0.15,4.34,29.440,28.790,56196,28371,14:13,2022-04-20 14:30:17.958772
PHARMA MAR,76.720,-1.39,-1.08,34.55,77.580,76.200,28300,1408,14:14,2022-04-20 14:30:17.958772
RED ELÉCTRICA,19.215,0.31,0.06,2.46,19.240,19.005,187263,10397,14:14,2022-04-20 14:30:17.958772
REPSOL,13.680,0.26,0.03,34.71,13.810,13.610,1331248,21449,14:14,2022-04-20 14:30:17.958772
ROVI,64.350,-0.16,-0.10,-12.80,64.850,63.400,105857,3608,14:05,2022-04-20 14:30:17.958772
SANTANDER,3.240,2.45,0.08,10.17,3.250,3.181,20391366,56175,14:14,2022-04-20 14:30:17.958772
SIEMENS GAMESA,16.160,4.94,0.76,-23.30,16.280,14.575,2343763,11007,14:14,2022-04-20 14:30:17.958772
SOLARIA,22.100,3.32,0.71,29.09,22.250,21.200,325825,2761,14:12,2022-04-20 14:30:17.958772
TELEFÓNICA,4.873,-1.42,-0.07,26.51,4.937,4.857,5847115,28161,14:14,2022-04-20 14:30:17.958772
ACCIONA,195.600,-0.46,-0.90,16.36,196.600,192.700,60717,10730,15:14,2022-04-20 15:30:17.775323
ACERINOX,10.080,1.55,0.15,-11.46,10.150,9.930,606042,2727,15:13,2022-04-20 15:30:17.775323
ACS,24.760,0.08,0.02,7.14,24.990,24.740,226973,7296,15:14,2022-04-20 15:30:17.775323
AENA,149.250,-0.60,-0.90,7.53,150.500,148.550,40464,22388,15:14,2022-04-20 15:30:17.775323
ALMIRALL,12.220,-1.05,-0.13,8.14,12.360,12.190,114657,2197,15:01,2022-04-20 15:30:17.775323
AMADEUS IT GROUP,57.840,1.76,1.00,-3.02,58.000,56.560,187189,26057,15:13,2022-04-20 15:30:17.775323
ARCELORMITTAL,30.355,-0.18,-0.06,6.98,30.935,30.210,220520,28467,15:14,2022-04-20 15:30:17.775323
BANCO SABADELL,0.775,4.67,0.03,36.14,0.780,0.744,22751040,4362,15:15,2022-04-20 15:30:17.775323
BANKINTER,5.416,2.50,0.13,21.48,5.448,5.310,1356304,4868,15:14,2022-04-20 15:30:17.775323
BBVA,5.196,2.24,0.11,3.51,5.202,5.104,7396981,34646,15:14,2022-04-20 15:30:17.775323
CAIXABANK,3.144,3.59,0.11,36.59,3.147,3.051,6058960,25343,15:14,2022-04-20 15:30:17.775323
CELLNEX TELECOM,45.500,0.49,0.22,-11.10,45.940,45.230,290636,30909,15:14,2022-04-20 15:30:17.775323
CIE AUTOMOTIVE,20.560,1.88,0.38,-23.85,20.580,20.120,91748,2520,15:08,2022-04-20 15:30:17.775323
COLONIAL,8.210,0.24,0.02,-0.48,8.235,8.150,331821,4430,15:13,2022-04-20 15:30:17.775323
ENAGAS,21.020,0.33,0.07,3.04,21.200,20.840,303314,5507,15:14,2022-04-20 15:30:17.775323
ENDESA,19.745,1.57,0.31,-2.25,19.840,19.420,279427,20905,15:13,2022-04-20 15:30:17.775323
FERROVIAL,25.270,-0.28,-0.07,-8.31,25.440,24.960,279905,18538,15:10,2022-04-20 15:30:17.775323
FLUIDRA,25.520,2.08,0.52,-27.50,25.580,24.840,199126,4992,15:13,2022-04-20 15:30:17.775323
GRIFOLS,16.270,1.43,0.23,-3.59,16.350,16.015,669121,6933,15:14,2022-04-20 15:30:17.775323
IAG,1.738,-0.09,-0.00,2.02,1.751,1.712,7596754,8643,15:14,2022-04-20 15:30:17.775323
IBERDROLA,10.615,1.43,0.15,3.69,10.685,10.410,3566025,68335,15:14,2022-04-20 15:30:17.775323
INDITEX,20.990,1.06,0.22,-26.43,21.080,20.690,1372370,65419,15:14,2022-04-20 15:30:17.775323
INDRA,9.370,2.35,0.22,-1.58,9.390,9.100,316678,1655,15:10,2022-04-20 15:30:17.775323
MAPFRE,1.924,0.68,0.01,6.56,1.927,1.898,1378977,5925,15:13,2022-04-20 15:30:17.775323
MELIÁ HOTELS,7.080,0.43,0.03,17.96,7.140,7.010,443417,1560,15:14,2022-04-20 15:30:17.775323
MERLIN PROP,10.840,2.26,0.24,13.27,10.880,10.660,947675,5092,15:12,2022-04-20 15:30:17.775323
NATURGY,29.270,0.55,0.16,4.38,29.440,28.790,63555,28381,15:15,2022-04-20 15:30:17.775323
PHARMA MAR,77.000,-1.03,-0.80,35.04,77.580,76.200,29943,1413,15:08,2022-04-20 15:30:17.775323
RED ELÉCTRICA,19.170,0.08,0.01,2.22,19.250,19.005,204639,10373,15:15,2022-04-20 15:30:17.775323
REPSOL,13.640,-0.04,-0.01,34.32,13.810,13.610,1578520,21386,15:14,2022-04-20 15:30:17.775323
ROVI,64.000,-0.70,-0.45,-13.28,64.850,63.400,113406,3588,15:12,2022-04-20 15:30:17.775323
SANTANDER,3.246,2.66,0.08,10.39,3.251,3.181,23926852,56288,15:14,2022-04-20 15:30:17.775323
SIEMENS GAMESA,16.295,5.81,0.90,-22.66,16.400,14.575,2672497,11099,15:14,2022-04-20 15:30:17.775323
SOLARIA,22.030,2.99,0.64,28.68,22.250,21.200,347241,2753,15:11,2022-04-20 15:30:17.775323
TELEFÓNICA,4.859,-1.70,-0.08,26.14,4.937,4.857,7204731,28080,15:14,2022-04-20 15:30:17.775323
ACCIONA,196.400,-0.05,-0.10,16.84,197.000,192.700,70766,10774,16:14,2022-04-20 16:30:17.721225
ACERINOX,10.075,1.50,0.15,-11.51,10.150,9.930,699203,2726,16:14,2022-04-20 16:30:17.721225
ACS,24.850,0.44,0.11,7.53,24.990,24.740,255993,7322,16:14,2022-04-20 16:30:17.721225
AENA,149.100,-0.70,-1.05,7.42,150.500,148.550,48265,22365,16:14,2022-04-20 16:30:17.721225
ALMIRALL,12.250,-0.81,-0.10,8.41,12.360,12.150,152332,2202,16:14,2022-04-20 16:30:17.721225
AMADEUS IT GROUP,57.780,1.65,0.94,-3.12,58.080,56.560,229158,26030,16:14,2022-04-20 16:30:17.721225
ARCELORMITTAL,30.205,-0.67,-0.20,6.45,30.935,29.965,308811,28327,16:15,2022-04-20 16:30:17.721225
BANCO SABADELL,0.765,3.24,0.02,34.28,0.780,0.744,25546840,4302,16:14,2022-04-20 16:30:17.721225
BANKINTER,5.370,1.63,0.09,20.45,5.448,5.310,1463676,4827,16:14,2022-04-20 16:30:17.721225
BBVA,5.130,0.94,0.05,2.19,5.202,5.104,8707793,34206,16:14,2022-04-20 16:30:17.721225
CAIXABANK,3.130,3.13,0.10,35.99,3.152,3.051,7427409,25230,16:14,2022-04-20 16:30:17.721225
CELLNEX TELECOM,45.340,0.13,0.06,-11.41,45.940,45.210,414353,30801,16:14,2022-04-20 16:30:17.721225
CIE AUTOMOTIVE,20.380,0.99,0.20,-24.52,20.620,20.120,124258,2498,16:13,2022-04-20 16:30:17.721225
COLONIAL,8.185,-0.06,-0.00,-0.79,8.235,8.150,374169,4417,16:05,2022-04-20 16:30:17.721225
ENAGAS,21.050,0.48,0.10,3.19,21.200,20.840,349575,5515,16:15,2022-04-20 16:30:17.721225
ENDESA,19.800,1.85,0.36,-1.98,19.850,19.420,328319,20963,16:15,2022-04-20 16:30:17.721225
FERROVIAL,25.250,-0.36,-0.09,-8.38,25.440,24.960,321426,18523,16:14,2022-04-20 16:30:17.721225
FLUIDRA,25.640,2.56,0.64,-27.16,25.640,24.840,228214,5016,16:11,2022-04-20 16:30:17.721225
GRIFOLS,16.270,1.43,0.23,-3.59,16.350,16.015,956483,6933,16:14,2022-04-20 16:30:17.721225
IAG,1.729,-0.66,-0.01,1.44,1.753,1.712,9792433,8593,16:14,2022-04-20 16:30:17.721225
IBERDROLA,10.655,1.82,0.19,4.08,10.685,10.410,4285223,68592,16:14,2022-04-20 16:30:17.721225
INDITEX,20.810,0.19,0.04,-27.06,21.080,20.690,1640542,64858,16:15,2022-04-20 16:30:17.721225
INDRA,9.395,2.62,0.24,-1.31,9.415,9.100,371415,1660,16:14,2022-04-20 16:30:17.721225
MAPFRE,1.921,0.52,0.01,6.40,1.929,1.898,1515232,5916,16:12,2022-04-20 16:30:17.721225
MELIÁ HOTELS,7.040,-0.14,-0.01,17.29,7.140,7.010,527313,1552,16:14,2022-04-20 16:30:17.721225
MERLIN PROP,10.800,1.89,0.20,12.85,10.880,10.660,1049141,5074,16:14,2022-04-20 16:30:17.721225
NATURGY,29.360,0.86,0.25,4.70,29.440,28.790,77947,28468,16:11,2022-04-20 16:30:17.721225
PHARMA MAR,76.900,-1.16,-0.90,34.86,77.580,76.200,37543,1411,16:14,2022-04-20 16:30:17.721225
RED ELÉCTRICA,19.220,0.34,0.06,2.49,19.260,19.005,277675,10400,16:14,2022-04-20 16:30:17.721225
REPSOL,13.630,-0.11,-0.02,34.22,13.810,13.610,1870091,21370,16:14,2022-04-20 16:30:17.721225
ROVI,63.850,-0.93,-0.60,-13.48,64.850,63.350,129790,3580,16:12,2022-04-20 16:30:17.721225
SANTANDER,3.221,1.88,0.06,9.56,3.251,3.181,27935752,55863,16:14,2022-04-20 16:30:17.721225
SIEMENS GAMESA,16.180,5.06,0.78,-23.21,16.400,14.575,2938853,11021,16:14,2022-04-20 16:30:17.721225
SOLARIA,22.030,2.99,0.64,28.68,22.250,21.200,381944,2753,16:14,2022-04-20 16:30:17.721225
TELEFÓNICA,4.860,-1.68,-0.08,26.17,4.937,4.853,8838953,28086,16:14,2022-04-20 16:30:17.721225
ACCIONA,196.000,-0.25,-0.50,16.60,197.000,192.700,84563,10752,17:14,2022-04-20 17:30:26.116772
ACERINOX,10.085,1.60,0.16,-11.42,10.150,9.930,824717,2728,17:13,2022-04-20 17:30:26.116772
ACS,24.870,0.53,0.13,7.61,24.990,24.740,318011,7328,17:15,2022-04-20 17:30:26.116772
AENA,149.400,-0.50,-0.75,7.64,150.500,148.550,53777,22410,17:15,2022-04-20 17:30:26.116772
ALMIRALL,12.220,-1.05,-0.13,8.14,12.360,12.150,184830,2197,17:12,2022-04-20 17:30:26.116772
AMADEUS IT GROUP,58.140,2.29,1.30,-2.52,58.220,56.560,289249,26192,17:14,2022-04-20 17:30:26.116772
ARCELORMITTAL,30.070,-1.12,-0.34,5.97,30.935,29.965,347009,28200,17:15,2022-04-20 17:30:26.116772
BANCO SABADELL,0.766,3.46,0.03,34.56,0.780,0.744,27744478,4311,17:14,2022-04-20 17:30:26.116772
BANKINTER,5.382,1.85,0.10,20.72,5.448,5.310,1665664,4838,17:14,2022-04-20 17:30:26.116772
BBVA,5.103,0.41,0.02,1.65,5.202,5.101,10361308,34026,17:15,2022-04-20 17:30:26.116772
CAIXABANK,3.117,2.70,0.08,35.42,3.152,3.051,8538327,25125,17:14,2022-04-20 17:30:26.116772
CELLNEX TELECOM,45.420,0.31,0.14,-11.25,45.940,45.210,482556,30855,17:14,2022-04-20 17:30:26.116772
CIE AUTOMOTIVE,20.440,1.29,0.26,-24.30,20.620,20.120,127772,2505,17:09,2022-04-20 17:30:26.116772
COLONIAL,8.185,-0.06,-0.00,-0.79,8.235,8.150,449298,4417,17:14,2022-04-20 17:30:26.116772
ENAGAS,20.990,0.19,0.04,2.89,21.200,20.840,380410,5499,17:11,2022-04-20 17:30:26.116772
ENDESA,19.835,2.03,0.39,-1.81,19.850,19.420,395387,21000,17:15,2022-04-20 17:30:26.116772
FERROVIAL,25.250,-0.36,-0.09,-8.38,25.440,24.960,371715,18523,17:15,2022-04-20 17:30:26.116772
FLUIDRA,25.500,2.00,0.50,-27.56,25.640,24.840,241937,4989,17:13,2022-04-20 17:30:26.116772
GRIFOLS,16.315,1.71,0.27,-3.32,16.350,16.015,1060316,6952,17:15,2022-04-20 17:30:26.116772
IAG,1.730,-0.55,-0.01,1.56,1.753,1.712,10850609,8603,17:14,2022-04-20 17:30:26.116772
IBERDROLA,10.620,1.48,0.15,3.74,10.685,10.410,4818455,68367,17:14,2022-04-20 17:30:26.116772
INDITEX,20.760,-0.05,-0.01,-27.23,21.080,20.690,1905737,64702,17:15,2022-04-20 17:30:26.116772
INDRA,9.405,2.73,0.25,-1.21,9.425,9.100,418769,1661,17:12,2022-04-20 17:30:26.116772
MAPFRE,1.929,0.94,0.02,6.84,1.929,1.898,2125474,5940,17:13,2022-04-20 17:30:26.116772
MELIÁ HOTELS,7.080,0.43,0.03,17.96,7.140,7.010,632397,1560,17:14,2022-04-20 17:30:26.116772
MERLIN PROP,10.800,1.89,0.20,12.85,10.880,10.660,1192280,5074,17:12,2022-04-20 17:30:26.116772
NATURGY,29.200,0.31,0.09,4.13,29.440,28.790,91090,28313,17:15,2022-04-20 17:30:26.116772
PHARMA MAR,77.060,-0.95,-0.74,35.15,77.580,76.200,40815,1414,17:13,2022-04-20 17:30:26.116772
RED ELÉCTRICA,19.135,-0.10,-0.02,2.04,19.260,19.005,316607,10354,17:14,2022-04-20 17:30:26.116772
REPSOL,13.635,-0.07,-0.01,34.27,13.810,13.595,2167016,21378,17:14,2022-04-20 17:30:26.116772
ROVI,63.700,-1.16,-0.75,-13.69,64.850,63.350,145486,3572,17:14,2022-04-20 17:30:26.116772
SANTANDER,3.217,1.72,0.05,9.39,3.251,3.181,32109568,55776,17:14,2022-04-20 17:30:26.116772
SIEMENS GAMESA,16.045,4.19,0.65,-23.85,16.400,14.575,3143612,10929,17:15,2022-04-20 17:30:26.116772
SOLARIA,21.930,2.52,0.54,28.10,22.250,21.200,421092,2740,17:15,2022-04-20 17:30:26.116772
TELEFÓNICA,4.888,-1.11,-0.05,26.90,4.937,4.853,10232328,28248,17:15,2022-04-20 17:30:26.116772
ACCIONA,195.800,-0.36,-0.70,16.48,197.000,192.700,117760,10741,18:00,2022-04-20 18:30:21.050505
ACERINOX,10.080,1.55,0.15,-11.46,10.150,9.930,981164,2727,18:00,2022-04-20 18:30:21.050505
ACS,24.920,0.73,0.18,7.83,24.990,24.740,483362,7343,18:00,2022-04-20 18:30:21.050505
AENA,149.850,-0.20,-0.30,7.96,150.500,148.550,104462,22478,18:00,2022-04-20 18:30:21.050505
ALMIRALL,12.190,-1.30,-0.16,7.88,12.360,12.130,275212,2191,18:00,2022-04-20 18:30:21.050505
AMADEUS IT GROUP,58.000,2.04,1.16,-2.75,58.220,56.560,619195,26129,18:00,2022-04-20 18:30:21.050505
ARCELORMITTAL,29.990,-1.38,-0.42,5.69,30.935,29.905,394101,28125,18:00,2022-04-20 18:30:21.050505
BANCO SABADELL,0.768,3.70,0.03,34.88,0.780,0.744,34582040,4322,18:00,2022-04-20 18:30:21.050505
BANKINTER,5.398,2.16,0.11,21.08,5.448,5.310,2932723,4852,18:00,2022-04-20 18:30:21.050505
BBVA,5.091,0.18,0.01,1.41,5.202,5.085,17675732,33946,18:00,2022-04-20 18:30:21.050505
CAIXABANK,3.134,3.26,0.10,36.16,3.152,3.051,13964487,25262,18:00,2022-04-20 18:30:21.050505
CELLNEX TELECOM,45.320,0.09,0.04,-11.45,45.940,45.210,1011085,30787,18:00,2022-04-20 18:30:21.050505
CIE AUTOMOTIVE,20.500,1.59,0.32,-24.07,20.620,20.120,158647,2512,18:00,2022-04-20 18:30:21.050505
COLONIAL,8.215,0.31,0.03,-0.42,8.235,8.150,772464,4433,18:00,2022-04-20 18:30:21.050505
ENAGAS,21.050,0.48,0.10,3.19,21.200,20.840,774933,5515,18:00,2022-04-20 18:30:21.050505
ENDESA,19.825,1.98,0.39,-1.86,19.880,19.420,787694,20990,18:00,2022-04-20 18:30:21.050505
FERROVIAL,25.340,0.00,0.00,-8.06,25.440,24.960,732099,18589,18:00,2022-04-20 18:30:21.050505
FLUIDRA,25.520,2.08,0.52,-27.50,25.640,24.840,317425,4992,18:00,2022-04-20 18:30:21.050505
GRIFOLS,16.340,1.87,0.30,-3.17,16.350,16.015,1395697,6963,18:00,2022-04-20 18:30:21.050505
IAG,1.734,-0.34,-0.01,1.76,1.753,1.712,11769737,8621,18:00,2022-04-20 18:30:21.050505
IBERDROLA,10.620,1.48,0.15,3.74,10.685,10.410,10042368,68367,18:00,2022-04-20 18:30:21.050505
INDITEX,20.860,0.43,0.09,-26.88,21.080,20.690,3739508,65013,18:00,2022-04-20 18:30:21.050505
INDRA,9.420,2.89,0.27,-1.05,9.430,9.100,530177,1664,18:00,2022-04-20 18:30:21.050505
MAPFRE,1.937,1.36,0.03,7.28,1.937,1.898,3197040,5965,18:00,2022-04-20 18:30:21.050505
MELIÁ HOTELS,7.095,0.64,0.04,18.21,7.140,7.010,760932,1564,18:00,2022-04-20 18:30:21.050505
MERLIN PROP,10.850,2.36,0.25,13.38,10.880,10.660,1726510,5097,18:00,2022-04-20 18:30:21.050505
NATURGY,29.210,0.34,0.10,4.16,29.440,28.790,305104,28322,18:00,2022-04-20 18:30:21.050505
PHARMA MAR,76.940,-1.11,-0.86,34.94,77.580,76.200,49307,1412,18:00,2022-04-20 18:30:21.050505
RED ELÉCTRICA,19.125,-0.16,-0.03,1.98,19.260,19.005,1073941,10348,18:00,2022-04-20 18:30:21.050505
REPSOL,13.630,-0.11,-0.02,34.22,13.810,13.585,3632773,21370,18:00,2022-04-20 18:30:21.050505
ROVI,63.950,-0.78,-0.50,-13.35,64.850,63.350,167293,3586,18:00,2022-04-20 18:30:21.050505
SANTANDER,3.212,1.58,0.05,9.23,3.251,3.181,51449372,55698,18:00,2022-04-20 18:30:21.050505
SIEMENS GAMESA,15.860,2.99,0.46,-24.73,16.400,14.575,3914641,10803,18:00,2022-04-20 18:30:21.050505
SOLARIA,21.990,2.81,0.60,28.45,22.250,21.200,528129,2748,18:00,2022-04-20 18:30:21.050505
TELEFÓNICA,4.885,-1.17,-0.06,26.82,4.937,4.853,17750330,28231,18:00,2022-04-20 18:30:21.050505
ACCIONA,195.800,-0.36,-0.70,16.48,197.000,192.700,117760,10741,18:00,2022-04-20 19:30:16.872104
ACERINOX,10.080,1.55,0.15,-11.46,10.150,9.930,981164,2727,18:00,2022-04-20 19:30:16.872104
ACS,24.920,0.73,0.18,7.83,24.990,24.740,483362,7343,18:00,2022-04-20 19:30:16.872104
AENA,149.850,-0.20,-0.30,7.96,150.500,148.550,104462,22478,18:00,2022-04-20 19:30:16.872104
ALMIRALL,12.190,-1.30,-0.16,7.88,12.360,12.130,275212,2191,18:00,2022-04-20 19:30:16.872104
AMADEUS IT GROUP,58.000,2.04,1.16,-2.75,58.220,56.560,619195,26129,18:00,2022-04-20 19:30:16.872104
ARCELORMITTAL,29.990,-1.38,-0.42,5.69,30.935,29.905,394101,28125,18:00,2022-04-20 19:30:16.872104
BANCO SABADELL,0.768,3.70,0.03,34.88,0.780,0.744,34582040,4322,18:00,2022-04-20 19:30:16.872104
BANKINTER,5.398,2.16,0.11,21.08,5.448,5.310,2932723,4852,18:00,2022-04-20 19:30:16.872104
BBVA,5.091,0.18,0.01,1.41,5.202,5.085,17675732,33946,18:00,2022-04-20 19:30:16.872104
CAIXABANK,3.134,3.26,0.10,36.16,3.152,3.051,13964487,25262,18:00,2022-04-20 19:30:16.872104
CELLNEX TELECOM,45.320,0.09,0.04,-11.45,45.940,45.210,1011085,30787,18:00,2022-04-20 19:30:16.872104
CIE AUTOMOTIVE,20.500,1.59,0.32,-24.07,20.620,20.120,158647,2512,18:00,2022-04-20 19:30:16.872104
COLONIAL,8.215,0.31,0.03,-0.42,8.235,8.150,772464,4433,18:00,2022-04-20 19:30:16.872104
ENAGAS,21.050,0.48,0.10,3.19,21.200,20.840,774933,5515,18:00,2022-04-20 19:30:16.872104
ENDESA,19.825,1.98,0.39,-1.86,19.880,19.420,787694,20990,18:00,2022-04-20 19:30:16.872104
FERROVIAL,25.340,0.00,0.00,-8.06,25.440,24.960,732099,18589,18:00,2022-04-20 19:30:16.872104
FLUIDRA,25.520,2.08,0.52,-27.50,25.640,24.840,317425,4992,18:00,2022-04-20 19:30:16.872104
GRIFOLS,16.340,1.87,0.30,-3.17,16.350,16.015,1395697,6963,18:00,2022-04-20 19:30:16.872104
IAG,1.734,-0.34,-0.01,1.76,1.753,1.712,11769737,8621,18:00,2022-04-20 19:30:16.872104
IBERDROLA,10.620,1.48,0.15,3.74,10.685,10.410,10042368,68367,19:10,2022-04-20 19:30:16.872104
INDITEX,20.860,0.43,0.09,-26.88,21.080,20.690,3739508,65013,18:00,2022-04-20 19:30:16.872104
INDRA,9.420,2.89,0.27,-1.05,9.430,9.100,530177,1664,18:00,2022-04-20 19:30:16.872104
MAPFRE,1.937,1.36,0.03,7.28,1.937,1.898,3197040,5965,18:00,2022-04-20 19:30:16.872104
MELIÁ HOTELS,7.095,0.64,0.04,18.21,7.140,7.010,760932,1564,18:00,2022-04-20 19:30:16.872104
MERLIN PROP,10.850,2.36,0.25,13.38,10.880,10.660,1726510,5097,18:00,2022-04-20 19:30:16.872104
NATURGY,29.210,0.34,0.10,4.16,29.440,28.790,305104,28322,18:00,2022-04-20 19:30:16.872104
PHARMA MAR,76.940,-1.11,-0.86,34.94,77.580,76.200,49307,1412,18:00,2022-04-20 19:30:16.872104
RED ELÉCTRICA,19.125,-0.16,-0.03,1.98,19.260,19.005,1073941,10348,18:00,2022-04-20 19:30:16.872104
REPSOL,13.630,-0.11,-0.02,34.22,13.810,13.585,3632773,21370,19:10,2022-04-20 19:30:16.872104
ROVI,63.950,-0.78,-0.50,-13.35,64.850,63.350,167293,3586,18:00,2022-04-20 19:30:16.872104
SANTANDER,3.212,1.58,0.05,9.23,3.251,3.181,51449372,55698,18:00,2022-04-20 19:30:16.872104
SIEMENS GAMESA,15.860,2.99,0.46,-24.73,16.400,14.575,3914641,10803,18:00,2022-04-20 19:30:16.872104
SOLARIA,21.990,2.81,0.60,28.45,22.250,21.200,528129,2748,18:00,2022-04-20 19:30:16.872104
TELEFÓNICA,4.885,-1.17,-0.06,26.82,4.937,4.853,17750330,28231,18:00,2022-04-20 19:30:16.872104
