2017-04-27,4.095,4.103,4.032,4.034,3.3334580000000003,22224827.0,caixabank
2017-04-28,4.071,4.176,4.03,4.169,3.445014,29700239.0,caixabank
2017-05-02,4.18,4.23,4.173,4.213,3.4813730000000005,55447406.0,caixabank
2017-05-03,4.173,4.223,4.165,4.223,3.489636,22366842.0,caixabank
2017-05-04,4.23,4.386,4.218,4.386,3.6243300000000005,44524881.0,caixabank
2017-05-05,4.275,4.455,4.26,4.429,3.6598629999999996,29586242.0,caixabank
2017-05-08,4.46,4.465,4.301,4.315,3.56566,28721945.0,caixabank
2017-05-09,4.315,4.355,4.237,4.25,3.511947,24202362.0,caixabank
2017-05-10,4.248,4.287,4.205,4.258,3.518558,18569751.0,caixabank
2017-05-11,4.287,4.296,4.207,4.249,3.5111209999999997,24565209.0,caixabank
2017-05-12,4.266,4.294,4.184,4.204,3.473936,24512106.0,caixabank
2017-05-15,4.22,4.282,4.217,4.282,3.5383910000000003,13499248.0,caixabank
2017-05-16,4.27,4.352,4.255,4.33,3.5780550000000004,18985682.0,caixabank
2017-05-17,4.298,4.33,4.161,4.161,3.438403,19426278.0,caixabank
2017-05-18,4.16,4.19,3.973,4.171,3.4466660000000005,40811404.0,caixabank
2017-05-19,4.175,4.255,4.163,4.22,3.487157,14356657.0,caixabank
2017-05-22,4.198,4.219,4.15,4.156,3.434272,10593438.0,caixabank
2017-05-23,4.14,4.27,4.134,4.27,3.5284739999999997,14742244.0,caixabank
2017-05-24,4.275,4.319,4.24,4.266,3.5251690000000004,10398493.0,caixabank
2017-05-25,4.303,4.311,4.207,4.226,3.492115,11940231.0,caixabank
2017-05-26,4.209,4.234,4.144,4.226,3.492115,10806567.0,caixabank
2017-05-29,4.215,4.231,4.19,4.21,3.4788940000000004,6056521.0,caixabank
2017-05-30,4.19,4.21,4.127,4.157,3.4350980000000004,31151851.0,caixabank
2017-05-31,4.176,4.233,4.139,4.204,3.473936,34940571.0,caixabank
2017-06-01,4.2,4.21,4.124,4.145,3.425182,16302681.0,caixabank
2017-06-02,4.19,4.237,4.113,4.124,3.407829,21078830.0,caixabank
2017-06-05,4.13,4.15,4.09,4.12,3.404523,11978402.0,caixabank
2017-06-06,4.095,4.122,4.077,4.095,3.383865,24804950.0,caixabank
2017-06-07,4.097,4.205,4.077,4.156,3.434272,26237310.0,caixabank
2017-06-08,4.146,4.205,4.036,4.121,3.4053489999999997,25310572.0,caixabank
2017-06-09,4.121,4.193,4.085,4.193,3.464846,22648322.0,caixabank
2017-06-12,4.168,4.192,4.101,4.107,3.3937809999999997,22790354.0,caixabank
2017-06-13,4.12,4.145,4.095,4.1,3.387996,14912323.0,caixabank
2017-06-14,4.12,4.137,4.005,4.011,3.3144519999999997,17171502.0,caixabank
2017-06-15,4.012,4.074,3.992,4.057,3.352464,43261579.0,caixabank
2017-06-16,4.084,4.12,4.053,4.09,3.3797330000000003,23162358.0,caixabank
2017-06-19,4.12,4.205,4.116,4.181,3.4549309999999998,13076901.0,caixabank
2017-06-20,4.208,4.218,4.127,4.127,3.410307,13554755.0,caixabank
2017-06-21,4.111,4.137,4.028,4.135,3.416919,12868953.0,caixabank
2017-06-22,4.116,4.116,4.043,4.111,3.3970860000000003,16045958.0,caixabank
2017-06-23,4.093,4.12,4.0,4.03,3.3301529999999997,20740511.0,caixabank
2017-06-26,4.054,4.117,4.043,4.075,3.3673379999999997,24928836.0,caixabank
2017-06-27,4.065,4.213,4.056,4.21,3.4788940000000004,23995629.0,caixabank
2017-06-28,4.18,4.324,4.161,4.301,3.5540910000000006,31070484.0,caixabank
2017-06-29,4.337,4.388,4.251,4.261,3.521037,29677844.0,caixabank
2017-06-30,4.247,4.26,4.162,4.18,3.454103,21604913.0,caixabank
2017-07-03,4.208,4.357,4.207,4.35,3.594582,18452483.0,caixabank
2017-07-04,4.313,4.397,4.303,4.364,3.606151,23527175.0,caixabank
2017-07-05,4.341,4.391,4.311,4.314,3.564834,16940226.0,caixabank
2017-07-06,4.3,4.349,4.247,4.337,3.5838389999999998,17216804.0,caixabank
2017-07-07,4.321,4.337,4.25,4.255,3.516079,11970919.0,caixabank
2017-07-10,4.291,4.291,4.201,4.269,3.527648,13536013.0,caixabank
2017-07-11,4.289,4.295,4.221,4.23,3.495421,17351258.0,caixabank
2017-07-12,4.248,4.307,4.23,4.255,3.516079,12737254.0,caixabank
2017-07-13,4.268,4.343,4.265,4.322,3.571444,15982192.0,caixabank
2017-07-14,4.33,4.373,4.268,4.316,3.5664860000000003,12018236.0,caixabank
2017-07-17,4.332,4.332,4.275,4.316,3.5664860000000003,12103620.0,caixabank
2017-07-18,4.282,4.348,4.203,4.21,3.4788940000000004,13537711.0,caixabank
2017-07-19,4.25,4.253,4.169,4.204,3.473936,15336800.0,caixabank
2017-07-20,4.212,4.275,4.191,4.255,3.516079,17866271.0,caixabank
2017-07-21,4.181,4.22,4.165,4.19,3.462367,16954799.0,caixabank
2017-07-24,4.2,4.264,4.163,4.241,3.504511,16719841.0,caixabank
2017-07-25,4.247,4.367,4.242,4.329,3.577228,18320149.0,caixabank
2017-07-26,4.321,4.35,4.297,4.35,3.594582,16178982.0,caixabank
2017-07-27,4.315,4.382,4.315,4.354,3.597887,9334180.0,caixabank
2017-07-28,4.371,4.463,4.359,4.444,3.672257,27969674.0,caixabank
2017-07-31,4.435,4.473,4.39,4.416,3.64912,17122316.0,caixabank
2017-08-01,4.42,4.479,4.392,4.446,3.67391,12921535.0,caixabank
2017-08-02,4.446,4.474,4.416,4.425,3.656557,13009855.0,caixabank
2017-08-03,4.407,4.441,4.355,4.435,3.6648199999999997,11275323.0,caixabank
2017-08-04,4.439,4.475,4.4,4.457,3.683,11938389.0,caixabank
2017-08-07,4.45,4.494,4.45,4.494,3.713575,7747182.0,caixabank
2017-08-08,4.48,4.508,4.478,4.5,3.7185330000000003,11517319.0,caixabank
2017-08-09,4.466,4.493,4.38,4.431,3.661516,10985163.0,caixabank
2017-08-10,4.41,4.469,4.369,4.377,3.616893,14549544.0,caixabank
2017-08-11,4.349,4.356,4.261,4.32,3.5697919999999996,15547740.0,caixabank
2017-08-14,4.353,4.42,4.337,4.395,3.631767,7160972.0,caixabank
2017-08-15,4.421,4.444,4.395,4.422,3.6540779999999997,7708277.0,caixabank
2017-08-16,4.448,4.478,4.435,4.47,3.693743,7426704.0,caixabank
2017-08-17,4.449,4.47,4.374,4.391,3.628461,9529912.0,caixabank
2017-08-18,4.317,4.41,4.302,4.408,3.6425089999999996,7483558.0,caixabank
2017-08-21,4.399,4.408,4.349,4.355,3.5987139999999997,6208062.0,caixabank
2017-08-22,4.408,4.42,4.368,4.392,3.629288,4684491.0,caixabank
2017-08-23,4.392,4.419,4.345,4.36,3.602845,7479201.0,caixabank
2017-08-24,4.378,4.427,4.376,4.39,3.6276349999999997,7260381.0,caixabank
2017-08-25,4.397,4.409,4.36,4.36,3.602845,5248924.0,caixabank
2017-08-28,4.354,4.374,4.333,4.346,3.591276,3354018.0,caixabank
2017-08-29,4.312,4.343,4.262,4.262,3.521864,10570848.0,caixabank
2017-08-30,4.307,4.336,4.27,4.294,3.5483059999999997,7256792.0,caixabank
2017-08-31,4.301,4.375,4.294,4.338,3.584665,11154826.0,caixabank
2017-09-01,4.37,4.409,4.36,4.377,3.616893,9767167.0,caixabank
2017-09-04,4.308,4.344,4.307,4.32,3.5697919999999996,5903697.0,caixabank
2017-09-05,4.316,4.348,4.206,4.21,3.4788940000000004,11338276.0,caixabank
2017-09-06,4.16,4.186,4.107,4.124,3.407829,25862993.0,caixabank
2017-09-07,4.128,4.174,4.102,4.108,3.394607,14937316.0,caixabank
2017-09-08,4.105,4.191,4.102,4.166,3.4425339999999998,13835073.0,caixabank
2017-09-11,4.194,4.259,4.194,4.246,3.508642,10711259.0,caixabank
2017-09-12,4.27,4.296,4.26,4.274,3.5317800000000004,12210742.0,caixabank
2017-09-13,4.259,4.356,4.259,4.336,3.583013,18907577.0,caixabank
2017-09-14,4.31,4.336,4.285,4.325,3.573923,9262893.0,caixabank
2017-09-15,4.303,4.32,4.253,4.32,3.5697919999999996,18610465.0,caixabank
2017-09-18,4.325,4.37,4.252,4.268,3.526822,20228987.0,caixabank
2017-09-19,4.278,4.293,4.232,4.232,3.4970730000000003,13233950.0,caixabank
2017-09-20,4.219,4.25,4.116,4.151,3.43014,16619118.0,caixabank
2017-09-21,4.153,4.255,4.153,4.244,3.506989,15379515.0,caixabank
2017-09-22,4.237,4.294,4.212,4.272,3.530127,11509745.0,caixabank
2017-09-25,4.244,4.255,4.093,4.11,3.39626,17787253.0,caixabank
2017-09-26,4.093,4.145,4.074,4.12,3.404523,14878418.0,caixabank
2017-09-27,4.148,4.32,4.144,4.301,3.5540910000000006,22873966.0,caixabank
2017-09-28,4.31,4.38,4.236,4.236,3.500379,15532889.0,caixabank
2017-09-29,4.233,4.266,4.159,4.24,3.503684,18156630.0,caixabank
2017-10-02,4.14,4.213,4.015,4.052,3.348332,46113904.0,caixabank
2017-10-03,4.02,4.126,4.02,4.117,3.402044,22525646.0,caixabank
2017-10-04,4.09,4.115,3.82,3.913,3.2334709999999998,54675700.0,caixabank
2017-10-05,3.811,4.173,3.81,4.106,3.392955,57025435.0,caixabank
2017-10-06,4.088,4.17,3.992,4.082,3.373122,39842985.0,caixabank
2017-10-09,4.13,4.21,4.125,4.139,3.4202230000000005,21856978.0,caixabank
2017-10-10,4.128,4.168,4.015,4.047,3.3442010000000004,29492887.0,caixabank
2017-10-11,4.2,4.21,4.026,4.06,3.354943,35185617.0,caixabank
2017-10-12,4.071,4.085,4.042,4.073,3.365685,9759974.0,caixabank
2017-10-13,4.065,4.075,4.019,4.039,3.33759,12382240.0,caixabank
2017-10-16,4.021,4.021,3.941,3.969,3.279746,14593058.0,caixabank
2017-10-17,3.93,3.999,3.92,3.95,3.264045,18870502.0,caixabank
2017-10-18,3.96,3.972,3.881,3.945,3.259913,20130874.0,caixabank
2017-10-19,3.92,3.972,3.868,3.886,3.211159,18413450.0,caixabank
2017-10-20,3.85,3.885,3.839,3.859,3.188848,18375286.0,caixabank
2017-10-23,3.86,3.871,3.79,3.83,3.164884,16160606.0,caixabank
2017-10-24,3.929,3.948,3.765,3.865,3.193806,86616336.0,caixabank
2017-10-25,3.876,3.952,3.87,3.878,3.204549,231937870.0,caixabank
2017-10-26,3.923,4.039,3.827,3.946,3.26074,95921068.0,caixabank
2017-10-27,4.002,4.01,3.725,3.838,3.171495,76748644.0,caixabank
2017-10-30,4.1,4.107,3.916,3.998,3.3037099999999997,36997716.0,caixabank
2017-10-31,3.97,4.066,3.941,4.018,3.379406,36817013.0,caixabank
2017-11-01,4.044,4.092,4.044,4.083,3.434075,126151870.0,caixabank
2017-11-02,4.085,4.096,4.015,4.04,3.397909,27216836.0,caixabank
2017-11-03,4.024,4.031,3.893,3.973,3.341558,48572254.0,caixabank
2017-11-06,3.97,4.008,3.914,3.966,3.33567,24463487.0,caixabank
2017-11-07,3.997,4.022,3.942,3.961,3.331465,21881889.0,caixabank
2017-11-08,3.953,3.976,3.903,3.976,3.3440809999999996,34820676.0,caixabank
2017-11-09,3.942,3.952,3.866,3.889,3.2709080000000004,18630220.0,caixabank
2017-11-10,3.89,3.922,3.856,3.867,3.252405,19993781.0,caixabank
2017-11-13,3.88,3.92,3.851,3.914,3.2919339999999995,13735369.0,caixabank
2017-11-14,3.96,3.989,3.918,3.929,3.30455,14642372.0,caixabank
2017-11-15,3.897,3.987,3.879,3.984,3.3508089999999995,20356542.0,caixabank
2017-11-16,4.005,4.057,3.984,3.997,3.361743,18956709.0,caixabank
2017-11-17,4.004,4.018,3.936,3.939,3.312961,15278970.0,caixabank
2017-11-20,3.922,3.967,3.889,3.904,3.283524,11348327.0,caixabank
2017-11-21,3.9,3.93,3.859,3.87,3.254928,13186152.0,caixabank
2017-11-22,3.883,3.935,3.858,3.898,3.278478,17115659.0,caixabank
2017-11-23,3.889,3.944,3.88,3.9,3.28016,8300575.0,caixabank
2017-11-24,3.909,4.01,3.909,3.947,3.31969,13108778.0,caixabank
2017-11-27,3.933,4.02,3.901,3.901,3.2810010000000003,10330644.0,caixabank
2017-11-28,3.917,3.943,3.9,3.917,3.294458,8572242.0,caixabank
2017-11-29,3.965,4.051,3.961,4.046,3.4029559999999996,24959005.0,caixabank
2017-11-30,4.053,4.069,3.993,3.993,3.3583790000000002,20631601.0,caixabank
2017-12-01,4.001,4.006,3.873,3.873,3.2574509999999997,22228137.0,caixabank
2017-12-04,3.95,3.972,3.899,3.9,3.28016,17270155.0,caixabank
2017-12-05,3.903,3.923,3.873,3.9,3.28016,12088332.0,caixabank
2017-12-06,3.873,3.885,3.835,3.854,3.2414709999999998,14599110.0,caixabank
2017-12-07,3.855,3.943,3.84,3.931,3.306233,12700190.0,caixabank
2017-12-08,3.97,4.079,3.958,4.039,3.397068,19544141.0,caixabank
2017-12-11,4.03,4.061,4.02,4.059,3.4138889999999997,12451330.0,caixabank
2017-12-12,4.067,4.071,3.991,4.008,3.3709949999999997,16776465.0,caixabank
2017-12-13,3.993,4.034,3.965,3.995,3.360061,15227463.0,caixabank
2017-12-14,3.98,4.009,3.923,3.923,3.299504,28450882.0,caixabank
2017-12-15,3.911,3.933,3.854,3.903,3.282683,21715171.0,caixabank
2017-12-18,3.927,3.949,3.919,3.931,3.306233,11457171.0,caixabank
2017-12-19,3.93,3.995,3.929,3.967,3.3365110000000002,12132969.0,caixabank
2017-12-20,3.975,4.009,3.911,4.001,3.365107,20177555.0,caixabank
2017-12-21,3.983,4.087,3.963,4.087,3.437439,16100386.0,caixabank
2017-12-22,3.94,4.02,3.925,3.94,3.3138019999999995,21701737.0,caixabank
2017-12-27,3.93,3.95,3.9,3.943,3.316326,10323210.0,caixabank
2017-12-28,3.944,3.954,3.9,3.903,3.282683,7138887.0,caixabank
2017-12-29,3.902,3.912,3.87,3.889,3.2709080000000004,8401260.0,caixabank
2018-01-02,3.93,3.984,3.91,3.971,3.339875,16097581.0,caixabank
2018-01-03,3.982,3.999,3.953,3.98,3.3474449999999996,17590216.0,caixabank
2018-01-04,3.995,4.059,3.983,4.056,3.4113660000000006,17132136.0,caixabank
2018-01-05,4.08,4.087,4.057,4.073,3.425664,14126151.0,caixabank
2018-01-08,4.085,4.107,4.068,4.072,3.4248230000000004,10856074.0,caixabank
2018-01-09,4.075,4.149,4.071,4.143,3.484539,11855489.0,caixabank
2018-01-10,4.15,4.249,4.147,4.242,3.5678050000000003,20374056.0,caixabank
2018-01-11,4.233,4.339,4.191,4.272,3.5930370000000003,17649985.0,caixabank
2018-01-12,4.278,4.309,4.242,4.28,3.599765,15190162.0,caixabank
2018-01-15,4.278,4.294,4.251,4.272,3.5930370000000003,22767573.0,caixabank
2018-01-16,4.279,4.294,4.255,4.256,3.5795790000000003,14987595.0,caixabank
2018-01-17,4.241,4.279,4.221,4.261,3.5837849999999998,17859440.0,caixabank
2018-01-18,4.269,4.288,4.244,4.26,3.5829440000000004,8999481.0,caixabank
2018-01-19,4.25,4.33,4.249,4.307,3.622474,12141568.0,caixabank
2018-01-22,4.31,4.422,4.276,4.42,3.717514,23621006.0,caixabank
2018-01-23,4.41,4.423,4.35,4.365,3.6712559999999996,15460973.0,caixabank
2018-01-24,4.365,4.383,4.312,4.312,3.626679,16534354.0,caixabank
2018-01-25,4.305,4.44,4.302,4.44,3.734336,17732559.0,caixabank
2018-01-26,4.43,4.45,4.393,4.408,3.707421,10165482.0,caixabank
2018-01-29,4.416,4.418,4.333,4.379,3.6830309999999997,11523973.0,caixabank
2018-01-30,4.336,4.359,4.316,4.332,3.6435,22566252.0,caixabank
2018-01-31,4.325,4.355,4.305,4.347,3.6561160000000004,12658368.0,caixabank
2018-02-01,4.362,4.404,4.285,4.365,3.6712559999999996,13469034.0,caixabank
2018-02-02,4.213,4.321,4.115,4.235,3.561918,29270051.0,caixabank
2018-02-05,4.21,4.234,4.142,4.18,3.515658,15498145.0,caixabank
2018-02-06,4.06,4.169,4.02,4.096,3.4450089999999998,27092612.0,caixabank
2018-02-07,4.174,4.196,4.073,4.181,3.5165,22314215.0,caixabank
2018-02-08,4.165,4.206,4.066,4.072,3.4248230000000004,24658256.0,caixabank
2018-02-09,4.046,4.084,3.963,4.012,3.3743589999999997,27860721.0,caixabank
2018-02-12,4.061,4.106,4.032,4.071,3.423982,14860323.0,caixabank
2018-02-13,4.082,4.094,3.976,3.976,3.3440809999999996,13808568.0,caixabank
2018-02-14,4.014,4.033,3.933,3.991,3.356697,17656975.0,caixabank
2018-02-15,4.035,4.112,3.957,3.993,3.3583790000000002,13380279.0,caixabank
2018-02-16,4.025,4.039,3.995,4.021,3.381929,17720354.0,caixabank
2018-02-19,4.042,4.105,4.031,4.07,3.423141,27961769.0,caixabank
2018-02-20,4.069,4.084,4.03,4.048,3.404638,12752819.0,caixabank
2018-02-21,4.03,4.057,3.976,4.044,3.401273,11734213.0,caixabank
2018-02-22,4.021,4.029,3.976,4.005,3.368472,12320505.0,caixabank
2018-02-23,4.006,4.015,3.939,3.978,3.345763,8856056.0,caixabank
2018-02-26,4.021,4.045,3.987,3.995,3.360061,18733714.0,caixabank
2018-02-27,4.015,4.034,3.98,4.015,3.376882,11214627.0,caixabank
2018-02-28,4.0,4.036,3.976,4.012,3.3743589999999997,17356952.0,caixabank
2018-03-01,3.985,3.996,3.931,3.974,3.342399,13895874.0,caixabank
2018-03-02,3.949,3.952,3.843,3.848,3.236424,16576832.0,caixabank
2018-03-05,3.835,3.878,3.82,3.852,3.239789,17160455.0,caixabank
2018-03-06,3.892,3.916,3.855,3.865,3.250723,15501060.0,caixabank
2018-03-07,3.855,3.88,3.833,3.88,3.2633389999999998,10922962.0,caixabank
2018-03-08,3.899,3.928,3.851,3.878,3.2616560000000003,17572704.0,caixabank
2018-03-09,3.886,3.908,3.854,3.862,3.248199,7927287.0,caixabank
2018-03-12,3.891,3.903,3.86,3.874,3.258292,16701899.0,caixabank
2018-03-13,3.885,3.945,3.873,3.886,3.268385,11564373.0,caixabank
2018-03-14,3.891,3.891,3.828,3.835,3.225491,11994273.0,caixabank
2018-03-15,3.849,3.865,3.807,3.815,3.208669,20848736.0,caixabank
2018-03-16,3.82,3.913,3.814,3.885,3.267544,19181959.0,caixabank
2018-03-19,3.879,3.901,3.836,3.841,3.230537,6855912.0,caixabank
2018-03-20,3.86,3.938,3.854,3.933,3.307915,15084364.0,caixabank
2018-03-21,3.947,3.954,3.886,3.912,3.2902519999999997,9549897.0,caixabank
2018-03-22,3.888,3.921,3.8,3.822,3.214556,30499160.0,caixabank
2018-03-23,3.79,3.831,3.74,3.801,3.196894,22786270.0,caixabank
2018-03-26,3.807,3.825,3.766,3.803,3.1985759999999996,10379513.0,caixabank
2018-03-27,3.862,3.872,3.793,3.815,3.208669,12186085.0,caixabank
2018-03-28,3.775,3.822,3.739,3.822,3.214556,33533470.0,caixabank
2018-03-29,3.841,3.93,3.837,3.872,3.25661,14896937.0,caixabank
2018-04-03,3.837,3.872,3.793,3.815,3.208669,31726418.0,caixabank
2018-04-04,3.82,3.82,3.723,3.813,3.206987,130639848.0,caixabank
2018-04-05,3.869,3.936,3.863,3.93,3.305392,81310246.0,caixabank
2018-04-06,3.901,3.927,3.862,3.87,3.254928,88864489.0,caixabank
2018-04-09,3.902,3.928,3.877,3.919,3.2961400000000003,72309002.0,caixabank
2018-04-10,3.94,3.99,3.899,3.981,3.348286,41011406.0,caixabank
2018-04-11,3.902,3.949,3.902,3.915,3.360303,109035887.0,caixabank
2018-04-12,3.913,3.958,3.893,3.94,3.38176,106322891.0,caixabank
2018-04-13,3.946,4.015,3.931,3.948,3.3886269999999996,32073381.0,caixabank
2018-04-16,3.95,3.98,3.939,3.966,3.4040769999999996,125915573.0,caixabank
2018-04-17,3.973,4.008,3.955,3.976,3.41266,93631232.0,caixabank
2018-04-18,3.987,4.009,3.981,4.009,3.440984,25467034.0,caixabank
2018-04-19,4.02,4.05,3.962,4.019,3.4495669999999996,21260120.0,caixabank
2018-04-20,4.016,4.019,3.973,4.005,3.437551,24880394.0,caixabank
2018-04-23,4.009,4.069,4.008,4.062,3.486475,15862586.0,caixabank
2018-04-24,4.075,4.075,4.001,4.01,3.441843,14039324.0,caixabank
2018-04-25,3.987,4.018,3.971,3.996,3.4298260000000003,18859366.0,caixabank
2018-04-26,3.991,4.025,3.96,3.96,3.3989269999999996,10679297.0,caixabank
2018-04-27,3.988,4.032,3.935,4.032,3.460726,19195517.0,caixabank
2018-04-30,4.042,4.07,4.021,4.039,3.4667339999999998,12913299.0,caixabank
2018-05-02,4.045,4.179,4.045,4.168,3.5774559999999997,31620825.0,caixabank
2018-05-03,4.161,4.17,4.056,4.08,3.501925,13962015.0,caixabank
2018-05-04,4.071,4.162,4.069,4.161,3.571448,10448213.0,caixabank
2018-05-07,4.17,4.196,4.145,4.196,3.601489,14130069.0,caixabank
2018-05-08,4.187,4.239,4.155,4.227,3.628097,19622444.0,caixabank
2018-05-09,4.215,4.244,4.209,4.22,3.6220879999999998,9796920.0,caixabank
2018-05-10,4.24,4.275,4.214,4.268,3.6632879999999997,15186203.0,caixabank
2018-05-11,4.268,4.301,4.262,4.301,3.691612,9808834.0,caixabank
2018-05-14,4.286,4.318,4.278,4.315,3.7036290000000003,14682937.0,caixabank
2018-05-15,4.298,4.329,4.262,4.294,3.685604,13557935.0,caixabank
2018-05-16,4.278,4.289,4.142,4.142,3.55514,23602591.0,caixabank
2018-05-17,4.156,4.196,4.136,4.181,3.5886150000000003,12198908.0,caixabank
2018-05-18,4.175,4.19,4.09,4.111,3.528532,14663026.0,caixabank
2018-05-21,4.144,4.162,4.097,4.097,3.516516,6711266.0,caixabank
2018-05-22,4.11,4.211,4.102,4.196,3.601489,11042426.0,caixabank
2018-05-23,4.18,4.184,4.1,4.162,3.572307,18194975.0,caixabank
2018-05-24,4.173,4.194,4.042,4.062,3.486475,15863179.0,caixabank
2018-05-25,4.086,4.096,3.85,3.909,3.3551519999999995,37197934.0,caixabank
2018-05-28,3.968,3.98,3.832,3.87,3.321678,15732496.0,caixabank
2018-05-29,3.84,3.843,3.612,3.69,3.167182,39927542.0,caixabank
2018-05-30,3.763,3.773,3.659,3.731,3.202373,32620202.0,caixabank
2018-05-31,3.769,3.815,3.607,3.636,3.120833,31836229.0,caixabank
2018-06-01,3.689,3.78,3.666,3.732,3.203231,39078364.0,caixabank
2018-06-04,3.779,3.791,3.687,3.718,3.191215,17327720.0,caixabank
2018-06-05,3.716,3.755,3.652,3.658,3.139716,20210280.0,caixabank
2018-06-06,3.65,3.699,3.57,3.69,3.167182,29345542.0,caixabank
2018-06-07,3.746,3.883,3.74,3.847,3.301937,32193703.0,caixabank
2018-06-08,3.801,3.863,3.78,3.845,3.3002199999999995,24570699.0,caixabank
2018-06-11,3.921,3.971,3.875,3.96,3.3989269999999996,23149431.0,caixabank
2018-06-12,3.996,4.011,3.946,3.961,3.399785,17712883.0,caixabank
2018-06-13,3.96,3.982,3.908,3.926,3.3697440000000003,28263572.0,caixabank
2018-06-14,3.902,3.915,3.838,3.857,3.31052,17637567.0,caixabank
2018-06-15,3.886,3.886,3.71,3.71,3.184348,48907838.0,caixabank
2018-06-18,3.709,3.756,3.671,3.69,3.167182,19895236.0,caixabank
2018-06-19,3.65,3.749,3.611,3.724,3.196364,28152890.0,caixabank
2018-06-20,3.777,3.779,3.718,3.722,3.194648,17114688.0,caixabank
2018-06-21,3.734,3.756,3.64,3.648,3.131133,20234476.0,caixabank
2018-06-22,3.678,3.731,3.667,3.672,3.151732,13592175.0,caixabank
2018-06-25,3.639,3.643,3.577,3.582,3.074484,17977693.0,caixabank
2018-06-26,3.616,3.627,3.56,3.56,3.055601,22444952.0,caixabank
2018-06-27,3.569,3.595,3.501,3.561,3.056459,60269798.0,caixabank
2018-06-28,3.546,3.595,3.53,3.587,3.078775,12733572.0,caixabank
2018-06-29,3.81,3.859,3.683,3.706,3.180915,28289754.0,caixabank
2018-07-02,3.651,3.675,3.59,3.668,3.148299,13530730.0,caixabank
2018-07-03,3.69,3.732,3.641,3.706,3.180915,11964702.0,caixabank
2018-07-04,3.688,3.809,3.68,3.79,3.253013,42367247.0,caixabank
2018-07-05,3.795,3.976,3.795,3.887,3.33627,27810197.0,caixabank
2018-07-06,3.905,3.905,3.821,3.856,3.3096620000000003,18544303.0,caixabank
2018-07-09,3.88,3.9,3.856,3.878,3.3285449999999996,8498488.0,caixabank
2018-07-10,3.89,3.895,3.833,3.846,3.301079,8034799.0,caixabank
2018-07-11,3.812,3.812,3.711,3.751,3.219539,17283019.0,caixabank
2018-07-12,3.77,3.775,3.7,3.725,3.197222,13857536.0,caixabank
2018-07-13,3.746,3.76,3.708,3.733,3.2040889999999997,9260300.0,caixabank
2018-07-16,3.744,3.781,3.722,3.74,3.210098,9414521.0,caixabank
2018-07-17,3.729,3.764,3.682,3.731,3.202373,15834946.0,caixabank
2018-07-18,3.731,3.743,3.644,3.741,3.210956,18074285.0,caixabank
2018-07-19,3.743,3.788,3.713,3.721,3.1937900000000004,9335999.0,caixabank
2018-07-20,3.704,3.728,3.663,3.712,3.186065,14616460.0,caixabank
2018-07-23,3.7,3.747,3.687,3.729,3.200656,18421074.0,caixabank
2018-07-24,3.762,3.842,3.76,3.838,3.2942129999999996,14825046.0,caixabank
2018-07-25,3.845,3.874,3.831,3.844,3.2993620000000004,12729856.0,caixabank
2018-07-26,3.89,3.89,3.822,3.835,3.291638,10307120.0,caixabank
2018-07-27,3.89,3.94,3.846,3.862,3.3148120000000003,16559437.0,caixabank
2018-07-30,3.856,3.935,3.85,3.92,3.3645940000000003,10819557.0,caixabank
2018-07-31,3.92,4.012,3.912,3.957,3.396352,17866503.0,caixabank
2018-08-01,3.975,4.014,3.933,3.962,3.400643,9222969.0,caixabank
2018-08-02,3.951,3.951,3.867,3.897,3.344853,39874540.0,caixabank
2018-08-03,3.916,3.951,3.873,3.933,3.375752,7795413.0,caixabank
2018-08-06,3.939,3.949,3.895,3.94,3.38176,9721521.0,caixabank
2018-08-07,3.963,4.01,3.951,3.982,3.41781,8339611.0,caixabank
2018-08-08,3.984,3.992,3.943,3.969,3.406652,6510485.0,caixabank
2018-08-09,3.97,4.006,3.923,3.999,3.432401,11354865.0,caixabank
2018-08-10,3.94,3.949,3.829,3.876,3.326828,21433758.0,caixabank
2018-08-13,3.854,3.88,3.822,3.864,3.316529,22758384.0,caixabank
2018-08-14,3.887,3.911,3.817,3.818,3.277046,13389992.0,caixabank
2018-08-15,3.851,3.851,3.72,3.746,3.215247,13453657.0,caixabank
2018-08-16,3.796,3.82,3.747,3.796,3.258163,10762377.0,caixabank
2018-08-17,3.81,3.812,3.747,3.784,3.247864,7954692.0,caixabank
2018-08-20,3.803,3.867,3.801,3.841,3.296787,8760824.0,caixabank
2018-08-21,3.838,3.893,3.825,3.874,3.3251120000000003,9048225.0,caixabank
2018-08-22,3.861,3.903,3.861,3.888,3.337128,8995716.0,caixabank
2018-08-23,3.889,3.925,3.868,3.894,3.342278,6328072.0,caixabank
2018-08-24,3.885,3.92,3.885,3.899,3.346569,5384943.0,caixabank
2018-08-27,3.914,3.987,3.901,3.971,3.408368,8677793.0,caixabank
2018-08-28,3.988,3.988,3.909,3.925,3.3688860000000003,9138130.0,caixabank
2018-08-29,3.936,3.957,3.902,3.949,3.3894849999999996,6891464.0,caixabank
2018-08-30,3.931,3.952,3.885,3.907,3.353436,9932127.0,caixabank
2018-08-31,3.907,3.907,3.847,3.861,3.3139540000000003,9833971.0,caixabank
2018-09-03,3.86,3.893,3.855,3.879,3.3294029999999997,5842790.0,caixabank
2018-09-04,3.96,4.058,3.93,4.051,3.477033,28487112.0,caixabank
2018-09-05,4.047,4.11,4.027,4.069,3.492483,28957302.0,caixabank
2018-09-06,4.04,4.056,3.985,3.991,3.425534,16550487.0,caixabank
2018-09-07,4.003,4.034,3.913,3.968,3.405793,14948742.0,caixabank
2018-09-10,3.971,4.055,3.955,4.015,3.446134,9730510.0,caixabank
2018-09-11,4.032,4.066,3.995,4.023,3.453001,7236188.0,caixabank
2018-09-12,4.042,4.042,3.913,3.966,3.4040769999999996,16242353.0,caixabank
2018-09-13,3.966,4.074,3.966,4.033,3.4615839999999998,11352317.0,caixabank
2018-09-14,4.059,4.092,4.021,4.083,3.5045,10225192.0,caixabank
2018-09-17,4.072,4.174,4.064,4.156,3.567157,24039275.0,caixabank
2018-09-18,4.141,4.19,4.111,4.183,3.590331,20595953.0,caixabank
2018-09-19,4.194,4.197,4.104,4.193,3.5989139999999997,26932301.0,caixabank
2018-09-20,,,,,,,caixabank
2018-09-21,4.098,4.127,4.02,4.02,3.450426,49265223.0,caixabank
2018-09-24,4.015,4.041,3.987,3.997,3.430684,10295934.0,caixabank
2018-09-25,4.005,4.063,4.005,4.039,3.4667339999999998,9800637.0,caixabank
2018-09-26,4.03,4.049,3.985,3.996,3.4298260000000003,11511068.0,caixabank
2018-09-27,3.98,3.995,3.9,3.976,3.41266,16697382.0,caixabank
2018-09-28,3.937,3.957,3.855,3.938,3.3800440000000003,21191315.0,caixabank
2018-10-01,3.92,3.947,3.871,3.871,3.322537,16820656.0,caixabank
2018-10-02,3.85,3.885,3.811,3.837,3.293354,25544692.0,caixabank
2018-10-03,3.886,3.904,3.824,3.853,3.307087,10618317.0,caixabank
2018-10-04,3.851,3.955,3.83,3.924,3.3680269999999997,17680171.0,caixabank
2018-10-05,3.918,3.923,3.87,3.87,3.321678,9455498.0,caixabank
2018-10-08,3.864,3.872,3.813,3.84,3.295929,8894790.0,caixabank
2018-10-09,3.87,3.958,3.847,3.915,3.360303,20451674.0,caixabank
2018-10-10,3.9,3.964,3.897,3.905,3.351719,25348238.0,caixabank
2018-10-11,3.839,3.908,3.828,3.864,3.316529,18510551.0,caixabank
2018-10-12,3.904,3.923,3.83,3.836,3.292496,13307949.0,caixabank
2018-10-15,3.825,3.853,3.801,3.832,3.2890629999999996,9105404.0,caixabank
2018-10-16,3.849,3.864,3.81,3.863,3.31567,19730948.0,caixabank
2018-10-17,3.877,3.895,3.807,3.814,3.273613,13708673.0,caixabank
2018-10-18,3.82,3.901,3.439,3.641,3.125124,63398696.0,caixabank
2018-10-19,3.64,3.75,3.505,3.665,3.145724,46063301.0,caixabank
2018-10-22,3.705,3.76,3.531,3.533,3.0324259999999996,20721641.0,caixabank
2018-10-23,3.5,3.517,3.445,3.456,2.966336,30314814.0,caixabank
2018-10-24,3.459,3.471,3.373,3.375,2.8968130000000003,128715002.0,caixabank
2018-10-25,3.332,3.465,3.319,3.458,2.968053,21477341.0,caixabank
2018-10-26,3.54,3.557,3.405,3.503,3.006677,272555573.0,caixabank
2018-10-29,3.54,3.564,3.465,3.511,3.013543,88518680.0,caixabank
2018-10-30,3.524,3.584,3.505,3.549,3.046159,78623415.0,caixabank
2018-10-31,3.6,3.609,3.568,3.581,3.073626,16309900.0,caixabank
2018-11-01,3.515,3.551,3.485,3.513,3.075377,95853705.0,caixabank
2018-11-02,3.557,3.583,3.537,3.564,3.1200229999999998,222233872.0,caixabank
2018-11-05,3.564,3.633,3.553,3.594,3.146286,84968776.0,caixabank
2018-11-06,3.594,3.601,3.526,3.565,3.120898,79243375.0,caixabank
2018-11-07,3.78,3.785,3.637,3.721,3.2574650000000003,54986027.0,caixabank
2018-11-08,3.733,3.74,3.687,3.687,3.2277,12900085.0,caixabank
2018-11-09,3.655,3.681,3.631,3.67,3.212818,62892598.0,caixabank
2018-11-12,3.683,3.715,3.658,3.671,3.213694,8902646.0,caixabank
2018-11-13,3.668,3.779,3.66,3.711,3.248711,20694137.0,caixabank
2018-11-14,3.695,3.763,3.668,3.732,3.267095,11017637.0,caixabank
2018-11-15,3.73,3.764,3.68,3.725,3.260967,12995101.0,caixabank
2018-11-16,3.74,3.778,3.705,3.727,3.262718,16795348.0,caixabank
2018-11-19,3.739,3.772,3.711,3.711,3.248711,10812519.0,caixabank
2018-11-20,3.69,3.701,3.638,3.66,3.204064,10453011.0,caixabank
2018-11-21,3.68,3.708,3.655,3.683,3.224199,9664031.0,caixabank
2018-11-22,3.66,3.673,3.642,3.653,3.197936,6632027.0,caixabank
2018-11-23,3.656,3.68,3.63,3.646,3.191808,5970924.0,caixabank
2018-11-26,3.682,3.743,3.68,3.711,3.248711,12728348.0,caixabank
2018-11-27,3.71,3.71,3.618,3.648,3.193559,15026619.0,caixabank
2018-11-28,3.66,3.665,3.529,3.573,3.127902,27767826.0,caixabank
2018-11-29,3.62,3.63,3.567,3.62,3.169047,12109093.0,caixabank
2018-11-30,3.61,3.657,3.597,3.635,3.182178,13260550.0,caixabank
2018-12-03,3.699,3.7,3.628,3.628,3.17605,11569351.0,caixabank
2018-12-04,3.58,3.595,3.525,3.525,3.085881,13268681.0,caixabank
2018-12-05,3.5,3.524,3.45,3.472,3.039484,14251445.0,caixabank
2018-12-06,3.438,3.443,3.306,3.32,2.906419,18122553.0,caixabank
2018-12-07,3.35,3.418,3.324,3.362,2.943187,13256314.0,caixabank
2018-12-10,3.339,3.373,3.3,3.3,2.8889099999999996,9574665.0,caixabank
2018-12-11,3.324,3.351,3.301,3.312,2.8994150000000003,10917801.0,caixabank
2018-12-12,3.327,3.407,3.327,3.383,2.9615709999999997,16871770.0,caixabank
2018-12-13,3.407,3.428,3.372,3.405,2.98083,21863411.0,caixabank
2018-12-14,3.376,3.397,3.322,3.39,2.967699,12573939.0,caixabank
2018-12-17,3.372,3.415,3.355,3.357,2.9388099999999997,10369495.0,caixabank
2018-12-18,3.346,3.376,3.32,3.32,2.906419,13693871.0,caixabank
2018-12-19,3.323,3.372,3.323,3.355,2.937059,12513382.0,caixabank
2018-12-20,3.304,3.347,3.269,3.273,2.8652740000000003,15062702.0,caixabank
2018-12-21,3.271,3.294,3.145,3.167,2.772478,30399579.0,caixabank
2018-12-24,3.14,3.177,3.09,3.09,2.70507,4937530.0,caixabank
2018-12-27,3.172,3.172,3.034,3.061,2.6796830000000003,16650454.0,caixabank
2018-12-28,3.077,3.135,3.062,3.134,2.743589,10540354.0,caixabank
2018-12-31,3.125,3.174,3.112,3.164,2.769852,4569129.0,caixabank
2019-01-02,3.12,3.15,3.065,3.129,2.7392119999999998,12493309.0,caixabank
2019-01-03,3.127,3.171,3.107,3.127,2.737461,9456811.0,caixabank
2019-01-04,3.169,3.252,3.147,3.247,2.8425119999999997,11865877.0,caixabank
2019-01-07,3.257,3.272,3.216,3.266,2.859146,9318885.0,caixabank
2019-01-08,3.271,3.294,3.235,3.272,2.864398,14102027.0,caixabank
2019-01-09,3.289,3.322,3.236,3.246,2.841637,15373877.0,caixabank
2019-01-10,3.224,3.247,3.198,3.223,2.821502,11084807.0,caixabank
2019-01-11,3.206,3.261,3.204,3.249,2.844264,18473018.0,caixabank
2019-01-14,3.226,3.279,3.221,3.262,2.855644,9112277.0,caixabank
2019-01-15,3.29,3.315,3.25,3.305,2.893287,10202878.0,caixabank
2019-01-16,3.31,3.363,3.297,3.361,2.942311,22568325.0,caixabank
2019-01-17,3.331,3.359,3.303,3.313,2.900291,17191374.0,caixabank
2019-01-18,3.332,3.375,3.305,3.305,2.893287,21344243.0,caixabank
2019-01-21,3.307,3.312,3.264,3.289,2.879281,9531107.0,caixabank
2019-01-22,3.26,3.274,3.229,3.249,2.844264,18686568.0,caixabank
2019-01-23,3.22,3.38,3.217,3.374,2.9536919999999998,14805421.0,caixabank
2019-01-24,3.38,3.4,3.3,3.312,2.8994150000000003,16242541.0,caixabank
2019-01-25,3.331,3.4,3.327,3.4,2.976453,12786388.0,caixabank
2019-01-28,3.375,3.394,3.304,3.328,2.913422,11133034.0,caixabank
2019-01-29,3.315,3.341,3.292,3.312,2.8994150000000003,15193279.0,caixabank
2019-01-30,3.312,3.356,3.312,3.356,2.937934,16294019.0,caixabank
2019-01-31,3.37,3.385,3.271,3.298,2.887159,21171478.0,caixabank
2019-02-01,3.13,3.192,3.025,3.06,2.678807,59405175.0,caixabank
2019-02-04,3.07,3.072,2.895,2.921,2.557123,50181094.0,caixabank
2019-02-05,2.94,2.973,2.886,2.936,2.570255,24860846.0,caixabank
2019-02-06,2.937,2.98,2.909,2.94,2.573756,26898698.0,caixabank
2019-02-07,2.937,2.948,2.859,2.886,2.5264830000000003,22195499.0,caixabank
2019-02-08,2.873,2.9,2.85,2.886,2.5264830000000003,22193900.0,caixabank
2019-02-11,2.915,2.967,2.903,2.958,2.589514,16796225.0,caixabank
2019-02-12,2.99,2.995,2.949,2.959,2.59039,14981097.0,caixabank
2019-02-13,2.967,2.967,2.916,2.955,2.586888,15871852.0,caixabank
2019-02-14,2.969,2.972,2.92,2.925,2.560625,19784220.0,caixabank
2019-02-15,2.917,3.027,2.907,3.011,2.635911,25060721.0,caixabank
2019-02-18,3.015,3.066,3.012,3.055,2.6744310000000002,13539598.0,caixabank
2019-02-19,3.038,3.059,3.006,3.05,2.670053,14262865.0,caixabank
2019-02-20,3.05,3.059,3.023,3.034,2.656047,16428993.0,caixabank
2019-02-21,3.043,3.043,3.005,3.01,2.635036,16781260.0,caixabank
2019-02-22,3.01,3.032,3.0,3.01,2.635036,11596244.0,caixabank
2019-02-25,3.025,3.045,3.016,3.027,2.6499189999999997,9688025.0,caixabank
2019-02-26,3.017,3.046,2.973,3.04,2.661299,13187242.0,caixabank
2019-02-27,3.032,3.115,3.03,3.111,2.7234540000000003,14856209.0,caixabank
2019-02-28,3.092,3.164,3.067,3.136,2.74534,16996366.0,caixabank
2019-03-01,3.159,3.162,3.104,3.104,2.717327,10603568.0,caixabank
2019-03-04,3.12,3.13,3.096,3.107,2.719953,8774791.0,caixabank
2019-03-05,3.103,3.124,3.074,3.106,2.719077,10819678.0,caixabank
2019-03-06,3.1,3.14,3.09,3.11,2.722579,16204189.0,caixabank
2019-03-07,3.111,3.136,2.97,2.99,2.617528,28466453.0,caixabank
2019-03-08,2.953,2.967,2.89,2.91,2.547494,18250903.0,caixabank
2019-03-11,2.925,2.939,2.885,2.933,2.567628,11986260.0,caixabank
2019-03-12,2.949,2.955,2.913,2.928,2.5632509999999997,12062210.0,caixabank
2019-03-13,2.931,2.979,2.925,2.96,2.591265,11999980.0,caixabank
2019-03-14,2.965,3.008,2.951,2.956,2.5877630000000003,11982208.0,caixabank
2019-03-15,2.965,2.967,2.935,2.941,2.574632,26484678.0,caixabank
2019-03-18,2.952,3.044,2.95,3.03,2.652545,13626843.0,caixabank
2019-03-19,3.03,3.059,3.018,3.027,2.6499189999999997,10258882.0,caixabank
2019-03-20,3.021,3.042,2.923,2.923,2.5588740000000003,13949581.0,caixabank
2019-03-21,2.91,2.915,2.844,2.874,2.515978,22649224.0,caixabank
2019-03-22,2.887,2.896,2.784,2.801,2.4520720000000003,30687059.0,caixabank
2019-03-25,2.798,2.832,2.765,2.78,2.433688,16988231.0,caixabank
2019-03-26,2.782,2.793,2.745,2.745,2.403048,13524540.0,caixabank
2019-03-27,2.753,2.853,2.738,2.795,2.44682,19182437.0,caixabank
2019-03-28,2.787,2.8,2.743,2.765,2.420557,8671865.0,caixabank
2019-03-29,2.793,2.802,2.763,2.784,2.43719,12968998.0,caixabank
2019-04-01,2.853,2.914,2.803,2.913,2.55012,87005614.0,caixabank
2019-04-02,2.916,2.926,2.854,2.859,2.502847,19483277.0,caixabank
2019-04-03,2.894,2.942,2.885,2.939,2.572881,15360407.0,caixabank
2019-04-04,2.933,2.975,2.908,2.969,2.599144,12266956.0,caixabank
2019-04-05,2.969,2.983,2.924,2.974,2.6035209999999998,15877334.0,caixabank
2019-04-08,2.98,2.988,2.951,2.964,2.594767,50857940.0,caixabank
2019-04-09,2.957,2.998,2.935,2.944,2.577258,40751151.0,caixabank
2019-04-10,2.955,2.975,2.874,2.874,2.515978,21806032.0,caixabank
2019-04-11,2.81,2.865,2.767,2.841,2.576746,21441687.0,caixabank
2019-04-12,2.841,2.903,2.796,2.892,2.6230029999999998,18322319.0,caixabank
2019-04-15,2.902,2.949,2.884,2.897,2.627537,62130772.0,caixabank
2019-04-16,2.902,2.944,2.893,2.944,2.670166,23904104.0,caixabank
2019-04-17,2.94,3.004,2.933,2.998,2.719143,33519022.0,caixabank
2019-04-18,3.002,3.002,2.921,2.956,2.68105,22033239.0,caixabank
2019-04-23,2.94,2.945,2.857,2.869,2.6021419999999997,67094543.0,caixabank
2019-04-24,2.867,2.89,2.798,2.819,2.5567919999999997,39628440.0,caixabank
2019-04-25,2.815,2.841,2.783,2.815,2.5531639999999998,21935743.0,caixabank
2019-04-26,2.828,2.858,2.802,2.839,2.574932,10352749.0,caixabank
2019-04-29,2.82,2.919,2.81,2.919,2.647491,22023790.0,caixabank
2019-04-30,2.9,2.91,2.787,2.839,2.574932,28978753.0,caixabank
2019-05-02,2.857,2.923,2.819,2.866,2.599421,18331015.0,caixabank
2019-05-03,2.88,2.903,2.858,2.878,2.610305,13493332.0,caixabank
2019-05-06,2.82,2.855,2.803,2.842,2.5776529999999998,10094843.0,caixabank
2019-05-07,2.848,2.872,2.792,2.792,2.532304,24165015.0,caixabank
2019-05-08,2.79,2.828,2.76,2.827,2.564048,24438320.0,caixabank
2019-05-09,2.79,2.805,2.757,2.762,2.5050950000000003,10741620.0,caixabank
2019-05-10,2.798,2.801,2.745,2.747,2.491489,21330880.0,caixabank
2019-05-13,2.75,2.759,2.712,2.732,2.4778849999999997,12766820.0,caixabank
2019-05-14,2.75,2.759,2.702,2.718,2.465187,11686823.0,caixabank
2019-05-15,2.721,2.734,2.67,2.724,2.470629,12699038.0,caixabank
2019-05-16,2.728,2.807,2.71,2.807,2.5459080000000003,12471594.0,caixabank
2019-05-17,2.793,2.817,2.764,2.789,2.529583,13591663.0,caixabank
2019-05-20,2.79,2.811,2.754,2.77,2.51235,12714106.0,caixabank
2019-05-21,2.781,2.809,2.746,2.805,2.544095,12674071.0,caixabank
2019-05-22,2.799,2.825,2.771,2.78,2.52142,17179797.0,caixabank
2019-05-23,2.755,2.78,2.736,2.767,2.509629,19069104.0,caixabank
2019-05-24,2.779,2.806,2.762,2.763,2.506001,13031097.0,caixabank
2019-05-27,2.786,2.819,2.768,2.782,2.523234,4502323.0,caixabank
2019-05-28,2.775,2.828,2.741,2.825,2.562234,17547955.0,caixabank
2019-05-29,2.78,2.804,2.756,2.786,2.526862,12909088.0,caixabank
2019-05-30,2.817,2.848,2.807,2.828,2.564955,8461391.0,caixabank
2019-05-31,2.79,2.805,2.751,2.758,2.501466,13303909.0,caixabank
2019-06-03,2.743,2.743,2.685,2.709,2.457024,23104249.0,caixabank
2019-06-04,2.7,2.813,2.699,2.812,2.5504439999999997,18429167.0,caixabank
2019-06-05,2.785,2.81,2.703,2.713,2.460652,21172302.0,caixabank
2019-06-06,2.725,2.766,2.637,2.658,2.410768,21438411.0,caixabank
2019-06-07,2.672,2.672,2.602,2.616,2.372674,25176399.0,caixabank
2019-06-10,2.636,2.677,2.619,2.677,2.4280009999999996,13147779.0,caixabank
2019-06-11,2.67,2.696,2.63,2.63,2.3853720000000003,17586815.0,caixabank
2019-06-12,2.6,2.618,2.581,2.586,2.3454650000000004,21404445.0,caixabank
2019-06-13,2.585,2.608,2.551,2.587,2.346372,13186521.0,caixabank
2019-06-14,2.577,2.594,2.566,2.577,2.337302,7922831.0,caixabank
2019-06-17,2.59,2.6,2.566,2.566,2.327325,7425387.0,caixabank
2019-06-18,2.566,2.566,2.51,2.532,2.296488,22234235.0,caixabank
2019-06-19,2.537,2.559,2.519,2.531,2.2955810000000003,26715597.0,caixabank
2019-06-20,2.537,2.545,2.468,2.475,2.244789,23467779.0,caixabank
2019-06-21,2.482,2.509,2.453,2.464,2.234812,28233722.0,caixabank
2019-06-24,2.466,2.497,2.44,2.445,2.21758,12804673.0,caixabank
2019-06-25,2.44,2.44,2.4,2.438,2.211231,16811674.0,caixabank
2019-06-26,2.443,2.49,2.439,2.459,2.2302779999999998,15226536.0,caixabank
2019-06-27,2.475,2.504,2.457,2.488,2.25658,14529204.0,caixabank
2019-06-28,2.495,2.519,2.49,2.518,2.28379,10801296.0,caixabank
2019-07-01,2.554,2.571,2.532,2.541,2.304651,17757161.0,caixabank
2019-07-02,2.547,2.547,2.479,2.486,2.254766,15101155.0,caixabank
2019-07-03,2.479,2.552,2.455,2.55,2.3128130000000002,11770908.0,caixabank
2019-07-04,2.553,2.632,2.55,2.632,2.3871860000000003,19440069.0,caixabank
2019-07-05,2.641,2.663,2.592,2.618,2.374488,21646293.0,caixabank
2019-07-08,2.612,2.644,2.54,2.549,2.311906,12936145.0,caixabank
2019-07-09,2.538,2.547,2.495,2.536,2.300116,21440965.0,caixabank
2019-07-10,2.535,2.613,2.535,2.561,2.3227900000000004,11242050.0,caixabank
2019-07-11,2.574,2.574,2.511,2.554,2.316441,10406484.0,caixabank
2019-07-12,2.565,2.599,2.561,2.561,2.3227900000000004,10481213.0,caixabank
2019-07-15,2.58,2.591,2.555,2.56,2.321883,9710682.0,caixabank
2019-07-16,2.562,2.617,2.543,2.6,2.3581630000000002,12885224.0,caixabank
2019-07-17,2.6,2.6,2.506,2.506,2.2729060000000003,16877200.0,caixabank
2019-07-18,2.47,2.522,2.454,2.509,2.275627,17259371.0,caixabank
2019-07-19,2.51,2.527,2.411,2.413,2.188556,20552242.0,caixabank
2019-07-22,2.422,2.436,2.384,2.395,2.17223,13057113.0,caixabank
2019-07-23,2.419,2.461,2.405,2.453,2.2248360000000003,10672613.0,caixabank
2019-07-24,2.442,2.456,2.416,2.445,2.21758,9924673.0,caixabank
2019-07-25,2.46,2.512,2.425,2.434,2.2076029999999998,17180680.0,caixabank
2019-07-26,2.4,2.404,2.259,2.272,2.0606709999999997,47274904.0,caixabank
2019-07-29,2.291,2.321,2.263,2.296,2.082439,21274380.0,caixabank
2019-07-30,2.301,2.302,2.229,2.24,2.031648,21618095.0,caixabank
2019-07-31,2.25,2.279,2.232,2.235,2.027113,24979037.0,caixabank
2019-08-01,2.237,2.293,2.235,2.264,2.053415,15363872.0,caixabank
2019-08-02,2.22,2.243,2.2,2.22,2.0135080000000003,15378830.0,caixabank
2019-08-05,2.2,2.249,2.2,2.231,2.023485,12162805.0,caixabank
2019-08-06,2.237,2.248,2.192,2.192,1.9881119999999999,18299659.0,caixabank
2019-08-07,2.201,2.211,2.163,2.204,1.998996,19288128.0,caixabank
2019-08-08,2.231,2.252,2.206,2.245,2.0361830000000003,14948975.0,caixabank
2019-08-09,2.231,2.238,2.175,2.187,1.9835770000000001,17236330.0,caixabank
2019-08-12,2.205,2.205,2.104,2.104,1.908298,12880952.0,caixabank
2019-08-13,2.1,2.138,2.08,2.08,1.8865299999999998,26982657.0,caixabank
2019-08-14,2.078,2.078,2.007,2.012,1.824855,22964087.0,caixabank
2019-08-15,2.02,2.042,1.982,2.008,1.8212270000000002,24881914.0,caixabank
2019-08-16,2.012,2.099,1.982,2.099,1.903763,32268002.0,caixabank
2019-08-19,2.113,2.149,2.072,2.072,1.8792740000000001,13015852.0,caixabank
2019-08-20,2.062,2.07,2.01,2.015,1.8275759999999999,11876620.0,caixabank
2019-08-21,2.018,2.043,2.002,2.002,1.8157849999999998,7831983.0,caixabank
2019-08-22,2.0,2.087,2.0,2.061,1.869298,12761912.0,caixabank
2019-08-23,2.088,2.097,2.028,2.028,1.8393669999999998,11279091.0,caixabank
2019-08-26,2.02,2.057,2.014,2.044,1.853878,6668901.0,caixabank
2019-08-27,2.045,2.073,2.036,2.048,1.857507,12514636.0,caixabank
2019-08-28,2.05,2.062,2.035,2.049,1.858414,12116323.0,caixabank
2019-08-29,2.043,2.095,2.043,2.079,1.885623,9252981.0,caixabank
2019-08-30,2.085,2.095,2.048,2.061,1.869298,9915322.0,caixabank
2019-09-02,2.054,2.056,2.015,2.015,1.8275759999999999,7310760.0,caixabank
2019-09-03,2.013,2.042,1.99,2.018,1.830297,17170509.0,caixabank
2019-09-04,2.047,2.065,2.043,2.052,1.8611349999999998,11458950.0,caixabank
2019-09-05,2.067,2.163,2.067,2.16,1.9590889999999999,23907888.0,caixabank
2019-09-06,2.15,2.195,2.125,2.137,1.9382279999999998,16785029.0,caixabank
2019-09-09,2.146,2.207,2.146,2.207,2.0017169999999997,20293633.0,caixabank
2019-09-10,2.215,2.268,2.088,2.265,2.054322,45121654.0,caixabank
2019-09-11,2.295,2.332,2.25,2.262,2.051601,28306888.0,caixabank
2019-09-12,2.267,2.304,2.175,2.241,2.032555,30274752.0,caixabank
2019-09-13,2.247,2.406,2.245,2.404,2.1803939999999997,33297946.0,caixabank
2019-09-16,2.39,2.413,2.338,2.385,2.163161,27280959.0,caixabank
2019-09-17,2.382,2.389,2.288,2.293,2.079718,26135584.0,caixabank
2019-09-18,2.299,2.334,2.279,2.302,2.0878810000000003,21741619.0,caixabank
2019-09-19,2.311,2.405,2.303,2.39,2.167696,22916226.0,caixabank
2019-09-20,2.38,2.401,2.362,2.399,2.1758580000000003,35144719.0,caixabank
2019-09-23,2.381,2.393,2.317,2.351,2.132323,15174112.0,caixabank
2019-09-24,2.355,2.392,2.344,2.345,2.126881,13058116.0,caixabank
2019-09-25,2.332,2.373,2.286,2.373,2.152277,16614591.0,caixabank
2019-09-26,2.358,2.371,2.325,2.371,2.1504630000000002,15950025.0,caixabank
2019-09-27,2.37,2.418,2.354,2.403,2.179487,13391776.0,caixabank
2019-09-30,2.41,2.443,2.401,2.41,2.185835,16076929.0,caixabank
2019-10-01,2.428,2.446,2.372,2.372,2.15137,17509344.0,caixabank
2019-10-02,2.35,2.377,2.301,2.301,2.086974,16101758.0,caixabank
2019-10-03,2.294,2.311,2.256,2.298,2.084253,14445074.0,caixabank
2019-10-04,2.31,2.312,2.27,2.286,2.073369,12818789.0,caixabank
2019-10-07,2.292,2.332,2.263,2.326,2.109648,12925446.0,caixabank
2019-10-08,2.354,2.36,2.262,2.288,2.075183,10459783.0,caixabank
2019-10-09,2.29,2.324,2.282,2.298,2.084253,8986698.0,caixabank
2019-10-10,2.297,2.414,2.297,2.405,2.1813,15068652.0,caixabank
2019-10-11,2.413,2.534,2.413,2.534,2.298301,28670720.0,caixabank
2019-10-14,2.5,2.522,2.455,2.519,2.284697,17469165.0,caixabank
2019-10-15,2.54,2.58,2.507,2.577,2.337302,17654648.0,caixabank
2019-10-16,2.555,2.638,2.53,2.624,2.37993,25703182.0,caixabank
2019-10-17,2.595,2.67,2.573,2.575,2.3354880000000002,19534246.0,caixabank
2019-10-18,2.565,2.598,2.545,2.564,2.325511,23854111.0,caixabank
2019-10-21,2.587,2.668,2.585,2.653,2.4062330000000003,17883530.0,caixabank
2019-10-22,2.652,2.667,2.557,2.564,2.325511,20618232.0,caixabank
2019-10-23,2.557,2.605,2.543,2.586,2.3454650000000004,17529453.0,caixabank
2019-10-24,2.595,2.613,2.528,2.538,2.30193,13368536.0,caixabank
2019-10-25,2.541,2.569,2.53,2.547,2.310092,11535005.0,caixabank
2019-10-28,2.563,2.574,2.529,2.541,2.304651,13135113.0,caixabank
2019-10-29,2.547,2.551,2.503,2.533,2.297395,12770857.0,caixabank
2019-10-30,2.53,2.548,2.467,2.496,2.263836,12123832.0,caixabank
2019-10-31,2.564,2.57,2.48,2.565,2.326418,20275184.0,caixabank
2019-11-01,2.57,2.665,2.57,2.649,2.402605,19228078.0,caixabank
2019-11-04,2.664,2.697,2.655,2.695,2.4443259999999998,15804936.0,caixabank
2019-11-05,2.7,2.792,2.691,2.771,2.513257,24683674.0,caixabank
2019-11-06,2.78,2.811,2.707,2.728,2.474257,16871878.0,caixabank
2019-11-07,2.742,2.814,2.738,2.798,2.537746,20209290.0,caixabank
2019-11-08,2.782,2.813,2.743,2.785,2.5259549999999997,16332883.0,caixabank
2019-11-11,2.767,2.789,2.735,2.756,2.499652,22750585.0,caixabank
2019-11-12,2.781,2.796,2.636,2.646,2.399884,27168559.0,caixabank
2019-11-13,2.626,2.626,2.55,2.59,2.349093,24897619.0,caixabank
2019-11-14,2.598,2.625,2.562,2.591,2.35,23706303.0,caixabank
2019-11-15,2.62,2.646,2.592,2.626,2.381744,13028232.0,caixabank
2019-11-18,2.64,2.675,2.613,2.642,2.396256,11849832.0,caixabank
2019-11-19,2.66,2.698,2.651,2.664,2.41621,11721125.0,caixabank
2019-11-20,2.648,2.653,2.611,2.646,2.399884,8716791.0,caixabank
2019-11-21,2.624,2.671,2.615,2.667,2.418931,9471174.0,caixabank
2019-11-22,2.683,2.714,2.667,2.686,2.436163,16395025.0,caixabank
2019-11-25,2.706,2.724,2.67,2.676,2.427094,10661157.0,caixabank
2019-11-26,2.685,2.688,2.652,2.674,2.42528,15036642.0,caixabank
2019-11-27,2.688,2.72,2.674,2.718,2.465187,10523111.0,caixabank
2019-11-28,2.711,2.722,2.681,2.683,2.433442,6349787.0,caixabank
2019-11-29,2.679,2.699,2.663,2.679,2.429814,10834952.0,caixabank
2019-12-02,2.688,2.758,2.663,2.664,2.41621,16562464.0,caixabank
2019-12-03,2.68,2.691,2.635,2.648,2.401698,12117705.0,caixabank
2019-12-04,2.655,2.726,2.647,2.726,2.472443,13039740.0,caixabank
2019-12-05,2.733,2.773,2.718,2.721,2.467908,12917604.0,caixabank
2019-12-06,2.741,2.765,2.712,2.748,2.492396,10936968.0,caixabank
2019-12-09,2.733,2.761,2.723,2.723,2.469722,8277059.0,caixabank
2019-12-10,2.72,2.723,2.657,2.671,2.422559,16082161.0,caixabank
2019-12-11,2.653,2.68,2.651,2.651,2.404419,13494327.0,caixabank
2019-12-12,2.664,2.78,2.652,2.774,2.515978,21752268.0,caixabank
2019-12-13,2.831,2.88,2.754,2.754,2.4978380000000002,20736097.0,caixabank
2019-12-16,2.771,2.806,2.763,2.789,2.529583,11342453.0,caixabank
2019-12-17,2.777,2.789,2.747,2.774,2.515978,8980087.0,caixabank
2019-12-18,2.775,2.82,2.773,2.818,2.555885,14049890.0,caixabank
2019-12-19,2.812,2.864,2.81,2.861,2.5948860000000002,23071138.0,caixabank
2019-12-20,2.852,2.872,2.83,2.87,2.603049,25645069.0,caixabank
2019-12-23,2.855,2.869,2.822,2.832,2.5685830000000003,7966345.0,caixabank
2019-12-24,2.835,2.844,2.819,2.825,2.562234,2691849.0,caixabank
2019-12-25,2.825,2.825,2.825,2.825,2.562234,0.0,caixabank
2019-12-27,2.83,2.872,2.821,2.821,2.558606,7220122.0,caixabank
2019-12-30,2.816,2.833,2.796,2.796,2.535932,17969084.0,caixabank
2019-12-31,2.785,2.798,2.763,2.798,2.537746,8844742.0,caixabank
2020-01-02,2.837,2.899,2.821,2.899,2.6293509999999998,13223482.0,caixabank
2020-01-03,2.862,2.881,2.845,2.874,2.606677,12766390.0,caixabank
2020-01-06,2.85,2.871,2.807,2.863,2.5967,9495909.0,caixabank
2020-01-07,2.87,2.897,2.854,2.885,2.616653,11087034.0,caixabank
2020-01-08,2.861,2.895,2.851,2.886,2.6175599999999997,11093549.0,caixabank
2020-01-09,2.91,2.922,2.845,2.852,2.586723,12856364.0,caixabank
2020-01-10,2.891,2.891,2.773,2.778,2.519606,13864005.0,caixabank
2020-01-13,2.781,2.789,2.738,2.779,2.5205130000000002,12947896.0,caixabank
2020-01-14,2.794,2.794,2.709,2.739,2.484234,15809547.0,caixabank
2020-01-15,2.741,2.753,2.705,2.714,2.461559,10479941.0,caixabank
2020-01-16,2.712,2.75,2.693,2.742,2.486955,9729550.0,caixabank
2020-01-17,2.75,2.803,2.75,2.769,2.511443,10821234.0,caixabank
2020-01-20,2.765,2.812,2.743,2.798,2.537746,9921560.0,caixabank
2020-01-21,2.763,2.795,2.708,2.711,2.458838,25942332.0,caixabank
2020-01-22,2.716,2.742,2.687,2.7,2.448861,11340904.0,caixabank
2020-01-23,2.7,2.756,2.654,2.671,2.422559,14024716.0,caixabank
2020-01-24,2.701,2.734,2.652,2.653,2.4062330000000003,31474486.0,caixabank
2020-01-27,2.624,2.646,2.604,2.609,2.366326,14238923.0,caixabank
2020-01-28,2.633,2.646,2.591,2.622,2.378116,13893218.0,caixabank
2020-01-29,2.623,2.652,2.611,2.611,2.3681400000000004,12837180.0,caixabank
2020-01-30,2.59,2.66,2.578,2.636,2.3908139999999998,17806522.0,caixabank
2020-01-31,2.684,2.772,2.624,2.64,2.3944419999999997,20548488.0,caixabank
2020-02-03,2.665,2.697,2.638,2.664,2.41621,9393361.0,caixabank
2020-02-04,2.691,2.705,2.657,2.671,2.422559,12219447.0,caixabank
2020-02-05,2.67,2.8,2.664,2.8,2.53956,48196926.0,caixabank
2020-02-06,2.816,2.89,2.8,2.876,2.60849,28083566.0,caixabank
2020-02-07,2.86,2.911,2.853,2.911,2.6402349999999997,21003245.0,caixabank
2020-02-10,2.897,2.924,2.882,2.913,2.642049,18443887.0,caixabank
2020-02-11,2.94,2.942,2.764,2.764,2.506908,32542799.0,caixabank
2020-02-12,2.777,2.903,2.777,2.885,2.616653,20212593.0,caixabank
2020-02-13,2.853,2.871,2.8,2.868,2.601235,13245441.0,caixabank
2020-02-14,2.87,2.88,2.797,2.807,2.5459080000000003,18123615.0,caixabank
2020-02-17,2.816,2.832,2.797,2.811,2.549537,9908124.0,caixabank
2020-02-18,2.811,2.837,2.73,2.73,2.476071,16625077.0,caixabank
2020-02-19,2.759,2.769,2.725,2.751,2.495117,13454533.0,caixabank
2020-02-20,2.748,2.774,2.7,2.7,2.448861,15991281.0,caixabank
2020-02-21,2.683,2.715,2.666,2.703,2.451582,18538800.0,caixabank
2020-02-24,2.642,2.659,2.585,2.618,2.374488,25030245.0,caixabank
2020-02-25,2.62,2.621,2.529,2.529,2.293766,22183720.0,caixabank
2020-02-26,2.53,2.549,2.474,2.519,2.284697,21125224.0,caixabank
2020-02-27,2.48,2.497,2.396,2.43,2.203975,16458940.0,caixabank
2020-02-28,2.361,2.38,2.266,2.321,2.105114,35116840.0,caixabank
2020-03-02,2.364,2.372,2.24,2.328,2.111462,27846034.0,caixabank
2020-03-03,2.362,2.513,2.339,2.415,2.19037,51889342.0,caixabank
2020-03-04,2.422,2.462,2.297,2.334,2.116904,37588068.0,caixabank
2020-03-05,2.357,2.362,2.212,2.24,2.031648,56973997.0,caixabank
2020-03-06,2.19,2.215,2.138,2.183,1.97995,45147100.0,caixabank
2020-03-09,2.1,2.106,1.968,2.0,1.813971,45516363.0,caixabank
2020-03-10,2.04,2.127,1.963,1.9895,1.804448,41811968.0,caixabank
2020-03-11,2.024,2.127,2.023,2.075,1.881995,35848552.0,caixabank
2020-03-12,1.998,2.025,1.7385,1.753,1.5899459999999999,73646752.0,caixabank
2020-03-13,2.05,2.05,1.765,1.806,1.638016,35404518.0,caixabank
2020-03-16,1.73,1.74,1.563,1.6,1.451177,54857633.0,caixabank
2020-03-17,1.743,1.75,1.6005,1.677,1.521015,33706516.0,caixabank
2020-03-18,1.6745,1.74,1.6065,1.654,1.500154,24902928.0,caixabank
2020-03-19,1.7195,1.822,1.689,1.782,1.616248,22249538.0,caixabank
2020-03-20,1.8395,1.897,1.657,1.6845,1.527817,32838380.0,caixabank
2020-03-23,1.625,1.704,1.592,1.604,1.454805,23533373.0,caixabank
2020-03-24,1.695,1.704,1.6275,1.704,1.545503,24227928.0,caixabank
2020-03-25,1.766,1.825,1.71,1.7945,1.627586,20500596.0,caixabank
2020-03-26,1.738,1.869,1.711,1.869,1.695156,17273512.0,caixabank
2020-03-27,1.8135,1.84,1.739,1.759,1.595388,15566562.0,caixabank
2020-03-30,1.73,1.734,1.641,1.6715,1.516026,47381930.0,caixabank
2020-03-31,1.7125,1.7185,1.6625,1.7,1.541875,17554458.0,caixabank
2020-04-01,1.65,1.687,1.631,1.67,1.514666,45580541.0,caixabank
2020-04-02,1.672,1.713,1.602,1.635,1.482921,45047931.0,caixabank
2020-04-03,1.64,1.648,1.601,1.6195,1.468863,47797559.0,caixabank
2020-04-06,1.7205,1.731,1.67,1.71,1.550945,112935956.0,caixabank
2020-04-07,1.7675,1.8295,1.6905,1.7425,1.580422,105860561.0,caixabank
2020-04-08,1.74,1.7945,1.7015,1.7725,1.607632,29951535.0,caixabank
2020-04-09,1.75,1.778,1.7145,1.744,1.6468189999999998,17352809.0,caixabank
2020-04-14,1.775,1.775,1.678,1.689,1.594884,21208605.0,caixabank
2020-04-15,1.689,1.693,1.6,1.6005,1.5113159999999999,55613973.0,caixabank
2020-04-16,1.6435,1.6455,1.5565,1.59,1.501401,44636503.0,caixabank
2020-04-17,1.645,1.6485,1.5925,1.6075,1.517926,51168653.0,caixabank
2020-04-20,1.615,1.619,1.566,1.6,1.510844,76248080.0,caixabank
2020-04-21,1.58,1.5985,1.55,1.55,1.46363,97881617.0,caixabank
2020-04-22,1.5615,1.5655,1.51,1.5335,1.448049,50750627.0,caixabank
2020-04-23,1.55,1.616,1.5405,1.587,1.4985680000000001,14930673.0,caixabank
2020-04-24,1.5485,1.589,1.521,1.5385,1.4527709999999998,12253908.0,caixabank
2020-04-27,1.609,1.609,1.53,1.534,1.448521,23389351.0,caixabank
2020-04-28,1.536,1.6,1.52,1.578,1.49007,19651990.0,caixabank
2020-04-29,1.5975,1.7115,1.5815,1.7115,1.6161299999999998,22198995.0,caixabank
2020-04-30,1.679,1.7495,1.628,1.641,1.549559,32553572.0,caixabank
2020-05-04,1.604,1.6245,1.575,1.595,1.506122,15348562.0,caixabank
2020-05-05,1.63,1.648,1.585,1.596,1.507066,10359298.0,caixabank
2020-05-06,1.596,1.634,1.562,1.578,1.49007,34606004.0,caixabank
2020-05-07,1.58,1.6415,1.5615,1.6415,1.550031,11620506.0,caixabank
2020-05-08,1.645,1.659,1.621,1.65,1.558057,7538442.0,caixabank
2020-05-11,1.67,1.684,1.617,1.655,1.5627790000000001,9435606.0,caixabank
2020-05-12,1.6405,1.67,1.629,1.629,1.5382280000000002,10873990.0,caixabank
2020-05-13,1.6165,1.6165,1.555,1.555,1.468351,21926417.0,caixabank
2020-05-14,1.551,1.5855,1.52,1.566,1.4787379999999999,15326444.0,caixabank
2020-05-15,1.586,1.594,1.516,1.522,1.43719,18287346.0,caixabank
2020-05-18,1.5515,1.619,1.544,1.616,1.525952,11734586.0,caixabank
2020-05-19,1.645,1.652,1.5235,1.5485,1.462213,23938182.0,caixabank
2020-05-20,1.543,1.567,1.5,1.5595,1.4726,19071283.0,caixabank
2020-05-21,1.54,1.587,1.528,1.5495,1.463158,12968259.0,caixabank
2020-05-22,1.5255,1.6075,1.513,1.5575,1.470712,19148954.0,caixabank
2020-05-25,1.5795,1.594,1.562,1.59,1.501401,7655726.0,caixabank
2020-05-26,1.616,1.7275,1.6055,1.7175,1.621796,31632010.0,caixabank
2020-05-27,1.7355,1.81,1.731,1.79,1.6902560000000002,35937999.0,caixabank
2020-05-28,1.828,1.832,1.7335,1.7665,1.668066,19093065.0,caixabank
2020-05-29,1.728,1.758,1.6635,1.6795,1.585914,26843616.0,caixabank
2020-06-01,1.724,1.7485,1.688,1.741,1.6439869999999999,14083010.0,caixabank
2020-06-02,1.742,1.8385,1.7335,1.8125,1.711502,24540835.0,caixabank
2020-06-03,1.8435,1.9155,1.8345,1.9155,1.8087630000000001,25284813.0,caixabank
2020-06-04,1.89,1.944,1.8525,1.906,1.7997919999999998,33706968.0,caixabank
2020-06-05,1.96,2.05,1.95,2.05,1.935768,30488585.0,caixabank
2020-06-08,2.032,2.112,2.01,2.055,1.94049,30950829.0,caixabank
2020-06-09,2.023,2.048,1.924,1.96,1.850783,27401814.0,caixabank
2020-06-10,1.985,2.017,1.9315,1.9415,1.8333139999999999,16275717.0,caixabank
2020-06-11,1.86,1.9095,1.83,1.8635,1.7596610000000001,61902479.0,caixabank
2020-06-12,1.8315,1.923,1.8235,1.8585,1.754939,18814948.0,caixabank
2020-06-15,1.7745,1.91,1.759,1.884,1.779018,19255227.0,caixabank
2020-06-16,1.9675,1.9825,1.904,1.952,1.843229,20321620.0,caixabank
2020-06-17,1.9515,1.994,1.933,1.95,1.841341,15394203.0,caixabank
2020-06-18,1.9475,1.9825,1.9,1.9345,1.826704,19040800.0,caixabank
2020-06-19,1.96,1.9635,1.89,1.9165,1.809707,39018801.0,caixabank
2020-06-22,1.8985,1.9295,1.88,1.892,1.786572,10474317.0,caixabank
2020-06-23,1.922,1.972,1.8985,1.93,1.822455,20120933.0,caixabank
2020-06-24,1.9335,1.95,1.8545,1.8545,1.7511619999999999,10373477.0,caixabank
2020-06-25,1.836,1.8905,1.812,1.8875,1.7823229999999999,15128130.0,caixabank
2020-06-26,1.904,1.91,1.846,1.846,1.743136,13577421.0,caixabank
2020-06-29,1.85,1.938,1.83,1.917,1.810179,11061424.0,caixabank
2020-06-30,1.92,1.938,1.867,1.9005,1.794599,10916526.0,caixabank
2020-07-01,1.9005,1.92,1.866,1.879,1.774297,8678418.0,caixabank
2020-07-02,1.9135,2.005,1.911,1.9905,1.879584,15662723.0,caixabank
2020-07-03,1.99,1.991,1.9495,1.959,1.849839,12785534.0,caixabank
2020-07-06,2.03,2.091,2.023,2.078,1.9622080000000002,17767411.0,caixabank
2020-07-07,2.04,2.06,2.015,2.015,1.9027189999999998,10987051.0,caixabank
2020-07-08,1.994,2.013,1.9645,1.9755,1.86542,9862018.0,caixabank
2020-07-09,1.99,2.008,1.948,1.9515,1.842757,8161925.0,caixabank
2020-07-10,1.9375,2.004,1.9335,1.994,1.882889,8197017.0,caixabank
2020-07-13,2.034,2.062,2.01,2.046,1.931991,10847401.0,caixabank
2020-07-14,2.028,2.069,2.014,2.063,1.9480439999999999,11663269.0,caixabank
2020-07-15,2.08,2.112,2.042,2.087,1.970706,20435148.0,caixabank
2020-07-16,2.078,2.102,2.061,2.08,1.9640970000000002,23598424.0,caixabank
2020-07-17,2.07,2.097,2.047,2.086,1.9697619999999998,14873643.0,caixabank
2020-07-20,2.08,2.109,2.052,2.108,1.990536,10239121.0,caixabank
2020-07-21,2.146,2.205,2.103,2.108,1.990536,19588477.0,caixabank
2020-07-22,2.11,2.131,2.101,2.118,1.9999790000000002,10114940.0,caixabank
2020-07-23,2.129,2.13,2.081,2.102,1.9848709999999998,25055796.0,caixabank
2020-07-24,2.08,2.135,2.077,2.107,1.9895919999999998,11496791.0,caixabank
2020-07-27,2.095,2.1,2.009,2.021,1.908384,16005101.0,caixabank
2020-07-28,2.021,2.068,2.016,2.051,1.9367130000000001,16193078.0,caixabank
2020-07-29,2.059,2.068,1.991,2.005,1.8932759999999997,10600179.0,caixabank
2020-07-30,2.011,2.013,1.841,1.92,1.8130119999999998,25120476.0,caixabank
2020-07-31,1.9065,1.945,1.8105,1.82,1.7185849999999998,16509393.0,caixabank
2020-08-03,1.8195,1.913,1.81,1.905,1.798848,15101595.0,caixabank
2020-08-04,1.93,1.977,1.9195,1.9725,1.862587,27658579.0,caixabank
2020-08-05,1.9835,2.005,1.938,1.9445,1.8361470000000002,10530828.0,caixabank
2020-08-06,1.9395,1.9615,1.8845,1.91,1.803569,11288988.0,caixabank
2020-08-07,1.8945,1.921,1.89,1.92,1.8130119999999998,8291178.0,caixabank
2020-08-10,1.9565,2.01,1.954,2.007,1.8951639999999998,9366211.0,caixabank
2020-08-11,2.02,2.089,2.02,2.074,1.958431,12875534.0,caixabank
2020-08-12,2.075,2.113,2.052,2.059,1.9442669999999997,11506490.0,caixabank
2020-08-13,2.04,2.069,2.011,2.014,1.901774,8168115.0,caixabank
2020-08-14,2.016,2.017,1.948,2.011,1.898942,8725287.0,caixabank
2020-08-17,2.005,2.024,1.954,1.954,1.845118,9581755.0,caixabank
2020-08-18,1.945,1.9815,1.9415,1.95,1.841341,6574653.0,caixabank
2020-08-19,1.943,1.988,1.933,1.9845,1.873918,5538813.0,caixabank
2020-08-20,1.95,1.962,1.926,1.94,1.831898,8191998.0,caixabank
2020-08-21,1.953,1.9565,1.8925,1.9075,1.801209,9570158.0,caixabank
2020-08-24,1.9225,1.9385,1.895,1.9335,1.8257599999999998,7837612.0,caixabank
2020-08-25,1.957,1.9785,1.9,1.905,1.798848,11397345.0,caixabank
2020-08-26,1.9,1.9305,1.874,1.8875,1.7823229999999999,6707186.0,caixabank
2020-08-27,1.8875,1.8925,1.834,1.853,1.749746,11890902.0,caixabank
2020-08-28,1.87,1.901,1.8505,1.8995,1.793655,9536667.0,caixabank
2020-08-31,1.91,1.9305,1.842,1.842,1.739359,11017213.0,caixabank
2020-09-01,1.882,1.882,1.8055,1.8265,1.724723,17100853.0,caixabank
2020-09-02,1.83,1.8435,1.775,1.776,1.677036,12825510.0,caixabank
2020-09-03,1.8105,1.847,1.794,1.8155,1.714335,16610295.0,caixabank
2020-09-04,1.906,2.09,1.8905,2.04,1.9263259999999998,53189205.0,caixabank
2020-09-07,2.092,2.119,1.987,2.009,1.8970529999999999,19505309.0,caixabank
2020-09-08,2.007,2.028,1.945,1.9555,1.8465340000000001,12906381.0,caixabank
2020-09-09,1.954,2.065,1.954,2.055,1.94049,24431143.0,caixabank
2020-09-10,2.054,2.075,2.025,2.04,1.9263259999999998,11080297.0,caixabank
2020-09-11,2.038,2.058,2.006,2.01,1.8979970000000002,10553740.0,caixabank
2020-09-14,2.029,2.03,1.986,2.019,1.906496,7755406.0,caixabank
2020-09-15,2.012,2.044,1.986,2.017,1.904607,15281772.0,caixabank
2020-09-16,2.012,2.043,1.9885,2.043,1.9291580000000002,12629498.0,caixabank
2020-09-17,2.05,2.072,2.014,2.065,1.949932,17821189.0,caixabank
2020-09-18,2.072,2.094,1.982,2.02,1.9074400000000002,58360053.0,caixabank
2020-09-21,1.987,1.9885,1.912,1.95,1.841341,22729197.0,caixabank
2020-09-22,1.966,1.982,1.9375,1.9495,1.840868,15282432.0,caixabank
2020-09-23,1.968,1.98,1.892,1.892,1.786572,21676075.0,caixabank
2020-09-24,1.87,1.959,1.8525,1.9225,1.815373,18021135.0,caixabank
2020-09-25,1.9365,1.9575,1.846,1.8545,1.7511619999999999,14080494.0,caixabank
2020-09-28,1.886,1.895,1.8425,1.895,1.789405,26020020.0,caixabank
2020-09-29,1.8755,1.8755,1.81,1.8175,1.7162240000000002,12273432.0,caixabank
2020-09-30,1.792,1.857,1.756,1.813,1.711975,20777125.0,caixabank
2020-10-01,1.837,1.8385,1.7385,1.74,1.643042,19184724.0,caixabank
2020-10-02,1.718,1.743,1.696,1.7225,1.6265180000000001,18751566.0,caixabank
2020-10-05,1.744,1.757,1.6985,1.716,1.62038,14718839.0,caixabank
2020-10-06,1.723,1.8035,1.7035,1.7775,1.678453,14525635.0,caixabank
2020-10-07,1.7615,1.791,1.747,1.754,1.656262,11006112.0,caixabank
2020-10-08,1.7645,1.803,1.756,1.786,1.686479,8516156.0,caixabank
2020-10-09,1.793,1.7995,1.74,1.7475,1.6501240000000001,10898370.0,caixabank
2020-10-12,1.745,1.751,1.697,1.708,1.612826,10649303.0,caixabank
2020-10-13,1.707,1.707,1.6215,1.625,1.534451,13471654.0,caixabank
2020-10-14,1.6445,1.678,1.6285,1.6595,1.567028,14332742.0,caixabank
2020-10-15,1.64,1.676,1.61,1.6645,1.571749,18897970.0,caixabank
2020-10-16,1.672,1.6835,1.618,1.674,1.5807200000000001,16504842.0,caixabank
2020-10-19,1.676,1.717,1.6615,1.71,1.614714,14840977.0,caixabank
2020-10-20,1.68,1.7375,1.68,1.7015,1.606688,14458939.0,caixabank
2020-10-21,1.72,1.726,1.66,1.6815,1.587802,17887154.0,caixabank
2020-10-22,1.665,1.702,1.6385,1.6905,1.596301,15182492.0,caixabank
2020-10-23,1.7,1.726,1.69,1.717,1.621324,11897172.0,caixabank
2020-10-26,1.669,1.7235,1.663,1.6855,1.591579,10194140.0,caixabank
2020-10-27,1.702,1.7215,1.616,1.62,1.5297290000000001,14728373.0,caixabank
2020-10-28,1.602,1.617,1.5595,1.5715,1.483932,17336908.0,caixabank
2020-10-29,1.5755,1.6035,1.548,1.574,1.486292,13145589.0,caixabank
2020-10-30,1.574,1.582,1.518,1.562,1.474961,19619151.0,caixabank
2020-11-02,1.5755,1.611,1.543,1.611,1.521231,14232953.0,caixabank
2020-11-03,1.625,1.645,1.5975,1.635,1.543893,16664756.0,caixabank
2020-11-04,1.5795,1.6275,1.568,1.5915,1.502817,12379503.0,caixabank
2020-11-05,1.605,1.652,1.56,1.633,1.5420049999999998,20907503.0,caixabank
2020-11-06,1.6345,1.6645,1.597,1.609,1.519342,11304782.0,caixabank
2020-11-09,1.6145,1.8635,1.608,1.85,1.7469130000000002,37767987.0,caixabank
2020-11-10,1.85,2.058,1.838,2.036,1.922548,45046664.0,caixabank
2020-11-11,2.036,2.079,1.993,2.034,1.9206599999999998,20786087.0,caixabank
2020-11-12,2.0,2.042,1.9855,2.011,1.898942,15761127.0,caixabank
2020-11-13,1.99,2.056,1.982,2.044,1.930102,15999192.0,caixabank
2020-11-16,2.1,2.174,2.053,2.169,2.048137,30553918.0,caixabank
2020-11-17,2.169,2.187,2.136,2.187,2.065134,18445482.0,caixabank
2020-11-18,2.18,2.237,2.165,2.231,2.106682,16735334.0,caixabank
2020-11-19,2.189,2.223,2.167,2.189,2.067023,14937435.0,caixabank
2020-11-20,2.192,2.203,2.176,2.188,2.066079,11994376.0,caixabank
2020-11-23,2.21,2.221,2.185,2.214,2.09063,15427619.0,caixabank
2020-11-24,2.22,2.284,2.204,2.284,2.156729,18292984.0,caixabank
2020-11-25,2.297,2.311,2.197,2.244,2.118958,23102905.0,caixabank
2020-11-26,2.241,2.246,2.184,2.196,2.073633,11149878.0,caixabank
2020-11-27,2.183,2.216,2.178,2.203,2.080243,12468739.0,caixabank
2020-11-30,2.18,2.18,2.121,2.147,2.0273630000000002,26778046.0,caixabank
2020-12-01,2.147,2.186,2.133,2.168,2.047193,16228837.0,caixabank
2020-12-02,2.161,2.241,2.157,2.24,2.115181,20328195.0,caixabank
2020-12-03,2.228,2.24,2.198,2.238,2.113292,14286694.0,caixabank
2020-12-04,2.237,2.282,2.218,2.254,2.1284009999999998,16043513.0,caixabank
2020-12-07,2.238,2.274,2.222,2.248,2.122735,13968025.0,caixabank
2020-12-08,2.25,2.287,2.238,2.253,2.127457,11853342.0,caixabank
2020-12-09,2.269,2.3,2.264,2.29,2.162395,13833509.0,caixabank
2020-12-10,2.288,2.316,2.228,2.238,2.113292,10752113.0,caixabank
2020-12-11,2.236,2.245,2.171,2.198,2.0755209999999997,10211032.0,caixabank
2020-12-14,2.238,2.285,2.226,2.23,2.105738,11965853.0,caixabank
2020-12-15,2.233,2.312,2.214,2.305,2.176559,14915408.0,caixabank
2020-12-16,2.295,2.334,2.247,2.274,2.1472860000000003,13499795.0,caixabank
2020-12-17,2.291,2.292,2.245,2.246,2.120847,12290306.0,caixabank
2020-12-18,2.239,2.248,2.199,2.199,2.076466,27988117.0,caixabank
2020-12-21,2.11,2.15,2.064,2.116,1.998091,17107822.0,caixabank
2020-12-22,2.123,2.145,2.109,2.13,2.011311,8216848.0,caixabank
2020-12-23,2.139,2.17,2.107,2.17,2.049082,23323213.0,caixabank
2020-12-24,2.192,2.192,2.139,2.139,2.019809,2644617.0,caixabank
2020-12-28,2.158,2.179,2.126,2.153,2.033029,4941482.0,caixabank
2020-12-29,2.157,2.169,2.13,2.144,2.02453,5293624.0,caixabank
2020-12-30,2.148,2.162,2.133,2.133,2.0141430000000002,5128134.0,caixabank
2020-12-31,2.13,2.136,2.101,2.101,1.983927,3701968.0,caixabank
2021-01-04,2.12,2.147,2.09,2.129,2.010366,8326232.0,caixabank
2021-01-05,2.117,2.148,2.105,2.134,2.015088,6435079.0,caixabank
2021-01-06,2.164,2.286,2.157,2.255,2.1293450000000003,13655369.0,caixabank
2021-01-07,2.27,2.36,2.224,2.34,2.209609,21956456.0,caixabank
2021-01-08,2.369,2.369,2.319,2.341,2.210553,13926788.0,caixabank
2021-01-11,2.321,2.357,2.282,2.296,2.1680610000000002,14127450.0,caixabank
2021-01-12,2.315,2.381,2.313,2.362,2.2303830000000002,12385739.0,caixabank
2021-01-13,2.35,2.366,2.339,2.343,2.212441,9574661.0,caixabank
2021-01-14,2.348,2.36,2.327,2.335,2.204887,21279429.0,caixabank
2021-01-15,2.327,2.341,2.207,2.223,2.099128,15516553.0,caixabank
2021-01-18,2.217,2.237,2.209,2.228,2.10385,7609948.0,caixabank
2021-01-19,2.255,2.276,2.181,2.195,2.072689,17025032.0,caixabank
2021-01-20,2.184,2.202,2.114,2.135,2.016032,14848011.0,caixabank
2021-01-21,2.149,2.178,2.123,2.136,2.0169759999999997,12194714.0,caixabank
2021-01-22,2.11,2.128,2.052,2.052,1.937657,27504037.0,caixabank
2021-01-25,2.065,2.087,1.9845,1.9905,1.879584,11672126.0,caixabank
2021-01-26,1.9945,2.032,1.9935,2.012,1.899886,8670624.0,caixabank
2021-01-27,2.0,2.017,1.9295,1.9475,1.8389799999999998,10859077.0,caixabank
2021-01-28,1.947,2.03,1.942,2.023,1.9102729999999999,14891210.0,caixabank
2021-01-29,2.05,2.115,2.023,2.087,1.970706,21709918.0,caixabank
2021-02-01,2.129,2.13,2.046,2.06,1.945211,14883242.0,caixabank
2021-02-02,2.082,2.126,2.041,2.126,2.007533,16365657.0,caixabank
2021-02-03,2.176,2.183,2.124,2.136,2.0169759999999997,11890007.0,caixabank
2021-02-04,2.14,2.183,2.126,2.179,2.0575799999999997,13153007.0,caixabank
2021-02-05,2.182,2.219,2.163,2.192,2.069855,14644328.0,caixabank
2021-02-08,2.228,2.245,2.202,2.218,2.094407,10053345.0,caixabank
2021-02-09,2.214,2.217,2.175,2.203,2.080243,14141371.0,caixabank
2021-02-10,2.217,2.246,2.202,2.235,2.11046,12549700.0,caixabank
2021-02-11,2.216,2.242,2.207,2.233,2.108571,7357672.0,caixabank
2021-02-12,2.23,2.253,2.195,2.253,2.127457,12016036.0,caixabank
2021-02-15,2.285,2.309,2.271,2.308,2.179392,9821437.0,caixabank
2021-02-16,2.31,2.325,2.278,2.318,2.1888349999999996,7981968.0,caixabank
2021-02-17,2.322,2.355,2.31,2.337,2.2067759999999996,10740269.0,caixabank
2021-02-18,2.333,2.357,2.297,2.313,2.184113,10738010.0,caixabank
2021-02-19,2.33,2.357,2.315,2.35,2.219051,11836942.0,caixabank
2021-02-22,2.35,2.358,2.315,2.34,2.209609,7911222.0,caixabank
2021-02-23,2.348,2.412,2.342,2.405,2.270987,12327233.0,caixabank
2021-02-24,2.393,2.429,2.393,2.415,2.2804290000000003,7802369.0,caixabank
2021-02-25,2.436,2.53,2.431,2.488,2.3493619999999997,14583450.0,caixabank
2021-02-26,2.44,2.473,2.392,2.407,2.272875,16483541.0,caixabank
2021-03-01,2.432,2.459,2.419,2.435,2.299315,8766835.0,caixabank
2021-03-02,2.434,2.533,2.432,2.504,2.3644700000000003,11867975.0,caixabank
2021-03-03,2.51,2.552,2.478,2.516,2.375802,10362863.0,caixabank
2021-03-04,2.49,2.525,2.478,2.493,2.354083,8606455.0,caixabank
2021-03-05,2.495,2.544,2.447,2.473,2.335198,13511746.0,caixabank
2021-03-08,2.5,2.553,2.499,2.54,2.398464,11566216.0,caixabank
2021-03-09,2.545,2.557,2.436,2.49,2.35125,14482526.0,caixabank
2021-03-10,2.49,2.544,2.466,2.501,2.361637,13219396.0,caixabank
2021-03-11,2.515,2.518,2.395,2.451,2.3144240000000003,17342255.0,caixabank
2021-03-12,2.45,2.512,2.424,2.508,2.368247,10757068.0,caixabank
2021-03-15,2.516,2.561,2.478,2.503,2.363526,13993517.0,caixabank
2021-03-16,2.516,2.563,2.511,2.562,2.419238,18785300.0,caixabank
2021-03-17,2.563,2.623,2.549,2.574,2.4305689999999998,13573804.0,caixabank
2021-03-18,2.6,2.677,2.6,2.654,2.506112,13527535.0,caixabank
2021-03-19,2.61,2.643,2.554,2.573,2.429625,17528157.0,caixabank
2021-03-22,2.536,2.56,2.51,2.52,2.379579,7278936.0,caixabank
2021-03-23,2.523,2.578,2.497,2.556,2.413573,7610548.0,caixabank
2021-03-24,2.542,2.604,2.487,2.604,2.458898,14786232.0,caixabank
2021-03-25,2.6,2.6,2.504,2.548,2.406018,12950650.0,caixabank
2021-03-26,2.585,2.637,2.544,2.611,2.4655080000000003,50728324.0,caixabank
2021-03-29,2.6,2.656,2.563,2.59,2.445678,23692618.0,caixabank
2021-03-30,2.626,2.7,2.606,2.686,2.5363290000000003,14169456.0,caixabank
2021-03-31,2.685,2.7,2.639,2.639,2.491948,90831719.0,caixabank
2021-04-01,2.6,2.602,2.562,2.6,2.455121,36653487.0,caixabank
2021-04-06,2.62,2.639,2.581,2.598,2.453232,14825783.0,caixabank
2021-04-07,2.615,2.624,2.583,2.617,2.471174,12527937.0,caixabank
2021-04-08,2.629,2.636,2.545,2.579,2.435291,11855845.0,caixabank
2021-04-09,2.591,2.598,2.556,2.587,2.442845,8081218.0,caixabank
2021-04-12,2.583,2.627,2.555,2.601,2.456065,7111565.0,caixabank
2021-04-13,2.606,2.619,2.538,2.559,2.416405,17478085.0,caixabank
2021-04-14,2.557,2.588,2.542,2.588,2.4437900000000004,7407855.0,caixabank
2021-04-15,2.589,2.597,2.535,2.535,2.393743,8628620.0,caixabank
2021-04-16,2.552,2.576,2.526,2.558,2.415461,11330930.0,caixabank
2021-04-19,2.545,2.605,2.52,2.594,2.449455,12289243.0,caixabank
2021-04-20,2.599,2.599,2.492,2.499,2.3597490000000003,11531677.0,caixabank
2021-04-21,2.52,2.557,2.479,2.519,2.378634,14295378.0,caixabank
2021-04-22,2.546,2.562,2.503,2.535,2.393743,9213626.0,caixabank
2021-04-23,2.52,2.536,2.478,2.495,2.355972,11236822.0,caixabank
2021-04-26,2.5,2.553,2.467,2.547,2.4050740000000004,18930563.0,caixabank
2021-04-27,2.56,2.617,2.527,2.606,2.460787,11769775.0,caixabank
2021-04-28,2.62,2.643,2.577,2.617,2.471174,11811235.0,caixabank
2021-04-29,2.629,2.686,2.603,2.657,2.508945,15696456.0,caixabank
2021-04-30,2.655,2.685,2.64,2.667,2.5183880000000003,11391476.0,caixabank
2021-05-03,2.666,2.702,2.657,2.684,2.53444,9343150.0,caixabank
2021-05-04,2.677,2.74,2.668,2.671,2.522165,11729214.0,caixabank
2021-05-05,2.698,2.719,2.673,2.699,2.548604,8876554.0,caixabank
2021-05-06,2.704,2.705,2.602,2.667,2.5183880000000003,19548692.0,caixabank
2021-05-07,2.676,2.698,2.65,2.692,2.541994,35407761.0,caixabank
2021-05-10,2.71,2.794,2.703,2.784,2.628868,73554348.0,caixabank
2021-05-11,2.751,2.774,2.733,2.751,2.5977069999999998,73858831.0,caixabank
2021-05-12,2.751,2.815,2.741,2.791,2.635478,35583339.0,caixabank
2021-05-13,2.76,2.794,2.737,2.793,2.637366,31159986.0,caixabank
2021-05-14,2.815,2.846,2.802,2.843,2.68458,10617286.0,caixabank
2021-05-17,2.844,2.878,2.83,2.849,2.6902459999999997,10104023.0,caixabank
2021-05-18,2.874,2.881,2.841,2.845,2.6864689999999998,32209901.0,caixabank
2021-05-19,2.84,2.895,2.78,2.803,2.646809,20801575.0,caixabank
2021-05-20,2.8,2.813,2.743,2.772,2.642805,10328991.0,caixabank
2021-05-21,2.77,2.835,2.763,2.827,2.6952409999999998,13873164.0,caixabank
2021-05-24,2.833,2.845,2.767,2.786,2.656152,72444767.0,caixabank
2021-05-25,2.8,2.847,2.777,2.83,2.698102,64657881.0,caixabank
2021-05-26,2.82,2.833,2.753,2.791,2.660919,35066200.0,caixabank
2021-05-27,2.78,2.849,2.775,2.849,2.716216,30103875.0,caixabank
2021-05-28,2.85,2.853,2.81,2.841,2.708589,15158799.0,caixabank
2021-05-31,2.849,2.849,2.806,2.806,2.67522,6415858.0,caixabank
2021-06-01,2.826,2.868,2.819,2.853,2.72003,30075818.0,caixabank
2021-06-02,2.853,2.877,2.836,2.871,2.737191,16559044.0,caixabank
2021-06-03,2.856,2.876,2.85,2.864,2.730517,7363962.0,caixabank
2021-06-04,2.866,2.869,2.816,2.82,2.688568,11533201.0,caixabank
2021-06-07,2.815,2.867,2.815,2.863,2.729563,12474324.0,caixabank
2021-06-08,2.85,2.862,2.806,2.812,2.680941,20592779.0,caixabank
2021-06-09,2.812,2.827,2.778,2.778,2.648525,18355746.0,caixabank
2021-06-10,2.79,2.831,2.771,2.784,2.654245,6988723.0,caixabank
2021-06-11,2.77,2.773,2.745,2.769,2.639945,6221036.0,caixabank
2021-06-14,2.769,2.815,2.769,2.804,2.6733130000000003,7315603.0,caixabank
2021-06-15,2.813,2.813,2.756,2.776,2.646618,6459792.0,caixabank
2021-06-16,2.796,2.796,2.701,2.718,2.5913209999999998,12333864.0,caixabank
2021-06-17,2.72,2.793,2.695,2.695,2.569394,16118332.0,caixabank
2021-06-18,2.693,2.705,2.587,2.591,2.470241,52329019.0,caixabank
2021-06-21,2.58,2.624,2.541,2.615,2.493122,17564768.0,caixabank
2021-06-22,2.64,2.652,2.59,2.615,2.493122,8615159.0,caixabank
2021-06-23,2.627,2.649,2.595,2.595,2.474054,7419999.0,caixabank
2021-06-24,2.624,2.654,2.6,2.635,2.5121900000000004,6251855.0,caixabank
2021-06-25,2.647,2.658,2.623,2.65,2.526491,7340338.0,caixabank
2021-06-28,2.65,2.657,2.584,2.584,2.463567,9882922.0,caixabank
2021-06-29,2.585,2.638,2.584,2.606,2.484542,6706673.0,caixabank
2021-06-30,2.6,2.616,2.557,2.594,2.4731009999999998,9788444.0,caixabank
2021-07-01,2.611,2.642,2.582,2.614,2.492169,8885001.0,caixabank
2021-07-02,2.639,2.64,2.552,2.561,2.441639,11224149.0,caixabank
2021-07-05,2.566,2.611,2.551,2.606,2.484542,6679450.0,caixabank
2021-07-06,2.598,2.6,2.512,2.526,2.40827,11492420.0,caixabank
2021-07-07,2.529,2.562,2.49,2.522,2.404457,12274468.0,caixabank
2021-07-08,2.497,2.497,2.458,2.477,2.361554,9646073.0,caixabank
2021-07-09,2.489,2.558,2.475,2.555,2.4359189999999997,10168052.0,caixabank
2021-07-12,2.566,2.577,2.515,2.571,2.451173,5605109.0,caixabank
2021-07-13,2.571,2.584,2.494,2.508,2.391109,9682420.0,caixabank
2021-07-14,2.516,2.54,2.496,2.496,2.379668,11949693.0,caixabank
2021-07-15,2.493,2.519,2.477,2.504,2.387295,7155058.0,caixabank
2021-07-16,2.511,2.535,2.428,2.442,2.328185,8895357.0,caixabank
2021-07-19,2.431,2.438,2.357,2.373,2.2624009999999997,12276077.0,caixabank
2021-07-20,2.394,2.417,2.355,2.394,2.282422,11634118.0,caixabank
2021-07-21,2.401,2.504,2.396,2.494,2.3777619999999997,15165812.0,caixabank
2021-07-22,2.518,2.545,2.482,2.491,2.374902,11750658.0,caixabank
2021-07-23,2.5,2.554,2.491,2.53,2.412084,8854737.0,caixabank
2021-07-26,2.522,2.593,2.505,2.58,2.459753,13353762.0,caixabank
2021-07-27,2.558,2.583,2.538,2.579,2.4588,9904280.0,caixabank
2021-07-28,2.59,2.595,2.543,2.55,2.431152,12157598.0,caixabank
2021-07-29,2.56,2.653,2.56,2.613,2.491215,14047950.0,caixabank
2021-07-30,2.632,2.633,2.463,2.505,2.388249,17423289.0,caixabank
2021-08-02,2.529,2.549,2.497,2.512,2.394923,15289792.0,caixabank
2021-08-03,2.539,2.597,2.522,2.561,2.441639,11077661.0,caixabank
2021-08-04,2.57,2.573,2.515,2.556,2.436872,6961817.0,caixabank
2021-08-05,2.536,2.575,2.526,2.574,2.4540330000000004,6473437.0,caixabank
2021-08-06,2.561,2.651,2.547,2.645,2.5217240000000003,13267030.0,caixabank
2021-08-09,2.637,2.651,2.613,2.637,2.514097,6838832.0,caixabank
2021-08-10,2.631,2.649,2.613,2.642,2.5188639999999998,6573606.0,caixabank
2021-08-11,2.65,2.659,2.627,2.651,2.527444,6048491.0,caixabank
2021-08-12,2.65,2.658,2.63,2.636,2.513143,6729891.0,caixabank
2021-08-13,2.64,2.658,2.625,2.648,2.524584,10779631.0,caixabank
2021-08-16,2.62,2.653,2.608,2.612,2.490262,7595031.0,caixabank
2021-08-17,2.594,2.607,2.566,2.572,2.452126,7698554.0,caixabank
2021-08-18,2.569,2.63,2.568,2.626,2.503609,5906209.0,caixabank
2021-08-19,2.57,2.611,2.557,2.573,2.45308,6490096.0,caixabank
2021-08-20,2.565,2.579,2.53,2.571,2.451173,7572545.0,caixabank
2021-08-23,2.594,2.624,2.586,2.609,2.487402,4340526.0,caixabank
2021-08-24,2.621,2.622,2.579,2.605,2.483588,3946168.0,caixabank
2021-08-25,2.61,2.663,2.603,2.659,2.535071,6954845.0,caixabank
2021-08-26,2.65,2.672,2.628,2.64,2.516957,5350115.0,caixabank
2021-08-27,2.637,2.659,2.619,2.651,2.527444,4938247.0,caixabank
2021-08-30,2.649,2.661,2.614,2.62,2.497889,3330803.0,caixabank
2021-08-31,2.632,2.636,2.593,2.632,2.50933,10877370.0,caixabank
2021-09-01,2.66,2.702,2.649,2.693,2.567487,10400683.0,caixabank
2021-09-02,2.69,2.705,2.646,2.672,2.547466,11280164.0,caixabank
2021-09-03,2.663,2.675,2.626,2.643,2.5198169999999998,9927640.0,caixabank
2021-09-06,2.656,2.665,2.635,2.645,2.5217240000000003,3875081.0,caixabank
2021-09-07,2.642,2.696,2.638,2.696,2.570347,12123453.0,caixabank
2021-09-08,2.676,2.676,2.603,2.621,2.498842,12024063.0,caixabank
2021-09-09,2.61,2.651,2.563,2.62,2.497889,10161797.0,caixabank
2021-09-10,2.633,2.639,2.576,2.579,2.4588,9503014.0,caixabank
2021-09-13,2.598,2.642,2.576,2.642,2.5188639999999998,6270472.0,caixabank
2021-09-14,2.635,2.645,2.588,2.592,2.4711939999999997,5650307.0,caixabank
2021-09-15,2.584,2.614,2.552,2.566,2.446406,14954780.0,caixabank
2021-09-16,2.577,2.6,2.567,2.577,2.456893,12390766.0,caixabank
2021-09-17,2.598,2.627,2.569,2.588,2.467381,26026041.0,caixabank
2021-09-20,2.55,2.55,2.463,2.482,2.366321,13086401.0,caixabank
2021-09-21,2.515,2.545,2.496,2.509,2.3920630000000003,16426782.0,caixabank
2021-09-22,2.534,2.593,2.524,2.589,2.468334,10367461.0,caixabank
2021-09-23,2.609,2.64,2.598,2.64,2.516957,7952160.0,caixabank
2021-09-24,2.611,2.658,2.611,2.649,2.525537,7037245.0,caixabank
2021-09-27,2.67,2.75,2.66,2.75,2.62183,13888918.0,caixabank
2021-09-28,2.749,2.778,2.649,2.649,2.525537,14891234.0,caixabank
2021-09-29,2.665,2.709,2.649,2.706,2.5798810000000003,9458041.0,caixabank
2021-09-30,2.72,2.726,2.668,2.684,2.5589060000000003,11168773.0,caixabank
2021-10-01,2.646,2.658,2.61,2.635,2.5121900000000004,10645409.0,caixabank
2021-10-04,2.635,2.654,2.586,2.612,2.490262,10376621.0,caixabank
2021-10-05,2.625,2.706,2.616,2.704,2.577974,8663986.0,caixabank
2021-10-06,2.692,2.703,2.642,2.686,2.560813,13223893.0,caixabank
2021-10-07,2.708,2.761,2.692,2.733,2.605623,12504943.0,caixabank
2021-10-08,2.728,2.764,2.709,2.721,2.594182,8174117.0,caixabank
2021-10-11,2.712,2.748,2.694,2.707,2.580834,9435829.0,caixabank
2021-10-12,2.68,2.735,2.639,2.735,2.607529,12446840.0,caixabank
2021-10-13,2.725,2.725,2.598,2.617,2.495029,15588585.0,caixabank
2021-10-14,2.644,2.671,2.6,2.628,2.505516,11652469.0,caixabank
2021-10-15,2.649,2.68,2.646,2.661,2.536978,11009175.0,caixabank
2021-10-18,2.656,2.682,2.616,2.62,2.497889,8992223.0,caixabank
2021-10-19,2.626,2.661,2.615,2.643,2.5198169999999998,6960230.0,caixabank
2021-10-20,2.636,2.661,2.612,2.625,2.502656,7969415.0,caixabank
2021-10-21,2.617,2.617,2.546,2.55,2.431152,14106936.0,caixabank
2021-10-22,2.55,2.566,2.5,2.541,2.422571,9010999.0,caixabank
2021-10-25,2.552,2.642,2.546,2.605,2.483588,13532409.0,caixabank
2021-10-26,2.6,2.621,2.585,2.602,2.480728,7364925.0,caixabank
2021-10-27,2.596,2.596,2.528,2.549,2.430198,10386228.0,caixabank
2021-10-28,2.536,2.603,2.511,2.595,2.474054,16909453.0,caixabank
2021-10-29,2.497,2.57,2.457,2.485,2.369181,24867978.0,caixabank
2021-11-01,2.49,2.51,2.47,2.487,2.3710880000000003,19265473.0,caixabank
2021-11-02,2.474,2.519,2.462,2.504,2.387295,11510945.0,caixabank
2021-11-03,2.507,2.522,2.484,2.513,2.395876,16657833.0,caixabank
2021-11-04,2.518,2.519,2.467,2.467,2.35202,15272833.0,caixabank
2021-11-05,2.46,2.527,2.46,2.506,2.389202,10448148.0,caixabank
2021-11-08,2.491,2.499,2.467,2.472,2.3567869999999997,8812721.0,caixabank
2021-11-09,2.468,2.504,2.462,2.487,2.3710880000000003,15001670.0,caixabank
2021-11-10,2.5,2.53,2.495,2.524,2.4063630000000003,10647686.0,caixabank
2021-11-11,2.517,2.537,2.499,2.509,2.3920630000000003,8760445.0,caixabank
2021-11-12,2.5,2.516,2.49,2.504,2.387295,7520225.0,caixabank
2021-11-15,2.494,2.534,2.478,2.513,2.395876,8746051.0,caixabank
2021-11-16,2.504,2.513,2.485,2.5,2.383482,8311286.0,caixabank
2021-11-17,2.5,2.513,2.476,2.492,2.375855,12100200.0,caixabank
2021-11-18,2.48,2.508,2.463,2.467,2.35202,10172250.0,caixabank
2021-11-19,2.483,2.497,2.365,2.374,2.263355,19051477.0,caixabank
2021-11-22,2.378,2.409,2.362,2.396,2.284329,11844349.0,caixabank
2021-11-23,2.39,2.424,2.376,2.406,2.293863,10175279.0,caixabank
2021-11-24,2.413,2.443,2.403,2.403,2.291003,14708825.0,caixabank
2021-11-25,2.411,2.425,2.384,2.405,2.29291,9229070.0,caixabank
2021-11-26,2.323,2.342,2.276,2.285,2.178503,17477544.0,caixabank
2021-11-29,2.322,2.335,2.277,2.287,2.180409,14594258.0,caixabank
2021-11-30,2.25,2.304,2.228,2.274,2.168015,21635039.0,caixabank
2021-12-01,2.28,2.345,2.279,2.323,2.214731,13118960.0,caixabank
2021-12-02,2.29,2.328,2.276,2.322,2.213778,11799348.0,caixabank
2021-12-03,2.336,2.338,2.278,2.298,2.190897,9090949.0,caixabank
2021-12-06,2.31,2.352,2.303,2.346,2.2366599999999996,5366576.0,caixabank
2021-12-07,2.374,2.376,2.328,2.365,2.2547740000000003,11269448.0,caixabank
2021-12-08,2.352,2.398,2.334,2.353,2.2433330000000002,17242805.0,caixabank
2021-12-09,2.343,2.362,2.325,2.325,2.216638,5797051.0,caixabank
2021-12-10,2.309,2.327,2.292,2.296,2.18899,8919472.0,caixabank
2021-12-13,2.3,2.339,2.275,2.285,2.178503,8347665.0,caixabank
2021-12-14,2.299,2.345,2.283,2.333,2.224265,7234182.0,caixabank
2021-12-15,2.34,2.342,2.287,2.287,2.180409,9586984.0,caixabank
2021-12-16,2.322,2.354,2.303,2.31,2.202337,10801594.0,caixabank
2021-12-17,2.291,2.307,2.259,2.283,2.176596,17576087.0,caixabank
2021-12-20,2.235,2.28,2.217,2.246,2.14132,9390013.0,caixabank
2021-12-21,2.284,2.297,2.269,2.293,2.18613,13276753.0,caixabank
2021-12-22,2.277,2.306,2.273,2.299,2.19185,6321446.0,caixabank
2021-12-23,2.304,2.372,2.303,2.359,2.249053,7954379.0,caixabank
2021-12-27,2.34,2.382,2.34,2.37,2.259541,5807204.0,caixabank
2021-12-28,2.375,2.399,2.374,2.395,2.2833759999999996,4555668.0,caixabank
2021-12-29,2.4,2.414,2.378,2.4,2.288143,6973365.0,caixabank
2021-12-30,2.4,2.428,2.395,2.414,2.3014900000000003,6962889.0,caixabank
2022-01-03,2.42,2.445,2.411,2.411,2.2986299999999997,7665653.0,caixabank
2022-01-04,2.417,2.479,2.412,2.466,2.351067,12612967.0,caixabank
2022-01-05,2.463,2.479,2.45,2.457,2.342486,11592372.0,caixabank
2022-01-06,2.44,2.562,2.431,2.562,2.442592,14211906.0,caixabank
2022-01-07,2.565,2.635,2.562,2.63,2.5074229999999997,27221025.0,caixabank
2022-01-10,2.642,2.694,2.614,2.692,2.566533,27614028.0,caixabank
2022-01-11,2.666,2.76,2.661,2.75,2.62183,28088140.0,caixabank
2022-01-12,2.759,2.794,2.749,2.79,2.659966,27195225.0,caixabank
2022-01-13,2.782,2.829,2.778,2.823,2.6914279999999997,15680880.0,caixabank
2022-01-14,2.81,2.86,2.809,2.857,2.723843,21784912.0,caixabank
2022-01-17,2.86,2.916,2.856,2.91,2.7743729999999998,20751917.0,caixabank
2022-01-18,2.901,2.926,2.828,2.829,2.697148,22272254.0,caixabank
2022-01-19,2.817,2.862,2.766,2.777,2.6475720000000003,22486724.0,caixabank
2022-01-20,2.765,2.779,2.73,2.764,2.635178,17836812.0,caixabank
2022-01-21,2.729,2.782,2.722,2.772,2.642805,21856902.0,caixabank
2022-01-24,2.76,2.766,2.662,2.688,2.56272,25631985.0,caixabank
2022-01-25,2.704,2.757,2.683,2.75,2.62183,14207793.0,caixabank
2022-01-26,2.76,2.812,2.754,2.793,2.662826,18851597.0,caixabank
2022-01-27,2.78,2.923,2.778,2.869,2.735284,25526620.0,caixabank
2022-01-28,2.898,2.903,2.782,2.88,2.745771,27425374.0,caixabank
2022-01-31,2.9,2.914,2.831,2.846,2.713356,20179221.0,caixabank
2022-02-01,2.88,2.906,2.849,2.906,2.770559,18056938.0,caixabank
2022-02-02,2.918,2.929,2.851,2.903,2.7676990000000004,16156292.0,caixabank
2022-02-03,2.902,3.08,2.894,3.062,2.919289,32305131.0,caixabank
2022-02-04,3.1,3.247,3.079,3.212,3.0622979999999997,48660303.0,caixabank
2022-02-07,3.212,3.26,3.142,3.222,3.071831,35186967.0,caixabank
2022-02-08,3.238,3.399,3.236,3.35,3.193866,36999497.0,caixabank
2022-02-09,3.353,3.387,3.281,3.38,3.222468,27377917.0,caixabank
2022-02-10,3.38,3.429,3.344,3.397,3.238675,33511586.0,caixabank
2022-02-11,3.365,3.412,3.336,3.386,3.2281880000000003,19277988.0,caixabank
2022-02-14,3.226,3.334,3.2,3.291,3.137616,34296353.0,caixabank
2022-02-15,3.273,3.345,3.256,3.3,3.1461959999999998,17838437.0,caixabank
2022-02-16,3.329,3.339,3.243,3.281,3.128082,38088631.0,caixabank
2022-02-17,3.263,3.277,3.207,3.234,3.083272,12581245.0,caixabank
2022-02-18,3.237,3.285,3.228,3.236,3.085179,25610311.0,caixabank
2022-02-21,3.259,3.281,3.178,3.186,3.0375099999999997,16563282.0,caixabank
2022-02-22,3.1,3.217,3.069,3.182,3.033696,22687497.0,caixabank
2022-02-23,3.186,3.198,3.081,3.089,2.94503,19450789.0,caixabank
2022-02-24,2.855,3.009,2.855,2.916,2.780093,39814797.0,caixabank
2022-02-25,2.924,3.056,2.862,3.028,2.886873,42221914.0,caixabank
2022-02-28,2.909,2.955,2.895,2.94,2.802975,27714500.0,caixabank
2022-03-01,2.937,2.995,2.816,2.816,2.6847540000000003,21390212.0,caixabank
2022-03-02,2.773,2.898,2.732,2.871,2.737191,22184032.0,caixabank
2022-03-03,2.885,2.9,2.765,2.79,2.659966,19634459.0,caixabank
2022-03-04,2.779,2.784,2.642,2.642,2.5188639999999998,22620748.0,caixabank
2022-03-07,2.564,2.595,2.447,2.546,2.427338,29902421.0,caixabank
2022-03-08,2.53,2.738,2.53,2.647,2.523631,22037743.0,caixabank
2022-03-09,2.796,2.84,2.726,2.838,2.7057290000000003,41603249.0,caixabank
2022-03-10,2.861,2.947,2.777,2.875,2.741004,29171130.0,caixabank
2022-03-11,2.9,3.058,2.87,2.931,2.794394,29639278.0,caixabank
2022-03-14,2.975,3.048,2.958,3.023,2.882107,13661352.0,caixabank
2022-03-15,2.98,3.1,2.98,3.094,2.9497970000000002,20187221.0,caixabank
2022-03-16,3.166,3.263,3.135,3.247,3.095666,26456245.0,caixabank
2022-03-17,3.248,3.269,3.151,3.209,3.059438,18308606.0,caixabank
2022-03-18,3.209,3.213,3.129,3.188,3.039416,30542934.0,caixabank
2022-03-21,3.15,3.219,3.106,3.118,2.9726790000000003,13593343.0,caixabank
2022-03-22,3.137,3.2,3.125,3.179,3.030836,14852692.0,caixabank
2022-03-23,3.179,3.186,3.051,3.06,2.917382,17383922.0,caixabank
2022-03-24,3.04,3.06,2.994,3.02,2.8792459999999997,17629764.0,caixabank
2022-03-25,3.012,3.054,2.978,3.028,2.886873,11304090.0,caixabank
2022-03-28,3.041,3.09,3.018,3.025,2.884013,11114559.0,caixabank
2022-03-29,3.078,3.164,3.035,3.163,3.0155819999999998,16581598.0,caixabank
2022-03-30,3.132,3.154,3.11,3.144,2.997467,11809968.0,caixabank
2022-03-31,3.155,3.186,3.077,3.077,2.933589,16886524.0,caixabank
2022-04-01,3.124,3.174,3.089,3.174,3.0260689999999997,16099680.0,caixabank
2022-04-04,3.177,3.191,3.117,3.138,2.991747,48438546.0,caixabank
2022-04-05,3.14,3.18,3.116,3.151,3.004141,15020046.0,caixabank
2022-04-06,3.15,3.213,3.067,3.08,2.93645,19931511.0,caixabank
2022-04-07,3.112,3.269,3.094,3.148,3.001281,18733319.0,caixabank
2022-04-08,3.18,3.247,3.173,3.235,3.0842259999999997,11020155.0,caixabank
2022-04-11,3.262,3.274,3.181,3.181,3.032743,26054540.0,caixabank
2022-04-12,3.15,3.182,3.11,3.117,2.971725,18417235.0,caixabank
2022-04-13,3.12,3.168,3.116,3.139,2.9927,13423808.0,caixabank
2022-04-14,3.05,3.073,3.003,3.04,3.04,140379856.0,caixabank
2022-04-19,3.053,3.069,3.015,3.035,3.035,85299653.0,caixabank
2022-04-20,3.053,3.152,3.051,3.134,3.134,13964487.0,caixabank
2022-04-21,3.16,3.179,3.114,3.131,3.131,68358055.0,caixabank
2022-04-22,3.1,3.17,3.062,3.09,3.09,10115198.0,caixabank
2022-04-25,3.03,3.075,3.01,3.023,3.023,16143684.0,caixabank
2022-04-26,3.057,3.067,2.932,2.935,2.935,24628811.0,caixabank
