2017-04-27,5.5,5.525,5.46,5.5,5.282074,53701.0,fluidra
2017-04-28,5.59,5.88,5.57,5.8,5.570187000000001,264204.0,fluidra
2017-05-02,5.95,5.97,5.705,5.705,5.478951,160062.0,fluidra
2017-05-03,5.7,5.79,5.65,5.735,5.5077620000000005,106287.0,fluidra
2017-05-04,5.7,5.81,5.65,5.71,5.483753,188316.0,fluidra
2017-05-05,5.815,5.84,5.695,5.84,5.608603,154092.0,fluidra
2017-05-08,5.755,5.855,5.625,5.85,5.618205000000001,104763.0,fluidra
2017-05-09,5.85,5.97,5.845,5.86,5.62781,48921.0,fluidra
2017-05-10,5.9,5.9,5.72,5.84,5.608603,117040.0,fluidra
2017-05-11,5.815,5.85,5.755,5.82,5.589395,22268.0,fluidra
2017-05-12,5.87,5.87,5.705,5.785,5.555782,37510.0,fluidra
2017-05-15,5.84,5.865,5.71,5.71,5.483753,22329.0,fluidra
2017-05-16,5.73,5.755,5.67,5.75,5.522168,27891.0,fluidra
2017-05-17,5.72,5.765,5.585,5.585,5.363706,43676.0,fluidra
2017-05-18,5.56,5.62,5.4,5.615,5.392517,46557.0,fluidra
2017-05-19,5.64,5.94,5.51,5.78,5.55098,49442.0,fluidra
2017-05-22,5.82,5.82,5.7,5.7,5.474149,69321.0,fluidra
2017-05-23,5.655,5.855,5.655,5.8,5.570187000000001,39289.0,fluidra
2017-05-24,5.715,5.855,5.715,5.8,5.570187000000001,85474.0,fluidra
2017-05-25,5.735,5.9,5.735,5.9,5.666224,25779.0,fluidra
2017-05-26,5.89,5.94,5.875,5.9,5.666224,43220.0,fluidra
2017-05-29,5.93,5.99,5.865,5.945,5.709442,54129.0,fluidra
2017-05-30,5.98,6.05,5.95,6.04,5.800676999999999,91569.0,fluidra
2017-05-31,6.11,6.19,6.11,6.135,5.891914,140905.0,fluidra
2017-06-01,6.18,6.2,6.13,6.2,5.954337000000001,199625.0,fluidra
2017-06-02,6.2,6.25,6.13,6.2,5.954337000000001,2265564.0,fluidra
2017-06-05,6.195,6.25,6.115,6.22,5.973545,209843.0,fluidra
2017-06-06,6.2,6.2,6.155,6.18,5.93513,25250.0,fluidra
2017-06-07,6.18,6.18,6.05,6.18,5.93513,67920.0,fluidra
2017-06-08,6.065,6.15,6.065,6.13,5.887112,49497.0,fluidra
2017-06-09,6.105,6.15,6.075,6.125,5.882308999999999,66804.0,fluidra
2017-06-12,6.1,6.15,6.1,6.15,5.906319,37525.0,fluidra
2017-06-13,6.15,6.15,6.065,6.15,5.906319,31311.0,fluidra
2017-06-14,6.17,6.17,6.07,6.09,5.8486970000000005,57474.0,fluidra
2017-06-15,6.065,6.15,6.065,6.09,5.8486970000000005,109490.0,fluidra
2017-06-16,6.085,6.17,6.075,6.1,5.8583,187599.0,fluidra
2017-06-19,6.18,6.18,6.145,6.16,5.915923,97257.0,fluidra
2017-06-20,6.18,6.2,6.135,6.19,5.944735,53455.0,fluidra
2017-06-21,6.19,6.19,6.12,6.15,5.906319,36684.0,fluidra
2017-06-22,6.12,6.17,6.1,6.15,5.906319,24201.0,fluidra
2017-06-23,6.12,6.18,6.1,6.16,5.915923,43858.0,fluidra
2017-06-26,6.17,6.17,6.125,6.125,5.882308999999999,56409.0,fluidra
2017-06-27,6.12,6.17,6.105,6.17,5.925527,2811489.0,fluidra
2017-06-28,6.2,6.5,6.145,6.48,6.223244,630632.0,fluidra
2017-06-29,6.47,6.57,6.35,6.57,6.309678,179478.0,fluidra
2017-06-30,6.44,6.55,6.385,6.4,6.146413,180098.0,fluidra
2017-07-03,6.35,6.54,6.26,6.51,6.252055,99305.0,fluidra
2017-07-04,6.55,6.55,6.455,6.47,6.21364,95851.0,fluidra
2017-07-05,6.47,6.5,6.42,6.5,6.242451,361855.0,fluidra
2017-07-06,6.495,6.55,6.455,6.55,6.29047,622000.0,fluidra
2017-07-07,6.56,6.66,6.475,6.615,6.352894,159329.0,fluidra
2017-07-10,6.65,6.745,6.55,6.72,6.453734,187964.0,fluidra
2017-07-11,6.75,6.9,6.73,6.845,6.573780999999999,559147.0,fluidra
2017-07-12,6.845,6.9,6.8,6.895,6.6218,93171.0,fluidra
2017-07-13,6.88,6.97,6.72,6.97,6.693828,282747.0,fluidra
2017-07-14,6.98,7.0,6.895,6.915,6.641007000000001,70598.0,fluidra
2017-07-17,6.87,6.99,6.85,6.855,6.583385000000001,45543.0,fluidra
2017-07-18,6.99,6.99,6.765,6.83,6.559375,168481.0,fluidra
2017-07-19,6.83,7.15,6.765,7.115,6.833083,203012.0,fluidra
2017-07-20,7.11,7.15,7.03,7.05,6.770658999999999,141532.0,fluidra
2017-07-21,7.0,7.07,6.965,7.0,6.722639999999999,59087.0,fluidra
2017-07-24,7.0,7.025,6.975,7.02,6.741847,43850.0,fluidra
2017-07-25,7.0,7.07,7.0,7.015,6.737044999999999,52854.0,fluidra
2017-07-26,7.065,7.175,7.015,7.17,6.885903999999999,231272.0,fluidra
2017-07-27,7.2,7.2,7.105,7.2,6.914714,146767.0,fluidra
2017-07-28,7.22,7.22,7.0,7.11,6.828281,67302.0,fluidra
2017-07-31,7.125,7.44,7.095,7.42,7.125997999999999,204047.0,fluidra
2017-08-01,7.46,7.88,7.405,7.8,7.490941,444267.0,fluidra
2017-08-02,7.8,7.945,7.655,7.775,7.466931,120331.0,fluidra
2017-08-03,7.925,7.925,7.635,7.66,7.356488000000001,147794.0,fluidra
2017-08-04,7.72,7.905,7.4,7.86,7.548564,103649.0,fluidra
2017-08-07,7.875,7.925,7.81,7.9,7.5869789999999995,95330.0,fluidra
2017-08-08,8.0,8.035,7.91,8.01,7.69262,170754.0,fluidra
2017-08-09,8.0,8.1,7.99,8.04,7.721432000000001,82489.0,fluidra
2017-08-10,8.065,8.065,7.765,7.87,7.558167,157669.0,fluidra
2017-08-11,7.75,7.835,7.55,7.7,7.394903,127587.0,fluidra
2017-08-14,7.715,7.985,7.715,7.925,7.610989,77188.0,fluidra
2017-08-15,7.97,8.15,7.97,8.05,7.7310360000000005,78488.0,fluidra
2017-08-16,8.05,8.05,7.94,7.99,7.673413,138023.0,fluidra
2017-08-17,8.03,8.045,7.835,7.835,7.524553999999999,51344.0,fluidra
2017-08-18,7.8,8.09,7.72,8.09,7.769450999999999,254843.0,fluidra
2017-08-21,8.095,8.14,8.065,8.14,7.81747,115614.0,fluidra
2017-08-22,8.15,8.2,8.1,8.19,7.865489,96706.0,fluidra
2017-08-23,8.2,8.28,8.175,8.22,7.894299,95484.0,fluidra
2017-08-24,8.3,8.3,8.1,8.15,7.8270729999999995,107516.0,fluidra
2017-08-25,8.165,8.21,8.05,8.1,7.7790550000000005,69134.0,fluidra
2017-08-28,8.05,8.13,8.05,8.08,7.759847,38131.0,fluidra
2017-08-29,8.005,8.06,7.97,8.06,7.740639999999999,138034.0,fluidra
2017-08-30,8.06,8.12,7.98,8.025,7.707025999999999,68814.0,fluidra
2017-08-31,8.095,8.11,8.025,8.095,7.774252000000001,160487.0,fluidra
2017-09-01,8.12,8.12,8.055,8.12,7.798261,330397.0,fluidra
2017-09-04,8.0,8.075,7.88,8.025,7.707025999999999,40977.0,fluidra
2017-09-05,8.04,8.05,7.945,8.0,7.6830169999999995,222595.0,fluidra
2017-09-06,7.955,7.995,7.8,7.885,7.572574,65683.0,fluidra
2017-09-07,7.805,7.875,7.56,7.74,7.433319,96347.0,fluidra
2017-09-08,7.71,7.95,7.655,7.925,7.610989,166771.0,fluidra
2017-09-11,8.0,8.445,7.96,8.425,8.091177,214102.0,fluidra
2017-09-12,8.43,8.43,8.155,8.2,7.875093,129870.0,fluidra
2017-09-13,8.295,8.6,8.22,8.56,8.220827,289325.0,fluidra
2017-09-14,8.56,8.56,8.365,8.56,8.220827,201398.0,fluidra
2017-09-15,8.44,8.765,8.44,8.695,8.350478,228510.0,fluidra
2017-09-18,8.715,8.9,8.67,8.78,8.432111,208957.0,fluidra
2017-09-19,8.67,8.88,8.67,8.78,8.432111,91789.0,fluidra
2017-09-20,8.78,8.8,8.65,8.77,8.422507000000001,117514.0,fluidra
2017-09-21,8.755,8.945,8.67,8.88,8.528149,98796.0,fluidra
2017-09-22,8.935,8.95,8.76,8.84,8.489734,76928.0,fluidra
2017-09-25,8.715,9.07,8.715,8.92,8.566563,251138.0,fluidra
2017-09-26,8.855,8.9,8.67,8.67,8.326469,108233.0,fluidra
2017-09-27,8.49,8.965,8.49,8.965,8.609781,136177.0,fluidra
2017-09-28,9.0,9.095,8.945,8.995,8.638591,136307.0,fluidra
2017-09-29,9.0,9.01,8.73,8.915,8.561763000000001,118738.0,fluidra
2017-10-02,8.7,8.89,8.55,8.88,8.528149,178534.0,fluidra
2017-10-03,8.8,9.1,8.79,8.95,8.595375,187361.0,fluidra
2017-10-04,8.86,8.945,8.16,8.525,8.312745,1052423.0,fluidra
2017-10-05,8.32,8.7,8.32,8.5,8.288368,245790.0,fluidra
2017-10-06,8.36,8.54,8.205,8.22,8.015338999999999,150802.0,fluidra
2017-10-09,8.2,8.56,8.2,8.56,8.346873,171737.0,fluidra
2017-10-10,8.685,8.685,8.25,8.46,8.249363,209165.0,fluidra
2017-10-11,8.665,8.76,8.505,8.75,8.532144,162943.0,fluidra
2017-10-12,8.775,8.9,8.605,8.855,8.634528,116073.0,fluidra
2017-10-13,8.85,8.85,8.69,8.8,8.580899,46467.0,fluidra
2017-10-16,8.63,8.8,8.605,8.605,8.390754,82325.0,fluidra
2017-10-17,8.56,8.77,8.53,8.75,8.532144,194738.0,fluidra
2017-10-18,8.71,8.85,8.62,8.85,8.629655,182886.0,fluidra
2017-10-19,8.86,8.88,8.7,8.88,8.658907000000001,568081.0,fluidra
2017-10-20,8.88,8.89,8.625,8.65,8.434633,71646.0,fluidra
2017-10-23,8.66,8.7,8.455,8.64,8.424883,148023.0,fluidra
2017-10-24,8.53,8.69,8.5,8.55,8.337124000000001,94186.0,fluidra
2017-10-25,8.5,8.6,8.4,8.41,8.200608,121271.0,fluidra
2017-10-26,8.4,8.41,8.205,8.25,8.044592999999999,218824.0,fluidra
2017-10-27,8.23,8.365,7.7,8.225,8.020216,224366.0,fluidra
2017-10-30,8.315,8.535,8.24,8.5,8.288368,219365.0,fluidra
2017-10-31,8.53,8.8,8.53,8.7,8.483388,338112.0,fluidra
2017-11-01,8.75,8.795,8.6,8.675,8.459011,100324.0,fluidra
2017-11-02,8.69,8.765,8.605,8.7,8.483388,97506.0,fluidra
2017-11-03,8.63,8.89,8.605,8.87,8.649156,231517.0,fluidra
2017-11-06,9.4,10.6,9.26,10.53,10.267825,1224067.0,fluidra
2017-11-07,10.2,11.075,10.045,10.93,10.657866,844892.0,fluidra
2017-11-08,11.03,11.25,11.01,11.17,10.891891000000001,355264.0,fluidra
2017-11-09,11.215,11.215,10.8,10.9,10.628613,307535.0,fluidra
2017-11-10,10.81,11.05,10.75,11.0,10.726124,150967.0,fluidra
2017-11-13,11.01,11.06,10.9,10.95,10.677368,432625.0,fluidra
2017-11-14,10.99,11.09,10.845,10.9,10.628613,97906.0,fluidra
2017-11-15,10.86,11.06,10.8,11.0,10.726124,270513.0,fluidra
2017-11-16,11.0,11.3,11.0,11.205,10.926019,82249.0,fluidra
2017-11-17,11.345,11.395,11.025,11.1,10.823634,70439.0,fluidra
2017-11-20,11.03,11.15,11.0,11.02,10.745625,285621.0,fluidra
2017-11-21,11.02,11.47,10.995,11.3,11.018654,145895.0,fluidra
2017-11-22,11.395,11.64,11.235,11.505,11.218551,183445.0,fluidra
2017-11-23,11.415,11.695,11.415,11.515,11.228302000000001,93845.0,fluidra
2017-11-24,11.56,11.57,11.39,11.45,11.164919,144461.0,fluidra
2017-11-27,11.46,11.58,11.36,11.45,11.164919,103614.0,fluidra
2017-11-28,11.535,11.585,11.35,11.505,11.218551,163708.0,fluidra
2017-11-29,11.5,11.555,11.33,11.45,11.164919,105277.0,fluidra
2017-11-30,11.49,11.535,11.39,11.47,11.184421,86067.0,fluidra
2017-12-01,11.47,11.47,11.015,11.2,10.921144,259251.0,fluidra
2017-12-04,11.21,11.5,11.21,11.45,11.164919,65577.0,fluidra
2017-12-05,11.515,11.59,11.395,11.58,11.291683,81533.0,fluidra
2017-12-06,11.52,11.53,11.43,11.505,11.218551,366162.0,fluidra
2017-12-07,11.475,11.55,11.35,11.505,11.218551,62712.0,fluidra
2017-12-08,11.51,11.55,11.45,11.52,11.233177,74206.0,fluidra
2017-12-11,11.52,11.6,11.4,11.5,11.213674000000001,82982.0,fluidra
2017-12-12,11.5,11.52,11.36,11.49,11.203923,102425.0,fluidra
2017-12-13,11.47,11.495,11.2,11.265,10.984527,79784.0,fluidra
2017-12-14,11.32,11.385,11.05,11.33,11.047907,146066.0,fluidra
2017-12-15,11.26,11.53,11.06,11.505,11.218551,207384.0,fluidra
2017-12-18,11.455,11.52,11.265,11.5,11.213674000000001,95906.0,fluidra
2017-12-19,11.5,11.87,11.445,11.53,11.242928,95305.0,fluidra
2017-12-20,11.695,11.78,11.35,11.475,11.189297,128804.0,fluidra
2017-12-21,11.45,11.67,11.355,11.4,11.116164,53668.0,fluidra
2017-12-22,11.15,11.66,11.1,11.535,11.247802,80905.0,fluidra
2017-12-27,11.265,11.54,11.265,11.515,11.228302000000001,69971.0,fluidra
2017-12-28,11.485,11.665,11.37,11.615,11.325811,81289.0,fluidra
2017-12-29,11.61,11.81,11.375,11.81,11.515957,116825.0,fluidra
2018-01-02,12.0,12.23,11.61,11.705,11.41357,114738.0,fluidra
2018-01-03,11.6,11.94,11.1,11.82,11.525706,209951.0,fluidra
2018-01-04,11.82,12.18,11.82,11.9,11.603715,100011.0,fluidra
2018-01-05,11.98,12.28,11.9,12.1,11.798736,697619.0,fluidra
2018-01-08,12.26,12.38,12.1,12.18,11.876744,99972.0,fluidra
2018-01-09,12.26,12.26,12.0,12.1,11.798736,199324.0,fluidra
2018-01-10,12.1,12.22,12.0,12.12,11.818237,78491.0,fluidra
2018-01-11,12.14,12.14,11.68,11.8,11.506205,200356.0,fluidra
2018-01-12,11.9,11.9,11.34,11.46,11.174669999999999,136332.0,fluidra
2018-01-15,11.3,11.66,11.28,11.44,11.155169,95464.0,fluidra
2018-01-16,11.44,11.56,11.24,11.4,11.116164,134073.0,fluidra
2018-01-17,11.42,11.48,11.02,11.06,10.78463,220587.0,fluidra
2018-01-18,11.1,11.1,10.5,10.86,10.589608,441789.0,fluidra
2018-01-19,10.7,11.06,10.7,10.9,10.628613,118532.0,fluidra
2018-01-22,11.0,11.1,10.84,10.84,10.570107,71110.0,fluidra
2018-01-23,10.82,11.16,10.8,11.08,10.804132000000001,143228.0,fluidra
2018-01-24,11.02,11.1,10.8,10.92,10.648114999999999,559423.0,fluidra
2018-01-25,10.9,10.9,10.7,10.76,10.492099000000001,57067.0,fluidra
2018-01-26,10.76,11.2,10.76,11.2,10.921144,102730.0,fluidra
2018-01-29,11.16,11.16,10.78,10.8,10.531103,93399.0,fluidra
2018-01-30,10.74,10.94,10.72,10.86,10.589608,123933.0,fluidra
2018-01-31,10.86,10.92,10.8,10.84,10.570107,56977.0,fluidra
2018-02-01,10.84,11.02,10.84,10.88,10.609112,561077.0,fluidra
2018-02-02,10.88,10.92,10.54,10.66,10.394588,272934.0,fluidra
2018-02-05,10.54,10.7,10.04,10.62,10.355584,119681.0,fluidra
2018-02-06,10.14,10.82,10.14,10.64,10.375088,123263.0,fluidra
2018-02-07,10.86,10.98,10.68,10.9,10.628613,91062.0,fluidra
2018-02-08,11.02,11.02,10.56,10.8,10.531103,197663.0,fluidra
2018-02-09,11.1,11.1,10.6,10.68,10.414091,301128.0,fluidra
2018-02-12,10.74,11.04,10.74,10.96,10.687119000000001,44221.0,fluidra
2018-02-13,11.1,11.34,11.02,11.1,10.823634,99427.0,fluidra
2018-02-14,11.2,11.24,11.0,11.1,10.823634,89884.0,fluidra
2018-02-15,11.28,11.4,11.12,11.32,11.038155999999999,91968.0,fluidra
2018-02-16,11.34,11.68,11.24,11.54,11.252678999999999,96824.0,fluidra
2018-02-19,11.64,11.64,11.46,11.52,11.233177,41873.0,fluidra
2018-02-20,11.5,11.9,11.46,11.88,11.584213,139824.0,fluidra
2018-02-21,11.9,11.9,11.6,11.76,11.467201,115517.0,fluidra
2018-02-22,11.64,11.88,11.64,11.82,11.525706,80251.0,fluidra
2018-02-23,11.84,11.84,11.66,11.72,11.428197,49170.0,fluidra
2018-02-26,11.86,11.86,11.68,11.84,11.545209,85206.0,fluidra
2018-02-27,11.78,11.96,11.66,11.74,11.447699,164551.0,fluidra
2018-02-28,11.82,11.9,11.68,11.9,11.603715,32691.0,fluidra
2018-03-01,11.86,12.1,11.8,12.0,11.701225,134369.0,fluidra
2018-03-02,11.9,11.96,11.6,11.86,11.564711,516853.0,fluidra
2018-03-05,11.82,11.9,11.52,11.7,11.408693,86173.0,fluidra
2018-03-06,11.7,11.94,11.68,11.86,11.564711,107839.0,fluidra
2018-03-07,11.76,12.24,11.76,12.08,11.779233,113185.0,fluidra
2018-03-08,12.14,12.18,12.0,12.08,11.779233,179886.0,fluidra
2018-03-09,12.1,12.46,12.1,12.22,11.915747999999999,146008.0,fluidra
2018-03-12,12.26,12.8,12.24,12.74,12.422802,187323.0,fluidra
2018-03-13,12.82,13.1,12.74,13.02,12.695829,173729.0,fluidra
2018-03-14,13.0,13.0,12.76,12.84,12.520311999999999,173012.0,fluidra
2018-03-15,12.92,13.0,12.7,12.94,12.617822,254215.0,fluidra
2018-03-16,12.96,13.24,12.9,13.24,12.910352,1059901.0,fluidra
2018-03-19,13.32,13.32,12.8,13.12,12.793339999999999,218250.0,fluidra
2018-03-20,13.14,13.44,13.12,13.32,12.98836,157080.0,fluidra
2018-03-21,13.32,13.5,13.3,13.44,13.105372000000001,160090.0,fluidra
2018-03-22,13.5,13.52,13.38,13.38,13.046866,205658.0,fluidra
2018-03-23,13.34,13.46,13.16,13.4,13.066367999999999,120129.0,fluidra
2018-03-26,13.46,13.84,13.4,13.7,13.358898000000002,206443.0,fluidra
2018-03-27,13.94,13.96,13.7,13.96,13.612426000000001,142335.0,fluidra
2018-03-28,13.98,13.98,13.68,13.86,13.514915,91211.0,fluidra
2018-03-29,13.94,13.98,13.72,13.82,13.475910999999998,74820.0,fluidra
2018-04-03,13.56,13.84,13.56,13.7,13.358898000000002,105625.0,fluidra
2018-04-04,13.68,13.7,13.44,13.6,13.261389000000001,86204.0,fluidra
2018-04-05,13.68,13.82,13.68,13.74,13.397903,112585.0,fluidra
2018-04-06,13.66,13.76,13.62,13.74,13.397903,86343.0,fluidra
2018-04-09,13.72,13.82,13.54,13.76,13.417404999999999,105962.0,fluidra
2018-04-10,13.7,13.9,13.68,13.82,13.475910999999998,106387.0,fluidra
2018-04-11,13.6,14.0,13.58,13.9,13.553919,124297.0,fluidra
2018-04-12,13.78,14.02,13.6,13.6,13.261389000000001,102191.0,fluidra
2018-04-13,13.72,13.78,13.54,13.66,13.319895,75319.0,fluidra
2018-04-16,13.76,13.76,13.66,13.74,13.397903,73661.0,fluidra
2018-04-17,13.62,13.84,13.62,13.82,13.475910999999998,66098.0,fluidra
2018-04-18,13.84,13.88,13.7,13.76,13.417404999999999,109363.0,fluidra
2018-04-19,13.86,13.86,13.34,13.44,13.105372000000001,103711.0,fluidra
2018-04-20,13.36,13.4,12.5,12.68,12.364295,284197.0,fluidra
2018-04-23,12.86,13.06,12.7,12.8,12.481307000000001,310757.0,fluidra
2018-04-24,12.7,12.82,12.46,12.6,12.286287,129931.0,fluidra
2018-04-25,12.6,12.6,12.1,12.3,11.993755,247460.0,fluidra
2018-04-26,12.4,12.52,12.3,12.52,12.208279,93197.0,fluidra
2018-04-27,12.54,12.64,12.3,12.4,12.091265,83422.0,fluidra
2018-04-30,12.32,12.46,11.98,12.0,11.701225,102861.0,fluidra
2018-05-02,11.9,12.4,11.86,12.36,12.052261,164572.0,fluidra
2018-05-03,12.4,12.42,12.06,12.28,11.974255,123890.0,fluidra
2018-05-04,12.18,12.4,12.18,12.3,11.993755,76288.0,fluidra
2018-05-07,12.32,12.42,12.26,12.34,12.032761,125372.0,fluidra
2018-05-08,12.32,12.46,12.3,12.46,12.149773,120360.0,fluidra
2018-05-09,12.56,12.72,12.52,12.64,12.325291,93651.0,fluidra
2018-05-10,12.74,12.9,12.62,12.88,12.559316,147288.0,fluidra
2018-05-11,12.86,12.94,12.8,12.86,12.539813,279915.0,fluidra
2018-05-14,12.88,13.0,12.88,12.94,12.617822,95230.0,fluidra
2018-05-15,13.08,13.6,13.04,13.28,12.949356,217892.0,fluidra
2018-05-16,13.3,13.4,13.12,13.3,12.968858,150825.0,fluidra
2018-05-17,13.28,13.46,13.16,13.46,13.124873999999998,75485.0,fluidra
2018-05-18,13.3,13.66,13.3,13.6,13.261389000000001,110685.0,fluidra
2018-05-21,13.7,13.7,13.36,13.58,13.241886,100134.0,fluidra
2018-05-22,13.5,13.6,13.4,13.4,13.066367999999999,76849.0,fluidra
2018-05-23,13.38,13.38,12.9,13.24,12.910352,97975.0,fluidra
2018-05-24,13.36,13.38,13.0,13.18,12.851847,102469.0,fluidra
2018-05-25,13.12,13.24,12.7,12.76,12.442302999999999,111523.0,fluidra
2018-05-28,12.68,12.82,12.3,12.42,12.110767999999998,106282.0,fluidra
2018-05-29,12.38,12.5,11.86,12.46,12.149773,238916.0,fluidra
2018-05-30,12.32,12.44,12.1,12.32,12.013258,136957.0,fluidra
2018-05-31,12.22,13.04,12.14,12.54,12.227780000000001,832320.0,fluidra
2018-06-01,12.3,12.94,12.08,12.2,11.896245,215208.0,fluidra
2018-06-04,12.4,12.52,12.32,12.46,12.149773,92134.0,fluidra
2018-06-05,12.48,12.56,12.18,12.18,11.876744,134756.0,fluidra
2018-06-06,12.18,12.58,12.14,12.56,12.247283,109621.0,fluidra
2018-06-07,12.6,12.6,12.22,12.4,12.091265,82415.0,fluidra
2018-06-08,12.4,12.64,12.2,12.48,12.169274,118448.0,fluidra
2018-06-11,12.48,12.94,12.48,12.92,12.598319,94534.0,fluidra
2018-06-12,12.86,13.46,12.86,13.38,13.046866,175155.0,fluidra
2018-06-13,13.36,13.56,13.24,13.56,13.222385000000001,99610.0,fluidra
2018-06-14,13.5,13.76,13.36,13.7,13.358898000000002,284136.0,fluidra
2018-06-15,13.6,13.72,13.44,13.44,13.105372000000001,111157.0,fluidra
2018-06-18,13.44,13.44,12.94,13.36,13.027364,119862.0,fluidra
2018-06-19,13.3,13.38,13.1,13.3,12.968858,74297.0,fluidra
2018-06-20,13.36,13.66,13.12,13.66,13.319895,117988.0,fluidra
2018-06-21,13.72,14.4,13.58,13.8,13.456408999999999,7407573.0,fluidra
2018-06-22,13.94,14.2,13.62,13.82,13.475910999999998,206908.0,fluidra
2018-06-25,13.72,13.74,13.04,13.06,12.734834,109253.0,fluidra
2018-06-26,13.1,13.12,12.76,13.0,12.676327,125330.0,fluidra
2018-06-27,13.24,13.3,12.94,13.12,12.793339999999999,141071.0,fluidra
2018-06-28,13.4,13.4,13.1,13.26,12.929853999999999,111839.0,fluidra
2018-06-29,13.3,13.72,13.3,13.72,13.378401,68503.0,fluidra
2018-07-02,13.66,13.88,13.5,13.68,13.339397,45322.0,fluidra
2018-07-03,13.7,13.96,13.28,13.4,13.066367999999999,178280.0,fluidra
2018-07-04,13.24,13.34,12.9,12.94,12.617822,79567.0,fluidra
2018-07-05,13.0,13.0,12.48,12.64,12.325291,150386.0,fluidra
2018-07-06,12.64,12.66,12.56,12.64,12.325291,58035.0,fluidra
2018-07-09,12.8,12.98,12.78,12.9,12.578816,48897.0,fluidra
2018-07-10,13.0,13.0,12.66,13.0,12.676327,90857.0,fluidra
2018-07-11,12.9,12.96,12.72,12.8,12.481307000000001,70726.0,fluidra
2018-07-12,12.88,13.1,12.88,13.0,12.676327,29176.0,fluidra
2018-07-13,12.96,13.18,12.66,12.82,12.500809,96147.0,fluidra
2018-07-16,12.88,13.06,12.7,13.02,12.695829,28724.0,fluidra
2018-07-17,13.0,13.0,12.78,12.84,12.520311999999999,126463.0,fluidra
2018-07-18,12.8,13.04,12.34,12.34,12.032761,231236.0,fluidra
2018-07-19,12.32,12.36,11.38,11.44,11.155169,270198.0,fluidra
2018-07-20,11.04,11.2,10.64,11.02,10.745625,443460.0,fluidra
2018-07-23,11.0,11.26,11.0,11.26,10.97965,213374.0,fluidra
2018-07-24,11.4,11.54,11.18,11.54,11.252678999999999,162359.0,fluidra
2018-07-25,11.58,11.8,11.42,11.6,11.311183999999999,295239.0,fluidra
2018-07-26,11.78,11.78,11.5,11.58,11.291683,150543.0,fluidra
2018-07-27,11.52,11.64,11.38,11.5,11.213674000000001,208995.0,fluidra
2018-07-30,11.4,12.14,11.38,12.02,11.720728,137154.0,fluidra
2018-07-31,12.0,12.12,11.74,12.04,11.740231,172305.0,fluidra
2018-08-01,12.04,12.12,11.92,12.12,11.818237,85861.0,fluidra
2018-08-02,12.16,12.24,11.98,12.18,11.876744,118579.0,fluidra
2018-08-03,12.2,12.4,12.02,12.14,11.837741000000001,129940.0,fluidra
2018-08-06,12.16,12.18,11.96,12.1,11.798736,83279.0,fluidra
2018-08-07,12.14,12.2,11.96,12.1,11.798736,77343.0,fluidra
2018-08-08,12.16,12.16,11.94,12.1,11.798736,53354.0,fluidra
2018-08-09,12.12,12.12,11.92,12.06,11.759731,46071.0,fluidra
2018-08-10,12.04,12.16,11.88,12.16,11.857242,44000.0,fluidra
2018-08-13,11.98,12.08,11.88,12.02,11.720728,91386.0,fluidra
2018-08-14,11.9,12.0,11.86,11.94,11.642717999999999,36678.0,fluidra
2018-08-15,12.02,12.04,11.74,12.0,11.701225,36861.0,fluidra
2018-08-16,12.08,12.08,11.84,11.94,11.642717999999999,78009.0,fluidra
2018-08-17,12.0,12.0,11.8,12.0,11.701225,33323.0,fluidra
2018-08-20,12.04,12.18,11.92,12.16,11.857242,22128.0,fluidra
2018-08-21,12.2,12.68,12.18,12.6,12.286287,36583.0,fluidra
2018-08-22,12.62,12.7,12.34,12.42,12.110767999999998,39272.0,fluidra
2018-08-23,12.44,12.5,12.28,12.5,12.188775999999999,25471.0,fluidra
2018-08-24,12.3,12.46,12.04,12.18,11.876744,60237.0,fluidra
2018-08-27,12.24,12.72,12.24,12.72,12.403299,37045.0,fluidra
2018-08-28,12.58,13.1,12.58,13.1,12.773837,65676.0,fluidra
2018-08-29,13.18,13.2,12.88,13.2,12.871347,44708.0,fluidra
2018-08-30,13.16,13.38,13.0,13.32,12.98836,42340.0,fluidra
2018-08-31,13.1,13.36,13.04,13.14,12.812842,73729.0,fluidra
2018-09-03,13.14,13.14,12.64,12.64,12.325291,39990.0,fluidra
2018-09-04,12.66,12.84,12.58,12.76,12.442302999999999,31401.0,fluidra
2018-09-05,12.9,12.96,12.7,12.86,12.539813,32924.0,fluidra
2018-09-06,12.8,12.96,12.64,12.82,12.500809,32623.0,fluidra
2018-09-07,12.72,12.86,12.56,12.8,12.481307000000001,24235.0,fluidra
2018-09-10,12.86,13.1,12.82,13.1,12.773837,42119.0,fluidra
2018-09-11,13.26,13.26,13.0,13.12,12.793339999999999,61454.0,fluidra
2018-09-12,13.02,13.14,13.0,13.12,12.793339999999999,86036.0,fluidra
2018-09-13,13.0,13.1,12.74,12.9,12.578816,133820.0,fluidra
2018-09-14,12.72,13.0,12.72,12.84,12.520311999999999,62119.0,fluidra
2018-09-17,12.7,13.08,12.7,13.08,12.754336,18553.0,fluidra
2018-09-18,12.78,13.14,12.78,13.08,12.754336,37848.0,fluidra
2018-09-19,13.02,13.2,13.02,13.12,12.793339999999999,27986.0,fluidra
2018-09-20,,,,,,,fluidra
2018-09-21,13.06,13.14,13.02,13.14,12.812842,410102.0,fluidra
2018-09-24,13.2,13.26,13.1,13.24,12.910352,17987.0,fluidra
2018-09-25,13.1,13.3,13.1,13.16,12.832343,31456.0,fluidra
2018-09-26,13.1,13.2,13.0,13.14,12.812842,32826.0,fluidra
2018-09-27,13.06,13.24,13.02,13.14,12.812842,13017.0,fluidra
2018-09-28,13.1,13.22,12.82,12.88,12.559316,61660.0,fluidra
2018-10-01,13.0,13.2,12.88,13.1,12.773837,19504.0,fluidra
2018-10-02,13.18,13.2,12.96,13.1,12.773837,24928.0,fluidra
2018-10-03,12.92,13.16,12.92,13.08,12.754336,45945.0,fluidra
2018-10-04,13.0,13.22,13.0,13.16,12.832343,1028961.0,fluidra
2018-10-05,13.02,13.16,12.98,13.02,12.695829,981924.0,fluidra
2018-10-08,13.18,13.18,12.6,12.6,12.286287,105501.0,fluidra
2018-10-09,12.5,12.76,11.94,12.06,11.759731,207319.0,fluidra
2018-10-10,12.22,12.22,11.34,11.42,11.135666,68838.0,fluidra
2018-10-11,11.3,11.76,11.02,11.56,11.272181,114277.0,fluidra
2018-10-12,11.5,11.8,11.5,11.7,11.408693,88632.0,fluidra
2018-10-15,11.8,11.84,11.4,11.44,11.155169,49792.0,fluidra
2018-10-16,11.44,11.76,11.32,11.64,11.350189,46700.0,fluidra
2018-10-17,11.5,11.96,11.42,11.54,11.252678999999999,85796.0,fluidra
2018-10-18,11.4,11.52,11.3,11.3,11.018654,27577.0,fluidra
2018-10-19,11.54,11.54,11.04,11.12,10.843135,11581.0,fluidra
2018-10-22,11.06,11.28,10.92,10.94,10.667617,46893.0,fluidra
2018-10-23,10.92,11.02,10.48,10.52,10.258075,69278.0,fluidra
2018-10-24,10.48,10.74,10.3,10.36,10.102057,51459.0,fluidra
2018-10-25,10.34,10.64,10.34,10.48,10.219069000000001,57815.0,fluidra
2018-10-26,10.5,10.58,10.12,10.14,9.887536,95353.0,fluidra
2018-10-29,10.14,10.32,10.0,10.04,9.790026,90501.0,fluidra
2018-10-30,10.2,10.38,10.18,10.24,9.985045,161157.0,fluidra
2018-10-31,10.5,10.82,10.48,10.68,10.414091,53645.0,fluidra
2018-11-01,10.6,10.82,10.6,10.78,10.5116,90815.0,fluidra
2018-11-02,10.82,10.82,10.2,10.36,10.102057,61711.0,fluidra
2018-11-05,10.38,10.54,10.28,10.54,10.277576,19831.0,fluidra
2018-11-06,10.54,10.66,10.52,10.66,10.394588,22113.0,fluidra
2018-11-07,10.8,10.8,10.1,10.5,10.238572999999999,131125.0,fluidra
2018-11-08,10.44,10.68,10.44,10.66,10.394588,56996.0,fluidra
2018-11-09,10.64,11.24,10.32,11.04,10.765127,97172.0,fluidra
2018-11-12,11.36,11.52,11.3,11.4,11.116164,79731.0,fluidra
2018-11-13,11.14,11.68,11.14,11.52,11.233177,37269.0,fluidra
2018-11-14,11.88,11.88,11.36,11.52,11.233177,38414.0,fluidra
2018-11-15,11.56,11.88,11.56,11.88,11.584213,25248.0,fluidra
2018-11-16,11.98,11.98,11.4,11.6,11.311183999999999,117747.0,fluidra
2018-11-19,11.6,11.92,11.5,11.92,11.623218,93737.0,fluidra
2018-11-20,11.64,11.74,11.2,11.24,10.960148,286647.0,fluidra
2018-11-21,11.24,11.5,10.98,11.1,10.823634,87504.0,fluidra
2018-11-22,11.1,11.2,11.0,11.1,10.823634,53616.0,fluidra
2018-11-23,10.92,11.22,10.92,11.14,10.862638,80915.0,fluidra
2018-11-26,11.14,11.54,11.14,11.4,11.116164,145569.0,fluidra
2018-11-27,11.4,11.46,11.34,11.4,11.116164,35494.0,fluidra
2018-11-28,11.36,11.7,11.34,11.6,11.311183999999999,25242.0,fluidra
2018-11-29,11.54,11.9,11.54,11.64,11.350189,76863.0,fluidra
2018-11-30,11.5,11.62,10.8,10.98,10.706621,175753.0,fluidra
2018-12-03,10.82,11.38,10.82,11.14,10.862638,131471.0,fluidra
2018-12-04,11.2,11.48,11.1,11.48,11.194172,24563.0,fluidra
2018-12-05,11.2,11.36,11.2,11.36,11.077159,64762.0,fluidra
2018-12-06,11.12,11.16,10.7,11.02,10.745625,54886.0,fluidra
2018-12-07,10.9,11.42,10.9,11.34,11.057659,46958.0,fluidra
2018-12-10,11.2,11.38,10.36,10.4,10.141063,74137.0,fluidra
2018-12-11,10.62,10.98,10.4,10.62,10.355584,57710.0,fluidra
2018-12-12,10.6,11.32,10.6,10.68,10.414091,77880.0,fluidra
2018-12-13,10.68,10.78,10.64,10.78,10.5116,130361.0,fluidra
2018-12-14,10.7,10.74,10.12,10.28,10.02405,92364.0,fluidra
2018-12-17,10.48,10.48,10.12,10.16,9.907038,52142.0,fluidra
2018-12-18,10.16,10.48,10.0,10.3,10.043553,137566.0,fluidra
2018-12-19,10.26,10.4,10.1,10.1,9.848532,114847.0,fluidra
2018-12-20,10.1,10.1,9.55,9.55,9.312225999999999,157559.0,fluidra
2018-12-21,9.55,9.74,9.38,9.58,9.341478,979530.0,fluidra
2018-12-24,9.64,9.64,9.5,9.51,9.273221000000001,42372.0,fluidra
2018-12-27,9.51,9.65,9.35,9.35,9.117206,142827.0,fluidra
2018-12-28,9.38,9.56,9.38,9.5,9.26347,331349.0,fluidra
2018-12-31,9.58,9.79,9.46,9.79,9.54625,114493.0,fluidra
2019-01-02,9.47,9.74,9.47,9.6,9.360982,216406.0,fluidra
2019-01-03,9.69,9.69,9.35,9.46,9.224466,58377.0,fluidra
2019-01-04,9.35,9.62,9.35,9.4,9.165958999999999,60402.0,fluidra
2019-01-07,9.47,9.47,9.41,9.47,9.234217999999998,149014.0,fluidra
2019-01-08,9.49,9.5,9.38,9.45,9.214715,152146.0,fluidra
2019-01-09,9.33,9.53,9.33,9.43,9.195213,168892.0,fluidra
2019-01-10,9.48,9.5,9.35,9.38,9.146458,57927.0,fluidra
2019-01-11,9.34,9.45,9.2,9.23,9.000193,46771.0,fluidra
2019-01-14,9.39,9.39,8.9,9.0,8.77592,71436.0,fluidra
2019-01-15,8.95,9.22,8.95,9.12,8.892930999999999,48726.0,fluidra
2019-01-16,9.2,9.5,9.08,9.4,9.165958999999999,158419.0,fluidra
2019-01-17,9.36,9.41,9.2,9.2,8.970939999999999,88344.0,fluidra
2019-01-18,9.15,9.45,9.15,9.44,9.204964,457860.0,fluidra
2019-01-21,9.43,9.78,9.43,9.74,9.497494999999999,41053.0,fluidra
2019-01-22,9.85,9.93,9.59,9.74,9.497494999999999,89072.0,fluidra
2019-01-23,9.82,9.83,9.6,9.78,9.536498,93860.0,fluidra
2019-01-24,9.8,9.86,9.66,9.7,9.458491,142187.0,fluidra
2019-01-25,9.63,9.81,9.63,9.71,9.468242,97199.0,fluidra
2019-01-28,9.79,9.79,9.61,9.73,9.487741999999999,834944.0,fluidra
2019-01-29,9.73,9.82,9.66,9.8,9.556002000000001,58276.0,fluidra
2019-01-30,9.85,9.94,9.73,9.87,9.624257,62879.0,fluidra
2019-01-31,9.79,10.04,9.75,9.9,9.653511,203357.0,fluidra
2019-02-01,9.97,10.16,9.94,10.16,9.907038,316782.0,fluidra
2019-02-04,10.0,10.16,9.78,9.92,9.673013000000001,100274.0,fluidra
2019-02-05,9.8,10.16,9.8,10.16,9.907038,41053.0,fluidra
2019-02-06,9.94,10.14,9.94,10.06,9.809527000000001,46555.0,fluidra
2019-02-07,10.1,10.1,9.8,9.88,9.634008999999999,48400.0,fluidra
2019-02-08,9.87,9.87,9.64,9.66,9.419486000000001,26175.0,fluidra
2019-02-11,9.64,9.84,9.64,9.81,9.565752,34570.0,fluidra
2019-02-12,9.85,10.06,9.71,9.9,9.653511,49200.0,fluidra
2019-02-13,9.8,9.88,9.56,9.58,9.341478,42321.0,fluidra
2019-02-14,9.63,10.1,9.47,9.8,9.556002000000001,49495.0,fluidra
2019-02-15,10.0,10.0,9.72,9.8,9.556002000000001,36210.0,fluidra
2019-02-18,9.99,9.99,9.61,9.74,9.497494999999999,13229.0,fluidra
2019-02-19,9.64,9.85,9.6,9.77,9.526748,48052.0,fluidra
2019-02-20,9.65,10.1,9.65,9.8,9.556002000000001,92938.0,fluidra
2019-02-21,9.98,9.98,9.7,9.78,9.536498,15447.0,fluidra
2019-02-22,9.7,9.92,9.66,9.84,9.595005,43431.0,fluidra
2019-02-25,9.75,9.79,9.66,9.72,9.477993,45371.0,fluidra
2019-02-26,9.8,9.8,9.62,9.74,9.497494999999999,140393.0,fluidra
2019-02-27,9.65,9.75,9.65,9.73,9.487741999999999,22976.0,fluidra
2019-02-28,9.71,9.9,9.65,9.85,9.604756,84630.0,fluidra
2019-03-01,9.9,10.16,9.74,10.0,9.751021000000001,154582.0,fluidra
2019-03-04,10.1,10.1,9.95,10.0,9.751021000000001,28101.0,fluidra
2019-03-05,10.16,10.16,9.85,10.0,9.751021000000001,37799.0,fluidra
2019-03-06,10.0,10.08,9.87,9.95,9.702266999999999,83039.0,fluidra
2019-03-07,9.9,9.93,9.62,9.92,9.673013000000001,360580.0,fluidra
2019-03-08,9.81,9.85,9.55,9.57,9.331727,38100.0,fluidra
2019-03-11,9.75,9.75,9.38,9.4,9.165958999999999,32364.0,fluidra
2019-03-12,9.25,9.42,9.25,9.32,9.087952,324947.0,fluidra
2019-03-13,9.21,9.5,9.21,9.5,9.26347,38676.0,fluidra
2019-03-14,9.51,9.51,9.3,9.49,9.253718,17555.0,fluidra
2019-03-15,9.32,9.89,9.32,9.76,9.516996,102079.0,fluidra
2019-03-18,9.78,9.94,9.71,9.85,9.604756,36571.0,fluidra
2019-03-19,9.94,10.5,9.89,10.28,10.02405,197327.0,fluidra
2019-03-20,10.3,10.36,10.06,10.28,10.02405,104486.0,fluidra
2019-03-21,10.1,10.4,10.1,10.18,9.92654,63048.0,fluidra
2019-03-22,9.96,10.34,9.92,9.93,9.682765,63498.0,fluidra
2019-03-25,10.1,10.12,9.72,9.92,9.673013000000001,63287.0,fluidra
2019-03-26,9.97,10.04,9.81,10.02,9.770524,22796.0,fluidra
2019-03-27,10.2,10.32,9.93,10.16,9.907038,89620.0,fluidra
2019-03-28,10.06,10.14,9.92,10.06,9.809527000000001,58144.0,fluidra
2019-03-29,9.95,10.32,9.95,10.24,9.985045,25407.0,fluidra
2019-04-01,10.3,10.5,10.16,10.32,10.063053,254864.0,fluidra
2019-04-02,10.12,10.5,10.12,10.48,10.219069000000001,75354.0,fluidra
2019-04-03,10.5,10.6,10.34,10.36,10.102057,94463.0,fluidra
2019-04-04,10.3,10.36,10.2,10.22,9.965544,61744.0,fluidra
2019-04-05,10.4,10.52,10.3,10.42,10.160563,27946.0,fluidra
2019-04-08,10.6,10.6,10.32,10.42,10.160563,15198.0,fluidra
2019-04-09,10.36,10.52,10.26,10.38,10.12156,297383.0,fluidra
2019-04-10,10.26,10.28,10.04,10.04,9.790026,55587.0,fluidra
2019-04-11,10.04,10.18,9.95,10.14,9.887536,158377.0,fluidra
2019-04-12,10.04,10.26,10.02,10.02,9.770524,57531.0,fluidra
2019-04-15,9.9,10.14,9.84,10.06,9.809527000000001,16964.0,fluidra
2019-04-16,9.96,10.26,9.96,10.16,9.907038,71642.0,fluidra
2019-04-17,10.0,10.2,10.0,10.02,9.770524,145774.0,fluidra
2019-04-18,10.06,10.14,10.0,10.08,9.829029,27959.0,fluidra
2019-04-23,10.0,10.2,9.9,9.91,9.663261,433554.0,fluidra
2019-04-24,10.0,10.08,9.77,9.85,9.604756,69426.0,fluidra
2019-04-25,9.85,10.0,9.75,9.76,9.516996,94053.0,fluidra
2019-04-26,9.71,9.86,9.62,9.71,9.468242,41705.0,fluidra
2019-04-29,9.63,9.85,9.63,9.69,9.448739999999999,62401.0,fluidra
2019-04-30,9.64,9.82,9.59,9.75,9.507246,196750.0,fluidra
2019-05-02,9.97,9.97,9.7,9.74,9.497494999999999,83712.0,fluidra
2019-05-03,9.72,10.12,9.72,9.88,9.634008999999999,40703.0,fluidra
2019-05-06,10.12,10.12,9.76,9.89,9.643761,397344.0,fluidra
2019-05-07,9.89,10.1,9.8,10.0,9.751021000000001,63122.0,fluidra
2019-05-08,10.02,10.6,10.02,10.6,10.336083,162263.0,fluidra
2019-05-09,10.6,10.6,10.3,10.54,10.277576,54086.0,fluidra
2019-05-10,10.16,10.46,10.14,10.24,9.985045,100523.0,fluidra
2019-05-13,10.58,10.58,10.04,10.12,9.868033,53247.0,fluidra
2019-05-14,10.22,10.36,10.08,10.18,9.92654,49281.0,fluidra
2019-05-15,10.3,10.3,9.9,9.97,9.721767,52515.0,fluidra
2019-05-16,9.93,10.04,9.9,9.94,9.692515,35358.0,fluidra
2019-05-17,10.26,10.26,10.0,10.22,9.965544,64361.0,fluidra
2019-05-20,10.22,10.26,10.06,10.12,9.868033,38873.0,fluidra
2019-05-21,10.3,10.36,10.14,10.36,10.102057,35474.0,fluidra
2019-05-22,10.48,10.5,10.24,10.4,10.141063,29812.0,fluidra
2019-05-23,10.34,10.4,10.22,10.34,10.082556,40259.0,fluidra
2019-05-24,10.2,10.36,10.12,10.22,9.965544,58204.0,fluidra
2019-05-27,10.36,10.6,10.3,10.54,10.277576,93545.0,fluidra
2019-05-28,10.6,11.32,10.5,11.18,10.901641999999999,733288.0,fluidra
2019-05-29,11.16,11.48,10.9,11.28,10.999151,372200.0,fluidra
2019-05-30,11.4,11.46,11.3,11.36,11.077159,71574.0,fluidra
2019-05-31,11.48,11.48,10.92,11.06,10.78463,53646.0,fluidra
2019-06-03,10.9,11.28,10.9,11.12,10.843135,50162.0,fluidra
2019-06-04,11.26,11.46,11.06,11.36,11.077159,63558.0,fluidra
2019-06-05,11.2,11.46,11.14,11.46,11.174669999999999,54702.0,fluidra
2019-06-06,11.64,11.92,11.48,11.76,11.467201,108182.0,fluidra
2019-06-07,11.7,11.88,11.66,11.74,11.447699,259681.0,fluidra
2019-06-10,11.88,12.04,11.68,11.8,11.506205,28666.0,fluidra
2019-06-11,11.62,11.8,11.56,11.6,11.311183999999999,47981.0,fluidra
2019-06-12,11.5,11.76,11.32,11.6,11.311183999999999,61006.0,fluidra
2019-06-13,11.42,11.62,11.06,11.1,10.823634,41807.0,fluidra
2019-06-14,11.26,11.42,11.08,11.32,11.038155999999999,91993.0,fluidra
2019-06-17,11.44,11.44,11.2,11.34,11.057659,21137.0,fluidra
2019-06-18,11.42,11.66,11.18,11.6,11.311183999999999,46913.0,fluidra
2019-06-19,11.42,11.82,11.42,11.8,11.506205,48036.0,fluidra
2019-06-20,11.82,12.22,11.66,12.18,11.876744,80283.0,fluidra
2019-06-21,12.36,12.68,12.26,12.48,12.169274,257448.0,fluidra
2019-06-24,12.42,12.6,12.42,12.52,12.208279,89631.0,fluidra
2019-06-25,12.42,12.74,12.42,12.68,12.364295,127040.0,fluidra
2019-06-26,11.82,11.86,11.1,11.34,11.057659,12142877.0,fluidra
2019-06-27,11.4,11.46,11.24,11.32,11.038155999999999,167868.0,fluidra
2019-06-28,11.3,11.62,11.26,11.62,11.330687,243672.0,fluidra
2019-07-01,11.66,11.7,11.4,11.58,11.291683,640154.0,fluidra
2019-07-02,11.64,11.64,11.44,11.52,11.233177,238293.0,fluidra
2019-07-03,11.44,11.76,11.44,11.62,11.330687,285556.0,fluidra
2019-07-04,11.5,11.68,11.08,11.08,10.804132000000001,157571.0,fluidra
2019-07-05,11.06,11.7,11.06,11.62,11.330687,234421.0,fluidra
2019-07-08,11.58,11.98,11.58,11.84,11.545209,158244.0,fluidra
2019-07-09,11.8,11.92,11.78,11.86,11.564711,197213.0,fluidra
2019-07-10,11.8,11.84,11.78,11.8,11.506205,511308.0,fluidra
2019-07-11,11.86,11.88,11.56,11.74,11.447699,156735.0,fluidra
2019-07-12,11.52,12.04,11.52,12.0,11.701225,103334.0,fluidra
2019-07-15,12.04,12.12,11.64,11.7,11.408693,94861.0,fluidra
2019-07-16,11.62,11.9,11.62,11.82,11.525706,56001.0,fluidra
2019-07-17,11.66,11.84,11.6,11.68,11.389194,62605.0,fluidra
2019-07-18,11.66,12.02,11.5,11.94,11.642717999999999,148635.0,fluidra
2019-07-19,11.78,12.04,11.78,12.0,11.701225,87886.0,fluidra
2019-07-22,12.1,12.18,11.96,11.96,11.662221,159407.0,fluidra
2019-07-23,11.98,11.98,11.66,11.86,11.564711,57449.0,fluidra
2019-07-24,11.66,12.06,11.6,12.0,11.701225,121821.0,fluidra
2019-07-25,11.9,12.16,11.9,12.08,11.779233,178420.0,fluidra
2019-07-26,12.02,12.06,11.76,11.96,11.662221,76085.0,fluidra
2019-07-29,12.0,12.0,11.76,11.76,11.467201,41679.0,fluidra
2019-07-30,11.66,11.72,11.26,11.46,11.174669999999999,95959.0,fluidra
2019-07-31,11.26,11.5,10.92,11.26,10.97965,122545.0,fluidra
2019-08-01,10.94,11.46,10.94,11.26,10.97965,83605.0,fluidra
2019-08-02,10.98,11.44,10.98,11.2,10.921144,115820.0,fluidra
2019-08-05,11.18,11.18,10.74,10.74,10.472597,59493.0,fluidra
2019-08-06,10.94,10.94,10.32,10.34,10.082556,64211.0,fluidra
2019-08-07,10.46,10.46,10.16,10.24,9.985045,68278.0,fluidra
2019-08-08,10.28,10.54,10.28,10.54,10.277576,65626.0,fluidra
2019-08-09,10.54,10.54,10.16,10.28,10.02405,47006.0,fluidra
2019-08-12,10.1,10.38,10.1,10.1,9.848532,30842.0,fluidra
2019-08-13,10.02,10.16,9.9,10.1,9.848532,111776.0,fluidra
2019-08-14,9.85,10.2,9.84,10.14,9.887536,28813.0,fluidra
2019-08-15,10.0,10.18,9.98,10.06,9.809527000000001,101222.0,fluidra
2019-08-16,9.95,10.52,9.95,10.52,10.258075,39048.0,fluidra
2019-08-19,10.6,10.6,10.36,10.54,10.277576,74354.0,fluidra
2019-08-20,10.46,10.52,10.36,10.4,10.141063,24292.0,fluidra
2019-08-21,10.4,10.62,10.3,10.62,10.355584,72546.0,fluidra
2019-08-22,10.62,10.68,10.46,10.66,10.394588,29284.0,fluidra
2019-08-23,10.74,10.9,10.64,10.82,10.550605000000001,85177.0,fluidra
2019-08-26,10.6,10.8,10.4,10.72,10.453094,16500.0,fluidra
2019-08-27,10.52,10.82,10.52,10.76,10.492099000000001,37857.0,fluidra
2019-08-28,10.84,10.9,10.62,10.78,10.5116,34411.0,fluidra
2019-08-29,10.74,10.98,10.74,10.96,10.687119000000001,21141.0,fluidra
2019-08-30,11.0,11.28,11.0,11.06,10.78463,27791.0,fluidra
2019-09-02,11.2,11.54,10.98,11.44,11.155169,132224.0,fluidra
2019-09-03,11.4,11.58,11.2,11.4,11.116164,58571.0,fluidra
2019-09-04,11.42,11.66,11.36,11.5,11.213674000000001,57480.0,fluidra
2019-09-05,11.38,11.5,11.16,11.24,10.960148,89670.0,fluidra
2019-09-06,11.14,11.46,11.14,11.16,10.882139,19908.0,fluidra
2019-09-09,11.4,11.44,11.16,11.44,11.155169,13805.0,fluidra
2019-09-10,11.5,11.74,11.34,11.74,11.447699,76999.0,fluidra
2019-09-11,11.78,11.78,11.46,11.52,11.233177,51273.0,fluidra
2019-09-12,11.44,11.48,11.32,11.48,11.194172,39301.0,fluidra
2019-09-13,11.5,11.66,11.4,11.66,11.369691,38492.0,fluidra
2019-09-16,11.38,11.7,11.38,11.66,11.369691,14500.0,fluidra
2019-09-17,11.42,11.6,11.28,11.3,11.018654,43061.0,fluidra
2019-09-18,11.34,11.56,11.32,11.54,11.252678999999999,78571.0,fluidra
2019-09-19,11.58,11.66,11.5,11.5,11.213674000000001,27976.0,fluidra
2019-09-20,11.54,11.66,11.52,11.66,11.369691,42783.0,fluidra
2019-09-23,11.48,11.58,11.3,11.38,11.096663000000001,42105.0,fluidra
2019-09-24,11.52,11.58,11.34,11.58,11.291683,15930.0,fluidra
2019-09-25,11.4,11.46,11.08,11.14,10.862638,718317.0,fluidra
2019-09-26,11.38,11.38,10.7,11.0,10.726124,59445.0,fluidra
2019-09-27,11.04,11.14,10.76,10.9,10.628613,42356.0,fluidra
2019-09-30,10.72,11.08,10.72,10.88,10.609112,61246.0,fluidra
2019-10-01,10.92,10.92,10.56,10.7,10.433593,22483.0,fluidra
2019-10-02,10.92,10.92,10.5,10.5,10.238572999999999,29117.0,fluidra
2019-10-03,10.5,10.72,10.06,10.18,9.92654,63603.0,fluidra
2019-10-04,10.1,10.5,10.1,10.5,10.238572999999999,94567.0,fluidra
2019-10-07,10.32,10.76,10.28,10.6,10.336083,53003.0,fluidra
2019-10-08,10.52,10.64,10.48,10.56,10.297077999999999,47436.0,fluidra
2019-10-09,10.4,10.78,10.4,10.56,10.297077999999999,37861.0,fluidra
2019-10-10,10.58,10.66,10.36,10.48,10.219069000000001,70110.0,fluidra
2019-10-11,10.3,10.42,10.26,10.3,10.043553,67316.0,fluidra
2019-10-14,10.3,10.48,9.9,10.0,9.751021000000001,72931.0,fluidra
2019-10-15,10.1,10.1,9.88,9.94,9.692515,69473.0,fluidra
2019-10-16,10.0,10.58,9.92,10.38,10.12156,389004.0,fluidra
2019-10-17,10.22,10.5,10.22,10.46,10.199568,59644.0,fluidra
2019-10-18,10.44,10.9,10.44,10.9,10.628613,79443.0,fluidra
2019-10-21,10.8,10.9,10.64,10.78,10.5116,50480.0,fluidra
2019-10-22,10.9,10.9,10.6,10.68,10.414091,20356.0,fluidra
2019-10-23,10.88,10.88,10.62,10.7,10.433593,33599.0,fluidra
2019-10-24,10.7,10.98,10.64,10.72,10.453094,77841.0,fluidra
2019-10-25,10.78,10.82,10.7,10.78,10.5116,15463.0,fluidra
2019-10-28,10.6,10.98,10.6,10.98,10.706621,24846.0,fluidra
2019-10-29,10.76,10.98,10.5,10.9,10.628613,35392.0,fluidra
2019-10-30,10.9,10.9,10.5,10.8,10.531103,139794.0,fluidra
2019-10-31,10.8,11.2,10.74,11.2,10.921144,85306.0,fluidra
2019-11-01,11.1,11.48,11.1,11.4,11.116164,36020.0,fluidra
2019-11-04,11.4,11.4,11.1,11.2,10.921144,13105.0,fluidra
2019-11-05,11.4,11.4,11.02,11.22,10.940646000000001,15394.0,fluidra
2019-11-06,11.1,11.22,11.08,11.08,10.804132000000001,30634.0,fluidra
2019-11-07,11.06,11.38,11.06,11.3,11.018654,21585.0,fluidra
2019-11-08,11.48,11.7,11.32,11.68,11.389194,78623.0,fluidra
2019-11-11,11.3,11.7,11.3,11.58,11.291683,35250.0,fluidra
2019-11-12,11.32,11.5,11.2,11.46,11.174669999999999,41467.0,fluidra
2019-11-13,11.3,11.5,11.3,11.38,11.096663000000001,256669.0,fluidra
2019-11-14,11.3,11.52,11.3,11.46,11.174669999999999,34742.0,fluidra
2019-11-15,11.3,11.54,11.3,11.52,11.233177,142939.0,fluidra
2019-11-18,11.54,11.54,11.12,11.26,10.97965,692369.0,fluidra
2019-11-19,11.28,11.28,11.06,11.24,10.960148,16471.0,fluidra
2019-11-20,11.06,11.34,11.06,11.28,10.999151,22531.0,fluidra
2019-11-21,11.3,11.3,11.06,11.1,10.823634,319720.0,fluidra
2019-11-22,11.18,11.26,11.02,11.26,10.97965,30397.0,fluidra
2019-11-25,11.1,11.34,11.04,11.28,10.999151,30471.0,fluidra
2019-11-26,11.1,11.26,11.04,11.26,10.97965,27883.0,fluidra
2019-11-27,11.3,11.3,11.1,11.26,10.97965,29273.0,fluidra
2019-11-28,11.28,11.28,11.1,11.24,10.960148,7712.0,fluidra
2019-11-29,11.14,11.3,11.06,11.26,10.97965,44908.0,fluidra
2019-12-02,11.12,11.3,11.12,11.28,10.999151,8498.0,fluidra
2019-12-03,11.12,11.22,10.78,11.12,10.843135,75342.0,fluidra
2019-12-04,11.16,11.16,10.84,11.08,10.804132000000001,75292.0,fluidra
2019-12-05,11.1,11.1,10.9,11.0,10.726124,11921.0,fluidra
2019-12-06,11.0,11.02,10.72,11.0,10.726124,302189.0,fluidra
2019-12-09,10.98,11.32,10.98,11.22,10.940646000000001,19081.0,fluidra
2019-12-10,11.2,11.3,11.02,11.24,10.960148,47651.0,fluidra
2019-12-11,11.06,11.34,11.06,11.28,10.999151,39964.0,fluidra
2019-12-12,11.1,11.54,11.1,11.54,11.252678999999999,42261.0,fluidra
2019-12-13,11.5,11.72,11.44,11.72,11.428197,109251.0,fluidra
2019-12-16,11.8,11.94,11.6,11.82,11.525706,108735.0,fluidra
2019-12-17,11.7,11.82,11.62,11.78,11.486703,162301.0,fluidra
2019-12-18,11.78,11.78,11.46,11.7,11.408693,43117.0,fluidra
2019-12-19,11.78,11.78,11.6,11.68,11.389194,19108.0,fluidra
2019-12-20,11.76,11.8,11.6,11.8,11.506205,29240.0,fluidra
2019-12-23,11.88,11.98,11.62,11.86,11.564711,613438.0,fluidra
2019-12-24,11.64,11.98,11.64,11.98,11.681723,9495.0,fluidra
2019-12-25,11.98,11.98,11.98,11.98,11.681723,0.0,fluidra
2019-12-27,11.66,11.94,11.66,11.94,11.642717999999999,43562.0,fluidra
2019-12-30,11.94,12.12,11.74,12.1,11.798736,90513.0,fluidra
2019-12-31,12.2,12.2,12.06,12.2,11.896245,25397.0,fluidra
2020-01-02,12.26,12.46,12.24,12.4,12.091265,26663.0,fluidra
2020-01-03,12.36,12.46,12.3,12.46,12.149773,40963.0,fluidra
2020-01-06,12.5,12.5,12.2,12.2,11.896245,10093.0,fluidra
2020-01-07,12.24,12.26,12.18,12.26,11.954752000000001,20334.0,fluidra
2020-01-08,12.2,12.44,12.2,12.3,11.993755,23032.0,fluidra
2020-01-09,12.3,12.36,11.88,11.98,11.681723,48139.0,fluidra
2020-01-10,12.2,12.2,11.7,12.08,11.779233,18991.0,fluidra
2020-01-13,11.96,12.08,11.9,12.08,11.779233,23161.0,fluidra
2020-01-14,12.1,12.1,11.8,11.98,11.681723,41477.0,fluidra
2020-01-15,12.0,12.18,11.84,12.18,11.876744,11643.0,fluidra
2020-01-16,11.9,12.1,11.9,12.06,11.759731,27787.0,fluidra
2020-01-17,12.1,12.18,11.98,12.18,11.876744,27559.0,fluidra
2020-01-20,12.18,12.18,12.0,12.04,11.740231,13204.0,fluidra
2020-01-21,12.0,12.18,11.72,12.18,11.876744,51520.0,fluidra
2020-01-22,11.86,12.16,11.86,11.94,11.642717999999999,20900.0,fluidra
2020-01-23,11.9,11.9,11.6,11.6,11.311183999999999,21340.0,fluidra
2020-01-24,11.84,11.84,11.6,11.78,11.486703,21886.0,fluidra
2020-01-27,11.68,11.68,11.4,11.5,11.213674000000001,17175.0,fluidra
2020-01-28,11.4,11.5,11.36,11.42,11.135666,10525.0,fluidra
2020-01-29,11.32,11.5,11.32,11.5,11.213674000000001,16158.0,fluidra
2020-01-30,11.6,11.6,11.22,11.22,10.940646000000001,15050.0,fluidra
2020-01-31,11.2,11.22,10.8,11.1,10.823634,25621.0,fluidra
2020-02-03,10.92,11.18,10.9,11.04,10.765127,15506.0,fluidra
2020-02-04,11.16,11.2,10.92,11.02,10.745625,77092.0,fluidra
2020-02-05,10.94,11.16,10.9,11.16,10.882139,32575.0,fluidra
2020-02-06,11.04,11.3,10.98,11.08,10.804132000000001,127229.0,fluidra
2020-02-07,11.0,11.46,10.98,11.46,11.174669999999999,62077.0,fluidra
2020-02-10,11.3,11.5,11.3,11.44,11.155169,12556.0,fluidra
2020-02-11,11.6,12.04,11.28,12.04,11.740231,139593.0,fluidra
2020-02-12,12.1,12.48,11.72,12.34,12.032761,91773.0,fluidra
2020-02-13,12.38,12.4,12.2,12.3,11.993755,63401.0,fluidra
2020-02-14,12.36,12.74,12.28,12.72,12.403299,417782.0,fluidra
2020-02-17,12.74,13.7,12.58,13.5,13.163878,228836.0,fluidra
2020-02-18,13.14,13.22,12.82,13.1,12.773837,127543.0,fluidra
2020-02-19,13.3,13.5,13.16,13.32,12.98836,71356.0,fluidra
2020-02-20,13.02,13.4,13.0,13.36,13.027364,109348.0,fluidra
2020-02-21,13.36,13.36,13.12,13.3,12.968858,135477.0,fluidra
2020-02-24,13.28,13.28,12.96,13.22,12.89085,227145.0,fluidra
2020-02-25,13.02,13.16,12.7,13.02,12.695829,153431.0,fluidra
2020-02-26,12.8,13.02,12.62,12.78,12.461803999999999,86214.0,fluidra
2020-02-27,12.72,12.76,12.2,12.36,12.052261,98870.0,fluidra
2020-02-28,12.2,12.54,11.9,12.48,12.169274,91299.0,fluidra
2020-03-02,12.48,12.76,12.06,12.12,11.818237,119369.0,fluidra
2020-03-03,12.36,12.52,12.12,12.26,11.954752000000001,80304.0,fluidra
2020-03-04,12.5,12.5,11.7,11.7,11.408693,99382.0,fluidra
2020-03-05,11.86,11.9,11.3,11.38,11.096663000000001,51028.0,fluidra
2020-03-06,11.26,11.28,10.94,11.1,10.823634,115501.0,fluidra
2020-03-09,10.64,10.96,9.94,9.99,9.74127,140302.0,fluidra
2020-03-10,9.72,10.4,9.59,9.89,9.643761,173304.0,fluidra
2020-03-11,10.06,10.06,9.69,9.97,9.721767,141018.0,fluidra
2020-03-12,9.99,9.99,7.72,8.0,7.8008169999999994,315804.0,fluidra
2020-03-13,8.29,9.3,8.2,9.02,8.795422,214593.0,fluidra
2020-03-16,8.7,8.97,8.11,8.97,8.746666000000001,98752.0,fluidra
2020-03-17,8.9,9.5,8.9,9.4,9.165958999999999,117508.0,fluidra
2020-03-18,8.91,9.66,8.5,9.23,9.000193,113557.0,fluidra
2020-03-19,9.4,9.68,9.0,9.3,9.06845,71792.0,fluidra
2020-03-20,9.9,9.9,9.22,9.43,9.195213,59295.0,fluidra
2020-03-23,9.05,9.43,9.05,9.38,9.146458,58559.0,fluidra
2020-03-24,9.5,9.53,8.76,8.92,8.69791,153375.0,fluidra
2020-03-25,8.93,9.25,8.52,8.52,8.307871,109852.0,fluidra
2020-03-26,8.7,9.02,8.5,9.0,8.77592,46294.0,fluidra
2020-03-27,9.0,9.25,8.83,9.0,8.77592,30029.0,fluidra
2020-03-30,8.66,8.86,8.66,8.68,8.463886,11980.0,fluidra
2020-03-31,9.0,9.0,8.52,8.52,8.307871,72218.0,fluidra
2020-04-01,8.72,8.72,8.12,8.12,7.917828999999999,205419.0,fluidra
2020-04-02,8.0,8.56,8.0,8.41,8.200608,88027.0,fluidra
2020-04-03,8.15,8.39,8.14,8.39,8.181108,18301.0,fluidra
2020-04-06,8.39,8.55,8.25,8.3,8.093349,50451.0,fluidra
2020-04-07,8.32,8.41,8.25,8.35,8.142103,46619.0,fluidra
2020-04-08,8.28,8.7,8.2,8.48,8.268866000000001,78497.0,fluidra
2020-04-09,8.45,8.58,8.4,8.5,8.288368,64966.0,fluidra
2020-04-14,8.5,8.68,8.5,8.6,8.385879,196070.0,fluidra
2020-04-15,8.64,8.67,8.4,8.4,8.190858,83952.0,fluidra
2020-04-16,8.45,8.74,8.4,8.74,8.522392,51165.0,fluidra
2020-04-17,8.4,9.4,8.4,9.21,8.98069,169395.0,fluidra
2020-04-20,9.5,9.5,8.97,8.97,8.746666000000001,57158.0,fluidra
2020-04-21,9.17,9.17,8.86,8.89,8.668658,27144.0,fluidra
2020-04-22,9.0,9.17,8.8,9.17,8.941686,40756.0,fluidra
2020-04-23,9.5,10.16,9.18,10.16,9.907038,287840.0,fluidra
2020-04-24,9.69,9.99,9.53,9.92,9.673013000000001,113727.0,fluidra
2020-04-27,10.18,10.2,9.8,9.94,9.692515,265766.0,fluidra
2020-04-28,9.92,10.1,9.87,10.1,9.848532,37923.0,fluidra
2020-04-29,10.14,10.14,9.94,10.04,9.790026,16491.0,fluidra
2020-04-30,10.14,10.5,10.06,10.2,9.946041000000001,49878.0,fluidra
2020-05-04,9.52,10.1,9.49,9.95,9.702266999999999,53035.0,fluidra
2020-05-05,10.12,10.26,10.0,10.26,10.004548,30483.0,fluidra
2020-05-06,10.24,10.42,10.24,10.34,10.082556,22424.0,fluidra
2020-05-07,10.5,10.5,10.22,10.42,10.160563,41798.0,fluidra
2020-05-08,10.38,10.82,10.36,10.48,10.219069000000001,26523.0,fluidra
2020-05-11,10.42,10.64,10.42,10.5,10.238572999999999,32196.0,fluidra
2020-05-12,10.5,10.54,10.4,10.4,10.141063,25225.0,fluidra
2020-05-13,10.46,10.7,10.26,10.7,10.433593,25596.0,fluidra
2020-05-14,10.7,10.7,9.96,9.96,9.712016,58511.0,fluidra
2020-05-15,10.3,10.3,9.8,9.8,9.556002000000001,29029.0,fluidra
2020-05-18,9.86,10.54,9.8,10.2,9.946041000000001,42170.0,fluidra
2020-05-19,10.3,10.32,9.99,10.2,9.946041000000001,51571.0,fluidra
2020-05-20,10.14,10.24,9.94,10.2,9.946041000000001,26999.0,fluidra
2020-05-21,10.1,10.46,10.0,10.2,9.946041000000001,88762.0,fluidra
2020-05-22,10.06,10.68,10.06,10.58,10.31658,32738.0,fluidra
2020-05-25,10.58,10.64,10.52,10.6,10.336083,71690.0,fluidra
2020-05-26,10.64,10.64,10.36,10.4,10.141063,61238.0,fluidra
2020-05-27,10.68,10.68,10.14,10.14,9.887536,145901.0,fluidra
2020-05-28,10.58,11.04,10.54,10.9,10.628613,85137.0,fluidra
2020-05-29,11.0,11.1,10.52,11.1,10.823634,140451.0,fluidra
2020-06-01,11.08,11.44,11.08,11.1,10.823634,26244.0,fluidra
2020-06-02,11.1,11.56,11.02,11.5,11.213674000000001,76247.0,fluidra
2020-06-03,11.64,11.72,11.28,11.58,11.291683,35435.0,fluidra
2020-06-04,11.84,11.84,11.52,11.78,11.486703,31532.0,fluidra
2020-06-05,11.78,12.4,11.74,12.4,12.091265,99739.0,fluidra
2020-06-08,12.36,12.4,11.96,12.0,11.701225,37401.0,fluidra
2020-06-09,11.7,12.14,11.7,11.8,11.506205,45081.0,fluidra
2020-06-10,11.8,11.86,11.64,11.74,11.447699,32406.0,fluidra
2020-06-11,11.62,11.7,10.94,11.0,10.726124,42572.0,fluidra
2020-06-12,11.0,11.5,10.96,11.24,10.960148,46632.0,fluidra
2020-06-15,11.54,11.54,11.08,11.4,11.116164,44054.0,fluidra
2020-06-16,11.3,12.0,11.3,11.84,11.545209,56630.0,fluidra
2020-06-17,11.52,12.14,11.52,12.0,11.701225,51880.0,fluidra
2020-06-18,11.64,12.18,11.64,12.18,11.876744,35658.0,fluidra
2020-06-19,12.26,12.26,12.02,12.1,11.798736,61784.0,fluidra
2020-06-22,12.0,12.4,11.82,11.9,11.603715,79665.0,fluidra
2020-06-23,11.6,12.06,11.28,11.82,11.525706,28276.0,fluidra
2020-06-24,11.9,12.2,11.52,11.62,11.330687,19766.0,fluidra
2020-06-25,11.9,11.9,11.42,11.48,11.194172,72378.0,fluidra
2020-06-26,11.22,11.54,11.22,11.44,11.155169,45901.0,fluidra
2020-06-29,11.18,11.72,11.18,11.72,11.428197,33783.0,fluidra
2020-06-30,11.72,11.76,11.3,11.76,11.467201,62032.0,fluidra
2020-07-01,11.72,12.22,11.72,12.18,11.876744,62399.0,fluidra
2020-07-02,12.0,12.4,12.0,12.3,11.993755,69722.0,fluidra
2020-07-03,12.4,12.98,12.4,12.8,12.481307000000001,102528.0,fluidra
2020-07-06,13.2,13.4,12.8,12.88,12.559316,111763.0,fluidra
2020-07-07,12.88,12.88,12.48,12.6,12.286287,58205.0,fluidra
2020-07-08,12.48,13.04,12.48,12.5,12.188775999999999,62549.0,fluidra
2020-07-09,12.86,12.86,12.1,12.22,11.915747999999999,56523.0,fluidra
2020-07-10,12.1,12.28,12.0,12.1,11.798736,54448.0,fluidra
2020-07-13,12.14,12.3,12.0,12.18,11.876744,43675.0,fluidra
2020-07-14,12.0,12.18,12.0,12.08,11.779233,79234.0,fluidra
2020-07-15,12.38,12.56,11.9,12.26,11.954752000000001,71933.0,fluidra
2020-07-16,12.48,12.62,12.3,12.56,12.247283,41287.0,fluidra
2020-07-17,12.8,12.8,12.36,12.78,12.461803999999999,59581.0,fluidra
2020-07-20,12.8,12.92,12.46,12.78,12.461803999999999,37586.0,fluidra
2020-07-21,12.6,12.94,12.6,12.82,12.500809,66808.0,fluidra
2020-07-22,12.46,12.78,12.46,12.66,12.344792,27611.0,fluidra
2020-07-23,12.44,12.8,12.28,12.34,12.032761,66760.0,fluidra
2020-07-24,12.48,13.04,12.42,12.92,12.598319,186927.0,fluidra
2020-07-27,12.82,13.48,12.82,13.26,12.929853999999999,100147.0,fluidra
2020-07-28,12.98,13.34,12.98,13.2,12.871347,75352.0,fluidra
2020-07-29,13.4,13.4,13.12,13.2,12.871347,52940.0,fluidra
2020-07-30,13.4,13.4,13.14,13.14,12.812842,68709.0,fluidra
2020-07-31,13.6,14.38,13.6,14.04,13.690434,515613.0,fluidra
2020-08-03,14.1,14.76,14.06,14.3,13.94396,213575.0,fluidra
2020-08-04,14.26,14.6,13.88,14.0,13.651429,91746.0,fluidra
2020-08-05,14.02,14.2,13.74,14.0,13.651429,83118.0,fluidra
2020-08-06,14.08,14.08,13.84,14.02,13.670932999999998,71072.0,fluidra
2020-08-07,13.64,14.02,13.6,13.9,13.553919,61149.0,fluidra
2020-08-10,14.04,14.04,13.72,14.0,13.651429,50057.0,fluidra
2020-08-11,14.04,14.26,13.96,14.08,13.729438,71738.0,fluidra
2020-08-12,14.26,14.78,14.2,14.52,14.158482999999999,126622.0,fluidra
2020-08-13,14.66,14.66,14.4,14.56,14.197486999999999,66593.0,fluidra
2020-08-14,14.4,14.76,14.34,14.56,14.197486999999999,69675.0,fluidra
2020-08-17,14.76,14.76,14.52,14.56,14.197486999999999,238163.0,fluidra
2020-08-18,14.52,14.66,14.4,14.66,14.294996,73020.0,fluidra
2020-08-19,14.7,14.82,14.46,14.46,14.099976999999999,48849.0,fluidra
2020-08-20,14.4,14.46,14.06,14.22,13.865951999999998,70038.0,fluidra
2020-08-21,14.08,14.14,13.46,13.92,13.573421,128109.0,fluidra
2020-08-24,13.78,14.3,13.78,14.12,13.768442000000002,49121.0,fluidra
2020-08-25,14.36,14.44,14.02,14.08,13.729438,57143.0,fluidra
2020-08-26,13.8,14.1,13.8,14.1,13.74894,46054.0,fluidra
2020-08-27,14.1,14.1,13.84,13.86,13.514915,43522.0,fluidra
2020-08-28,13.96,14.2,13.84,14.18,13.826948000000002,61538.0,fluidra
2020-08-31,14.1,14.34,14.0,14.1,13.74894,48263.0,fluidra
2020-09-01,13.9,14.2,13.68,13.9,13.553919,43740.0,fluidra
2020-09-02,14.2,14.2,13.84,13.88,13.534417999999999,91185.0,fluidra
2020-09-03,14.16,14.16,13.42,13.56,13.222385000000001,67151.0,fluidra
2020-09-04,13.5,13.98,13.5,13.88,13.534417999999999,96832.0,fluidra
2020-09-07,14.14,14.14,13.7,13.74,13.397903,44787.0,fluidra
2020-09-08,13.7,13.86,13.62,13.82,13.475910999999998,48343.0,fluidra
2020-09-09,14.0,14.26,13.72,14.16,13.807445999999999,87398.0,fluidra
2020-09-10,14.22,14.3,13.94,14.3,13.94396,39325.0,fluidra
2020-09-11,14.14,14.38,13.94,14.12,13.768442000000002,40798.0,fluidra
2020-09-14,14.12,14.4,13.64,13.84,13.495414000000002,97877.0,fluidra
2020-09-15,13.58,14.08,13.58,13.94,13.592923,64586.0,fluidra
2020-09-16,14.2,15.08,14.18,14.76,14.392508,153892.0,fluidra
2020-09-17,14.84,15.0,14.7,14.98,14.607029,57349.0,fluidra
2020-09-18,15.0,15.14,14.86,14.86,14.490017000000002,143396.0,fluidra
2020-09-21,14.98,14.98,13.72,13.8,13.456408999999999,82966.0,fluidra
2020-09-22,13.7,14.1,13.62,13.84,13.495414000000002,80017.0,fluidra
2020-09-23,13.98,14.28,13.72,14.1,13.74894,64231.0,fluidra
2020-09-24,13.9,14.2,13.9,14.18,13.826948000000002,64582.0,fluidra
2020-09-25,14.4,14.46,14.02,14.42,14.060972,69013.0,fluidra
2020-09-28,14.66,14.82,14.3,14.42,14.060972,73281.0,fluidra
2020-09-29,14.78,14.78,14.06,14.1,13.74894,37516.0,fluidra
2020-09-30,14.56,14.56,14.12,14.48,14.119479,75399.0,fluidra
2020-10-01,14.56,14.62,14.1,14.1,13.74894,31835.0,fluidra
2020-10-02,14.4,14.4,13.9,14.0,13.651429,61113.0,fluidra
2020-10-05,14.44,14.44,14.12,14.34,13.982965,58112.0,fluidra
2020-10-06,14.44,14.44,14.06,14.14,13.787945,45829.0,fluidra
2020-10-07,14.38,14.46,14.14,14.36,14.002466,98917.0,fluidra
2020-10-08,14.36,14.44,14.34,14.36,14.002466,46569.0,fluidra
2020-10-09,14.5,14.64,14.36,14.64,14.275495999999999,100285.0,fluidra
2020-10-12,14.84,15.14,14.5,15.0,14.626532000000001,136526.0,fluidra
2020-10-13,14.96,16.780001000000002,14.84,15.94,15.543126999999998,366527.0,fluidra
2020-10-14,16.200001,16.4,15.74,15.9,15.504123000000002,201468.0,fluidra
2020-10-15,15.88,16.059998999999998,15.74,15.9,15.504123000000002,135850.0,fluidra
2020-10-16,16.139999,16.139999,15.82,15.9,15.504123000000002,117656.0,fluidra
2020-10-19,16.1,16.1,15.44,15.8,15.406613,94883.0,fluidra
2020-10-20,15.44,15.8,14.96,15.42,15.036076000000001,471455.0,fluidra
2020-10-21,15.66,15.86,15.44,15.76,15.36761,136570.0,fluidra
2020-10-22,15.74,15.98,15.54,15.86,15.465119,129651.0,fluidra
2020-10-23,15.66,15.74,15.26,15.44,15.2576,87164.0,fluidra
2020-10-26,15.34,15.68,15.16,15.2,15.020435,90338.0,fluidra
2020-10-27,15.4,15.58,14.86,14.86,14.684451999999999,164914.0,fluidra
2020-10-28,15.46,15.46,14.5,15.1,14.921617999999999,279650.0,fluidra
2020-10-29,15.5,15.66,14.74,14.84,14.664689000000001,266867.0,fluidra
2020-10-30,14.56,15.84,14.56,15.52,15.336657,264332.0,fluidra
2020-11-02,15.82,15.84,15.36,15.82,15.633110999999998,145373.0,fluidra
2020-11-03,15.56,16.299999,15.56,16.139999,15.949329999999998,204610.0,fluidra
2020-11-04,16.1,16.6,15.96,16.280001000000002,16.087677,213088.0,fluidra
2020-11-05,16.200001,16.6,16.200001,16.58,16.384134,114623.0,fluidra
2020-11-06,16.58,17.0,16.42,17.0,16.799170999999998,232298.0,fluidra
2020-11-09,17.440001000000002,17.52,16.700001,16.92,16.720116,249488.0,fluidra
2020-11-10,16.799999,17.08,15.72,15.96,15.771457999999999,322795.0,fluidra
2020-11-11,16.040001,16.26,15.72,15.72,15.534293,195222.0,fluidra
2020-11-12,16.1,16.200001,15.7,16.059998999999998,15.870275,494592.0,fluidra
2020-11-13,16.200001,17.299999,16.059998999999998,17.0,16.799170999999998,511682.0,fluidra
2020-11-16,17.16,17.280001000000002,16.620001000000002,17.26,17.056101,265191.0,fluidra
2020-11-17,17.4,17.9,17.299999,17.6,17.392084,246779.0,fluidra
2020-11-18,17.6,17.6,17.02,17.219998999999998,17.016573,150405.0,fluidra
2020-11-19,16.700001,18.1,16.700001,17.66,17.451373999999998,19418384.0,fluidra
2020-11-20,17.6,18.879998999999998,17.52,18.58,18.360506,663689.0,fluidra
2020-11-23,18.5,19.280001000000002,18.5,18.700001,18.47909,281156.0,fluidra
2020-11-24,18.459999,18.48,17.959999,18.18,17.965232999999998,247375.0,fluidra
2020-11-25,18.48,18.48,17.5,17.700001,17.490904,321080.0,fluidra
2020-11-26,17.66,17.98,17.52,17.74,17.53043,205745.0,fluidra
2020-11-27,17.799999,18.26,17.780001000000002,17.879998999999998,17.668776,180339.0,fluidra
2020-11-30,18.219998999999998,18.66,17.860001,18.5,18.281451999999998,207496.0,fluidra
2020-12-01,18.299999,18.780001000000002,18.299999,18.700001,18.47909,148417.0,fluidra
2020-12-02,18.6,18.879998999999998,18.5,18.6,18.38027,156343.0,fluidra
2020-12-03,18.219998999999998,18.440001000000002,17.84,18.18,17.965232999999998,174503.0,fluidra
2020-12-04,18.0,18.42,18.0,18.379998999999998,18.162868,240630.0,fluidra
2020-12-07,18.299999,18.6,17.92,18.18,17.965232999999998,129548.0,fluidra
2020-12-08,18.059998999999998,18.26,18.040001,18.26,18.044289000000003,91275.0,fluidra
2020-12-09,18.26,18.280001000000002,17.92,18.02,17.807123,629842.0,fluidra
2020-12-10,18.200001,18.4,17.940001000000002,18.280001000000002,18.064051,123006.0,fluidra
2020-12-11,18.42,18.42,18.02,18.16,17.945469,131200.0,fluidra
2020-12-14,18.4,18.74,18.24,18.68,18.459326,128912.0,fluidra
2020-12-15,18.9,18.9,18.379998999999998,18.76,18.53838,116401.0,fluidra
2020-12-16,18.940001000000002,19.0,18.24,18.68,18.459326,154667.0,fluidra
2020-12-17,18.74,19.1,18.58,18.799999,18.577906,205791.0,fluidra
2020-12-18,19.02,19.459999,18.92,19.219998999999998,18.992945000000002,900433.0,fluidra
2020-12-21,19.219998999999998,19.26,18.700001,19.26,19.032473,247576.0,fluidra
2020-12-22,19.26,19.620001000000002,19.219998999999998,19.620001000000002,19.388222,107502.0,fluidra
2020-12-23,19.84,20.15,19.4,19.700001,19.467276000000002,121741.0,fluidra
2020-12-24,20.15,20.200001,19.540001,19.639999,19.407984,50497.0,fluidra
2020-12-28,19.860001,20.200001,19.620001000000002,20.1,19.862551,92840.0,fluidra
2020-12-29,20.35,20.450001,20.0,20.299999,20.060185999999998,90412.0,fluidra
2020-12-30,20.1,20.6,20.1,20.4,20.159004,159377.0,fluidra
2020-12-31,20.299999,20.950001,20.25,20.950001,20.702510999999998,167833.0,fluidra
2021-01-04,21.0,21.0,19.82,20.200001,19.961369,163518.0,fluidra
2021-01-05,20.200001,20.25,19.84,20.1,19.862551,105173.0,fluidra
2021-01-06,20.15,20.5,19.940001000000002,20.4,20.159004,180310.0,fluidra
2021-01-07,20.5,20.75,19.879998999999998,19.92,19.684675,127100.0,fluidra
2021-01-08,20.049999,20.65,20.049999,20.25,20.010778,96494.0,fluidra
2021-01-11,20.35,21.0,20.25,20.700001,20.455463,189936.0,fluidra
2021-01-12,21.0,21.0,20.35,20.35,20.109596,74903.0,fluidra
2021-01-13,20.200001,20.75,20.15,20.700001,20.455463,73996.0,fluidra
2021-01-14,20.85,21.450001,20.6,21.450001,21.196602,149764.0,fluidra
2021-01-15,21.4,21.4,20.549999,20.700001,20.455463,105006.0,fluidra
2021-01-18,20.799999,21.5,20.700001,21.5,21.246012,74267.0,fluidra
2021-01-19,21.75,21.75,20.9,21.1,20.850737,94428.0,fluidra
2021-01-20,20.15,20.35,18.76,19.98,19.743967,37130277.0,fluidra
2021-01-21,19.799999,20.4,19.34,19.5,19.269638,633370.0,fluidra
2021-01-22,19.68,20.0,19.34,19.6,19.368458,393400.0,fluidra
2021-01-25,20.15,20.5,19.860001,20.049999,19.813139000000003,1881816.0,fluidra
2021-01-26,19.959999,20.299999,19.700001,19.9,19.664913000000002,202534.0,fluidra
2021-01-27,20.200001,20.200001,19.0,19.299999,19.072001,425621.0,fluidra
2021-01-28,19.4,20.0,18.76,20.0,19.763731,304765.0,fluidra
2021-01-29,20.049999,20.049999,19.52,19.799999,19.566093,324974.0,fluidra
2021-02-01,19.959999,20.25,19.799999,20.25,20.010778,198670.0,fluidra
2021-02-02,20.299999,20.65,20.1,20.4,20.159004,196850.0,fluidra
2021-02-03,20.5,20.85,20.200001,20.5,20.257824,179333.0,fluidra
2021-02-04,20.5,20.75,20.25,20.6,20.356645999999998,208051.0,fluidra
2021-02-05,20.75,21.85,20.75,21.75,21.493057,254565.0,fluidra
2021-02-08,21.65,22.1,21.35,22.0,21.740105,197494.0,fluidra
2021-02-09,21.799999,22.299999,21.450001,21.549999,21.29542,432434.0,fluidra
2021-02-10,21.549999,21.6,21.049999,21.049999,20.801327,200110.0,fluidra
2021-02-11,20.799999,21.1,20.5,20.9,20.653098999999997,265705.0,fluidra
2021-02-12,20.700001,21.25,20.4,21.0,20.751919,240116.0,fluidra
2021-02-15,21.299999,21.6,21.15,21.4,21.147192,132360.0,fluidra
2021-02-16,21.299999,21.700001,21.25,21.5,21.246012,97864.0,fluidra
2021-02-17,21.6,21.75,21.0,21.0,20.751919,177158.0,fluidra
2021-02-18,21.65,21.950001,21.200001,21.35,21.097784,231217.0,fluidra
2021-02-19,21.65,22.0,21.15,21.799999,21.542465,146730.0,fluidra
2021-02-22,21.85,21.85,21.4,21.549999,21.29542,175066.0,fluidra
2021-02-23,21.6,21.6,20.5,20.799999,20.554281,216400.0,fluidra
2021-02-24,20.85,21.15,20.5,20.9,20.653098999999997,282209.0,fluidra
2021-02-25,20.9,22.0,20.799999,22.0,21.740105,195176.0,fluidra
2021-02-26,21.15,22.450001,20.85,22.299999,22.03656,359209.0,fluidra
2021-03-01,22.5,23.049999,22.200001,22.65,22.382425,177863.0,fluidra
2021-03-02,22.950001,23.15,22.25,23.1,22.82711,436861.0,fluidra
2021-03-03,23.200001,23.4,22.6,22.65,22.382425,242711.0,fluidra
2021-03-04,22.75,22.9,22.6,22.75,22.481245,156576.0,fluidra
2021-03-05,22.6,23.15,22.4,23.1,22.82711,250511.0,fluidra
2021-03-08,23.299999,23.35,22.85,23.299999,23.024746,377397.0,fluidra
2021-03-09,23.35,23.75,23.0,23.65,23.370613,187175.0,fluidra
2021-03-10,23.6,23.799999,23.299999,23.4,23.123564000000002,107161.0,fluidra
2021-03-11,23.65,24.799999,23.65,24.0,23.716478,296592.0,fluidra
2021-03-12,24.15,24.25,23.700001,23.799999,23.518841000000002,151953.0,fluidra
2021-03-15,24.1,24.25,23.700001,23.700001,23.420023,138878.0,fluidra
2021-03-16,23.75,24.25,23.75,24.15,23.864705999999998,168055.0,fluidra
2021-03-17,24.25,24.25,23.700001,23.950001,23.667070000000002,176006.0,fluidra
2021-03-18,23.6,23.9,23.200001,23.4,23.123564000000002,280210.0,fluidra
2021-03-19,23.200001,23.799999,23.200001,23.35,23.074156,512359.0,fluidra
2021-03-22,23.299999,24.200001,23.299999,23.85,23.568251,106143.0,fluidra
2021-03-23,23.9,24.25,23.450001,23.75,23.469431,140193.0,fluidra
2021-03-24,25.35,25.549999,24.299999,24.65,24.358798999999998,339273.0,fluidra
2021-03-25,25.0,25.049999,23.85,24.15,23.864705999999998,263676.0,fluidra
2021-03-26,24.6,24.6,23.5,23.5,23.222382999999997,1893149.0,fluidra
2021-03-29,23.1,23.9,22.85,23.6,23.321203,356265.0,fluidra
2021-03-30,23.9,24.65,23.799999,24.65,24.358798999999998,641259.0,fluidra
2021-03-31,24.700001,25.15,24.35,24.35,24.062344,393704.0,fluidra
2021-04-01,24.35,24.9,24.35,24.799999,24.507025,237390.0,fluidra
2021-04-06,25.1,25.1,24.65,25.049999,24.754072,246782.0,fluidra
2021-04-07,24.950001,25.299999,24.9,25.299999,25.00112,311714.0,fluidra
2021-04-08,25.35,25.75,25.0,25.1,24.803482000000002,222559.0,fluidra
2021-04-09,25.450001,25.85,25.1,25.25,24.951712,332882.0,fluidra
2021-04-12,25.450001,25.549999,25.1,25.25,24.951712,163763.0,fluidra
2021-04-13,25.299999,26.0,25.299999,25.950001,25.643442,294102.0,fluidra
2021-04-14,25.950001,26.4,25.700001,26.15,25.841078,237482.0,fluidra
2021-04-15,26.299999,26.75,26.049999,26.549999,26.236351000000003,311072.0,fluidra
2021-04-16,26.549999,27.0,26.4,26.9,26.582218,339431.0,fluidra
2021-04-19,26.799999,26.799999,25.6,25.950001,25.643442,1814724.0,fluidra
2021-04-20,26.049999,26.15,25.15,25.450001,25.149349,2393466.0,fluidra
2021-04-21,25.65,26.299999,25.6,26.299999,25.989304999999998,349552.0,fluidra
2021-04-22,26.35,26.85,26.25,26.85,26.532809999999998,410965.0,fluidra
2021-04-23,26.85,27.65,26.799999,27.65,27.323359000000004,327635.0,fluidra
2021-04-26,27.9,28.65,27.4,28.65,28.311544,687856.0,fluidra
2021-04-27,28.65,28.700001,28.25,28.450001,28.113909000000003,399301.0,fluidra
2021-04-28,28.5,29.15,28.4,29.0,28.65741,326630.0,fluidra
2021-04-29,29.1,29.549999,28.4,28.65,28.311544,364471.0,fluidra
2021-04-30,28.6,29.25,28.6,28.9,28.558591999999997,368229.0,fluidra
2021-05-03,29.25,29.65,28.950001,29.549999,29.200912,374743.0,fluidra
2021-05-04,29.65,29.65,28.9,29.0,28.65741,344173.0,fluidra
2021-05-05,29.15,29.6,28.950001,29.5,29.151503,496396.0,fluidra
2021-05-06,29.5,31.5,29.5,31.0,30.633783,1039659.0,fluidra
2021-05-07,31.85,32.400002,31.35,32.299999,31.918427,372344.0,fluidra
2021-05-10,32.5,33.0,31.9,32.950001,32.560749,745640.0,fluidra
2021-05-11,31.5,32.799999,29.450001,30.4,30.040871000000003,12997225.0,fluidra
2021-05-12,31.0,32.0,30.85,31.9,31.523151000000002,701220.0,fluidra
2021-05-13,31.65,32.349998,31.4,31.6,31.226696,751834.0,fluidra
2021-05-14,31.6,32.200001,31.450001,31.799999,31.424332,949567.0,fluidra
2021-05-17,31.85,33.0,31.6,32.650002,32.264294,473768.0,fluidra
2021-05-18,32.900002,32.900002,31.85,32.150002,31.770198999999998,461593.0,fluidra
2021-05-19,31.950001,32.150002,31.35,31.950001,31.572561,317467.0,fluidra
2021-05-20,32.0,32.599998,31.549999,32.299999,31.918427,386011.0,fluidra
2021-05-21,32.25,32.450001,31.549999,31.65,31.276106,379101.0,fluidra
2021-05-24,31.450001,32.450001,31.450001,32.349998,31.967836,262318.0,fluidra
2021-05-25,32.599998,33.549999,32.450001,32.799999,32.412521000000005,397772.0,fluidra
2021-05-26,33.0,33.150002,32.349998,32.900002,32.511340999999994,311680.0,fluidra
2021-05-27,32.700001,33.450001,32.700001,33.450001,33.054840000000006,349724.0,fluidra
2021-05-28,33.450001,33.599998,32.450001,32.599998,32.214882,239601.0,fluidra
2021-05-31,33.099998,33.5,32.700001,33.049999,32.659565,232025.0,fluidra
2021-06-01,33.400002,33.599998,32.799999,33.099998,32.708973,269839.0,fluidra
2021-06-02,33.099998,33.25,32.700001,33.0,32.610157,250016.0,fluidra
2021-06-03,32.5,32.650002,31.799999,32.299999,31.918427,284233.0,fluidra
2021-06-04,32.099998,33.099998,32.099998,33.049999,32.659565,288065.0,fluidra
2021-06-07,33.299999,33.5,33.0,33.049999,32.659565,213990.0,fluidra
2021-06-08,32.900002,33.349998,32.900002,33.25,32.857203999999996,209898.0,fluidra
2021-06-09,33.400002,33.849998,33.200001,33.599998,33.203068,438110.0,fluidra
2021-06-10,33.450001,33.799999,33.150002,33.150002,32.758389,284918.0,fluidra
2021-06-11,33.049999,34.200001,33.049999,33.599998,33.203068,286396.0,fluidra
2021-06-14,33.700001,34.549999,33.700001,34.150002,33.746571,339564.0,fluidra
2021-06-15,34.25,34.5,33.799999,33.849998,33.450115000000004,197834.0,fluidra
2021-06-16,34.0,34.0,33.450001,33.599998,33.203068,176418.0,fluidra
2021-06-17,33.299999,34.25,33.299999,33.900002,33.499527,361183.0,fluidra
2021-06-18,33.950001,34.049999,33.400002,33.75,33.351295,1543518.0,fluidra
2021-06-21,33.450001,34.049999,33.200001,34.049999,33.647751,325012.0,fluidra
2021-06-22,33.950001,34.150002,33.400002,34.150002,33.746571,249870.0,fluidra
2021-06-23,34.200001,34.400002,33.799999,34.200001,33.795982,266581.0,fluidra
2021-06-24,34.450001,34.549999,34.049999,34.450001,34.043026,749894.0,fluidra
2021-06-25,34.0,35.049999,33.75,34.900002,34.487713,706270.0,fluidra
2021-06-28,35.099998,35.200001,33.400002,33.5,33.104252,2874130.0,fluidra
2021-06-29,33.5,33.799999,33.0,33.650002,33.25248,371405.0,fluidra
2021-06-30,33.700001,34.099998,33.25,33.450001,33.054840000000006,264346.0,fluidra
2021-07-01,33.5,34.700001,33.5,34.5,34.092434000000004,307568.0,fluidra
2021-07-02,34.450001,35.099998,34.450001,34.900002,34.688808,264142.0,fluidra
2021-07-05,34.700001,35.299999,34.349998,35.0,34.7882,226455.0,fluidra
2021-07-06,34.900002,35.450001,34.75,34.849998,34.639107,242558.0,fluidra
2021-07-07,35.049999,35.400002,34.400002,35.400002,35.18578,275962.0,fluidra
2021-07-08,35.400002,35.400002,33.950001,34.5,34.291225,485538.0,fluidra
2021-07-09,34.599998,35.150002,34.099998,35.150002,34.937294,319149.0,fluidra
2021-07-12,35.25,35.700001,35.0,35.700001,35.483967,1191176.0,fluidra
2021-07-13,35.75,36.0,35.349998,35.650002,35.434269,229852.0,fluidra
2021-07-14,35.700001,35.950001,35.25,35.599998,35.384567,169886.0,fluidra
2021-07-15,35.849998,35.950001,35.299999,35.450001,35.235477,233073.0,fluidra
2021-07-16,35.5,35.5,33.75,34.5,34.291225,550709.0,fluidra
2021-07-19,33.950001,34.299999,33.400002,34.049999,33.843948,700945.0,fluidra
2021-07-20,34.25,35.25,34.0,35.0,34.7882,249168.0,fluidra
2021-07-21,34.950001,35.549999,34.650002,34.849998,34.639107,317969.0,fluidra
2021-07-22,34.849998,36.049999,34.849998,36.0,35.78215,243561.0,fluidra
2021-07-23,36.049999,36.400002,35.799999,36.099998,35.881541999999996,265810.0,fluidra
2021-07-26,35.75,35.950001,35.450001,35.599998,35.384567,331126.0,fluidra
2021-07-27,35.400002,35.700001,34.849998,34.849998,34.639107,340415.0,fluidra
2021-07-28,35.099998,35.849998,34.849998,35.700001,35.483967,270503.0,fluidra
2021-07-29,35.900002,36.0,35.299999,35.900002,35.682755,300546.0,fluidra
2021-07-30,35.799999,35.849998,32.549999,34.150002,33.943344,684984.0,fluidra
2021-08-02,34.450001,36.5,34.25,36.299999,36.080334,474170.0,fluidra
2021-08-03,36.349998,36.650002,35.25,35.450001,35.235477,297068.0,fluidra
2021-08-04,35.900002,36.049999,35.299999,35.900002,35.682755,240127.0,fluidra
2021-08-05,35.900002,36.150002,35.549999,36.150002,35.931244,232137.0,fluidra
2021-08-06,36.150002,37.299999,35.75,35.799999,35.583359,255497.0,fluidra
2021-08-09,35.799999,35.799999,34.700001,35.599998,35.384567,233272.0,fluidra
2021-08-10,35.200001,35.5,34.400002,34.599998,34.390621,441172.0,fluidra
2021-08-11,34.599998,35.200001,34.599998,35.099998,34.887592,219704.0,fluidra
2021-08-12,35.099998,35.400002,34.5,34.849998,34.639107,243482.0,fluidra
2021-08-13,35.349998,36.5,34.900002,36.25,36.030636,376510.0,fluidra
2021-08-16,36.099998,37.150002,36.0,37.0,36.776096,259223.0,fluidra
2021-08-17,36.75,37.099998,36.150002,36.5,36.279121,218572.0,fluidra
2021-08-18,36.450001,37.049999,36.349998,36.450001,36.229427,173936.0,fluidra
2021-08-19,35.900002,36.5,35.650002,36.299999,36.080334,241729.0,fluidra
2021-08-20,36.150002,36.150002,35.650002,36.0,35.78215,203653.0,fluidra
2021-08-23,36.200001,36.299999,35.599998,35.700001,35.483967,214094.0,fluidra
2021-08-24,35.650002,35.900002,35.25,35.25,35.036685999999996,217521.0,fluidra
2021-08-25,35.450001,35.75,35.349998,35.599998,35.384567,211959.0,fluidra
2021-08-26,35.799999,35.799999,35.0,35.549999,35.334869,215551.0,fluidra
2021-08-27,35.700001,36.049999,35.5,35.799999,35.583359,206308.0,fluidra
2021-08-30,35.700001,35.950001,35.599998,35.75,35.533660999999995,131442.0,fluidra
2021-08-31,35.650002,35.950001,34.299999,34.599998,34.390621,462125.0,fluidra
2021-09-01,35.099998,36.0,34.950001,35.650002,35.434269,410816.0,fluidra
2021-09-02,35.650002,37.0,35.5,36.799999,36.577309,2376510.0,fluidra
2021-09-03,36.799999,37.5,36.200001,36.400002,36.179728999999995,486598.0,fluidra
2021-09-06,36.650002,37.549999,36.5,37.349998,37.123978,194942.0,fluidra
2021-09-07,37.450001,37.650002,37.099998,37.5,37.273071,298269.0,fluidra
2021-09-08,37.400002,37.650002,37.0,37.349998,37.123978,353486.0,fluidra
2021-09-09,37.549999,37.549999,36.549999,37.200001,36.974888,386832.0,fluidra
2021-09-10,37.200001,37.549999,36.900002,37.349998,37.123978,260276.0,fluidra
2021-09-13,37.299999,38.099998,37.099998,37.549999,37.322769,291734.0,fluidra
2021-09-14,37.099998,37.400002,36.849998,37.0,36.776096,267460.0,fluidra
2021-09-15,35.950001,36.0,34.849998,35.099998,34.887592,10815995.0,fluidra
2021-09-16,35.099998,35.75,35.049999,35.599998,35.384567,442855.0,fluidra
2021-09-17,35.900002,36.299999,35.400002,35.5,35.285175,1871949.0,fluidra
2021-09-20,35.299999,35.900002,34.799999,35.75,35.533660999999995,624653.0,fluidra
2021-09-21,35.099998,36.799999,35.099998,35.950001,35.732452,2015221.0,fluidra
2021-09-22,36.299999,37.200001,36.150002,37.200001,36.974888,371999.0,fluidra
2021-09-23,37.549999,38.25,37.450001,38.0,37.770046,374972.0,fluidra
2021-09-24,38.049999,38.049999,37.5,37.75,37.521561,327169.0,fluidra
2021-09-27,38.0,38.0,36.549999,36.700001,36.477913,1556797.0,fluidra
2021-09-28,36.950001,36.950001,33.25,33.549999,33.346973,1544570.0,fluidra
2021-09-29,33.650002,34.349998,33.450001,34.0,33.79425,1052508.0,fluidra
2021-09-30,34.349998,34.599998,34.099998,34.450001,34.241528,515701.0,fluidra
2021-10-01,33.900002,34.099998,33.450001,33.849998,33.645157,406571.0,fluidra
2021-10-04,33.900002,34.0,32.75,33.150002,32.949397999999995,810053.0,fluidra
2021-10-05,32.849998,33.799999,32.549999,33.75,33.545765,480555.0,fluidra
2021-10-06,33.650002,33.650002,32.75,33.25,33.048790000000004,342974.0,fluidra
2021-10-07,33.299999,34.049999,33.099998,34.0,33.79425,408112.0,fluidra
2021-10-08,33.599998,33.900002,33.200001,33.200001,32.999092,875890.0,fluidra
2021-10-11,33.099998,33.5,32.700001,33.450001,33.247581,419989.0,fluidra
2021-10-12,32.900002,34.049999,32.5,33.5,33.297276000000004,424042.0,fluidra
2021-10-13,33.599998,34.0,33.200001,33.75,33.545765,326010.0,fluidra
2021-10-14,33.849998,34.400002,33.849998,34.349998,34.142132000000004,266977.0,fluidra
2021-10-15,34.799999,35.349998,34.799999,35.099998,34.887592,395838.0,fluidra
2021-10-18,35.0,35.25,34.650002,35.0,34.7882,429198.0,fluidra
2021-10-19,35.099998,35.25,34.700001,34.900002,34.688808,947819.0,fluidra
2021-10-20,34.950001,36.099998,34.75,35.700001,35.483967,1513817.0,fluidra
2021-10-21,35.549999,36.549999,35.400002,36.5,36.279121,3052903.0,fluidra
2021-10-22,36.599998,37.450001,36.400002,36.900002,36.676704,300240.0,fluidra
2021-10-25,37.099998,37.150002,36.75,37.0,36.776096,339488.0,fluidra
2021-10-26,37.400002,37.400002,36.549999,36.75,36.527611,602943.0,fluidra
2021-10-27,37.0,37.5,36.400002,36.650002,36.428215,354494.0,fluidra
2021-10-28,36.25,36.25,34.150002,34.5,34.291225,568883.0,fluidra
2021-10-29,34.400002,34.599998,32.299999,33.049999,32.849998,808280.0,fluidra
2021-11-01,33.150002,33.900002,32.349998,33.0,33.0,505687.0,fluidra
2021-11-02,32.75,32.75,31.6,32.0,32.0,472837.0,fluidra
2021-11-03,31.75,32.150002,31.200001,31.6,31.6,1536148.0,fluidra
2021-11-04,32.0,33.299999,32.0,33.299999,33.299999,749139.0,fluidra
2021-11-05,33.450001,33.549999,32.900002,33.099998,33.099998,657551.0,fluidra
2021-11-08,33.150002,34.099998,33.0,33.849998,33.849998,407207.0,fluidra
2021-11-09,33.599998,34.400002,33.549999,33.650002,33.650002,372718.0,fluidra
2021-11-10,33.549999,33.599998,32.849998,33.25,33.25,304033.0,fluidra
2021-11-11,33.299999,33.900002,33.049999,33.5,33.5,1183537.0,fluidra
2021-11-12,33.450001,33.75,33.299999,33.650002,33.650002,302893.0,fluidra
2021-11-15,34.0,34.0,33.5,33.599998,33.599998,1267125.0,fluidra
2021-11-16,33.650002,34.450001,33.650002,34.450001,34.450001,442006.0,fluidra
2021-11-17,34.599998,35.950001,34.349998,35.450001,35.450001,465435.0,fluidra
2021-11-18,35.299999,35.75,34.950001,35.400002,35.400002,347881.0,fluidra
2021-11-19,35.0,35.950001,34.549999,35.5,35.5,331557.0,fluidra
2021-11-22,35.549999,36.349998,35.450001,35.75,35.75,287656.0,fluidra
2021-11-23,35.5,35.650002,34.0,34.0,34.0,317627.0,fluidra
2021-11-24,33.950001,34.400002,33.400002,33.950001,33.950001,320281.0,fluidra
2021-11-25,33.950001,34.450001,33.349998,33.400002,33.400002,2164060.0,fluidra
2021-11-26,32.5,33.400002,32.0,32.950001,32.950001,519250.0,fluidra
2021-11-29,33.5,34.400002,33.299999,33.75,33.75,385757.0,fluidra
2021-11-30,33.349998,34.799999,33.200001,33.75,33.75,692090.0,fluidra
2021-12-01,33.200001,34.400002,33.200001,34.299999,34.299999,417163.0,fluidra
2021-12-02,33.799999,34.299999,33.650002,34.0,34.0,329824.0,fluidra
2021-12-03,34.200001,34.25,31.950001,32.150002,32.150002,596904.0,fluidra
2021-12-06,32.799999,32.799999,32.150002,32.549999,32.549999,310010.0,fluidra
2021-12-07,33.200001,34.599998,33.049999,34.549999,34.549999,449388.0,fluidra
2021-12-08,34.450001,34.900002,33.75,34.049999,34.049999,794312.0,fluidra
2021-12-09,34.25,34.400002,33.549999,33.700001,33.700001,310513.0,fluidra
2021-12-10,33.599998,33.599998,32.599998,32.75,32.75,329795.0,fluidra
2021-12-13,33.349998,33.400002,32.299999,32.5,32.5,327860.0,fluidra
2021-12-14,32.400002,32.599998,31.65,31.700001,31.700001,1399294.0,fluidra
2021-12-15,31.65,32.400002,31.25,32.349998,32.349998,440710.0,fluidra
2021-12-16,32.900002,33.450001,32.700001,32.900002,32.900002,448244.0,fluidra
2021-12-17,32.599998,32.75,32.099998,32.5,32.5,612464.0,fluidra
2021-12-20,31.299999,32.450001,30.85,32.400002,32.400002,406564.0,fluidra
2021-12-21,32.900002,33.099998,32.150002,32.650002,32.650002,1059650.0,fluidra
2021-12-22,32.400002,33.650002,32.400002,33.599998,33.599998,243329.0,fluidra
2021-12-23,33.700001,34.200001,33.299999,34.150002,34.150002,902319.0,fluidra
2021-12-27,33.849998,34.5,33.75,34.450001,34.450001,155027.0,fluidra
2021-12-28,34.25,35.25,33.900002,35.049999,35.049999,175070.0,fluidra
2021-12-29,35.25,35.400002,34.5,35.0,35.0,165240.0,fluidra
2021-12-30,35.099998,35.299999,34.900002,35.200001,35.200001,249884.0,fluidra
2022-01-03,35.200001,35.200001,34.599998,34.650002,34.650002,187116.0,fluidra
2022-01-04,34.950001,35.25,34.5,34.700001,34.700001,291197.0,fluidra
2022-01-05,34.349998,34.900002,34.150002,34.599998,34.599998,259908.0,fluidra
2022-01-06,33.900002,34.549999,33.450001,34.099998,34.099998,275723.0,fluidra
2022-01-07,34.299999,34.299999,33.049999,33.299999,33.299999,550784.0,fluidra
2022-01-10,33.450001,33.450001,31.450001,31.450001,31.450001,532347.0,fluidra
2022-01-11,31.799999,32.700001,31.549999,32.099998,32.099998,374812.0,fluidra
2022-01-12,32.75,32.849998,31.950001,32.599998,32.599998,856361.0,fluidra
2022-01-13,32.0,32.299999,31.4,31.5,31.5,444792.0,fluidra
2022-01-14,31.5,31.549999,30.049999,30.299999,30.299999,1501318.0,fluidra
2022-01-17,30.450001,31.0,30.1,30.549999,30.549999,387845.0,fluidra
2022-01-18,30.25,30.299999,29.4,29.65,29.65,888334.0,fluidra
2022-01-19,29.4,30.549999,29.25,30.25,30.25,1496503.0,fluidra
2022-01-20,30.299999,30.950001,29.75,30.65,30.65,377755.0,fluidra
2022-01-21,30.25,30.25,29.4,29.9,29.9,491524.0,fluidra
2022-01-24,29.549999,29.65,28.1,28.4,28.4,907503.0,fluidra
2022-01-25,28.6,29.1,28.25,28.9,28.9,585022.0,fluidra
2022-01-26,28.950001,29.15,28.4,28.85,28.85,710814.0,fluidra
2022-01-27,28.200001,29.15,27.85,28.799999,28.799999,487371.0,fluidra
2022-01-28,28.35,28.549999,27.700001,27.799999,27.799999,771298.0,fluidra
2022-01-31,28.15,28.549999,28.049999,28.1,28.1,401805.0,fluidra
2022-02-01,28.049999,28.450001,27.85,28.450001,28.450001,656847.0,fluidra
2022-02-02,28.450001,29.299999,28.299999,28.65,28.65,374901.0,fluidra
2022-02-03,28.6,28.6,27.450001,27.9,27.9,2345413.0,fluidra
2022-02-04,28.049999,28.200001,27.1,27.25,27.25,479176.0,fluidra
2022-02-07,27.200001,27.4,26.5,26.5,26.5,601533.0,fluidra
2022-02-08,26.450001,26.950001,26.1,26.35,26.35,678109.0,fluidra
2022-02-09,26.75,27.450001,26.75,27.0,27.0,1197481.0,fluidra
2022-02-10,27.549999,27.799999,26.549999,27.0,27.0,1396456.0,fluidra
2022-02-11,27.0,27.4,26.65,26.75,26.75,402047.0,fluidra
2022-02-14,26.1,26.450001,25.6,25.6,25.6,692022.0,fluidra
2022-02-15,25.549999,26.4,25.549999,26.35,26.35,595195.0,fluidra
2022-02-16,26.25,26.6,26.049999,26.25,26.25,626689.0,fluidra
2022-02-17,26.1,26.6,25.6,25.6,25.6,373620.0,fluidra
2022-02-18,25.5,25.85,25.15,25.25,25.25,610623.0,fluidra
2022-02-21,25.5,25.6,24.950001,25.299999,25.299999,335082.0,fluidra
2022-02-22,24.700001,25.15,24.549999,24.799999,24.799999,445673.0,fluidra
2022-02-23,24.799999,25.200001,24.35,24.35,24.35,453737.0,fluidra
2022-02-24,22.5,24.549999,22.450001,24.200001,24.200001,804388.0,fluidra
2022-02-25,24.9,25.0,24.0,24.9,24.9,479467.0,fluidra
2022-02-28,24.25,27.549999,24.25,27.200001,27.200001,1015604.0,fluidra
2022-03-01,27.1,27.200001,26.049999,26.450001,26.450001,824746.0,fluidra
2022-03-02,26.450001,27.5,26.15,27.200001,27.200001,1052426.0,fluidra
2022-03-03,27.0,27.299999,25.450001,25.450001,25.450001,669328.0,fluidra
2022-03-04,25.0,25.4,24.200001,24.200001,24.200001,577298.0,fluidra
2022-03-07,23.35,24.5,23.299999,24.15,24.15,708053.0,fluidra
2022-03-08,23.35,24.75,23.1,23.1,23.1,626463.0,fluidra
2022-03-09,23.799999,24.9,23.299999,24.799999,24.799999,606565.0,fluidra
2022-03-10,25.35,25.700001,24.799999,24.950001,24.950001,857742.0,fluidra
2022-03-11,25.049999,25.700001,24.549999,25.15,25.15,405674.0,fluidra
2022-03-14,25.6,26.15,25.4,25.75,25.75,591299.0,fluidra
2022-03-15,26.200001,26.200001,25.0,25.450001,25.450001,358935.0,fluidra
2022-03-16,26.4,27.700001,25.85,27.5,27.5,642126.0,fluidra
2022-03-17,27.5,27.85,27.0,27.5,27.5,608974.0,fluidra
2022-03-18,27.950001,28.35,27.299999,28.35,28.35,656215.0,fluidra
2022-03-21,28.4,28.6,27.549999,27.75,27.75,367111.0,fluidra
2022-03-22,27.700001,27.799999,27.450001,27.700001,27.700001,362086.0,fluidra
2022-03-23,27.6,28.25,27.35,27.4,27.4,945421.0,fluidra
2022-03-24,27.5,27.5,26.549999,26.85,26.85,337387.0,fluidra
2022-03-25,27.4,27.4,26.4,26.5,26.5,444996.0,fluidra
2022-03-28,26.700001,27.049999,26.5,26.5,26.5,260956.0,fluidra
2022-03-29,26.75,28.0,26.75,27.799999,27.799999,302745.0,fluidra
2022-03-30,27.5,27.6,26.65,26.9,26.9,391899.0,fluidra
2022-03-31,26.75,27.049999,26.299999,26.299999,26.299999,422200.0,fluidra
2022-04-01,26.120001000000002,26.16,25.1,25.200001,25.200001,536818.0,fluidra
2022-04-04,25.440001000000002,25.780001000000002,24.879998999999998,25.74,25.74,278194.0,fluidra
2022-04-05,25.5,26.34,25.48,26.299999,26.299999,290170.0,fluidra
2022-04-06,26.4,26.52,25.32,25.5,25.5,351466.0,fluidra
2022-04-07,25.219998999999998,25.4,24.5,25.219998999999998,25.219998999999998,394120.0,fluidra
2022-04-08,25.700001,26.059998999999998,25.6,25.98,25.98,983973.0,fluidra
2022-04-11,25.959999,26.200001,25.32,25.459999,25.459999,438638.0,fluidra
2022-04-12,25.02,25.4,24.9,25.200001,25.200001,370004.0,fluidra
2022-04-13,25.040001,25.219998999999998,24.58,25.120001000000002,25.120001000000002,519247.0,fluidra
2022-04-14,25.18,25.540001,25.120001000000002,25.24,25.24,239998.0,fluidra
2022-04-19,25.02,25.139999,24.459999,25.0,25.0,339483.0,fluidra
2022-04-20,25.02,25.639999,24.84,25.52,25.52,597771.0,fluidra
2022-04-21,25.76,26.9,25.6,26.639999,26.639999,332605.0,fluidra
2022-04-22,26.299999,26.4,25.92,26.040001,26.040001,301341.0,fluidra
2022-04-25,25.26,25.92,24.959999,25.200001,25.200001,338024.0,fluidra
2022-04-26,25.5,25.98,24.940001000000002,25.02,25.02,382931.0,fluidra
