2017-04-27,19.66,19.66,19.389999,19.514999,19.31341,2737639.0,gamesa
2017-04-28,19.4,19.92,19.4,19.834999,19.630101999999997,2624247.0,gamesa
2017-05-02,19.879998999999998,20.225,19.754998999999998,20.105,19.897316,5741369.0,gamesa
2017-05-03,20.0,20.174999,19.83,19.965,19.758764000000003,4158330.0,gamesa
2017-05-04,19.985001,20.395,19.969998999999998,20.190001000000002,19.981438,2295045.0,gamesa
2017-05-05,20.17,20.575001,20.1,20.57,20.357512,1804561.0,gamesa
2017-05-08,20.719998999999998,20.719998999999998,20.32,20.375,20.164526000000002,1357720.0,gamesa
2017-05-09,20.35,20.59,20.26,20.555,20.342667000000002,2995219.0,gamesa
2017-05-10,20.59,20.635,20.370001000000002,20.530001000000002,20.317926,2777213.0,gamesa
2017-05-11,20.5,20.885,20.215,20.68,20.466375,2174885.0,gamesa
2017-05-12,20.75,21.02,20.66,20.76,20.545551,1863285.0,gamesa
2017-05-15,20.870001000000002,20.93,20.57,20.879998999999998,20.664309,1341703.0,gamesa
2017-05-16,20.879998999999998,20.995001000000002,20.83,20.865,20.649466,1852844.0,gamesa
2017-05-17,20.775,20.885,20.23,20.290001,20.080404,1880921.0,gamesa
2017-05-18,20.184998999999998,20.375,19.950001,20.365,20.154629,1991068.0,gamesa
2017-05-19,20.379998999999998,20.615,20.360001,20.5,20.288235,916649.0,gamesa
2017-05-22,20.5,20.58,20.235001,20.275,20.065559,1710776.0,gamesa
2017-05-23,20.285,20.73,20.200001,20.610001,20.3971,1218244.0,gamesa
2017-05-24,20.665001,20.665001,20.205,20.375,20.164526000000002,1323700.0,gamesa
2017-05-25,20.379998999999998,20.530001000000002,20.305,20.355,20.144733,835331.0,gamesa
2017-05-26,20.370001000000002,20.455,20.174999,20.35,20.139785999999997,1803792.0,gamesa
2017-05-29,20.379998999999998,20.415001,20.215,20.344998999999998,20.134833999999998,1037573.0,gamesa
2017-05-30,20.18,20.24,19.715,19.889999,19.684535999999998,4967688.0,gamesa
2017-05-31,20.084999,20.35,19.92,20.190001000000002,19.981438,22569817.0,gamesa
2017-06-01,20.200001,20.290001,19.889999,20.049999,19.842882,2457103.0,gamesa
2017-06-02,20.094998999999998,20.200001,19.77,19.92,19.714228,2306854.0,gamesa
2017-06-05,19.92,19.985001,19.75,19.85,19.644951000000002,719382.0,gamesa
2017-06-06,19.855,19.924999,19.655001000000002,19.924999,19.719173,1885226.0,gamesa
2017-06-07,19.809998999999998,19.955,19.66,19.905001000000002,19.699382999999997,1878332.0,gamesa
2017-06-08,19.950001,20.245001000000002,19.889999,20.200001,19.991335,1601970.0,gamesa
2017-06-09,20.200001,20.43,20.16,20.32,20.110094,1672117.0,gamesa
2017-06-12,20.32,20.32,19.875,20.004998999999998,19.798347,2358871.0,gamesa
2017-06-13,20.059998999999998,20.190001000000002,19.924999,20.190001000000002,19.981438,1555092.0,gamesa
2017-06-14,20.26,20.440001000000002,19.965,20.055,19.847832,1559530.0,gamesa
2017-06-15,20.025,20.025,19.655001000000002,19.73,19.52619,1653375.0,gamesa
2017-06-16,19.674999,19.715,19.264999,19.344998999999998,19.145166,3034505.0,gamesa
2017-06-19,19.17,19.610001,19.17,19.594998999999998,19.392584,2470645.0,gamesa
2017-06-20,19.495001000000002,19.68,18.934998999999998,19.02,18.823524,2285849.0,gamesa
2017-06-21,19.040001,19.084999,18.57,19.014999,18.818575,1642806.0,gamesa
2017-06-22,19.0,19.0,18.75,18.83,18.635487,1537399.0,gamesa
2017-06-23,18.83,18.945,18.530001000000002,18.625,18.432606,2539185.0,gamesa
2017-06-26,18.655001000000002,18.709999,18.51,18.545,18.35343,8021141.0,gamesa
2017-06-27,18.5,18.540001,18.35,18.389999,18.200031,6663510.0,gamesa
2017-06-28,18.379998999999998,18.66,18.309998999999998,18.565001000000002,18.373224,2654869.0,gamesa
2017-06-29,18.635,18.68,18.455,18.465,18.274256,2419869.0,gamesa
2017-06-30,18.469998999999998,18.775,18.41,18.695,18.501881,1928813.0,gamesa
2017-07-03,18.965,19.0,18.559998999999998,18.700001,18.616948999999998,1279761.0,gamesa
2017-07-04,18.73,18.73,18.48,18.5,18.417835,785741.0,gamesa
2017-07-05,18.5,18.504998999999998,18.32,18.485001,18.402903,6104317.0,gamesa
2017-07-06,18.5,18.76,18.040001,18.200001,18.119169,1931638.0,gamesa
2017-07-07,18.235001,18.254998999999998,17.84,17.934998999999998,17.855345,1508958.0,gamesa
2017-07-10,18.0,18.0,17.785,17.91,17.830455999999998,1601315.0,gamesa
2017-07-11,17.945,18.004998999999998,17.775,17.940001000000002,17.860323,1223833.0,gamesa
2017-07-12,17.955,18.120001000000002,17.905001000000002,18.09,18.009655,1740940.0,gamesa
2017-07-13,18.139999,18.389999,18.059998999999998,18.25,18.168945,1790679.0,gamesa
2017-07-14,18.33,18.415001,18.205,18.344998999999998,18.263523,1168764.0,gamesa
2017-07-17,18.41,18.42,18.125,18.200001,18.119169,1380610.0,gamesa
2017-07-18,18.205,18.309998999999998,17.969998999999998,18.02,17.939968,1111182.0,gamesa
2017-07-19,17.98,18.120001000000002,17.870001000000002,17.99,17.910101,1052642.0,gamesa
2017-07-20,18.014999,18.08,17.735001,17.76,17.681122,2477521.0,gamesa
2017-07-21,17.65,17.780001000000002,16.83,16.975,16.899608999999998,3309395.0,gamesa
2017-07-24,16.9,17.23,16.705,16.9,16.824939999999998,1433359.0,gamesa
2017-07-25,17.09,17.295,17.01,17.245001000000002,17.168409,2597024.0,gamesa
2017-07-26,17.280001000000002,17.57,17.25,17.545,17.467077,3004828.0,gamesa
2017-07-27,15.105,15.49,14.31,14.505,14.440578,11665870.0,gamesa
2017-07-28,14.505,14.645,14.145,14.58,14.515245000000002,5024023.0,gamesa
2017-07-31,14.62,14.8,13.635,13.85,13.788487,5704499.0,gamesa
2017-08-01,13.8,13.81,12.835,12.94,12.882529,8546379.0,gamesa
2017-08-02,12.92,13.41,12.905,13.14,13.081641000000001,6512242.0,gamesa
2017-08-03,13.14,13.43,12.85,13.27,13.211063000000001,4490675.0,gamesa
2017-08-04,13.285,14.025,13.265,13.9,13.838265,4550851.0,gamesa
2017-08-07,14.025,14.09,13.22,13.6,13.539598000000002,3979685.0,gamesa
2017-08-08,13.615,13.935,13.435,13.73,13.669020000000002,2131512.0,gamesa
2017-08-09,13.59,13.745,13.31,13.42,13.360397,2743616.0,gamesa
2017-08-10,13.31,13.365,12.95,13.04,12.982085000000001,4257564.0,gamesa
2017-08-11,12.98,13.175,12.9,13.13,13.071685,2471088.0,gamesa
2017-08-14,13.23,13.265,12.905,12.975,12.917374,1818759.0,gamesa
2017-08-15,13.0,13.0,12.525,12.74,12.683417,3288392.0,gamesa
2017-08-16,12.7,12.875,12.4,12.82,12.763062,3542094.0,gamesa
2017-08-17,12.765,12.865,12.59,12.68,12.623683999999999,2224901.0,gamesa
2017-08-18,12.55,12.675,12.46,12.61,12.553994,2088351.0,gamesa
2017-08-21,12.65,12.775,12.6,12.6,12.544039999999999,2610499.0,gamesa
2017-08-22,12.69,12.73,12.525,12.64,12.583861,1548368.0,gamesa
2017-08-23,12.68,12.72,12.57,12.65,12.593817,1344264.0,gamesa
2017-08-24,12.745,12.78,12.2,12.3,12.245372,3205939.0,gamesa
2017-08-25,12.355,12.525,12.295,12.39,12.334972,1788643.0,gamesa
2017-08-28,12.4,12.545,12.3,12.435,12.379772,974971.0,gamesa
2017-08-29,12.37,12.415,12.28,12.315,12.260304,1725745.0,gamesa
2017-08-30,12.34,12.515,12.34,12.43,12.374794,1571424.0,gamesa
2017-08-31,12.52,12.61,12.485,12.545,12.489284,3113171.0,gamesa
2017-09-01,12.595,12.605,12.38,12.38,12.325016,2203076.0,gamesa
2017-09-04,12.26,12.31,12.2,12.31,12.255327000000001,1881168.0,gamesa
2017-09-05,12.33,12.875,12.3,12.81,12.753107,2746357.0,gamesa
2017-09-06,12.725,13.04,12.68,12.985,12.927328999999999,3050488.0,gamesa
2017-09-07,12.95,12.99,12.76,12.88,12.822796,2262683.0,gamesa
2017-09-08,12.845,12.845,12.23,12.37,12.315061,7182266.0,gamesa
2017-09-11,12.505,12.85,12.41,12.78,12.723239,1991319.0,gamesa
2017-09-12,12.855,12.865,12.195,12.23,12.175682,4596374.0,gamesa
2017-09-13,12.2,12.32,11.9,11.925,11.872038,5152085.0,gamesa
2017-09-14,11.945,11.95,11.42,11.565,11.513635,5465653.0,gamesa
2017-09-15,11.54,11.6,11.045,11.045,10.995946,6338268.0,gamesa
2017-09-18,11.05,11.43,11.05,11.145,11.095502,3667538.0,gamesa
2017-09-19,11.17,11.53,11.155,11.52,11.468836999999999,3617436.0,gamesa
2017-09-20,11.59,11.825,11.315,11.525,11.473813,3431283.0,gamesa
2017-09-21,11.575,11.6,11.15,11.245,11.195057,3153383.0,gamesa
2017-09-22,11.23,11.28,10.92,11.065,11.015856,3339243.0,gamesa
2017-09-25,11.1,11.18,11.01,11.025,10.976033000000001,2326710.0,gamesa
2017-09-26,11.025,11.085,10.65,10.885,10.836656,4389195.0,gamesa
2017-09-27,10.975,11.35,10.925,11.095,11.045722999999999,3605455.0,gamesa
2017-09-28,11.165,11.28,11.05,11.05,11.000923,2693402.0,gamesa
2017-09-29,11.095,11.1,10.895,11.045,10.995946,2763359.0,gamesa
2017-10-02,10.95,11.23,10.855,11.1,11.050702000000001,3282595.0,gamesa
2017-10-03,11.15,11.685,11.075,11.675,11.623148,4919540.0,gamesa
2017-10-04,11.7,11.88,11.48,11.775,11.722702,5305109.0,gamesa
2017-10-05,11.77,11.895,11.57,11.78,11.727681,3451161.0,gamesa
2017-10-06,11.78,12.025,11.735,11.905,11.852125,5406535.0,gamesa
2017-10-09,11.935,12.045,11.8,11.86,11.807325,3517134.0,gamesa
2017-10-10,12.05,12.38,11.955,12.265,12.210527,6797855.0,gamesa
2017-10-11,12.4,12.8,12.315,12.765,12.708306,6938307.0,gamesa
2017-10-12,12.83,12.85,12.51,12.555,12.499239,2775501.0,gamesa
2017-10-13,12.63,12.74,12.35,12.53,12.47435,2603691.0,gamesa
2017-10-16,11.895,11.9,11.42,11.74,11.687859,9008388.0,gamesa
2017-10-17,11.7,12.08,11.66,12.03,11.976569999999999,5357530.0,gamesa
2017-10-18,12.01,12.085,11.765,11.84,11.787415,2706101.0,gamesa
2017-10-19,11.795,12.01,11.65,11.785,11.732659,2989863.0,gamesa
2017-10-20,11.78,11.87,11.18,11.275,11.224923,5220049.0,gamesa
2017-10-23,11.25,11.27,10.925,11.015,10.966078999999999,4773139.0,gamesa
2017-10-24,11.0,11.1,10.95,10.995,10.946166999999999,2888771.0,gamesa
2017-10-25,11.02,11.045,10.805,10.83,10.7819,2338199.0,gamesa
2017-10-26,10.84,11.385,10.785,11.29,11.239857,3716098.0,gamesa
2017-10-27,11.26,11.31,11.045,11.275,11.224923,2456481.0,gamesa
2017-10-30,11.41,11.79,11.315,11.74,11.687859,2433569.0,gamesa
2017-10-31,11.79,12.545,11.715,12.45,12.394705,5783037.0,gamesa
2017-11-01,12.525,12.615,12.305,12.43,12.374794,3457445.0,gamesa
2017-11-02,12.4,12.57,12.28,12.38,12.325016,2493586.0,gamesa
2017-11-03,12.215,12.215,11.66,11.94,11.886971,4653886.0,gamesa
2017-11-06,11.93,11.995,11.7,11.965,11.91186,2630665.0,gamesa
2017-11-07,11.29,11.465,10.955,11.15,11.100478,8517414.0,gamesa
2017-11-08,11.135,11.52,11.095,11.36,11.309546000000001,4276083.0,gamesa
2017-11-09,11.345,11.345,10.875,10.88,10.831678,5018091.0,gamesa
2017-11-10,10.84,10.905,10.15,10.55,10.503143,5787139.0,gamesa
2017-11-13,10.6,10.61,10.16,10.215,10.169630999999999,2751051.0,gamesa
2017-11-14,10.14,10.23,9.95,9.95,9.905808,4145064.0,gamesa
2017-11-15,9.85,10.33,9.767,10.28,10.234342999999999,5556442.0,gamesa
2017-11-16,10.335,10.57,10.315,10.475,10.428477,3071200.0,gamesa
2017-11-17,10.5,10.5,10.155,10.365,10.318966,2388371.0,gamesa
2017-11-20,10.275,10.29,9.82,9.841,9.797292,3734158.0,gamesa
2017-11-21,9.837,9.9,9.51,9.51,9.467763,3933695.0,gamesa
2017-11-22,9.531,9.834,9.445,9.515,9.472741000000001,4891505.0,gamesa
2017-11-23,9.5,9.509,9.255,9.255,9.213894999999999,4140941.0,gamesa
2017-11-24,9.25,9.386,9.052,9.216,9.175068,4428530.0,gamesa
2017-11-27,9.2,9.29,9.15,9.213,9.172082000000001,3654357.0,gamesa
2017-11-28,9.201,10.225,9.117,10.125,10.080031,7754779.0,gamesa
2017-11-29,10.29,10.62,9.956,10.56,10.513100999999999,6396595.0,gamesa
2017-11-30,10.595,10.765,10.42,10.52,10.473278,5048648.0,gamesa
2017-12-01,10.52,10.675,10.23,10.49,10.443411,3294761.0,gamesa
2017-12-04,10.48,10.505,10.0,10.21,10.164653999999999,2981231.0,gamesa
2017-12-05,10.205,10.4,10.135,10.145,10.099942,2018107.0,gamesa
2017-12-06,10.055,10.27,10.03,10.175,10.129809,2332053.0,gamesa
2017-12-07,10.27,10.885,10.27,10.885,10.836656,4685368.0,gamesa
2017-12-08,10.9,10.99,10.67,10.955,10.906344,3050532.0,gamesa
2017-12-11,11.035,11.165,10.85,11.105,11.055679,2986933.0,gamesa
2017-12-12,11.22,11.22,10.85,11.03,10.981011,2737116.0,gamesa
2017-12-13,11.03,11.24,10.975,11.15,11.100478,3833234.0,gamesa
2017-12-14,11.205,11.66,11.205,11.54,11.488747,6186936.0,gamesa
2017-12-15,11.55,11.69,11.325,11.69,11.638081,5736230.0,gamesa
2017-12-18,11.74,12.005,11.73,11.915,11.862082000000001,5038283.0,gamesa
2017-12-19,11.93,11.94,11.52,11.64,11.588303,3502238.0,gamesa
2017-12-20,11.53,11.66,11.375,11.54,11.488747,2371785.0,gamesa
2017-12-21,11.54,11.705,11.25,11.675,11.623148,2248467.0,gamesa
2017-12-22,11.45,11.745,11.415,11.615,11.563414,1226500.0,gamesa
2017-12-27,11.66,11.87,11.615,11.69,11.638081,1630835.0,gamesa
2017-12-28,11.695,11.775,11.58,11.645,11.593282,1461527.0,gamesa
2017-12-29,11.62,11.7,11.38,11.43,11.379235000000001,1599456.0,gamesa
2018-01-02,11.43,11.765,11.4,11.75,11.697814,2153338.0,gamesa
2018-01-03,11.84,11.875,11.65,11.67,11.61817,2071188.0,gamesa
2018-01-04,11.79,11.82,11.585,11.705,11.653013,1859061.0,gamesa
2018-01-05,11.745,11.835,11.65,11.83,11.777458,1661476.0,gamesa
2018-01-08,11.9,12.69,11.86,12.345,12.290172,5100488.0,gamesa
2018-01-09,12.395,12.44,12.2,12.305,12.250349,2544489.0,gamesa
2018-01-10,12.295,12.295,11.99,12.005,11.951682,2508898.0,gamesa
2018-01-11,12.105,12.57,12.1,12.495,12.439506,4345159.0,gamesa
2018-01-12,12.535,12.61,12.375,12.435,12.379772,2195798.0,gamesa
2018-01-15,12.52,12.815,12.48,12.755,12.698350999999999,3359781.0,gamesa
2018-01-16,12.775,12.93,12.67,12.71,12.65355,2629416.0,gamesa
2018-01-17,12.705,12.775,12.56,12.685,12.628662,1937463.0,gamesa
2018-01-18,12.715,12.85,12.5,12.83,12.773017999999999,2284262.0,gamesa
2018-01-19,12.79,12.82,12.605,12.7,12.643595,3046626.0,gamesa
2018-01-22,12.75,13.185,12.705,13.105,13.046796,3393140.0,gamesa
2018-01-23,13.15,13.28,12.98,13.175,13.116485999999998,3860441.0,gamesa
2018-01-24,13.235,13.37,12.85,12.85,12.792928999999999,3489416.0,gamesa
2018-01-25,12.86,12.86,12.25,12.4,12.344928,5735269.0,gamesa
2018-01-26,12.35,12.45,12.135,12.185,12.130882000000001,3100959.0,gamesa
2018-01-29,12.22,12.48,12.01,12.23,12.175682,3539823.0,gamesa
2018-01-30,12.4,13.09,12.12,12.7,12.643595,7339153.0,gamesa
2018-01-31,12.8,12.8,12.265,12.57,12.514172,5388642.0,gamesa
2018-02-01,12.64,12.68,12.23,12.365,12.310082000000001,3591248.0,gamesa
2018-02-02,12.35,12.385,11.98,12.02,11.966616,2994574.0,gamesa
2018-02-05,11.94,11.94,11.54,11.685,11.633103,3629225.0,gamesa
2018-02-06,11.5,11.875,11.26,11.75,11.697814,3855228.0,gamesa
2018-02-07,12.03,12.495,11.88,12.39,12.334972,4367993.0,gamesa
2018-02-08,12.315,12.495,11.975,12.03,11.976569999999999,4959389.0,gamesa
2018-02-09,11.905,12.19,11.82,12.09,12.036304,3086180.0,gamesa
2018-02-12,12.28,12.47,12.18,12.25,12.195592999999999,2571005.0,gamesa
2018-02-13,12.265,12.32,11.91,11.91,11.857103,2884172.0,gamesa
2018-02-14,12.08,12.585,12.06,12.46,12.404661,4080677.0,gamesa
2018-02-15,12.66,12.935,12.445,12.47,12.414617,3938496.0,gamesa
2018-02-16,12.595,12.665,12.215,12.43,12.374794,3576161.0,gamesa
2018-02-19,12.5,12.57,12.4,12.425,12.369817,1184156.0,gamesa
2018-02-20,12.475,12.835,12.405,12.835,12.777994999999999,2540347.0,gamesa
2018-02-21,12.585,12.645,12.46,12.615,12.558972,2133859.0,gamesa
2018-02-22,12.57,12.625,12.415,12.565,12.509194,1344075.0,gamesa
2018-02-23,12.6,12.73,12.56,12.7,12.643595,1308255.0,gamesa
2018-02-26,12.8,12.86,12.71,12.86,12.802883,1568955.0,gamesa
2018-02-27,12.9,13.0,12.78,13.0,12.942263,2539502.0,gamesa
2018-02-28,12.98,13.18,12.865,13.085,13.026885,3066777.0,gamesa
2018-03-01,13.03,13.115,12.85,12.87,12.81284,2545919.0,gamesa
2018-03-02,12.755,12.8,12.245,12.34,12.285194,2967076.0,gamesa
2018-03-05,12.36,12.48,12.34,12.445,12.389727,1733579.0,gamesa
2018-03-06,12.54,12.605,12.355,12.355,12.300127,1814819.0,gamesa
2018-03-07,12.35,12.58,12.2,12.58,12.524128,2276057.0,gamesa
2018-03-08,12.635,12.655,12.36,12.565,12.509194,2237827.0,gamesa
2018-03-09,12.59,12.625,12.365,12.625,12.568928,1560961.0,gamesa
2018-03-12,12.655,12.695,12.545,12.645,12.58884,1025260.0,gamesa
2018-03-13,12.66,12.81,12.38,12.42,12.364839,1430528.0,gamesa
2018-03-14,12.425,12.88,12.425,12.88,12.822796,1967283.0,gamesa
2018-03-15,12.92,12.93,12.705,12.91,12.852661999999999,6961538.0,gamesa
2018-03-16,12.85,12.945,12.77,12.905,12.847684,1865633.0,gamesa
2018-03-19,12.89,13.07,12.8,13.03,12.972128999999999,1887723.0,gamesa
2018-03-20,13.17,13.33,13.045,13.29,13.230975,2475498.0,gamesa
2018-03-21,13.335,13.715,13.3,13.625,13.564487,3407241.0,gamesa
2018-03-22,13.63,13.69,13.3,13.58,13.519687,2400621.0,gamesa
2018-03-23,13.4,13.455,13.04,13.27,13.211063000000001,2207362.0,gamesa
2018-03-26,13.37,13.405,13.04,13.115,13.056751,1469323.0,gamesa
2018-03-27,13.365,13.39,12.71,12.77,12.713284,1953566.0,gamesa
2018-03-28,12.65,12.865,12.51,12.85,12.792928999999999,1861277.0,gamesa
2018-03-29,12.835,13.05,12.825,13.025,12.967152,1444971.0,gamesa
2018-04-03,12.85,13.28,12.79,13.205,13.146353,1751630.0,gamesa
2018-04-04,13.225,13.255,12.71,12.82,12.763062,1710323.0,gamesa
2018-04-05,13.0,13.285,12.9,13.265,13.206085,1472296.0,gamesa
2018-04-06,13.21,13.795,13.165,13.7,13.639153,3022734.0,gamesa
2018-04-09,13.73,13.825,13.405,13.775,13.713820000000002,1773278.0,gamesa
2018-04-10,13.8,13.94,13.68,13.68,13.619244,2025006.0,gamesa
2018-04-11,13.65,13.7,13.34,13.35,13.290709,2044180.0,gamesa
2018-04-12,13.34,13.58,13.13,13.26,13.201107999999998,1927528.0,gamesa
2018-04-13,13.32,13.48,13.185,13.3,13.240931,1733552.0,gamesa
2018-04-16,13.27,13.39,13.17,13.215,13.156308,1319005.0,gamesa
2018-04-17,13.24,13.34,13.22,13.305,13.245909,1081509.0,gamesa
2018-04-18,13.35,13.52,13.205,13.49,13.430086,964963.0,gamesa
2018-04-19,13.49,13.715,13.47,13.565,13.504753,1314727.0,gamesa
2018-04-20,13.535,13.7,13.505,13.63,13.569465,1033299.0,gamesa
2018-04-23,13.69,13.69,13.425,13.58,13.519687,1412776.0,gamesa
2018-04-24,13.59,13.6,13.265,13.37,13.310619,1240448.0,gamesa
2018-04-25,13.265,13.645,13.265,13.45,13.390264000000002,1843756.0,gamesa
2018-04-26,13.49,13.585,13.455,13.58,13.519687,1128841.0,gamesa
2018-04-27,13.7,14.125,13.635,14.115,14.05231,3786978.0,gamesa
2018-04-30,14.15,14.3,13.97,14.265,14.201645000000001,2595280.0,gamesa
2018-05-02,14.3,14.53,14.06,14.12,14.057288,2619827.0,gamesa
2018-05-03,14.11,14.21,13.95,13.995,13.932843,1710862.0,gamesa
2018-05-04,13.955,14.0,13.38,13.675,13.614264000000002,5132516.0,gamesa
2018-05-07,13.7,14.055,13.7,14.0,13.937821,2002783.0,gamesa
2018-05-08,14.01,14.09,13.815,13.945,13.883065,2291706.0,gamesa
2018-05-09,14.01,14.15,13.92,14.1,14.037377,2067047.0,gamesa
2018-05-10,14.15,14.18,14.05,14.1,14.037377,2132247.0,gamesa
2018-05-11,14.08,14.1,13.82,13.84,13.778532,3522043.0,gamesa
2018-05-14,13.89,13.98,13.8,13.94,13.878086999999999,1420089.0,gamesa
2018-05-15,13.9,14.085,13.89,14.03,13.967688,1641619.0,gamesa
2018-05-16,14.05,14.135,13.78,13.79,13.728754,1744624.0,gamesa
2018-05-17,13.855,14.2,13.79,14.2,14.136932,2124494.0,gamesa
2018-05-18,14.2,14.295,14.13,14.25,14.186710999999999,1783666.0,gamesa
2018-05-21,14.35,14.48,14.275,14.345,14.281289000000001,1342011.0,gamesa
2018-05-22,14.34,14.43,14.305,14.425,14.360933,1251688.0,gamesa
2018-05-23,14.42,14.425,14.145,14.235,14.171778,1680667.0,gamesa
2018-05-24,14.2,14.235,14.02,14.06,13.997554999999998,1453820.0,gamesa
2018-05-25,14.07,14.16,13.7,13.855,13.793465,2333219.0,gamesa
2018-05-28,13.9,13.965,13.57,13.575,13.514709,1252811.0,gamesa
2018-05-29,13.47,13.47,13.13,13.215,13.156308,2160613.0,gamesa
2018-05-30,13.205,13.485,13.205,13.36,13.300664000000001,1981101.0,gamesa
2018-05-31,13.41,13.44,13.15,13.155,13.096574,2584079.0,gamesa
2018-06-01,13.22,13.535,13.18,13.385,13.325553,1790270.0,gamesa
2018-06-04,13.515,13.54,13.29,13.355,13.295685999999998,1647137.0,gamesa
2018-06-05,13.37,13.42,13.235,13.265,13.206085,1307652.0,gamesa
2018-06-06,13.34,13.41,13.185,13.27,13.211063000000001,1240298.0,gamesa
2018-06-07,13.295,13.44,13.12,13.16,13.101552,1445777.0,gamesa
2018-06-08,13.12,13.13,12.835,12.97,12.912396000000001,1559825.0,gamesa
2018-06-11,13.015,13.075,12.89,13.06,13.001996,2058377.0,gamesa
2018-06-12,13.1,13.205,13.075,13.18,13.121464000000001,1279357.0,gamesa
2018-06-13,13.2,13.2,13.03,13.03,12.972128999999999,1373091.0,gamesa
2018-06-14,12.99,13.225,12.95,13.15,13.091597,1413677.0,gamesa
2018-06-15,13.16,13.195,13.04,13.115,13.056751,2397375.0,gamesa
2018-06-18,13.135,13.24,12.865,12.925,12.867596,1292133.0,gamesa
2018-06-19,12.8,12.82,12.565,12.7,12.643595,2318793.0,gamesa
2018-06-20,12.8,12.8,12.29,12.42,12.364839,3130475.0,gamesa
2018-06-21,12.45,12.53,12.27,12.315,12.260304,1722747.0,gamesa
2018-06-22,12.38,12.435,12.14,12.335,12.280216000000001,2055496.0,gamesa
2018-06-25,12.245,12.295,11.955,11.96,11.906881,1567933.0,gamesa
2018-06-26,11.98,12.0,11.4,11.7,11.648036,4281474.0,gamesa
2018-06-27,11.7,11.895,11.43,11.745,11.692836999999999,2618075.0,gamesa
2018-06-28,11.735,11.74,11.335,11.395,11.344392,2692083.0,gamesa
2018-06-29,11.48,11.79,11.38,11.505,11.453902000000001,1974667.0,gamesa
2018-07-02,11.385,11.46,11.26,11.26,11.209991,2069917.0,gamesa
2018-07-03,11.35,11.52,11.295,11.445,11.394169,1870381.0,gamesa
2018-07-04,11.445,11.575,11.41,11.53,11.478791000000001,1508839.0,gamesa
2018-07-05,11.575,11.72,11.32,11.37,11.319500999999999,1508389.0,gamesa
2018-07-06,11.41,11.42,11.27,11.375,11.32448,1333545.0,gamesa
2018-07-09,11.465,11.675,11.45,11.635,11.583324000000001,1405067.0,gamesa
2018-07-10,11.64,11.695,11.44,11.44,11.389191,2236049.0,gamesa
2018-07-11,11.38,11.39,11.085,11.245,11.195057,1802008.0,gamesa
2018-07-12,11.3,11.405,11.18,11.345,11.294613,1115239.0,gamesa
2018-07-13,11.445,11.475,11.19,11.305,11.254791,1053134.0,gamesa
2018-07-16,11.3,11.455,11.3,11.405,11.354346000000001,1456420.0,gamesa
2018-07-17,11.55,11.68,11.51,11.63,11.578347,2053851.0,gamesa
2018-07-18,11.685,11.685,11.48,11.555,11.503680000000001,1436913.0,gamesa
2018-07-19,11.55,11.64,11.435,11.465,11.414081,1243916.0,gamesa
2018-07-20,11.475,12.035,11.44,12.035,11.981548,2165193.0,gamesa
2018-07-23,12.065,12.215,12.0,12.105,12.051237,3110808.0,gamesa
2018-07-24,12.13,12.19,12.04,12.08,12.026349,1585474.0,gamesa
2018-07-25,12.06,12.18,11.905,12.05,11.996483,1168811.0,gamesa
2018-07-26,12.14,12.385,12.06,12.35,12.29515,1894192.0,gamesa
2018-07-27,12.3,12.35,11.57,11.89,11.837193,4162920.0,gamesa
2018-07-30,11.925,11.995,11.84,11.875,11.822258999999999,1486292.0,gamesa
2018-07-31,11.905,12.205,11.845,12.085,12.031326,1615398.0,gamesa
2018-08-01,12.04,12.185,11.94,11.97,11.916837,1308957.0,gamesa
2018-08-02,11.905,11.905,11.755,11.855,11.802348,1205952.0,gamesa
2018-08-03,11.9,12.155,11.84,11.95,11.896925999999999,1454985.0,gamesa
2018-08-06,11.96,12.045,11.785,11.83,11.777458,1072258.0,gamesa
2018-08-07,11.9,11.935,11.58,11.72,11.667947999999999,1876432.0,gamesa
2018-08-08,11.7,11.945,11.64,11.895,11.842171,1244781.0,gamesa
2018-08-09,11.855,12.13,11.78,12.13,12.076127,1473931.0,gamesa
2018-08-10,12.0,12.07,11.855,12.0,11.946703999999999,1275504.0,gamesa
2018-08-13,11.94,12.01,11.805,11.945,11.891948,956485.0,gamesa
2018-08-14,11.995,11.995,11.77,11.825,11.772480999999999,2146689.0,gamesa
2018-08-15,11.88,12.31,11.71,11.9,11.847147,2121750.0,gamesa
2018-08-16,11.96,11.975,11.645,11.72,11.667947999999999,1410020.0,gamesa
2018-08-17,11.78,11.965,11.725,11.945,11.891948,1092956.0,gamesa
2018-08-20,11.965,12.34,11.95,12.255,12.200572,1439048.0,gamesa
2018-08-21,12.26,12.74,12.235,12.725,12.668484,1878504.0,gamesa
2018-08-22,12.715,12.83,12.685,12.78,12.723239,1206238.0,gamesa
2018-08-23,12.8,12.88,12.715,12.81,12.753107,839400.0,gamesa
2018-08-24,12.815,13.04,12.76,12.79,12.733195,1349166.0,gamesa
2018-08-27,12.8,13.08,12.785,12.995,12.937284,1124717.0,gamesa
2018-08-28,13.0,13.27,13.0,13.075,13.01693,1383521.0,gamesa
2018-08-29,13.135,13.26,12.96,13.055,12.997017999999999,997272.0,gamesa
2018-08-30,13.075,13.075,12.845,12.99,12.932306,1124628.0,gamesa
2018-08-31,13.0,13.0,12.74,12.855,12.797906,1152325.0,gamesa
2018-09-03,12.82,12.89,12.725,12.785,12.728216999999999,934744.0,gamesa
2018-09-04,12.83,12.925,12.52,12.675,12.618707,1274845.0,gamesa
2018-09-05,12.6,12.785,12.45,12.5,12.444483,1346973.0,gamesa
2018-09-06,12.44,12.8,12.43,12.49,12.434527000000001,1778487.0,gamesa
2018-09-07,12.555,12.845,12.545,12.695,12.638617,2294705.0,gamesa
2018-09-10,12.69,12.89,12.585,12.735,12.678439,1559847.0,gamesa
2018-09-11,12.74,12.76,12.335,12.66,12.603772,2030343.0,gamesa
2018-09-12,12.75,12.75,12.305,12.35,12.29515,1581681.0,gamesa
2018-09-13,12.23,12.23,11.22,11.46,11.409102,5131132.0,gamesa
2018-09-14,11.485,11.56,11.365,11.41,11.359324,1945336.0,gamesa
2018-09-17,11.36,11.515,11.13,11.5,11.448924,1841539.0,gamesa
2018-09-18,11.5,11.75,11.45,11.555,11.503680000000001,1623364.0,gamesa
2018-09-19,11.6,11.62,11.35,11.41,11.359324,1993891.0,gamesa
2018-09-20,,,,,,,gamesa
2018-09-21,11.45,11.54,11.39,11.47,11.419058,2619338.0,gamesa
2018-09-24,11.49,11.555,11.355,11.4,11.349368,1020273.0,gamesa
2018-09-25,11.415,11.415,10.74,10.855,10.806788000000001,3571867.0,gamesa
2018-09-26,10.855,10.98,10.615,10.87,10.821722,2709572.0,gamesa
2018-09-27,10.78,10.865,10.65,10.785,10.737101,2025957.0,gamesa
2018-09-28,10.73,10.925,10.665,10.9,10.851589,1961043.0,gamesa
2018-10-01,10.79,10.815,10.36,10.43,10.383677,2609277.0,gamesa
2018-10-02,10.4,10.415,10.04,10.3,10.254254,3691377.0,gamesa
2018-10-03,10.27,10.415,10.22,10.25,10.204476,1243156.0,gamesa
2018-10-04,10.205,10.29,10.065,10.13,10.08501,1626525.0,gamesa
2018-10-05,10.115,10.115,9.74,9.78,9.736564,3223714.0,gamesa
2018-10-08,9.78,9.798,9.528,9.546,9.503603,4335675.0,gamesa
2018-10-09,9.57,9.85,9.538,9.788,9.744529,3013268.0,gamesa
2018-10-10,9.7,9.716,9.2,9.552,9.509576,4006634.0,gamesa
2018-10-11,9.392,9.542,9.22,9.38,9.338339999999999,2961923.0,gamesa
2018-10-12,9.526,9.594,9.38,9.4,9.358251,1966502.0,gamesa
2018-10-15,9.334,9.574,9.282,9.534,9.491655999999999,1502687.0,gamesa
2018-10-16,9.506,9.796,9.402,9.76,9.716652999999999,1611673.0,gamesa
2018-10-17,9.82,9.996,9.7,9.912,9.867977,1974498.0,gamesa
2018-10-18,9.92,10.05,9.76,9.81,9.766432,1500358.0,gamesa
2018-10-19,9.788,9.862,9.612,9.732,9.688778,1569589.0,gamesa
2018-10-22,9.774,9.944,9.726,9.766,9.722626,1267964.0,gamesa
2018-10-23,9.682,9.746,9.44,9.558,9.515549,1512447.0,gamesa
2018-10-24,9.646,9.938,9.58,9.742,9.698732000000001,1786100.0,gamesa
2018-10-25,9.674,10.0,9.65,9.952,9.9078,2052805.0,gamesa
2018-10-26,9.812,9.94,9.742,9.838,9.794307,1399220.0,gamesa
2018-10-29,9.87,10.19,9.838,10.05,10.005364,1416361.0,gamesa
2018-10-30,10.095,10.095,9.368,9.664,9.621078,4236819.0,gamesa
2018-10-31,9.738,9.958,9.616,9.792,9.748510000000001,2803836.0,gamesa
2018-11-01,9.772,10.195,9.772,10.125,10.080031,2390171.0,gamesa
2018-11-02,10.255,10.395,9.87,9.918,9.873951,2304938.0,gamesa
2018-11-05,9.994,9.994,9.804,9.882,9.838111,1780758.0,gamesa
2018-11-06,10.44,11.39,10.4,11.315,11.264746,8654152.0,gamesa
2018-11-07,11.35,12.06,11.345,12.04,11.986526,4587789.0,gamesa
2018-11-08,12.1,12.44,12.035,12.165,12.11097,3951534.0,gamesa
2018-11-09,12.07,12.495,11.8,12.24,12.185637,2126874.0,gamesa
2018-11-12,12.345,12.45,11.95,12.1,12.04626,2533471.0,gamesa
2018-11-13,12.045,12.32,11.975,12.105,12.051237,2665230.0,gamesa
2018-11-14,12.085,12.165,11.94,11.945,11.891948,2042473.0,gamesa
2018-11-15,11.98,12.18,11.88,11.98,11.926791999999999,1616948.0,gamesa
2018-11-16,12.05,12.08,11.845,11.98,11.926791999999999,1325626.0,gamesa
2018-11-19,11.89,12.02,11.675,11.72,11.667947999999999,1377433.0,gamesa
2018-11-20,11.67,11.805,11.61,11.73,11.677903,2035976.0,gamesa
2018-11-21,11.785,11.95,11.78,11.95,11.896925999999999,1549271.0,gamesa
2018-11-22,11.92,12.06,11.825,11.95,11.896925999999999,1132300.0,gamesa
2018-11-23,12.025,12.08,11.805,11.925,11.872038,1139215.0,gamesa
2018-11-26,12.0,12.2,11.99,12.195,12.140838,1504511.0,gamesa
2018-11-27,12.38,12.585,12.295,12.495,12.439506,2375794.0,gamesa
2018-11-28,12.54,12.745,12.49,12.64,12.583861,1904407.0,gamesa
2018-11-29,12.625,12.785,12.56,12.65,12.593817,2025044.0,gamesa
2018-11-30,12.7,12.7,12.43,12.45,12.394705,2112419.0,gamesa
2018-12-03,12.79,12.895,12.675,12.895,12.837729,3580923.0,gamesa
2018-12-04,12.855,12.865,12.635,12.675,12.618707,1479942.0,gamesa
2018-12-05,12.47,12.56,12.4,12.49,12.434527000000001,2715142.0,gamesa
2018-12-06,12.32,12.37,12.17,12.285,12.230438000000001,1396696.0,gamesa
2018-12-07,12.425,12.75,12.425,12.64,12.583861,1547394.0,gamesa
2018-12-10,12.53,12.555,12.295,12.315,12.260304,1283563.0,gamesa
2018-12-11,12.43,12.48,12.3,12.305,12.250349,1202915.0,gamesa
2018-12-12,12.355,12.55,12.3,12.47,12.414617,1461153.0,gamesa
2018-12-13,12.5,12.65,12.385,12.635,12.578884,1414008.0,gamesa
2018-12-14,12.58,12.67,12.415,12.645,12.58884,1216472.0,gamesa
2018-12-17,12.67,12.83,12.565,12.8,12.743152,1943843.0,gamesa
2018-12-18,12.8,12.8,12.2,12.2,12.145816,2724075.0,gamesa
2018-12-19,12.255,12.32,11.87,11.995,11.941727,2344063.0,gamesa
2018-12-20,11.805,11.885,11.13,11.2,11.150257,3413318.0,gamesa
2018-12-21,11.15,11.22,10.665,10.9,10.851589,3758836.0,gamesa
2018-12-24,10.815,10.9,10.68,10.745,10.697277,529638.0,gamesa
2018-12-27,10.865,11.015,10.465,10.59,10.542966999999999,1787481.0,gamesa
2018-12-28,10.63,10.695,10.46,10.495,10.448388000000001,1484454.0,gamesa
2018-12-31,10.54,10.695,10.535,10.64,10.592744999999999,834653.0,gamesa
2019-01-02,10.53,10.99,10.415,10.965,10.916302,1896944.0,gamesa
2019-01-03,10.875,10.875,10.63,10.755,10.707233,1857783.0,gamesa
2019-01-04,10.865,11.25,10.835,11.195,11.145278999999999,2041674.0,gamesa
2019-01-07,11.31,11.31,11.04,11.225,11.175146,1316263.0,gamesa
2019-01-08,11.255,11.525,11.18,11.43,11.379235000000001,2215984.0,gamesa
2019-01-09,11.59,12.1,11.5,11.655,11.603236,2260211.0,gamesa
2019-01-10,11.565,11.57,11.36,11.385,11.334435000000001,1702281.0,gamesa
2019-01-11,11.435,11.52,11.285,11.36,11.309546000000001,938076.0,gamesa
2019-01-14,11.3,11.555,11.1,11.44,11.389191,1021780.0,gamesa
2019-01-15,11.52,11.6,11.24,11.25,11.200035,1449890.0,gamesa
2019-01-16,11.25,11.32,10.975,11.09,11.040746,2379138.0,gamesa
2019-01-17,11.035,11.36,10.975,11.215,11.165191,1378236.0,gamesa
2019-01-18,11.395,11.68,11.3,11.52,11.468836999999999,1783415.0,gamesa
2019-01-21,11.555,11.68,11.515,11.675,11.623148,1050337.0,gamesa
2019-01-22,11.64,11.695,11.545,11.59,11.538526,1168135.0,gamesa
2019-01-23,11.535,11.615,11.465,11.465,11.414081,1175264.0,gamesa
2019-01-24,11.505,11.68,11.485,11.53,11.478791000000001,1230573.0,gamesa
2019-01-25,11.59,11.815,11.49,11.525,11.473813,3828225.0,gamesa
2019-01-28,11.495,11.495,11.115,11.125,11.07559,2358050.0,gamesa
2019-01-29,11.35,12.7,10.8,12.575,12.51915,7173317.0,gamesa
2019-01-30,12.3,12.68,12.105,12.45,12.394705,2701303.0,gamesa
2019-01-31,12.485,12.68,12.26,12.38,12.325016,2286426.0,gamesa
2019-02-01,12.55,13.175,12.52,13.13,13.071685,3815586.0,gamesa
2019-02-04,13.08,13.23,12.53,12.655,12.598794,2491241.0,gamesa
2019-02-05,12.7,13.09,12.7,12.965,12.907418,2643529.0,gamesa
2019-02-06,12.96,13.11,12.875,12.91,12.852661999999999,1238627.0,gamesa
2019-02-07,12.805,13.18,12.655,12.895,12.837729,2258379.0,gamesa
2019-02-08,12.8,13.005,12.62,12.67,12.613729,1514612.0,gamesa
2019-02-11,12.77,12.995,12.72,12.955,12.897463,1147565.0,gamesa
2019-02-12,12.975,13.25,12.965,13.105,13.046796,1335239.0,gamesa
2019-02-13,13.1,13.205,13.025,13.045,12.987062,1324765.0,gamesa
2019-02-14,13.19,13.42,13.04,13.325,13.265819,1663973.0,gamesa
2019-02-15,13.365,13.76,13.17,13.685,13.624220999999999,2710618.0,gamesa
2019-02-18,13.675,13.76,13.41,13.51,13.449998,1435626.0,gamesa
2019-02-19,13.51,13.675,13.48,13.54,13.479864000000001,1130408.0,gamesa
2019-02-20,13.53,13.66,13.48,13.6,13.539598000000002,1181687.0,gamesa
2019-02-21,13.625,13.68,13.505,13.68,13.619244,1124567.0,gamesa
2019-02-22,13.6,13.67,13.375,13.45,13.390264000000002,1052172.0,gamesa
2019-02-25,13.49,13.615,13.47,13.47,13.410175,988480.0,gamesa
2019-02-26,13.46,13.6,13.4,13.565,13.504753,922533.0,gamesa
2019-02-27,13.565,13.565,13.29,13.325,13.265819,865694.0,gamesa
2019-02-28,13.28,13.5,13.255,13.455,13.395242000000001,1145420.0,gamesa
2019-03-01,13.51,13.56,13.265,13.36,13.300664000000001,1465317.0,gamesa
2019-03-04,13.49,13.57,13.375,13.435,13.375331,723102.0,gamesa
2019-03-05,13.4,13.415,13.13,13.22,13.161285999999999,1408833.0,gamesa
2019-03-06,13.21,13.375,13.12,13.375,13.315598000000001,994382.0,gamesa
2019-03-07,13.375,13.44,13.2,13.33,13.270797,1307243.0,gamesa
2019-03-08,13.185,13.21,12.865,13.05,12.992041,1836342.0,gamesa
2019-03-11,13.05,13.26,13.03,13.17,13.111507000000001,713727.0,gamesa
2019-03-12,13.235,13.44,13.17,13.24,13.181196,2121017.0,gamesa
2019-03-13,13.27,13.435,13.235,13.37,13.310619,1188668.0,gamesa
2019-03-14,13.38,13.49,13.255,13.42,13.360397,988041.0,gamesa
2019-03-15,13.45,13.555,13.19,13.34,13.280753,1684908.0,gamesa
2019-03-18,13.42,13.54,13.31,13.54,13.479864000000001,1868574.0,gamesa
2019-03-19,13.57,14.165,13.54,14.03,13.967688,2395827.0,gamesa
2019-03-20,13.995,14.34,13.9,14.21,14.146889000000002,2185410.0,gamesa
2019-03-21,14.2,14.26,13.985,14.2,14.136932,1424771.0,gamesa
2019-03-22,14.27,14.28,13.65,13.72,13.659065,2030271.0,gamesa
2019-03-25,13.6,13.73,13.53,13.68,13.619244,1764471.0,gamesa
2019-03-26,13.7,14.12,13.68,13.9,13.838265,1368835.0,gamesa
2019-03-27,13.935,14.155,13.92,14.14,14.0772,1590126.0,gamesa
2019-03-28,14.16,14.52,14.105,14.205,14.141910999999999,2362211.0,gamesa
2019-03-29,14.3,14.4,14.115,14.195,14.131955,1528272.0,gamesa
2019-04-01,14.285,14.47,14.125,14.38,14.316132999999999,1794687.0,gamesa
2019-04-02,14.345,14.415,14.17,14.34,14.301842,1283953.0,gamesa
2019-04-03,14.475,14.835,14.45,14.835,14.795525,2003617.0,gamesa
2019-04-04,14.83,14.98,14.795,14.945,14.905231,2545082.0,gamesa
2019-04-05,14.93,15.075,14.855,15.0,14.960085000000001,1965714.0,gamesa
2019-04-08,14.91,15.01,14.835,14.89,14.850378,1120873.0,gamesa
2019-04-09,14.905,15.35,14.87,15.185,15.144592999999999,2257842.0,gamesa
2019-04-10,15.045,15.245,15.02,15.205,15.164539000000001,2326625.0,gamesa
2019-04-11,15.19,15.22,14.755,14.815,14.775576999999998,2412908.0,gamesa
2019-04-12,14.805,14.96,14.54,14.54,14.501309,2352519.0,gamesa
2019-04-15,14.72,15.175,14.625,15.175,15.134620000000002,2777885.0,gamesa
2019-04-16,15.05,15.435,15.05,15.435,15.393928,1890320.0,gamesa
2019-04-17,15.5,15.5,15.26,15.38,15.339073999999998,1643647.0,gamesa
2019-04-18,15.405,15.625,15.335,15.465,15.423848000000001,3419188.0,gamesa
2019-04-23,15.59,15.59,15.275,15.525,15.483687,1327772.0,gamesa
2019-04-24,15.58,15.595,15.385,15.595,15.553501999999998,1501413.0,gamesa
2019-04-25,15.52,15.82,15.52,15.74,15.698115,1838486.0,gamesa
2019-04-26,15.79,15.795,15.475,15.795,15.752970000000001,1526264.0,gamesa
2019-04-29,15.775,15.87,15.58,15.845,15.802836,1095202.0,gamesa
2019-04-30,15.85,16.065001000000002,15.85,15.99,15.947451000000001,1752443.0,gamesa
2019-05-02,15.99,15.99,15.485,15.49,15.448781,2535168.0,gamesa
2019-05-03,15.465,15.745,15.405,15.745,15.703103,1830580.0,gamesa
2019-05-06,15.375,15.575,15.13,15.515,15.473714999999999,1642923.0,gamesa
2019-05-07,15.4,15.915,15.035,15.125,15.084751999999998,2964177.0,gamesa
2019-05-08,14.75,15.65,14.62,15.5,15.458754999999998,4021291.0,gamesa
2019-05-09,15.22,15.355,14.93,14.98,14.940138000000001,1869336.0,gamesa
2019-05-10,15.125,15.2,14.905,14.96,14.920192000000002,1515875.0,gamesa
2019-05-13,14.905,14.905,14.19,14.36,14.321788,2718192.0,gamesa
2019-05-14,14.31,14.625,14.28,14.575,14.536216,1536878.0,gamesa
2019-05-15,14.65,14.695,14.25,14.65,14.611016000000001,1327642.0,gamesa
2019-05-16,14.64,14.765,14.575,14.74,14.700776999999999,1655070.0,gamesa
2019-05-17,14.71,14.77,14.44,14.655,14.616003,1196881.0,gamesa
2019-05-20,14.585,14.725,14.155,14.235,14.197121,1236011.0,gamesa
2019-05-21,14.25,14.635,14.25,14.595,14.556163,1473464.0,gamesa
2019-05-22,14.615,14.85,14.57,14.775,14.735682999999998,1268701.0,gamesa
2019-05-23,14.6,14.635,14.065,14.095,14.057493,1390305.0,gamesa
2019-05-24,14.19,14.39,14.155,14.33,14.291868,1054847.0,gamesa
2019-05-27,14.465,14.575,14.28,14.38,14.341735,796561.0,gamesa
2019-05-28,14.465,14.575,14.355,14.51,14.471389000000002,1415030.0,gamesa
2019-05-29,14.39,14.39,14.07,14.115,14.07744,1361495.0,gamesa
2019-05-30,14.26,14.285,14.15,14.245,14.207094,1302394.0,gamesa
2019-05-31,14.025,14.045,13.66,13.95,13.912879,1663931.0,gamesa
2019-06-03,13.85,14.28,13.685,14.235,14.197121,1382207.0,gamesa
2019-06-04,14.125,14.445,13.905,14.305,14.266934,1382259.0,gamesa
2019-06-05,14.265,14.45,14.075,14.28,14.242001,2366661.0,gamesa
2019-06-06,14.345,14.64,14.235,14.3,14.261948,2083497.0,gamesa
2019-06-07,14.435,14.59,14.39,14.435,14.396589,878515.0,gamesa
2019-06-10,14.515,14.585,14.45,14.53,14.491335999999999,805435.0,gamesa
2019-06-11,14.58,14.805,14.55,14.615,14.576108999999999,974818.0,gamesa
2019-06-12,14.52,14.75,14.52,14.675,14.63595,865373.0,gamesa
2019-06-13,14.655,14.96,14.61,14.93,14.890272,1188819.0,gamesa
2019-06-14,14.96,15.075,14.805,14.825,14.785551000000002,923325.0,gamesa
2019-06-17,14.92,14.97,14.82,14.935,14.895259,912369.0,gamesa
2019-06-18,14.875,15.32,14.745,15.265,15.224379999999998,1559581.0,gamesa
2019-06-19,15.405,15.44,15.115,15.205,15.164539000000001,1264969.0,gamesa
2019-06-20,15.3,15.655,15.3,15.505,15.463741,1521544.0,gamesa
2019-06-21,15.6,15.6,15.245,15.325,15.284220000000001,1473469.0,gamesa
2019-06-24,15.36,15.625,15.36,15.585,15.543529000000001,1643474.0,gamesa
2019-06-25,15.515,15.515,15.275,15.505,15.463741,1758167.0,gamesa
2019-06-26,15.515,15.645,15.14,15.18,15.139606,1352875.0,gamesa
2019-06-27,15.29,15.29,14.62,14.685,14.645923999999999,1708194.0,gamesa
2019-06-28,14.65,14.65,14.285,14.62,14.581097,2633845.0,gamesa
2019-07-01,14.8,14.885,14.465,14.71,14.670856,1595702.0,gamesa
2019-07-02,14.775,14.95,14.75,14.83,14.790538,950944.0,gamesa
2019-07-03,14.795,15.135,14.765,15.1,15.059819000000001,1080238.0,gamesa
2019-07-04,15.055,15.19,14.845,15.04,14.999979000000002,724849.0,gamesa
2019-07-05,15.05,15.05,14.685,14.835,14.795525,1197686.0,gamesa
2019-07-08,14.74,14.925,14.74,14.8,14.760617000000002,959086.0,gamesa
2019-07-09,14.695,14.94,14.5,14.9,14.860351000000001,1200789.0,gamesa
2019-07-10,14.86,14.985,14.75,14.85,14.810485,902638.0,gamesa
2019-07-11,14.85,15.05,14.75,14.85,14.810485,1430031.0,gamesa
2019-07-12,14.75,14.99,14.75,14.985,14.945125,953638.0,gamesa
2019-07-15,15.0,15.125,14.825,15.0,14.960085000000001,917855.0,gamesa
2019-07-16,15.0,15.235,14.96,15.165,15.124645999999998,1108643.0,gamesa
2019-07-17,15.145,15.295,14.99,15.085,15.044858999999999,1195344.0,gamesa
2019-07-18,14.925,14.935,14.655,14.755,14.715736999999999,1030591.0,gamesa
2019-07-19,15.0,15.4,14.96,15.175,15.134620000000002,1988220.0,gamesa
2019-07-22,15.06,15.25,15.01,15.245,15.204432999999998,1011032.0,gamesa
2019-07-23,15.28,15.635,15.25,15.55,15.508622,1445761.0,gamesa
2019-07-24,15.525,15.655,15.435,15.55,15.508622,1860052.0,gamesa
2019-07-25,15.62,15.945,15.51,15.72,15.678169,2007410.0,gamesa
2019-07-26,15.71,15.72,15.3,15.42,15.378967000000001,1251087.0,gamesa
2019-07-29,15.5,15.63,15.375,15.52,15.478701999999998,1154033.0,gamesa
2019-07-30,14.995,14.995,12.64,12.78,12.745992999999999,9864795.0,gamesa
2019-07-31,13.13,13.15,12.265,12.675,12.641273,5236553.0,gamesa
2019-08-01,12.65,13.115,12.41,12.925,12.890607000000001,2569605.0,gamesa
2019-08-02,12.63,12.94,12.42,12.6,12.566472000000001,2270283.0,gamesa
2019-08-05,12.425,12.62,11.95,12.135,12.102708999999999,2951428.0,gamesa
2019-08-06,12.23,12.75,12.23,12.53,12.496657,2124849.0,gamesa
2019-08-07,12.74,12.87,12.525,12.705,12.671192,1757523.0,gamesa
2019-08-08,12.92,12.975,12.535,12.695,12.661219000000001,2093552.0,gamesa
2019-08-09,12.68,12.775,12.48,12.535,12.501644,1193342.0,gamesa
2019-08-12,12.605,12.755,12.34,12.355,12.322123,1159707.0,gamesa
2019-08-13,12.25,12.485,12.03,12.31,12.277244,1595048.0,gamesa
2019-08-14,12.29,12.325,11.935,12.05,12.017935000000001,1362156.0,gamesa
2019-08-15,12.07,12.21,11.71,11.96,11.928175,1378277.0,gamesa
2019-08-16,12.0,12.04,11.775,12.0,11.968067999999999,1368893.0,gamesa
2019-08-19,12.06,12.295,11.99,12.26,12.227377,1113022.0,gamesa
2019-08-20,12.19,12.28,11.865,11.9,11.868333999999999,1083054.0,gamesa
2019-08-21,11.925,12.085,11.925,12.085,12.052842,1057022.0,gamesa
2019-08-22,12.035,12.415,11.945,12.185,12.152576,1560868.0,gamesa
2019-08-23,12.225,12.42,12.13,12.215,12.182496,1237918.0,gamesa
2019-08-26,12.1,12.225,11.955,12.22,12.187483,743852.0,gamesa
2019-08-27,12.265,12.375,12.1,12.245,12.212416000000001,884516.0,gamesa
2019-08-28,12.12,12.215,11.98,12.095,12.062816,1005545.0,gamesa
2019-08-29,12.1,12.225,11.96,12.215,12.182496,1589802.0,gamesa
2019-08-30,12.25,12.5,12.21,12.385,12.352044,1142803.0,gamesa
2019-09-02,12.35,12.485,12.325,12.325,12.292203,1595641.0,gamesa
2019-09-03,12.315,12.34,12.15,12.27,12.23735,909241.0,gamesa
2019-09-04,12.36,12.61,12.35,12.475,12.441805,865786.0,gamesa
2019-09-05,12.54,12.715,12.52,12.55,12.516604,1476297.0,gamesa
2019-09-06,12.61,12.665,12.19,12.405,12.37199,2234062.0,gamesa
2019-09-09,12.495,12.6,12.45,12.585,12.551511999999999,1569543.0,gamesa
2019-09-10,12.585,12.92,12.525,12.91,12.875647,2323559.0,gamesa
2019-09-11,13.0,13.56,12.995,13.44,13.404236,2341528.0,gamesa
2019-09-12,13.485,13.645,13.18,13.52,13.484024,1603969.0,gamesa
2019-09-13,13.53,13.755,13.335,13.665,13.628637,1307210.0,gamesa
2019-09-16,13.62,13.85,13.54,13.81,13.773252,1342145.0,gamesa
2019-09-17,13.85,13.875,13.535,13.875,13.838078,1724187.0,gamesa
2019-09-18,13.88,14.015,13.82,13.975,13.937813,1411272.0,gamesa
2019-09-19,13.94,14.14,13.915,14.115,14.07744,1351705.0,gamesa
2019-09-20,14.03,14.08,13.42,13.505,13.469064000000001,3859982.0,gamesa
2019-09-23,13.44,13.53,13.09,13.215,13.179835,2015651.0,gamesa
2019-09-24,13.275,13.49,13.21,13.365,13.329435,1303391.0,gamesa
2019-09-25,13.25,13.335,13.06,13.205,13.169862,1087638.0,gamesa
2019-09-26,13.215,13.345,12.935,12.945,12.910553,2065172.0,gamesa
2019-09-27,12.975,13.04,12.715,12.885,12.850714,2013725.0,gamesa
2019-09-30,12.875,12.875,12.35,12.45,12.41687,3180591.0,gamesa
2019-10-01,12.475,12.66,12.15,12.215,12.182496,2726109.0,gamesa
2019-10-02,12.145,12.215,11.89,11.89,11.858361,3143917.0,gamesa
2019-10-03,11.89,12.045,11.575,11.605,11.574119,1710075.0,gamesa
2019-10-04,11.52,11.625,11.23,11.51,11.479372,2829364.0,gamesa
2019-10-07,11.51,11.795,11.51,11.725,11.6938,1519566.0,gamesa
2019-10-08,11.75,11.845,11.38,11.495,11.464412,1390178.0,gamesa
2019-10-09,11.49,11.745,11.465,11.52,11.489346000000001,2082450.0,gamesa
2019-10-10,11.52,11.615,11.3,11.6,11.569133,3266686.0,gamesa
2019-10-11,11.66,12.055,11.66,12.055,12.022923,4971618.0,gamesa
2019-10-14,12.035,12.2,11.96,12.17,12.137616,1367447.0,gamesa
2019-10-15,12.25,12.335,12.115,12.18,12.14759,1333216.0,gamesa
2019-10-16,12.17,12.21,11.81,11.82,11.788547,2478589.0,gamesa
2019-10-17,11.805,12.175,11.69,12.075,12.042869,1900998.0,gamesa
2019-10-18,12.03,12.29,11.955,12.09,12.057829,2778210.0,gamesa
2019-10-21,12.045,12.45,12.045,12.33,12.297189999999999,2353722.0,gamesa
2019-10-22,12.33,12.4,12.18,12.23,12.197455,1330837.0,gamesa
2019-10-23,12.26,12.415,12.25,12.325,12.292203,1366361.0,gamesa
2019-10-24,12.325,12.4,12.215,12.255,12.222389,886424.0,gamesa
2019-10-25,12.26,12.47,12.255,12.345,12.31215,1292563.0,gamesa
2019-10-28,12.36,12.575,12.31,12.57,12.536551,1089741.0,gamesa
2019-10-29,12.59,12.63,12.15,12.2,12.167536,1815635.0,gamesa
2019-10-30,12.195,12.33,12.1,12.33,12.297189999999999,2151919.0,gamesa
2019-10-31,12.33,12.37,12.11,12.325,12.292203,1315240.0,gamesa
2019-11-01,12.465,12.68,12.335,12.64,12.606365,1790477.0,gamesa
2019-11-04,12.715,13.07,12.635,12.85,12.815806,2250527.0,gamesa
2019-11-05,11.825,11.98,10.95,11.735,11.703773,9790553.0,gamesa
2019-11-06,11.845,12.085,11.63,12.03,11.997988000000001,3441363.0,gamesa
2019-11-07,12.01,12.59,12.01,12.475,12.441805,4099334.0,gamesa
2019-11-08,12.48,12.71,12.27,12.69,12.656232000000001,1732620.0,gamesa
2019-11-11,12.585,12.925,12.585,12.845,12.81082,1667979.0,gamesa
2019-11-12,12.91,13.0,12.695,12.835,12.800846,1336699.0,gamesa
2019-11-13,12.8,12.84,12.55,12.84,12.805833,2157681.0,gamesa
2019-11-14,12.95,13.525,12.73,13.385,13.349383,2131712.0,gamesa
2019-11-15,13.4,13.63,13.33,13.615,13.578771,1928577.0,gamesa
2019-11-18,13.64,13.7,13.22,13.345,13.309489000000001,4551030.0,gamesa
2019-11-19,13.36,13.58,13.36,13.535,13.498982999999999,1036693.0,gamesa
2019-11-20,13.425,13.45,13.175,13.295,13.259623000000001,2901079.0,gamesa
2019-11-21,13.185,13.305,12.98,13.03,12.995327,1416089.0,gamesa
2019-11-22,13.07,13.2,12.845,12.905,12.87066,1648264.0,gamesa
2019-11-25,13.0,14.215,12.985,14.0,13.962746,7460555.0,gamesa
2019-11-26,13.955,14.12,13.77,14.055,14.0176,5101998.0,gamesa
2019-11-27,14.085,14.185,13.92,14.11,14.072453,1821148.0,gamesa
2019-11-28,14.11,14.33,14.015,14.33,14.291868,1839333.0,gamesa
2019-11-29,14.275,14.555,14.195,14.485,14.446454999999998,1705776.0,gamesa
2019-12-02,14.505,14.73,14.325,14.425,14.386616,1501057.0,gamesa
2019-12-03,14.39,14.55,14.255,14.43,14.391603,1533408.0,gamesa
2019-12-04,14.505,14.615,14.315,14.415,14.376642000000002,1185504.0,gamesa
2019-12-05,14.435,14.6,14.27,14.355,14.316801000000002,1493311.0,gamesa
2019-12-06,14.35,14.64,14.34,14.61,14.571122,1682748.0,gamesa
2019-12-09,14.585,14.62,14.36,14.485,14.446454999999998,968737.0,gamesa
2019-12-10,14.49,14.525,14.055,14.32,14.281895,1256827.0,gamesa
2019-12-11,14.245,14.545,14.245,14.505,14.466401999999999,2698557.0,gamesa
2019-12-12,14.55,14.95,14.505,14.92,14.880298000000002,3609397.0,gamesa
2019-12-13,15.09,15.34,15.08,15.215,15.174513000000001,2280032.0,gamesa
2019-12-16,15.295,15.82,15.26,15.8,15.757957000000001,2617839.0,gamesa
2019-12-17,15.695,15.835,14.785,15.525,15.483687,2112765.0,gamesa
2019-12-18,15.5,15.65,15.335,15.535,15.493661,2942043.0,gamesa
2019-12-19,15.42,15.74,15.255,15.725,15.683156,1864870.0,gamesa
2019-12-20,15.705,15.73,15.49,15.66,15.618329000000001,1919184.0,gamesa
2019-12-23,15.545,15.76,15.52,15.725,15.683156,943296.0,gamesa
2019-12-24,15.705,15.715,15.52,15.68,15.638276000000001,379103.0,gamesa
2019-12-25,15.68,15.68,15.68,15.68,15.638276000000001,0.0,gamesa
2019-12-27,15.635,15.755,15.585,15.715,15.673182,846062.0,gamesa
2019-12-30,15.7,15.77,15.63,15.655,15.613342000000001,1018268.0,gamesa
2019-12-31,15.5,15.695,15.5,15.635,15.593395000000001,441154.0,gamesa
2020-01-02,15.74,15.94,15.48,15.73,15.688142000000001,1507278.0,gamesa
2020-01-03,15.635,15.795,15.42,15.42,15.378967000000001,2171066.0,gamesa
2020-01-06,15.31,15.345,14.935,15.29,15.249313,1711527.0,gamesa
2020-01-07,15.345,15.42,14.82,14.97,14.930164999999999,2851337.0,gamesa
2020-01-08,14.805,15.15,14.665,14.95,14.910217999999999,3045916.0,gamesa
2020-01-09,15.055,15.18,14.88,14.965,14.925179,1488611.0,gamesa
2020-01-10,15.0,15.215,14.99,15.105,15.064804999999998,1147932.0,gamesa
2020-01-13,15.145,15.18,14.56,14.73,14.690804,1627857.0,gamesa
2020-01-14,14.645,14.985,14.56,14.94,14.900245000000002,3259876.0,gamesa
2020-01-15,14.95,15.175,14.91,15.015,14.975045000000001,1914958.0,gamesa
2020-01-16,15.03,15.29,14.955,15.235,15.194460000000001,1208763.0,gamesa
2020-01-17,15.165,15.53,15.135,15.455,15.413875,1362089.0,gamesa
2020-01-20,15.425,15.52,15.32,15.505,15.463741,787708.0,gamesa
2020-01-21,15.37,15.56,15.18,15.53,15.488674,1504546.0,gamesa
2020-01-22,15.535,15.64,15.38,15.555,15.513608999999999,1303895.0,gamesa
2020-01-23,15.54,15.56,15.4,15.48,15.438807,1123062.0,gamesa
2020-01-24,15.59,15.83,15.555,15.615,15.573448,1214978.0,gamesa
2020-01-27,15.34,15.5,15.085,15.3,15.259286999999999,1168998.0,gamesa
2020-01-28,15.33,15.43,15.015,15.43,15.388941,1179259.0,gamesa
2020-01-29,15.45,15.83,15.445,15.7,15.658222,1642819.0,gamesa
2020-01-30,14.25,14.7,13.845,14.275,14.237014000000002,6286818.0,gamesa
2020-01-31,14.265,14.64,14.23,14.405,14.366667999999999,2287580.0,gamesa
2020-02-03,14.5,15.285,14.445,15.18,15.139606,3417277.0,gamesa
2020-02-04,15.3,15.88,15.0,15.78,15.738009,3152929.0,gamesa
2020-02-05,15.855,16.975,15.25,16.665001,16.620655,8440900.0,gamesa
2020-02-06,16.665001,16.725,15.415,15.515,15.473714999999999,5171741.0,gamesa
2020-02-07,15.53,15.74,15.0,15.19,15.149579000000001,2879796.0,gamesa
2020-02-10,15.19,15.21,14.75,15.125,15.084751999999998,2364055.0,gamesa
2020-02-11,15.27,15.735,15.27,15.735,15.693129,2124683.0,gamesa
2020-02-12,15.765,15.98,15.475,15.5,15.458754999999998,1585579.0,gamesa
2020-02-13,15.465,15.6,15.2,15.585,15.543529000000001,2444772.0,gamesa
2020-02-14,15.58,15.69,15.39,15.555,15.513608999999999,775925.0,gamesa
2020-02-17,15.585,15.64,15.36,15.63,15.588408,820923.0,gamesa
2020-02-18,15.51,15.61,15.345,15.57,15.528568,1103698.0,gamesa
2020-02-19,15.645,16.105,15.535,16.105,16.062145,1953378.0,gamesa
2020-02-20,16.059998999999998,16.355,15.99,16.075001,16.032225,1419597.0,gamesa
2020-02-21,15.98,16.08,15.765,15.98,15.937477,1239432.0,gamesa
2020-02-24,15.465,15.51,15.005,15.225,15.184485999999998,2018204.0,gamesa
2020-02-25,15.275,15.43,14.75,14.755,14.715736999999999,1986887.0,gamesa
2020-02-26,14.625,14.97,14.17,14.9,14.860351000000001,2432998.0,gamesa
2020-02-27,14.595,14.725,14.25,14.59,14.551176000000002,1904918.0,gamesa
2020-02-28,14.12,14.565,13.93,14.525,14.486348999999999,2292308.0,gamesa
2020-03-02,14.9,14.97,14.22,14.505,14.466401999999999,1918222.0,gamesa
2020-03-03,14.74,15.18,14.74,14.975,14.935151999999999,5157550.0,gamesa
2020-03-04,14.94,15.31,14.81,15.25,15.209420000000001,1342241.0,gamesa
2020-03-05,15.335,15.425,14.89,15.015,14.975045000000001,3262884.0,gamesa
2020-03-06,14.655,14.75,14.24,14.26,14.222054,2815935.0,gamesa
2020-03-09,12.195,13.435,11.43,12.895,12.860686999999999,3475634.0,gamesa
2020-03-10,13.07,13.535,12.915,13.005,12.970394,4808377.0,gamesa
2020-03-11,13.125,13.25,12.395,12.465,12.431830999999999,2210492.0,gamesa
2020-03-12,11.9,12.025,10.92,11.05,11.020597,4019844.0,gamesa
2020-03-13,11.6,13.0,11.385,11.885,11.853374,1811249.0,gamesa
2020-03-16,11.45,12.185,10.68,12.09,12.057829,4112533.0,gamesa
2020-03-17,12.68,13.9,11.995,13.9,13.863012,2560056.0,gamesa
2020-03-18,12.775,13.535,12.13,12.695,12.661219000000001,2496917.0,gamesa
2020-03-19,13.19,13.45,12.115,12.44,12.406897,1922238.0,gamesa
2020-03-20,12.88,13.01,12.355,13.01,12.975381,3177688.0,gamesa
2020-03-23,12.3,12.99,12.24,12.5,12.466738000000001,1128242.0,gamesa
2020-03-24,13.08,13.94,12.885,13.94,13.902904999999999,3037656.0,gamesa
2020-03-25,14.05,14.38,13.29,14.29,14.251973999999999,1118791.0,gamesa
2020-03-26,13.85,14.185,13.325,14.185,14.147254,882686.0,gamesa
2020-03-27,13.9,13.995,13.27,13.62,13.583757,855994.0,gamesa
2020-03-30,13.29,13.625,12.96,13.5,13.464077,1040316.0,gamesa
2020-03-31,13.365,13.82,13.245,13.73,13.693464,1470686.0,gamesa
2020-04-01,13.245,13.94,13.245,13.45,13.414209,1142032.0,gamesa
2020-04-02,13.5,13.905,13.275,13.41,13.374316,876668.0,gamesa
2020-04-03,13.245,13.615,13.245,13.5,13.464077,1161934.0,gamesa
2020-04-06,13.7,13.9,13.465,13.56,13.523917,468934.0,gamesa
2020-04-07,13.65,13.785,13.44,13.7,13.663545000000001,731731.0,gamesa
2020-04-08,13.33,13.86,13.33,13.74,13.703438,348424.0,gamesa
2020-04-09,13.85,14.035,13.49,13.64,13.603704,558501.0,gamesa
2020-04-14,13.735,14.05,13.665,13.855,13.818131,1080315.0,gamesa
2020-04-15,13.7,13.775,13.06,13.15,13.115007,1376789.0,gamesa
2020-04-16,13.3,13.435,12.865,13.09,13.055168,837774.0,gamesa
2020-04-17,13.23,13.7,13.23,13.57,13.53389,2844730.0,gamesa
2020-04-20,13.55,13.725,13.28,13.68,13.643598,394754.0,gamesa
2020-04-21,13.7,13.83,13.47,13.62,13.583757,470512.0,gamesa
2020-04-22,13.45,13.555,13.385,13.455,13.419196,883182.0,gamesa
2020-04-23,13.4,13.57,13.24,13.46,13.424183,738272.0,gamesa
2020-04-24,13.225,13.6,13.15,13.43,13.394263,429538.0,gamesa
2020-04-27,13.57,13.65,13.145,13.45,13.414209,508838.0,gamesa
2020-04-28,13.51,13.855,13.385,13.795,13.758292,830118.0,gamesa
2020-04-29,13.795,14.0,13.455,13.64,13.603704,465601.0,gamesa
2020-04-30,13.78,13.965,13.555,13.57,13.53389,839940.0,gamesa
2020-05-04,13.08,13.47,13.08,13.245,13.209755,768189.0,gamesa
2020-05-05,13.44,13.925,13.24,13.695,13.658558,439074.0,gamesa
2020-05-06,13.28,13.645,13.22,13.3,13.264609,632077.0,gamesa
2020-05-07,13.25,13.55,12.975,13.465,13.429170000000001,607684.0,gamesa
2020-05-08,13.545,13.69,13.5,13.6,13.563811,440707.0,gamesa
2020-05-11,13.46,13.72,13.355,13.615,13.578771,517309.0,gamesa
2020-05-12,13.36,14.0,13.36,13.84,13.803172,678096.0,gamesa
2020-05-13,13.625,13.925,13.625,13.76,13.723385,517225.0,gamesa
2020-05-14,13.5,13.725,13.35,13.645,13.608691,544370.0,gamesa
2020-05-15,13.74,13.9,13.63,13.765,13.728372,465297.0,gamesa
2020-05-18,13.655,14.045,13.58,14.045,14.007627,535522.0,gamesa
2020-05-19,14.05,14.2,12.65,13.095,13.060155,3643818.0,gamesa
2020-05-20,13.13,13.505,12.87,13.505,13.469064000000001,2008571.0,gamesa
2020-05-21,13.65,14.125,13.51,13.84,13.803172,2177854.0,gamesa
2020-05-22,13.68,14.045,13.58,13.715,13.678505,1196563.0,gamesa
2020-05-25,13.78,14.19,13.71,14.085,14.04752,773669.0,gamesa
2020-05-26,14.18,14.56,14.005,14.48,14.441467999999999,1643164.0,gamesa
2020-05-27,14.65,14.915,14.365,14.44,14.401575,1268371.0,gamesa
2020-05-28,14.6,14.945,14.44,14.85,14.810485,1044713.0,gamesa
2020-05-29,14.575,15.225,14.565,15.135,15.094726999999999,1821464.0,gamesa
2020-06-01,15.42,15.545,15.055,15.18,15.139606,714054.0,gamesa
2020-06-02,15.15,15.51,15.15,15.355,15.31414,632110.0,gamesa
2020-06-03,15.495,15.545,15.23,15.37,15.329101000000001,1054301.0,gamesa
2020-06-04,15.31,15.465,15.165,15.23,15.189472,1386581.0,gamesa
2020-06-05,15.48,15.62,15.295,15.545,15.503635000000001,947112.0,gamesa
2020-06-08,15.545,15.65,15.35,15.51,15.468728,795498.0,gamesa
2020-06-09,15.44,15.925,15.355,15.65,15.608356,1431232.0,gamesa
2020-06-10,15.65,15.895,15.37,15.895,15.852704000000001,1340989.0,gamesa
2020-06-11,15.86,15.86,14.77,14.785,14.745657000000001,3082520.0,gamesa
2020-06-12,14.75,14.98,14.65,14.84,14.800510999999998,1296162.0,gamesa
2020-06-15,14.53,15.06,14.455,14.98,14.940138000000001,841026.0,gamesa
2020-06-16,15.29,15.44,14.89,15.005,14.965072,2489695.0,gamesa
2020-06-17,14.98,15.43,14.98,15.255,15.214407000000001,2274339.0,gamesa
2020-06-18,14.35,14.5,13.8,14.1,14.062479999999999,3720218.0,gamesa
2020-06-19,14.0,14.23,13.93,14.15,14.112347,3336062.0,gamesa
2020-06-22,14.2,15.09,14.2,15.045,15.004966,2567840.0,gamesa
2020-06-23,15.2,15.45,14.895,15.205,15.164539000000001,1207025.0,gamesa
2020-06-24,15.095,15.415,15.005,15.135,15.094726999999999,1144951.0,gamesa
2020-06-25,15.05,15.36,14.805,15.36,15.319126999999998,1306008.0,gamesa
2020-06-26,15.36,15.66,15.305,15.4,15.359020000000001,2155711.0,gamesa
2020-06-29,15.415,15.705,15.31,15.68,15.638276000000001,1505255.0,gamesa
2020-06-30,15.745,15.855,15.585,15.78,15.738009,1737913.0,gamesa
2020-07-01,15.83,15.83,15.34,15.6,15.558489000000002,1440994.0,gamesa
2020-07-02,15.65,16.200001,15.6,16.200001,16.156893,1639198.0,gamesa
2020-07-03,16.1,16.395,15.955,15.985,15.942464000000001,1269457.0,gamesa
2020-07-06,16.200001,16.365,16.030001000000002,16.245001000000002,16.201773,726924.0,gamesa
2020-07-07,16.190001000000002,16.684998999999998,16.17,16.525,16.481028,1336875.0,gamesa
2020-07-08,16.424999,16.665001,16.299999,16.475,16.431160000000002,1222001.0,gamesa
2020-07-09,16.615,17.525,16.559998999999998,17.125,17.07943,2272456.0,gamesa
2020-07-10,17.040001,17.455,16.975,17.309998999999998,17.263937,2316027.0,gamesa
2020-07-13,17.424999,17.5,16.98,17.365,17.318792000000002,1027775.0,gamesa
2020-07-14,17.174999,17.174999,16.59,16.9,16.855028,1497309.0,gamesa
2020-07-15,17.09,18.174999,16.91,18.084999,18.036875,1668391.0,gamesa
2020-07-16,18.0,18.32,17.605,18.145,18.096716,1602185.0,gamesa
2020-07-17,18.084999,18.59,18.08,18.549999,18.500637,2740956.0,gamesa
2020-07-20,18.51,19.105,18.504998999999998,19.075001,19.024242,2712683.0,gamesa
2020-07-21,19.32,19.4,18.834999,18.934998999999998,18.884613,1518335.0,gamesa
2020-07-22,18.945,19.6,18.934998999999998,19.379998999999998,19.328428,1300726.0,gamesa
2020-07-23,19.5,19.6,19.280001000000002,19.43,19.378298,1074382.0,gamesa
2020-07-24,19.110001,19.26,18.07,19.084999,19.034214000000002,1164099.0,gamesa
2020-07-27,19.0,19.485001,18.834999,19.440001000000002,19.388271,1013529.0,gamesa
2020-07-28,19.190001000000002,19.405001000000002,18.870001000000002,19.040001,19.040001,1540700.0,gamesa
2020-07-29,19.01,19.344998999999998,18.785,18.99,18.99,1277172.0,gamesa
2020-07-30,18.42,20.43,18.125,20.4,20.4,4705518.0,gamesa
2020-07-31,19.799999,20.59,19.735001,19.875,19.875,2140092.0,gamesa
2020-08-03,19.549999,20.540001,19.540001,20.52,20.52,1797581.0,gamesa
2020-08-04,20.4,20.49,19.934998999999998,20.190001000000002,20.190001000000002,2788144.0,gamesa
2020-08-05,20.389999,20.709999,20.33,20.6,20.6,1131489.0,gamesa
2020-08-06,20.6,20.719998999999998,20.25,20.469998999999998,20.469998999999998,552753.0,gamesa
2020-08-07,20.4,20.799999,20.4,20.66,20.66,1137099.0,gamesa
2020-08-10,20.67,20.84,20.51,20.799999,20.799999,633813.0,gamesa
2020-08-11,20.9,22.200001,20.889999,22.0,22.0,2403586.0,gamesa
2020-08-12,22.0,22.389999,21.719998999999998,22.389999,22.389999,1194527.0,gamesa
2020-08-13,22.4,22.799999,22.23,22.67,22.67,1093960.0,gamesa
2020-08-14,22.690001000000002,22.790001,22.389999,22.540001,22.540001,644276.0,gamesa
2020-08-17,22.58,22.98,22.5,22.879998999999998,22.879998999999998,859325.0,gamesa
2020-08-18,23.17,23.43,22.9,22.99,22.99,1014564.0,gamesa
2020-08-19,22.91,23.309998999999998,22.870001000000002,23.110001,23.110001,1723209.0,gamesa
2020-08-20,23.18,23.18,22.610001,22.780001000000002,22.780001000000002,802962.0,gamesa
2020-08-21,22.700001,22.950001,22.459999,22.879998999999998,22.879998999999998,872094.0,gamesa
2020-08-24,22.870001000000002,23.200001,22.77,22.799999,22.799999,673359.0,gamesa
2020-08-25,22.870001000000002,23.09,22.75,22.91,22.91,1876064.0,gamesa
2020-08-26,22.93,23.26,22.719998999999998,23.26,23.26,834349.0,gamesa
2020-08-27,23.299999,23.389999,21.82,22.200001,22.200001,1971108.0,gamesa
2020-08-28,22.24,22.41,21.809998999999998,22.27,22.27,1270964.0,gamesa
2020-08-31,22.309998999999998,22.75,22.23,22.440001000000002,22.440001000000002,983079.0,gamesa
2020-09-01,22.41,22.719998999999998,22.280001000000002,22.32,22.32,1173268.0,gamesa
2020-09-02,22.73,23.08,22.639999,22.809998999999998,22.809998999999998,1005664.0,gamesa
2020-09-03,23.08,23.299999,22.030001000000002,22.030001000000002,22.030001000000002,1357557.0,gamesa
2020-09-04,21.799999,22.23,20.27,20.83,20.83,2394422.0,gamesa
2020-09-07,20.83,22.030001000000002,20.709999,22.01,22.01,1235754.0,gamesa
2020-09-08,22.0,22.01,20.879998999999998,21.459999,21.459999,1313177.0,gamesa
2020-09-09,21.43,22.32,21.389999,22.219998999999998,22.219998999999998,1257533.0,gamesa
2020-09-10,22.27,22.48,22.02,22.08,22.08,700234.0,gamesa
2020-09-11,21.67,22.059998999999998,21.57,22.02,22.02,639511.0,gamesa
2020-09-14,22.08,22.469998999999998,22.08,22.219998999999998,22.219998999999998,670878.0,gamesa
2020-09-15,22.209999,22.74,22.190001000000002,22.540001,22.540001,825886.0,gamesa
2020-09-16,22.389999,23.040001,22.32,23.040001,23.040001,1143654.0,gamesa
2020-09-17,22.84,22.959999,22.440001000000002,22.6,22.6,1124998.0,gamesa
2020-09-18,22.57,22.940001000000002,22.35,22.35,22.35,3490648.0,gamesa
2020-09-21,22.27,22.6,21.709999,22.07,22.07,1109291.0,gamesa
2020-09-22,22.0,22.25,21.48,21.59,21.59,1073714.0,gamesa
2020-09-23,21.57,22.15,21.57,21.809998999999998,21.809998999999998,1216833.0,gamesa
2020-09-24,21.4,21.83,21.34,21.639999,21.639999,840252.0,gamesa
2020-09-25,21.700001,21.83,20.969998999999998,21.65,21.65,1857189.0,gamesa
2020-09-28,21.67,22.219998999999998,21.49,21.959999,21.959999,1006272.0,gamesa
2020-09-29,21.84,23.83,21.84,22.799999,22.799999,2516594.0,gamesa
2020-09-30,22.73,23.48,22.620001000000002,23.09,23.09,1216642.0,gamesa
2020-10-01,23.309998999999998,24.41,23.309998999999998,24.389999,24.389999,1846133.0,gamesa
2020-10-02,24.200001,24.440001000000002,23.76,24.129998999999998,24.129998999999998,1791545.0,gamesa
2020-10-05,24.309998999999998,24.65,23.809998999999998,24.450001,24.450001,1239997.0,gamesa
2020-10-06,24.6,24.9,23.91,24.17,24.17,1377438.0,gamesa
2020-10-07,24.200001,24.940001000000002,24.1,24.940001000000002,24.940001000000002,1409815.0,gamesa
2020-10-08,25.0,25.5,24.85,25.049999,25.049999,1069736.0,gamesa
2020-10-09,25.0,25.16,24.57,24.98,24.98,1092663.0,gamesa
2020-10-12,25.15,25.639999,24.959999,25.530001000000002,25.530001000000002,965308.0,gamesa
2020-10-13,25.530001000000002,26.07,25.389999,25.73,25.73,1349016.0,gamesa
2020-10-14,25.389999,26.469998999999998,25.389999,26.469998999999998,26.469998999999998,3699418.0,gamesa
2020-10-15,25.9,26.15,25.52,26.0,26.0,1337674.0,gamesa
2020-10-16,26.27,26.459999,25.860001,25.860001,25.860001,1763472.0,gamesa
2020-10-19,26.07,26.129998999999998,25.530001000000002,25.9,25.9,1074304.0,gamesa
2020-10-20,25.780001000000002,26.24,25.780001000000002,25.790001,25.790001,1321343.0,gamesa
2020-10-21,25.92,25.92,25.25,25.25,25.25,1515674.0,gamesa
2020-10-22,24.959999,25.459999,24.75,25.17,25.17,1142039.0,gamesa
2020-10-23,25.24,25.51,24.99,25.34,25.34,893637.0,gamesa
2020-10-26,25.02,25.4,24.67,24.74,24.74,1307668.0,gamesa
2020-10-27,24.9,25.0,24.23,24.77,24.77,1341261.0,gamesa
2020-10-28,24.719998999999998,24.870001000000002,23.9,24.43,24.43,1808355.0,gamesa
2020-10-29,24.42,24.66,24.09,24.5,24.5,1194778.0,gamesa
2020-10-30,24.09,24.58,24.09,24.33,24.33,1015504.0,gamesa
2020-11-02,24.5,24.76,24.049999,24.6,24.6,1295819.0,gamesa
2020-11-03,24.92,25.77,24.76,25.709999,25.709999,1359381.0,gamesa
2020-11-04,24.700001,25.52,23.23,25.27,25.27,2294289.0,gamesa
2020-11-05,25.1,26.709999,25.0,26.559998999999998,26.559998999999998,1522490.0,gamesa
2020-11-06,26.4,26.49,25.120001000000002,25.74,25.74,1682124.0,gamesa
2020-11-09,27.01,27.290001,25.02,25.360001,25.360001,2944811.0,gamesa
2020-11-10,25.4,25.940001000000002,25.02,25.83,25.83,1890207.0,gamesa
2020-11-11,25.870001000000002,27.940001000000002,25.870001000000002,27.559998999999998,27.559998999999998,2048468.0,gamesa
2020-11-12,27.58,28.4,27.02,27.700001,27.700001,2202168.0,gamesa
2020-11-13,27.709999,28.110001,27.360001,27.42,27.42,1274187.0,gamesa
2020-11-16,27.540001,27.6,26.610001,27.059998999999998,27.059998999999998,1604239.0,gamesa
2020-11-17,26.959999,27.49,26.790001,27.26,27.26,1223142.0,gamesa
2020-11-18,27.389999,27.41,27.02,27.389999,27.389999,857797.0,gamesa
2020-11-19,27.370001000000002,27.65,27.02,27.51,27.51,1217216.0,gamesa
2020-11-20,27.58,28.07,27.32,28.0,28.0,1316626.0,gamesa
2020-11-23,28.15,28.23,27.719998999999998,27.9,27.9,971363.0,gamesa
2020-11-24,28.200001,28.379998999999998,27.360001,27.389999,27.389999,1256778.0,gamesa
2020-11-25,27.43,27.73,26.82,27.73,27.73,1094379.0,gamesa
2020-11-26,27.799999,28.030001000000002,27.57,27.889999,27.889999,634099.0,gamesa
2020-11-27,27.84,28.860001,27.76,28.860001,28.860001,1312542.0,gamesa
2020-11-30,28.74,30.309998999999998,28.48,29.93,29.93,2745016.0,gamesa
2020-12-01,30.02,30.09,28.870001000000002,28.870001000000002,28.870001000000002,1367621.0,gamesa
2020-12-02,28.709999,29.27,28.059998999999998,28.27,28.27,1287638.0,gamesa
2020-12-03,28.200001,28.73,27.969998999999998,28.08,28.08,1323571.0,gamesa
2020-12-04,28.120001000000002,28.219998999999998,27.83,28.139999,28.139999,897501.0,gamesa
2020-12-07,29.0,29.91,28.700001,29.299999,29.299999,1460847.0,gamesa
2020-12-08,29.32,29.57,28.75,28.959999,28.959999,1105113.0,gamesa
2020-12-09,28.73,28.860001,27.93,28.52,28.52,1450060.0,gamesa
2020-12-10,28.610001,28.75,27.889999,28.629998999999998,28.629998999999998,842548.0,gamesa
2020-12-11,28.66,29.049999,28.4,28.92,28.92,851636.0,gamesa
2020-12-14,29.08,29.200001,28.219998999999998,28.5,28.5,1708404.0,gamesa
2020-12-15,28.57,28.790001,28.299999,28.65,28.65,1186480.0,gamesa
2020-12-16,28.780001000000002,29.02,28.549999,28.690001000000002,28.690001000000002,2373344.0,gamesa
2020-12-17,28.92,29.030001000000002,28.34,28.450001,28.450001,1534664.0,gamesa
2020-12-18,28.5,29.59,28.4,29.48,29.48,3094661.0,gamesa
2020-12-21,29.07,30.0,28.549999,29.879998999999998,29.879998999999998,1272470.0,gamesa
2020-12-22,29.98,31.34,29.93,31.200001,31.200001,1935648.0,gamesa
2020-12-23,31.200001,31.530001000000002,30.82,30.92,30.92,811890.0,gamesa
2020-12-24,31.02,31.65,30.67,31.65,31.65,272637.0,gamesa
2020-12-28,31.950001,32.889998999999996,31.700001,32.740002000000004,32.740002000000004,621263.0,gamesa
2020-12-29,33.0,33.049999,32.23,32.709998999999996,32.709998999999996,998715.0,gamesa
2020-12-30,32.709998999999996,32.84,32.380001,32.580002,32.580002,598083.0,gamesa
2020-12-31,32.459998999999996,33.27,32.419998,33.09,33.09,402389.0,gamesa
2021-01-04,33.200001,34.18,33.009997999999996,33.959998999999996,33.959998999999996,1241906.0,gamesa
2021-01-05,34.5,34.869999,34.099998,34.389998999999996,34.389998999999996,1628167.0,gamesa
2021-01-06,35.080002,36.200001,34.599998,36.200001,36.200001,1645464.0,gamesa
2021-01-07,36.560001,38.490002000000004,36.560001,38.48,38.48,1925920.0,gamesa
2021-01-08,39.0,39.349998,37.029999,37.209998999999996,37.209998999999996,2259215.0,gamesa
2021-01-11,37.0,37.580002,36.290001000000004,37.16,37.16,1591604.0,gamesa
2021-01-12,37.200001,37.389998999999996,35.23,35.490002000000004,35.490002000000004,1493307.0,gamesa
2021-01-13,35.43,36.580002,34.18,36.060001,36.060001,1767495.0,gamesa
2021-01-14,36.049999,36.189999,35.59,35.82,35.82,1374505.0,gamesa
2021-01-15,35.5,35.5,34.080002,34.240002000000004,34.240002000000004,2391280.0,gamesa
2021-01-18,33.93,34.439999,33.580002,34.099998,34.099998,1348874.0,gamesa
2021-01-19,34.25,35.580002,34.0,34.98,34.98,953375.0,gamesa
2021-01-20,35.080002,35.200001,34.299999,34.630001,34.630001,1104419.0,gamesa
2021-01-21,34.82,36.209998999999996,34.82,35.959998999999996,35.959998999999996,1443516.0,gamesa
2021-01-22,36.0,36.869999,34.810001,35.740002000000004,35.740002000000004,918163.0,gamesa
2021-01-25,36.639998999999996,37.119999,35.869999,36.639998999999996,36.639998999999996,1216059.0,gamesa
2021-01-26,36.779999,37.009997999999996,35.060001,35.470001,35.470001,910353.0,gamesa
2021-01-27,35.27,35.470001,32.869999,33.400002,33.400002,1735892.0,gamesa
2021-01-28,32.759997999999996,33.889998999999996,31.629998999999998,33.720001,33.720001,1515830.0,gamesa
2021-01-29,31.719998999999998,34.669998,31.5,33.889998999999996,33.889998999999996,1178526.0,gamesa
2021-02-01,34.189999,34.189999,32.610001000000004,32.84,32.84,1021896.0,gamesa
2021-02-02,33.099998,33.91,32.84,33.529999,33.529999,1199329.0,gamesa
2021-02-03,34.0,35.400002,33.810001,34.540001000000004,34.540001000000004,1091437.0,gamesa
2021-02-04,34.700001,35.48,33.889998999999996,34.279999,34.279999,736056.0,gamesa
2021-02-05,34.27,34.349998,33.049999,33.650002,33.650002,989582.0,gamesa
2021-02-08,33.560001,33.919998,33.029999,33.580002,33.580002,1217485.0,gamesa
2021-02-09,33.48,33.48,32.09,32.240002000000004,32.240002000000004,1272885.0,gamesa
2021-02-10,32.240002000000004,32.560001,31.610001,32.0,32.0,986281.0,gamesa
2021-02-11,32.060001,33.830002,31.75,33.59,33.59,1199175.0,gamesa
2021-02-12,33.709998999999996,33.889998999999996,32.57,33.689999,33.689999,839669.0,gamesa
2021-02-15,34.0,34.759997999999996,33.93,33.939999,33.939999,843510.0,gamesa
2021-02-16,34.139998999999996,35.259997999999996,34.0,35.080002,35.080002,1166354.0,gamesa
2021-02-17,34.889998999999996,35.130001,34.049999,34.330002,34.330002,861327.0,gamesa
2021-02-18,34.27,35.049999,33.099998,33.310001,33.310001,990434.0,gamesa
2021-02-19,33.389998999999996,33.549999,32.169998,33.23,33.23,1291536.0,gamesa
2021-02-22,33.16,33.16,32.029999,32.169998,32.169998,940978.0,gamesa
2021-02-23,31.85,32.23,29.040001,30.860001,30.860001,1704764.0,gamesa
2021-02-24,30.82,31.530001000000002,30.16,30.4,30.4,1087873.0,gamesa
2021-02-25,30.42,31.360001,30.42,31.17,31.17,1022789.0,gamesa
2021-02-26,30.530001000000002,31.360001,30.01,30.799999,30.799999,1091879.0,gamesa
2021-03-01,31.32,31.9,30.530001000000002,31.15,31.15,640484.0,gamesa
2021-03-02,31.15,31.4,30.33,30.389999,30.389999,970357.0,gamesa
2021-03-03,30.58,30.58,28.52,28.74,28.74,1316806.0,gamesa
2021-03-04,28.5,28.82,27.719998999999998,28.4,28.4,1668927.0,gamesa
2021-03-05,28.18,28.559998999999998,26.83,27.030001000000002,27.030001000000002,1513600.0,gamesa
2021-03-08,27.27,27.799999,26.32,27.58,27.58,1406235.0,gamesa
2021-03-09,27.82,29.58,27.459999,28.889999,28.889999,1654528.0,gamesa
2021-03-10,28.91,29.280001000000002,28.34,28.809998999999998,28.809998999999998,991689.0,gamesa
2021-03-11,29.01,30.23,28.98,30.23,30.23,1599076.0,gamesa
2021-03-12,30.190001000000002,30.35,29.5,29.85,29.85,928988.0,gamesa
2021-03-15,30.09,30.25,29.059998999999998,29.35,29.35,1160354.0,gamesa
2021-03-16,29.370001000000002,29.459999,28.74,29.299999,29.299999,1335072.0,gamesa
2021-03-17,29.15,29.26,27.73,28.120001000000002,28.120001000000002,1119876.0,gamesa
2021-03-18,28.4,28.700001,27.74,27.950001,27.950001,891016.0,gamesa
2021-03-19,27.639999,28.139999,27.290001,27.76,27.76,2547809.0,gamesa
2021-03-22,27.59,28.68,27.379998999999998,28.52,28.52,1238772.0,gamesa
2021-03-23,28.52,29.24,28.23,28.799999,28.799999,1703399.0,gamesa
2021-03-24,28.719998999999998,29.08,28.059998999999998,28.34,28.34,1535080.0,gamesa
2021-03-25,28.200001,28.6,27.530001000000002,27.75,27.75,1128606.0,gamesa
2021-03-26,28.0,29.32,27.99,29.059998999999998,29.059998999999998,1729850.0,gamesa
2021-03-29,29.360001,29.870001000000002,29.139999,29.57,29.57,1613433.0,gamesa
2021-03-30,29.809998999999998,31.280001000000002,29.780001000000002,31.280001000000002,31.280001000000002,2425268.0,gamesa
2021-03-31,31.870001000000002,33.759997999999996,31.27,33.0,33.0,2147633.0,gamesa
2021-04-01,33.130001,33.139998999999996,32.23,32.450001,32.450001,1130852.0,gamesa
2021-04-06,32.5,33.0,31.450001,31.57,31.57,1703080.0,gamesa
2021-04-07,31.280001000000002,31.309998999999998,30.34,30.59,30.59,1646325.0,gamesa
2021-04-08,30.76,31.43,30.440001000000002,31.389999,31.389999,978254.0,gamesa
2021-04-09,31.4,31.469998999999998,30.83,30.940001000000002,30.940001000000002,719401.0,gamesa
2021-04-12,30.809998999999998,30.870001000000002,29.41,29.52,29.52,926283.0,gamesa
2021-04-13,29.459999,29.92,29.209999,29.860001,29.860001,1786448.0,gamesa
2021-04-14,29.950001,30.41,29.709999,29.889999,29.889999,1064813.0,gamesa
2021-04-15,29.799999,30.129998999999998,29.379998999999998,29.809998999999998,29.809998999999998,801424.0,gamesa
2021-04-16,29.75,30.5,29.51,30.389999,30.389999,6751795.0,gamesa
2021-04-19,30.4,30.6,29.6,29.83,29.83,989139.0,gamesa
2021-04-20,29.870001000000002,30.120001000000002,28.809998999999998,29.34,29.34,1353041.0,gamesa
2021-04-21,29.6,30.41,29.290001,30.18,30.18,1057005.0,gamesa
2021-04-22,30.290001,32.740002000000004,30.209999,32.200001,32.200001,1198873.0,gamesa
2021-04-23,32.139998999999996,32.82,31.639999,31.92,31.92,2025276.0,gamesa
2021-04-26,31.82,32.27,31.6,31.860001,31.860001,652742.0,gamesa
2021-04-27,32.200001,32.970001,32.16,32.759997999999996,32.759997999999996,882029.0,gamesa
2021-04-28,32.68,32.700001,31.51,31.709999,31.709999,1644448.0,gamesa
2021-04-29,32.560001,32.560001,30.51,30.65,30.65,864083.0,gamesa
2021-04-30,30.51,30.51,29.700001,30.1,30.1,1335918.0,gamesa
2021-05-03,29.4,29.41,28.299999,28.93,28.93,1609018.0,gamesa
2021-05-04,28.200001,28.620001000000002,26.790001,26.9,26.9,2724638.0,gamesa
2021-05-05,27.0,28.690001000000002,26.93,28.219998999999998,28.219998999999998,1998952.0,gamesa
2021-05-06,28.1,28.17,26.709999,26.99,26.99,1419337.0,gamesa
2021-05-07,27.120001000000002,27.9,27.110001,27.700001,27.700001,1152070.0,gamesa
2021-05-10,27.809998999999998,28.049999,26.16,26.35,26.35,1335855.0,gamesa
2021-05-11,25.9,26.23,25.219998999999998,25.969998999999998,25.969998999999998,1294297.0,gamesa
2021-05-12,26.08,26.68,25.16,25.16,25.16,1870674.0,gamesa
2021-05-13,25.0,25.73,24.67,25.15,25.15,1679108.0,gamesa
2021-05-14,25.4,26.299999,24.76,25.950001,25.950001,1993519.0,gamesa
2021-05-17,26.219998999999998,26.32,25.4,25.4,25.4,1161602.0,gamesa
2021-05-18,25.799999,26.68,25.58,26.52,26.52,1878369.0,gamesa
2021-05-19,26.440001000000002,26.74,25.950001,26.120001000000002,26.120001000000002,1263829.0,gamesa
2021-05-20,26.5,27.049999,26.18,26.5,26.5,1234152.0,gamesa
2021-05-21,26.719998999999998,26.84,26.299999,26.299999,26.299999,1275367.0,gamesa
2021-05-24,26.360001,26.42,25.950001,25.950001,25.950001,2082941.0,gamesa
2021-05-25,26.0,26.84,26.0,26.549999,26.549999,1371935.0,gamesa
2021-05-26,26.709999,27.15,26.440001000000002,26.889999,26.889999,1212635.0,gamesa
2021-05-27,26.950001,27.4,26.49,26.49,26.49,1829410.0,gamesa
2021-05-28,26.690001000000002,27.120001000000002,26.59,27.110001,27.110001,1080590.0,gamesa
2021-05-31,27.120001000000002,27.27,26.74,26.870001000000002,26.870001000000002,361640.0,gamesa
2021-06-01,26.889999,27.370001000000002,26.790001,27.0,27.0,603342.0,gamesa
2021-06-02,27.15,27.299999,25.83,25.870001000000002,25.870001000000002,981092.0,gamesa
2021-06-03,25.93,26.280001000000002,25.209999,25.51,25.51,1421089.0,gamesa
2021-06-04,25.379998999999998,25.59,24.77,25.549999,25.549999,1257409.0,gamesa
2021-06-07,25.5,25.58,24.950001,25.16,25.16,491263.0,gamesa
2021-06-08,25.18,25.690001000000002,25.15,25.27,25.27,1458787.0,gamesa
2021-06-09,25.309998999999998,25.459999,24.950001,25.290001,25.290001,949023.0,gamesa
2021-06-10,25.68,25.68,24.209999,24.48,24.48,1455762.0,gamesa
2021-06-11,24.4,24.780001000000002,24.23,24.74,24.74,920834.0,gamesa
2021-06-14,24.98,26.049999,24.799999,25.93,25.93,1134774.0,gamesa
2021-06-15,26.08,26.52,25.58,26.09,26.09,1105683.0,gamesa
2021-06-16,26.209999,27.120001000000002,26.209999,26.879998999999998,26.879998999999998,1033980.0,gamesa
2021-06-17,26.620001000000002,26.92,25.879998999999998,26.719998999999998,26.719998999999998,2081157.0,gamesa
2021-06-18,26.639999,27.190001000000002,25.93,26.389999,26.389999,2270470.0,gamesa
2021-06-21,26.35,26.780001000000002,26.02,26.610001,26.610001,1184232.0,gamesa
2021-06-22,26.629998999999998,27.040001,26.360001,26.969998999999998,26.969998999999998,495645.0,gamesa
2021-06-23,27.049999,27.200001,26.59,26.75,26.75,605810.0,gamesa
2021-06-24,27.1,27.41,26.610001,27.27,27.27,1015519.0,gamesa
2021-06-25,27.33,27.49,26.860001,27.32,27.32,763829.0,gamesa
2021-06-28,27.41,27.98,27.15,27.84,27.84,838835.0,gamesa
2021-06-29,27.73,29.0,27.51,28.799999,28.799999,1273583.0,gamesa
2021-06-30,28.469998999999998,28.75,27.540001,28.16,28.16,1482304.0,gamesa
2021-07-01,27.99,28.16,27.34,27.91,27.91,1077456.0,gamesa
2021-07-02,28.0,28.26,27.49,27.780001000000002,27.780001000000002,645159.0,gamesa
2021-07-05,27.77,28.209999,27.530001000000002,27.959999,27.959999,465060.0,gamesa
2021-07-06,27.93,28.620001000000002,27.790001,28.52,28.52,684451.0,gamesa
2021-07-07,28.52,28.92,27.83,27.879998999999998,27.879998999999998,881961.0,gamesa
2021-07-08,27.85,27.91,27.23,27.58,27.58,924408.0,gamesa
2021-07-09,27.74,27.75,26.41,26.93,26.93,883707.0,gamesa
2021-07-12,27.09,27.66,27.0,27.629998999999998,27.629998999999998,1265102.0,gamesa
2021-07-13,27.629998999999998,27.639999,26.51,26.870001000000002,26.870001000000002,870416.0,gamesa
2021-07-14,26.799999,26.860001,26.01,26.280001000000002,26.280001000000002,796298.0,gamesa
2021-07-15,22.5,23.219998999999998,21.51,22.49,22.49,5567469.0,gamesa
2021-07-16,22.4,22.549999,21.67,22.02,22.02,2709447.0,gamesa
2021-07-19,21.889999,22.17,21.02,22.17,22.17,1481460.0,gamesa
2021-07-20,22.0,22.459999,21.66,22.17,22.17,1352650.0,gamesa
2021-07-21,22.15,23.09,22.129998999999998,23.049999,23.049999,1121797.0,gamesa
2021-07-22,23.1,23.85,22.879998999999998,23.549999,23.549999,1409499.0,gamesa
2021-07-23,23.690001000000002,23.709999,22.75,22.92,22.92,977542.0,gamesa
2021-07-26,22.620001000000002,22.93,22.379998999999998,22.860001,22.860001,719389.0,gamesa
2021-07-27,22.540001,22.74,22.110001,22.33,22.33,2144768.0,gamesa
2021-07-28,22.370001000000002,23.700001,22.190001000000002,23.4,23.4,1294766.0,gamesa
2021-07-29,23.4,23.93,23.35,23.469998999999998,23.469998999999998,1438995.0,gamesa
2021-07-30,23.23,24.15,22.67,23.5,23.5,1919204.0,gamesa
2021-08-02,23.620001000000002,24.43,23.379998999999998,24.23,24.23,2494066.0,gamesa
2021-08-03,24.129998999999998,24.559998999999998,23.41,23.780001000000002,23.780001000000002,1514197.0,gamesa
2021-08-04,24.049999,24.450001,23.58,24.309998999999998,24.309998999999998,1438661.0,gamesa
2021-08-05,24.290001,24.549999,23.709999,24.1,24.1,804004.0,gamesa
2021-08-06,24.200001,24.809998999999998,23.940001000000002,24.629998999999998,24.629998999999998,935985.0,gamesa
2021-08-09,24.629998999999998,24.969998999999998,24.540001,24.639999,24.639999,562160.0,gamesa
2021-08-10,24.790001,24.959999,24.17,24.75,24.75,999654.0,gamesa
2021-08-11,24.549999,24.92,24.129998999999998,24.530001000000002,24.530001000000002,794881.0,gamesa
2021-08-12,24.42,24.690001000000002,24.18,24.290001,24.290001,991644.0,gamesa
2021-08-13,24.309998999999998,24.83,24.02,24.549999,24.549999,567526.0,gamesa
2021-08-16,24.280001000000002,24.540001,24.02,24.540001,24.540001,644384.0,gamesa
2021-08-17,24.25,24.610001,23.950001,24.450001,24.450001,847975.0,gamesa
2021-08-18,24.42,25.379998999999998,24.33,25.139999,25.139999,795995.0,gamesa
2021-08-19,24.66,25.48,24.610001,25.280001000000002,25.280001000000002,783524.0,gamesa
2021-08-20,25.27,25.52,25.049999,25.26,25.26,462411.0,gamesa
2021-08-23,25.51,25.66,24.870001000000002,25.42,25.42,471535.0,gamesa
2021-08-24,25.639999,26.07,25.52,25.74,25.74,506094.0,gamesa
2021-08-25,25.82,26.5,25.639999,25.74,25.74,664979.0,gamesa
2021-08-26,25.639999,25.860001,25.360001,25.59,25.59,446002.0,gamesa
2021-08-27,25.389999,25.719998999999998,24.790001,25.49,25.49,871947.0,gamesa
2021-08-30,25.530001000000002,25.85,25.49,25.610001,25.610001,267159.0,gamesa
2021-08-31,25.690001000000002,26.1,25.030001000000002,25.110001,25.110001,907616.0,gamesa
2021-09-01,25.4,25.91,25.32,25.639999,25.639999,590358.0,gamesa
2021-09-02,25.65,25.9,25.41,25.85,25.85,522488.0,gamesa
2021-09-03,25.5,25.74,25.209999,25.66,25.66,626493.0,gamesa
2021-09-06,25.83,26.07,25.389999,25.389999,25.389999,468951.0,gamesa
2021-09-07,25.43,25.59,25.0,25.469998999999998,25.469998999999998,493385.0,gamesa
2021-09-08,24.700001,24.709999,23.15,23.290001,23.290001,2431207.0,gamesa
2021-09-09,23.0,23.370001000000002,22.57,23.18,23.18,1305847.0,gamesa
2021-09-10,23.290001,23.33,22.34,22.77,22.77,1250224.0,gamesa
2021-09-13,22.73,23.27,22.49,23.219998999999998,23.219998999999998,1763279.0,gamesa
2021-09-14,23.219998999999998,23.68,22.969998999999998,23.35,23.35,1099850.0,gamesa
2021-09-15,23.23,23.549999,22.42,22.450001,22.450001,1235829.0,gamesa
2021-09-16,22.43,22.9,22.17,22.48,22.48,1110679.0,gamesa
2021-09-17,22.73,23.120001000000002,22.08,22.120001000000002,22.120001000000002,1780406.0,gamesa
2021-09-20,21.83,22.42,21.290001,22.25,22.25,2204043.0,gamesa
2021-09-21,22.360001,22.65,22.02,22.34,22.34,645080.0,gamesa
2021-09-22,22.57,22.700001,22.26,22.52,22.52,605329.0,gamesa
2021-09-23,22.83,23.450001,22.77,22.98,22.98,970984.0,gamesa
2021-09-24,23.08,23.389999,22.690001000000002,22.82,22.82,600914.0,gamesa
2021-09-27,23.110001,23.33,22.889999,22.93,22.93,941421.0,gamesa
2021-09-28,22.5,22.58,22.01,22.15,22.15,1245930.0,gamesa
2021-09-29,22.26,22.57,22.15,22.299999,22.299999,894196.0,gamesa
2021-09-30,22.639999,22.690001000000002,21.83,22.02,22.02,1090502.0,gamesa
2021-10-01,21.5,22.02,20.67,21.01,21.01,1566995.0,gamesa
2021-10-04,21.01,21.379998999999998,19.940001000000002,20.459999,20.459999,1829984.0,gamesa
2021-10-05,20.49,20.790001,20.209999,20.66,20.66,1214175.0,gamesa
2021-10-06,20.5,20.51,19.555,20.129998999999998,20.129998999999998,1614493.0,gamesa
2021-10-07,20.34,20.65,19.995001000000002,20.299999,20.299999,1244825.0,gamesa
2021-10-08,20.299999,20.299999,19.57,19.705,19.705,1666033.0,gamesa
2021-10-11,19.375,19.98,19.25,19.805,19.805,1174537.0,gamesa
2021-10-12,19.514999,20.719998999999998,19.4,20.450001,20.450001,1802155.0,gamesa
2021-10-13,20.459999,21.290001,20.280001000000002,21.049999,21.049999,2237096.0,gamesa
2021-10-14,21.049999,21.26,20.639999,20.639999,20.639999,1168093.0,gamesa
2021-10-15,20.620001000000002,20.98,20.5,20.809998999999998,20.809998999999998,2636001.0,gamesa
2021-10-18,20.76,20.790001,19.965,20.030001000000002,20.030001000000002,1189620.0,gamesa
2021-10-19,20.200001,20.870001000000002,20.17,20.59,20.59,1625688.0,gamesa
2021-10-20,20.59,22.1,20.469998999999998,21.73,21.73,1678780.0,gamesa
2021-10-21,21.68,22.15,21.51,22.08,22.08,1062195.0,gamesa
2021-10-22,22.18,22.49,21.92,21.92,21.92,652421.0,gamesa
2021-10-25,21.99,22.1,21.299999,21.709999,21.709999,617172.0,gamesa
2021-10-26,21.799999,22.540001,21.76,22.299999,22.299999,722380.0,gamesa
2021-10-27,22.27,22.4,21.940001000000002,22.18,22.18,571566.0,gamesa
2021-10-28,22.110001,23.73,22.07,23.549999,23.549999,1804817.0,gamesa
2021-10-29,23.59,23.85,22.93,23.43,23.43,1200738.0,gamesa
2021-11-01,23.52,23.66,22.99,22.99,22.99,927361.0,gamesa
2021-11-02,23.120001000000002,23.120001000000002,22.18,22.25,22.25,922942.0,gamesa
2021-11-03,21.139999,21.719998999999998,19.459999,19.629998999999998,19.629998999999998,3616894.0,gamesa
2021-11-04,20.02,20.030001000000002,19.379998999999998,19.379998999999998,19.379998999999998,2510936.0,gamesa
2021-11-05,19.375,19.395,18.34,18.785,18.785,2701775.0,gamesa
2021-11-08,19.15,20.639999,19.15,20.459999,20.459999,3454599.0,gamesa
2021-11-09,20.360001,20.959999,19.915001,20.6,20.6,2372773.0,gamesa
2021-11-10,20.719998999999998,22.17,20.549999,22.129998999999998,22.129998999999998,3846761.0,gamesa
2021-11-11,22.0,22.0,20.75,21.82,21.82,1605507.0,gamesa
2021-11-12,21.9,22.450001,21.809998999999998,22.15,22.15,1080578.0,gamesa
2021-11-15,21.9,22.360001,21.74,21.950001,21.950001,851763.0,gamesa
2021-11-16,21.870001000000002,22.1,21.629998999999998,21.99,21.99,865682.0,gamesa
2021-11-17,22.0,22.059998999999998,21.67,21.84,21.84,929566.0,gamesa
2021-11-18,21.700001,22.02,21.459999,21.530001000000002,21.530001000000002,781896.0,gamesa
2021-11-19,21.5,22.200001,20.620001000000002,21.91,21.91,3815078.0,gamesa
2021-11-22,21.92,22.120001000000002,21.35,21.440001000000002,21.440001000000002,1332142.0,gamesa
2021-11-23,20.379998999999998,21.559998999999998,20.25,21.34,21.34,1389337.0,gamesa
2021-11-24,21.26,21.59,20.93,21.49,21.49,1838921.0,gamesa
2021-11-25,21.59,22.66,21.52,22.58,22.58,1133423.0,gamesa
2021-11-26,21.799999,23.809998999999998,21.65,23.379998999999998,23.379998999999998,2451954.0,gamesa
2021-11-29,23.59,24.1,23.17,23.48,23.48,2164748.0,gamesa
2021-11-30,23.26,24.040001,23.049999,23.530001000000002,23.530001000000002,2155323.0,gamesa
2021-12-01,23.59,23.620001000000002,22.440001000000002,22.799999,22.799999,992631.0,gamesa
2021-12-02,22.6,22.6,21.389999,21.99,21.99,1699999.0,gamesa
2021-12-03,22.1,22.200001,21.0,21.200001,21.200001,1328654.0,gamesa
2021-12-06,21.360001,21.59,20.879998999999998,21.18,21.18,1884775.0,gamesa
2021-12-07,21.530001000000002,22.1,21.41,22.1,22.1,1096703.0,gamesa
2021-12-08,22.059998999999998,22.42,21.639999,21.75,21.75,1163852.0,gamesa
2021-12-09,21.75,21.99,21.440001000000002,21.66,21.66,683455.0,gamesa
2021-12-10,21.370001000000002,21.66,21.01,21.17,21.17,1301460.0,gamesa
2021-12-13,21.290001,22.0,21.07,21.209999,21.209999,1437802.0,gamesa
2021-12-14,21.33,21.629998999999998,20.629998999999998,20.719998999999998,20.719998999999998,1238358.0,gamesa
2021-12-15,20.68,21.48,20.41,20.66,20.66,1072982.0,gamesa
2021-12-16,21.200001,21.879998999999998,20.84,20.84,20.84,1929996.0,gamesa
2021-12-17,20.719998999999998,20.870001000000002,20.16,20.75,20.75,3913471.0,gamesa
2021-12-20,20.049999,20.51,19.715,20.360001,20.360001,1198897.0,gamesa
2021-12-21,20.469998999999998,21.4,20.4,20.959999,20.959999,1141211.0,gamesa
2021-12-22,20.99,21.52,20.77,21.280001000000002,21.280001000000002,1213268.0,gamesa
2021-12-23,21.379998999999998,21.42,21.01,21.17,21.17,680912.0,gamesa
2021-12-27,21.059998999999998,21.790001,21.059998999999998,21.42,21.42,760724.0,gamesa
2021-12-28,21.459999,21.549999,20.91,20.91,20.91,789455.0,gamesa
2021-12-29,20.93,21.059998999999998,20.58,20.83,20.83,770275.0,gamesa
2021-12-30,20.790001,21.24,20.780001000000002,21.07,21.07,645191.0,gamesa
2022-01-03,21.0,21.15,20.440001000000002,20.950001,20.950001,1177180.0,gamesa
2022-01-04,21.030001000000002,21.700001,21.01,21.1,21.1,1107107.0,gamesa
2022-01-05,21.01,21.280001000000002,20.66,21.08,21.08,989121.0,gamesa
2022-01-06,20.58,20.719998999999998,19.965,20.41,20.41,1645055.0,gamesa
2022-01-07,20.360001,20.5,19.889999,20.09,20.09,1121571.0,gamesa
2022-01-10,20.200001,20.200001,19.415001,19.455,19.455,1196983.0,gamesa
2022-01-11,19.57,20.030001000000002,19.52,19.719998999999998,19.719998999999998,887681.0,gamesa
2022-01-12,19.895,19.895,19.48,19.504998999999998,19.504998999999998,1064749.0,gamesa
2022-01-13,19.445,19.860001,19.16,19.700001,19.700001,1329317.0,gamesa
2022-01-14,19.4,19.455,18.985001,19.084999,19.084999,1360555.0,gamesa
2022-01-17,19.26,19.334999,18.950001,19.0,19.0,1020812.0,gamesa
2022-01-18,18.93,18.950001,18.125,18.299999,18.299999,2651352.0,gamesa
2022-01-19,18.08,18.77,17.805,18.389999,18.389999,1593797.0,gamesa
2022-01-20,18.385,19.195,18.184998999999998,18.950001,18.950001,1749887.0,gamesa
2022-01-21,16.77,17.225,15.885,16.290001,16.290001,7241007.0,gamesa
2022-01-24,16.225,16.665001,15.55,16.58,16.58,3073407.0,gamesa
2022-01-25,16.879998999999998,17.139999,16.48,16.645,16.645,2992013.0,gamesa
2022-01-26,16.639999,17.865,16.635,17.450001,17.450001,2585226.0,gamesa
2022-01-27,17.115,19.014999,17.105,18.790001,18.790001,4734026.0,gamesa
2022-01-28,18.879998999999998,18.945,17.629998999999998,18.535,18.535,2947841.0,gamesa
2022-01-31,18.9,19.184998999999998,18.445,19.094998999999998,19.094998999999998,1817465.0,gamesa
2022-02-01,19.195,19.495001000000002,18.485001,18.530001000000002,18.530001000000002,1526062.0,gamesa
2022-02-02,18.885,19.055,18.4,18.525,18.525,1639938.0,gamesa
2022-02-03,18.1,19.129998999999998,17.65,18.195,18.195,1733579.0,gamesa
2022-02-04,18.049999,18.42,17.525,17.525,17.525,2021513.0,gamesa
2022-02-07,17.635,17.75,16.725,16.780001000000002,16.780001000000002,2123751.0,gamesa
2022-02-08,16.75,16.950001,16.094998999999998,16.299999,16.299999,2441999.0,gamesa
2022-02-09,16.5,17.23,16.379998999999998,16.92,16.92,1836315.0,gamesa
2022-02-10,17.07,17.07,16.4,16.629998999999998,16.629998999999998,1833665.0,gamesa
2022-02-11,16.370001000000002,16.825001,16.07,16.525,16.525,1246574.0,gamesa
2022-02-14,16.01,16.5,15.87,16.370001000000002,16.370001000000002,1473299.0,gamesa
2022-02-15,16.4,17.639999,16.389999,17.459999,17.459999,2108423.0,gamesa
2022-02-16,17.6,17.780001000000002,16.879998999999998,17.065001000000002,17.065001000000002,1601218.0,gamesa
2022-02-17,17.08,17.58,16.855,17.0,17.0,1046537.0,gamesa
2022-02-18,16.889999,17.0,16.275,16.280001000000002,16.280001000000002,1492466.0,gamesa
2022-02-21,16.415001,16.559998999999998,15.85,16.16,16.16,1391994.0,gamesa
2022-02-22,15.58,16.85,15.425,16.285,16.285,1411741.0,gamesa
2022-02-23,16.4,16.75,16.290001,16.295,16.295,1376363.0,gamesa
2022-02-24,15.5,18.389999,15.4,18.01,18.01,5043029.0,gamesa
2022-02-25,18.15,18.655001000000002,17.525,18.120001000000002,18.120001000000002,2725491.0,gamesa
2022-02-28,18.120001000000002,20.91,18.07,20.73,20.73,5385959.0,gamesa
2022-03-01,20.809998999999998,21.129998999999998,19.684998999999998,19.735001,19.735001,3691137.0,gamesa
2022-03-02,19.200001,19.975,18.475,19.299999,19.299999,3090061.0,gamesa
2022-03-03,19.209999,19.325001,17.5,17.525,17.525,2718164.0,gamesa
2022-03-04,17.32,18.1,16.91,16.985001,16.985001,2224827.0,gamesa
2022-03-07,16.68,18.57,16.555,18.295,18.295,2587588.0,gamesa
2022-03-08,18.4,19.870001000000002,18.24,19.65,19.65,2820822.0,gamesa
2022-03-09,20.629998999999998,20.82,18.83,19.155001000000002,19.155001000000002,2378224.0,gamesa
2022-03-10,19.27,19.76,18.145,18.389999,18.389999,2476263.0,gamesa
2022-03-11,18.799999,19.33,18.610001,18.924999,18.924999,2253121.0,gamesa
2022-03-14,19.174999,19.190001000000002,18.455,18.540001,18.540001,1897030.0,gamesa
2022-03-15,18.415001,18.870001000000002,18.059998999999998,18.08,18.08,1620975.0,gamesa
2022-03-16,18.5,18.540001,17.655001000000002,18.485001,18.485001,2007960.0,gamesa
2022-03-17,18.6,18.815001000000002,17.84,18.110001,18.110001,1672955.0,gamesa
2022-03-18,18.215,18.295,17.42,18.205,18.205,2734388.0,gamesa
2022-03-21,18.235001,18.34,17.735001,17.82,17.82,931543.0,gamesa
2022-03-22,17.865,17.99,17.459999,17.76,17.76,1300607.0,gamesa
2022-03-23,17.799999,17.809998999999998,16.995001000000002,16.995001000000002,16.995001000000002,1337134.0,gamesa
2022-03-24,17.120001000000002,17.440001000000002,16.4,16.84,16.84,1865355.0,gamesa
2022-03-25,16.82,16.860001,15.65,15.675,15.675,2716778.0,gamesa
2022-03-28,15.765,16.059998999999998,15.265,15.55,15.55,2550402.0,gamesa
2022-03-29,15.76,15.915,15.535,15.805,15.805,3032784.0,gamesa
2022-03-30,15.84,16.395,15.6,16.125,16.125,1849332.0,gamesa
2022-03-31,16.23,16.285,15.8,15.975,15.975,1501995.0,gamesa
2022-04-01,15.99,16.235001,15.84,15.945,15.945,1485872.0,gamesa
2022-04-04,16.24,16.35,15.45,15.96,15.96,1599121.0,gamesa
2022-04-05,15.945,17.535,15.94,17.049999,17.049999,4516418.0,gamesa
2022-04-06,17.24,17.24,15.675,16.1,16.1,3240644.0,gamesa
2022-04-07,16.200001,16.225,15.715,15.815,15.815,2195435.0,gamesa
2022-04-08,16.049999,16.309998999999998,15.82,16.049999,16.049999,1456684.0,gamesa
2022-04-11,16.135,16.15,15.635,15.825,15.825,1551158.0,gamesa
2022-04-12,15.61,15.84,15.36,15.465,15.465,2595745.0,gamesa
2022-04-13,15.35,15.395,14.71,15.135,15.135,2168286.0,gamesa
2022-04-14,15.1,15.165,14.905,14.905,14.905,1493439.0,gamesa
2022-04-19,14.9,15.415,14.555,15.4,15.4,2532322.0,gamesa
2022-04-20,14.82,16.4,14.575,15.86,15.86,3914641.0,gamesa
2022-04-21,15.8,16.02,15.61,15.7,15.7,4642291.0,gamesa
2022-04-22,15.54,15.75,15.13,15.16,15.16,4915524.0,gamesa
2022-04-25,14.94,15.64,14.8,15.57,15.57,1902236.0,gamesa
2022-04-26,15.68,15.76,14.81,14.81,14.81,1466545.0,gamesa
