2017-04-27,21.049999,21.23,21.049999,21.17,19.211805,402000,grifols
2017-04-28,21.16,21.77,21.129998999999998,21.709999,19.701857,1283900,grifols
2017-05-01,21.700001,22.25,21.700001,21.92,19.892433,1381500,grifols
2017-05-02,21.83,21.9,21.73,21.799999,19.783531,1344000,grifols
2017-05-03,21.799999,21.799999,21.24,21.35,19.375158,1143300,grifols
2017-05-04,21.57,21.6,21.34,21.450001,19.46591,736500,grifols
2017-05-05,21.469998999999998,21.48,21.17,21.389999,19.411457000000002,956200,grifols
2017-05-08,21.34,21.41,21.190001000000002,21.35,19.375158,859000,grifols
2017-05-09,21.23,21.450001,21.139999,21.41,19.429607,685400,grifols
2017-05-10,21.280001000000002,21.450001,21.18,21.43,19.447758,835000,grifols
2017-05-11,21.32,21.360001,21.049999,21.17,19.211805,809000,grifols
2017-05-12,21.49,21.5,21.1,21.129998999999998,19.175507,557300,grifols
2017-05-15,21.35,21.389999,21.040001,21.120001000000002,19.166432999999998,1042000,grifols
2017-05-16,21.34,21.780001000000002,21.219998999999998,21.780001000000002,19.765383,1086400,grifols
2017-05-17,21.459999,21.59,21.209999,21.219998999999998,19.257181,516200,grifols
2017-05-18,20.92,21.190001000000002,20.860001,21.030001000000002,19.084757,1093200,grifols
2017-05-19,21.25,21.59,21.219998999999998,21.459999,19.474981,595700,grifols
2017-05-22,21.43,21.620001000000002,21.4,21.5,19.511282,361700,grifols
2017-05-23,21.51,21.66,21.32,21.42,19.438682999999997,604400,grifols
2017-05-24,21.4,21.4,21.18,21.219998999999998,19.257181,1102300,grifols
2017-05-25,21.299999,21.59,21.280001000000002,21.41,19.429607,537400,grifols
2017-05-26,21.370001000000002,21.42,21.280001000000002,21.360001,19.384233,462500,grifols
2017-05-30,21.09,21.549999,20.65,21.129998999999998,19.322960000000002,599300,grifols
2017-05-31,21.26,21.48,21.26,21.459999,19.624739,435300,grifols
2017-06-01,21.5,21.66,21.43,21.6,19.752768,579800,grifols
2017-06-02,21.719998999999998,21.76,21.549999,21.58,19.734478,422600,grifols
2017-06-05,21.620001000000002,21.700001,21.450001,21.469998999999998,19.633882999999997,239600,grifols
2017-06-06,21.42,21.440001000000002,21.23,21.26,19.441845,309400,grifols
2017-06-07,21.190001000000002,21.25,21.0,21.15,19.341251,310600,grifols
2017-06-08,21.1,21.17,20.879998999999998,20.93,19.140068,405200,grifols
2017-06-09,20.719998999999998,20.98,20.27,20.799999,19.021181,1141800,grifols
2017-06-12,20.74,20.950001,20.709999,20.93,19.140068,566300,grifols
2017-06-13,20.950001,21.040001,20.860001,20.969998999999998,19.176645,689100,grifols
2017-06-14,21.16,21.540001,21.15,21.17,19.359541,640100,grifols
2017-06-15,20.92,21.16,20.9,21.059998999999998,19.258947,382100,grifols
2017-06-16,21.23,21.66,21.219998999999998,21.42,19.588161,966200,grifols
2017-06-19,21.469998999999998,21.860001,21.469998999999998,21.82,19.953953,256100,grifols
2017-06-20,21.73,21.969998999999998,21.709999,21.76,19.899084,714400,grifols
2017-06-21,21.780001000000002,22.450001,21.73,22.440001000000002,20.520929000000002,523900,grifols
2017-06-22,22.57,22.83,22.530001000000002,22.58,20.648956,679400,grifols
2017-06-23,22.530001000000002,22.6,22.24,22.33,20.42034,437200,grifols
2017-06-26,22.360001,22.41,21.85,21.860001,19.990536,466300,grifols
2017-06-27,21.9,21.9,21.59,21.59,19.743622,834200,grifols
2017-06-28,21.6,21.74,21.459999,21.549999,19.707041,1405400,grifols
2017-06-29,21.49,21.5,20.9,21.15,19.341251,748400,grifols
2017-06-30,21.07,21.24,20.969998999999998,21.129998999999998,19.322960000000002,418100,grifols
2017-07-03,21.040001,21.18,20.870001000000002,21.09,19.286385,457300,grifols
2017-07-05,20.959999,20.959999,20.49,20.559998999999998,18.801706,1007600,grifols
2017-07-06,20.620001000000002,20.73,20.389999,20.43,18.682825,962400,grifols
2017-07-07,20.42,20.66,20.4,20.6,18.838289000000003,652200,grifols
2017-07-10,20.639999,20.9,20.639999,20.68,18.911448,558700,grifols
2017-07-11,20.5,20.639999,20.43,20.469998999999998,18.719404,545600,grifols
2017-07-12,20.639999,20.98,20.549999,20.950001,19.158356,547800,grifols
2017-07-13,20.790001,20.84,20.6,20.74,18.966314,277300,grifols
2017-07-14,20.83,20.98,20.77,20.879998999999998,19.094343,228400,grifols
2017-07-17,20.889999,21.049999,20.889999,21.0,19.204081,392100,grifols
2017-07-18,20.82,20.91,20.58,20.799999,19.021181,393700,grifols
2017-07-19,20.879998999999998,20.98,20.690001000000002,20.73,18.95717,281000,grifols
2017-07-20,20.9,20.969998999999998,20.77,20.92,19.130922,451000,grifols
2017-07-21,20.83,20.870001000000002,20.57,20.700001,18.929737,820600,grifols
2017-07-24,20.49,20.59,20.360001,20.370001000000002,18.62796,320600,grifols
2017-07-25,20.5,20.5,20.02,20.1,18.381048,901000,grifols
2017-07-26,20.15,20.360001,20.110001,20.139999,18.417629,534100,grifols
2017-07-27,20.34,20.34,19.92,20.059998999999998,18.344467,471500,grifols
2017-07-28,20.620001000000002,20.75,20.389999,20.459999,18.710258,504300,grifols
2017-07-31,20.76,21.09,20.690001000000002,20.950001,19.158356,409600,grifols
2017-08-01,20.92,21.09,20.84,20.84,19.057762,591200,grifols
2017-08-02,20.860001,20.889999,20.67,20.780001000000002,19.002893,301200,grifols
2017-08-03,20.84,21.0,20.82,20.92,19.130922,240200,grifols
2017-08-04,20.98,21.049999,20.790001,20.92,19.130922,150700,grifols
2017-08-07,20.940001000000002,20.950001,20.67,20.799999,19.021181,284000,grifols
2017-08-08,20.93,21.01,20.690001000000002,20.76,18.984604,663000,grifols
2017-08-09,20.57,20.76,20.530001000000002,20.700001,18.929737,330800,grifols
2017-08-10,20.530001000000002,20.620001000000002,20.32,20.41,18.664534,418300,grifols
2017-08-11,20.379998999999998,20.67,20.35,20.549999,18.792562,222400,grifols
2017-08-14,20.639999,20.700001,20.52,20.57,18.81085,227500,grifols
2017-08-15,20.690001000000002,20.82,20.51,20.690001000000002,18.920591,532200,grifols
2017-08-16,20.780001000000002,20.860001,20.459999,20.49,18.737694,427300,grifols
2017-08-17,20.709999,20.799999,20.24,20.280001000000002,18.545656,360900,grifols
2017-08-18,20.219998999999998,20.280001000000002,20.110001,20.120001000000002,18.399335999999998,228900,grifols
2017-08-21,20.43,20.5,20.219998999999998,20.219998999999998,18.490783999999998,371900,grifols
2017-08-22,20.299999,20.52,20.27,20.41,18.664534,554400,grifols
2017-08-23,20.459999,20.58,20.280001000000002,20.290001,18.554798,429600,grifols
2017-08-24,20.459999,20.5,20.209999,20.25,18.518221,487300,grifols
2017-08-25,20.52,20.73,20.43,20.49,18.737694,512600,grifols
2017-08-28,20.559998999999998,20.59,20.27,20.33,18.591379,355900,grifols
2017-08-29,20.280001000000002,20.309998999999998,20.040001,20.07,18.353609,325600,grifols
2017-08-30,20.209999,20.24,20.110001,20.15,18.426769,567900,grifols
2017-08-31,20.4,20.67,20.35,20.65,18.884014,907400,grifols
2017-09-01,20.709999,20.93,20.549999,20.610001,18.847433,1185400,grifols
2017-09-05,20.77,20.879998999999998,20.51,20.57,18.81085,880900,grifols
2017-09-06,20.780001000000002,21.030001000000002,20.75,20.93,19.140068,1260600,grifols
2017-09-07,21.15,21.440001000000002,21.110001,21.280001000000002,19.460135,597100,grifols
2017-09-08,21.24,21.32,21.110001,21.16,19.350395000000002,532700,grifols
2017-09-11,21.469998999999998,21.700001,21.16,21.290001,19.469279999999998,884600,grifols
2017-09-12,21.35,21.4,21.15,21.16,19.350395000000002,518600,grifols
2017-09-13,21.209999,21.77,21.209999,21.700001,19.844215,1454200,grifols
2017-09-14,21.41,21.540001,21.370001000000002,21.41,19.579014,540900,grifols
2017-09-15,20.99,21.01,20.52,20.74,18.966314,1424800,grifols
2017-09-18,20.74,20.82,20.66,20.76,18.984604,823200,grifols
2017-09-19,20.780001000000002,20.870001000000002,20.709999,20.780001000000002,19.002893,738300,grifols
2017-09-20,20.610001,20.82,20.559998999999998,20.790001,19.012041,976700,grifols
2017-09-21,20.51,20.790001,20.450001,20.76,18.984604,922400,grifols
2017-09-22,20.799999,21.049999,20.790001,20.98,19.185791000000002,470400,grifols
2017-09-25,20.84,21.129998999999998,20.780001000000002,21.120001000000002,19.313817999999998,615500,grifols
2017-09-26,20.98,21.370001000000002,20.85,21.33,19.505856,941200,grifols
2017-09-27,21.290001,21.639999,21.190001000000002,21.549999,19.707041,1086000,grifols
2017-09-28,21.41,21.9,21.360001,21.82,19.953953,1165600,grifols
2017-09-29,21.700001,21.98,21.67,21.889999,20.017967000000002,679800,grifols
2017-10-02,21.59,21.77,21.360001,21.67,19.816779999999998,1103600,grifols
2017-10-03,21.530001000000002,21.629998999999998,21.33,21.450001,19.615593,350000,grifols
2017-10-04,21.26,21.42,21.08,21.18,19.368685,635700,grifols
2017-10-05,21.33,21.49,21.280001000000002,21.48,19.64303,343700,grifols
2017-10-06,21.360001,21.440001000000002,21.110001,21.120001000000002,19.313817999999998,280700,grifols
2017-10-09,21.16,21.290001,21.08,21.190001000000002,19.377829000000002,372200,grifols
2017-10-10,21.030001000000002,21.16,20.879998999999998,20.99,19.194933,548400,grifols
2017-10-11,21.190001000000002,21.290001,21.15,21.26,19.441845,244700,grifols
2017-10-12,21.299999,21.32,21.059998999999998,21.209999,19.39612,347800,grifols
2017-10-13,21.190001000000002,21.309998999999998,21.120001000000002,21.200001,19.386976,334000,grifols
2017-10-16,21.309998999999998,21.5,21.23,21.5,19.661317999999998,394400,grifols
2017-10-17,21.34,21.540001,21.24,21.51,19.670464000000003,478800,grifols
2017-10-18,21.5,21.59,21.4,21.5,19.661317999999998,449100,grifols
2017-10-19,21.51,21.51,21.34,21.450001,19.615593,499600,grifols
2017-10-20,21.4,21.950001,21.26,21.620001000000002,19.771057,1072500,grifols
2017-10-23,21.35,21.51,21.290001,21.35,19.524148999999998,441400,grifols
2017-10-24,21.219998999999998,21.4,21.200001,21.26,19.441845,515200,grifols
2017-10-25,21.34,21.459999,21.059998999999998,21.32,19.496714,538100,grifols
2017-10-26,21.309998999999998,21.75,21.299999,21.610001,19.761910999999998,1023300,grifols
2017-10-27,21.43,21.73,21.4,21.540001,19.697901,523300,grifols
2017-10-30,21.790001,22.48,21.790001,22.450001,20.530075,997200,grifols
2017-10-31,22.83,23.690001000000002,22.76,23.65,21.627451,1049200,grifols
2017-11-01,23.389999,23.5,23.200001,23.200001,21.215937,613100,grifols
2017-11-02,22.219998999999998,23.35,22.200001,23.24,21.252514,1055300,grifols
2017-11-03,23.32,24.200001,23.209999,23.889999,21.84693,1249100,grifols
2017-11-06,23.67,23.700001,23.360001,23.58,21.563437,1438700,grifols
2017-11-07,23.139999,23.58,23.139999,23.280001000000002,21.289092999999998,488300,grifols
2017-11-08,23.139999,23.190001000000002,22.889999,23.01,21.042185,658500,grifols
2017-11-09,22.9,23.15,22.74,23.110001,21.133633,475000,grifols
2017-11-10,22.82,23.139999,22.67,23.139999,21.161062,299800,grifols
2017-11-13,22.860001,22.969998999999998,22.559998999999998,22.799999,20.850142,440500,grifols
2017-11-14,22.950001,23.24,22.83,23.18,21.197645,398400,grifols
2017-11-15,22.870001000000002,22.91,22.639999,22.66,20.722116,307700,grifols
2017-11-16,23.07,23.120001000000002,22.77,22.809998999999998,20.859287,190000,grifols
2017-11-17,22.889999,23.299999,22.889999,23.280001000000002,21.289092999999998,554400,grifols
2017-11-20,23.27,23.27,22.98,23.200001,21.215937,290200,grifols
2017-11-21,23.0,23.23,22.860001,23.17,21.188499,259500,grifols
2017-11-22,23.209999,23.299999,22.959999,23.040001,21.06962,380600,grifols
2017-11-24,23.0,23.16,22.82,23.120001000000002,21.14278,185500,grifols
2017-11-27,23.0,23.0,22.48,22.530001000000002,20.603233,381400,grifols
2017-11-28,22.530001000000002,22.67,22.41,22.610001,20.676394000000002,479500,grifols
2017-11-29,22.68,22.780001000000002,22.26,22.41,20.493496,305200,grifols
2017-11-30,22.49,22.77,22.360001,22.75,20.804419,377800,grifols
2017-12-01,22.41,22.58,21.950001,22.200001,20.492418,527200,grifols
2017-12-04,22.4,22.51,22.15,22.15,20.446264000000003,388600,grifols
2017-12-05,22.129998999999998,22.299999,22.030001000000002,22.07,20.372417000000002,251900,grifols
2017-12-06,21.91,22.129998999999998,21.780001000000002,21.870001000000002,20.187803,519500,grifols
2017-12-07,21.9,22.040001,21.85,21.969998999999998,20.280109,529800,grifols
2017-12-08,21.9,21.969998999999998,21.73,21.9,20.215494,368200,grifols
2017-12-11,21.92,21.92,21.530001000000002,21.57,19.910875,529500,grifols
2017-12-12,21.629998999999998,21.68,21.309998999999998,21.5,19.846262,610400,grifols
2017-12-13,21.5,21.860001,21.48,21.76,20.08626,799600,grifols
2017-12-14,21.73,21.73,21.5,21.51,19.855494,464900,grifols
2017-12-15,21.549999,21.76,21.540001,21.73,20.058569,984500,grifols
2017-12-18,21.870001000000002,22.35,21.870001000000002,22.1,20.400112,504400,grifols
2017-12-19,22.059998999999998,22.139999,22.0,22.09,20.390881,256500,grifols
2017-12-20,22.129998999999998,22.129998999999998,21.84,21.950001,20.261648,193900,grifols
2017-12-21,22.030001000000002,22.25,21.98,22.18,20.473957000000002,319100,grifols
2017-12-22,22.1,22.59,22.08,22.41,20.686266,311000,grifols
2017-12-26,22.35,22.6,22.219998999999998,22.41,20.686266,352700,grifols
2017-12-27,22.440001000000002,22.719998999999998,22.440001000000002,22.66,20.917036,1559300,grifols
2017-12-28,22.709999,22.879998999999998,22.709999,22.790001,21.037039,251800,grifols
2017-12-29,22.879998999999998,23.1,22.790001,22.92,21.157038,315800,grifols
2018-01-02,23.110001,23.42,22.860001,23.4,21.600117,970300,grifols
2018-01-03,23.52,23.620001000000002,23.209999,23.35,21.553963,696400,grifols
2018-01-04,23.610001,23.690001000000002,23.389999,23.48,21.673964,615600,grifols
2018-01-05,23.57,24.030001000000002,23.559998999999998,23.98,22.135504,1038100,grifols
2018-01-08,24.01,24.370001000000002,23.99,24.25,22.384737,446300,grifols
2018-01-09,24.25,24.610001,24.16,24.6,22.707815,712800,grifols
2018-01-10,24.549999,24.68,24.5,24.629998999999998,22.735508,417400,grifols
2018-01-11,24.540001,24.709999,24.4,24.65,22.753967000000003,355200,grifols
2018-01-12,24.76,24.85,24.59,24.76,22.855509,357800,grifols
2018-01-16,24.83,25.09,24.75,24.950001,23.030893,750500,grifols
2018-01-17,24.68,24.68,24.280001000000002,24.59,22.698584,600100,grifols
2018-01-18,24.49,24.49,24.120001000000002,24.219998999999998,22.357042,402700,grifols
2018-01-19,24.280001000000002,24.360001,24.059998999999998,24.08,22.227814000000002,768200,grifols
2018-01-22,24.16,24.92,24.16,24.9,22.984741,320600,grifols
2018-01-23,24.969998999999998,25.18,24.790001,24.889999,22.975507999999998,258300,grifols
2018-01-24,24.99,25.08,24.549999,24.709999,22.809353,907200,grifols
2018-01-25,24.809998999999998,24.959999,24.690001000000002,24.82,22.910894,293400,grifols
2018-01-26,24.950001,25.1,24.809998999999998,24.950001,23.030893,313100,grifols
2018-01-29,24.93,25.0,24.5,24.620001000000002,22.726278,249700,grifols
2018-01-30,24.75,24.860001,24.530001000000002,24.700001,22.800123000000003,415100,grifols
2018-01-31,24.709999,24.92,24.639999,24.85,22.938585,460400,grifols
2018-02-01,24.709999,24.860001,24.530001000000002,24.57,22.680122,832800,grifols
2018-02-02,24.370001000000002,24.370001000000002,23.6,23.66,21.840118,337900,grifols
2018-02-05,23.559998999999998,23.6,22.75,22.9,21.138575,402400,grifols
2018-02-06,22.639999,23.0,22.370001000000002,22.790001,21.037039,499400,grifols
2018-02-07,22.77,23.07,22.719998999999998,22.83,21.073960999999997,177100,grifols
2018-02-08,22.75,22.83,21.92,21.92,20.233952,197000,grifols
2018-02-09,22.209999,22.450001,21.559998999999998,22.370001000000002,20.649342,346900,grifols
2018-02-12,22.440001000000002,22.790001,22.32,22.629998999999998,20.889343,244900,grifols
2018-02-13,22.459999,22.59,22.17,22.48,20.750881,383900,grifols
2018-02-14,22.379998999999998,22.73,22.309998999999998,22.65,20.907804000000002,733400,grifols
2018-02-15,22.92,23.030001000000002,22.639999,22.99,21.221653,388700,grifols
2018-02-16,22.92,23.059998999999998,22.75,22.92,21.157038,197600,grifols
2018-02-20,22.84,23.059998999999998,22.68,22.860001,21.10165,302700,grifols
2018-02-21,22.75,22.889999,22.57,22.719998999999998,20.97242,479200,grifols
2018-02-22,22.74,22.799999,22.379998999999998,22.469998999999998,20.74165,337200,grifols
2018-02-23,22.540001,22.77,22.48,22.77,21.018576,270000,grifols
2018-02-26,22.879998999999998,22.879998999999998,22.610001,22.690001000000002,20.944729000000002,379700,grifols
2018-02-27,22.790001,22.870001000000002,22.35,22.360001,20.640112,504300,grifols
2018-02-28,21.74,21.93,21.450001,21.799999,20.123184,1878000,grifols
2018-03-01,21.26,21.469998999999998,20.879998999999998,21.030001000000002,19.412413,956700,grifols
2018-03-02,21.17,21.190001000000002,20.91,20.969998999999998,19.357027,2427300,grifols
2018-03-05,21.1,21.33,21.059998999999998,21.25,19.615492,981100,grifols
2018-03-06,21.559998999999998,21.74,21.379998999999998,21.67,20.003185000000002,1122400,grifols
2018-03-07,21.709999,21.950001,21.51,21.57,19.910875,862200,grifols
2018-03-08,21.709999,21.709999,21.24,21.309998999999998,19.670876,583900,grifols
2018-03-09,21.629998999999998,21.719998999999998,21.48,21.610001,19.947802,1011200,grifols
2018-03-12,21.84,21.99,21.68,21.76,20.08626,341800,grifols
2018-03-13,21.75,21.84,21.48,21.530001000000002,19.873955,225400,grifols
2018-03-14,21.65,21.65,21.360001,21.459999,19.809338,199000,grifols
2018-03-15,21.459999,21.59,21.309998999999998,21.41,19.763184,376700,grifols
2018-03-16,21.6,21.719998999999998,21.17,21.25,19.615492,505000,grifols
2018-03-19,21.16,21.18,20.68,20.83,19.227795,311400,grifols
2018-03-20,20.780001000000002,21.23,20.73,21.09,19.4678,452900,grifols
2018-03-21,21.059998999999998,21.18,20.889999,20.940001000000002,19.329335999999998,347600,grifols
2018-03-22,20.790001,21.0,20.48,20.48,18.904716,348100,grifols
2018-03-23,20.559998999999998,20.629998999999998,20.32,20.370001000000002,18.803182999999997,434600,grifols
2018-03-26,20.75,20.879998999999998,20.27,20.52,18.941641,318000,grifols
2018-03-27,20.65,20.84,20.139999,20.309998999999998,18.747792999999998,1491700,grifols
2018-03-28,20.77,21.200001,20.73,21.02,19.403181,2369500,grifols
2018-03-29,21.120001000000002,21.34,21.030001000000002,21.200001,19.569338000000002,650000,grifols
2018-04-02,21.139999,21.49,20.450001,20.610001,19.024721,595600,grifols
2018-04-03,20.65,20.76,20.469998999999998,20.58,18.997025,352400,grifols
2018-04-04,20.610001,20.709999,20.5,20.58,18.997025,556200,grifols
2018-04-05,20.75,20.860001,20.34,20.48,18.904716,882500,grifols
2018-04-06,20.530001000000002,20.709999,20.07,20.219998999999998,18.664715,714100,grifols
2018-04-09,20.52,20.82,20.450001,20.67,19.080103,968700,grifols
2018-04-10,20.93,21.059998999999998,20.77,20.879998999999998,19.273951,673600,grifols
2018-04-11,20.9,21.07,20.559998999999998,20.58,18.997025,565600,grifols
2018-04-12,20.92,21.25,20.889999,21.040001,19.421644,677100,grifols
2018-04-13,21.15,21.25,20.780001000000002,20.91,19.30164,470200,grifols
2018-04-16,21.200001,21.299999,20.91,20.950001,19.338566,474600,grifols
2018-04-17,21.25,21.41,21.190001000000002,21.219998999999998,19.587799,752900,grifols
2018-04-18,21.200001,21.35,20.950001,20.959999,19.347795,705400,grifols
2018-04-19,21.08,21.23,20.700001,20.75,19.153948,837700,grifols
2018-04-20,20.91,21.1,20.73,20.76,19.163180999999998,1491500,grifols
2018-04-23,20.83,20.83,20.59,20.66,19.070871,611800,grifols
2018-04-24,20.75,20.76,20.16,20.299999,18.738561999999998,329500,grifols
2018-04-25,20.27,20.42,20.110001,20.16,18.609331,562300,grifols
2018-04-26,20.4,20.459999,20.219998999999998,20.23,18.673946,891400,grifols
2018-04-27,20.67,20.700001,20.530001000000002,20.549999,18.96933,1118000,grifols
2018-04-30,20.549999,20.68,20.309998999999998,20.32,18.757025,683600,grifols
2018-05-01,20.360001,20.549999,20.129998999999998,20.34,18.775484,457500,grifols
2018-05-02,20.5,20.610001,20.219998999999998,20.32,18.757025,876000,grifols
2018-05-03,21.08,21.48,20.65,20.690001000000002,19.098566,3362600,grifols
2018-05-04,20.780001000000002,21.01,20.709999,20.93,19.320104999999998,647600,grifols
2018-05-07,21.049999,21.41,20.969998999999998,21.379998999999998,19.735491,653500,grifols
2018-05-08,21.370001000000002,21.74,21.09,21.67,20.003185000000002,754500,grifols
2018-05-09,21.73,21.860001,21.41,21.620001000000002,19.957033,395100,grifols
2018-05-10,21.780001000000002,22.15,21.73,22.15,20.446264000000003,556600,grifols
2018-05-11,22.08,22.959999,22.049999,22.93,21.166269,982800,grifols
2018-05-14,22.84,23.139999,22.790001,23.09,21.313961,830000,grifols
2018-05-15,22.82,22.950001,22.530001000000002,22.889999,21.129345,901600,grifols
2018-05-16,22.77,22.84,22.42,22.73,20.981651,610500,grifols
2018-05-17,22.65,22.75,22.309998999999998,22.469998999999998,20.74165,366800,grifols
2018-05-18,22.450001,22.66,22.42,22.610001,20.870884,428300,grifols
2018-05-21,22.700001,22.84,22.49,22.559998999999998,20.824728,222000,grifols
2018-05-22,22.690001000000002,22.74,22.49,22.530001000000002,20.797035,337700,grifols
2018-05-23,22.43,22.700001,22.33,22.549999,20.815495000000002,376100,grifols
2018-05-24,22.52,22.6,22.35,22.389999,20.667803,321200,grifols
2018-05-25,21.99,22.190001000000002,21.6,22.139999,20.437033,377400,grifols
2018-05-29,21.84,21.91,21.58,21.809998999999998,20.132414,673100,grifols
2018-05-30,22.129998999999998,22.360001,22.129998999999998,22.15,20.446264000000003,441100,grifols
2018-05-31,22.09,22.09,21.66,21.83,20.150879,379100,grifols
2018-06-01,21.99,22.15,21.9,21.959999,20.50666,428900,grifols
2018-06-04,22.280001000000002,22.49,22.25,22.440001000000002,20.954897,286600,grifols
2018-06-05,22.4,22.65,22.389999,22.559998999999998,21.066954,254100,grifols
2018-06-06,22.610001,22.76,22.530001000000002,22.75,21.244379000000002,159400,grifols
2018-06-07,22.9,23.18,22.9,23.1,21.571215,369300,grifols
2018-06-08,23.24,24.209999,23.18,24.209999,22.607754,670700,grifols
2018-06-11,24.25,24.639999,24.200001,24.57,22.943929999999998,564100,grifols
2018-06-12,24.549999,24.82,24.549999,24.68,23.046651999999998,1366600,grifols
2018-06-13,24.84,24.969998999999998,23.940001000000002,24.110001,22.514374,763800,grifols
2018-06-14,23.700001,23.92,23.549999,23.719998999999998,22.150183,339200,grifols
2018-06-15,23.549999,23.59,23.08,23.139999,21.608567999999998,653200,grifols
2018-06-18,22.959999,22.959999,22.700001,22.77,21.263057999999997,1015900,grifols
2018-06-19,22.709999,22.790001,22.58,22.6,21.104307000000002,551300,grifols
2018-06-20,22.799999,23.0,22.73,22.9,21.384451000000002,1803800,grifols
2018-06-21,22.74,22.879998999999998,22.17,22.33,20.852175,2254800,grifols
2018-06-22,22.690001000000002,22.9,22.5,22.73,21.225704,1324500,grifols
2018-06-25,22.75,22.809998999999998,22.280001000000002,22.41,20.92688,1029100,grifols
2018-06-26,22.639999,22.68,22.24,22.25,20.77747,917300,grifols
2018-06-27,22.209999,22.25,21.48,21.5,20.077106,1096200,grifols
2018-06-28,21.469998999999998,21.549999,21.26,21.299999,19.890341,1547000,grifols
2018-06-29,21.690001000000002,21.790001,21.32,21.5,20.077106,2299000,grifols
2018-07-02,21.41,21.549999,21.360001,21.4,19.983725,1346500,grifols
2018-07-03,21.65,21.85,21.530001000000002,21.549999,20.123796,1112400,grifols
2018-07-05,21.709999,21.83,21.59,21.700001,20.26387,1578700,grifols
2018-07-06,21.73,22.049999,21.549999,21.719998999999998,20.282545000000002,1934500,grifols
2018-07-09,21.700001,21.74,21.25,21.43,20.01174,1301500,grifols
2018-07-10,21.51,21.530001000000002,21.059998999999998,21.139999,19.740931,1006200,grifols
2018-07-11,21.26,21.440001000000002,21.110001,21.190001000000002,19.787622,2618600,grifols
2018-07-12,21.389999,21.459999,21.23,21.35,19.937033,1397600,grifols
2018-07-13,21.42,21.49,21.34,21.389999,19.974384,1305700,grifols
2018-07-16,21.4,21.6,21.34,21.459999,20.039751000000003,1413400,grifols
2018-07-17,21.280001000000002,21.549999,21.16,21.360001,19.946371,1482900,grifols
2018-07-18,21.389999,21.42,20.83,20.93,19.544829999999997,1138400,grifols
2018-07-19,20.76,20.969998999999998,20.67,20.9,19.516815,1962900,grifols
2018-07-20,21.030001000000002,21.540001,21.030001000000002,21.33,19.918356,2636600,grifols
2018-07-23,21.23,21.299999,20.870001000000002,20.93,19.544829999999997,886900,grifols
2018-07-24,21.0,21.280001000000002,20.93,21.01,19.619535,1571300,grifols
2018-07-25,21.200001,21.360001,21.120001000000002,21.27,19.862328,992600,grifols
2018-07-26,21.200001,21.530001000000002,21.0,21.49,20.067766,1531900,grifols
2018-07-27,21.48,21.790001,21.360001,21.57,20.142471,684500,grifols
2018-07-30,21.5,21.77,21.33,21.709999,20.273207,541500,grifols
2018-07-31,21.370001000000002,21.370001000000002,20.629998999999998,20.780001000000002,19.404757,719700,grifols
2018-08-01,21.07,21.549999,21.07,21.23,19.824973999999997,872500,grifols
2018-08-02,21.33,21.530001000000002,21.17,21.35,19.937033,1189900,grifols
2018-08-03,21.52,21.629998999999998,21.41,21.52,20.095781,378900,grifols
2018-08-06,21.52,21.65,21.309998999999998,21.379998999999998,19.965046,369000,grifols
2018-08-07,21.58,21.68,21.35,21.48,20.058429999999998,1572600,grifols
2018-08-08,21.440001000000002,21.530001000000002,21.110001,21.24,19.834312,1134800,grifols
2018-08-09,21.25,21.42,21.18,21.280001000000002,19.871666,713600,grifols
2018-08-10,21.02,21.02,20.75,20.92,19.53549,558900,grifols
2018-08-13,20.77,20.809998999999998,20.42,20.799999,19.423433,903600,grifols
2018-08-14,20.65,20.83,20.549999,20.690001000000002,19.320715,973100,grifols
2018-08-15,20.209999,20.26,19.940001000000002,19.98,18.657701,814800,grifols
2018-08-16,20.09,20.379998999999998,20.030001000000002,20.35,19.003216000000002,571400,grifols
2018-08-17,20.360001,20.530001000000002,20.23,20.48,19.124610999999998,461200,grifols
2018-08-20,20.5,20.73,20.5,20.6,19.236667999999998,246900,grifols
2018-08-21,20.67,20.870001000000002,20.67,20.719998999999998,19.348728,368500,grifols
2018-08-22,20.9,21.24,20.9,21.219998999999998,19.815635999999998,659600,grifols
2018-08-23,21.120001000000002,21.23,21.049999,21.200001,19.796961,709000,grifols
2018-08-24,21.23,21.299999,21.129998999999998,21.26,19.852989,301600,grifols
2018-08-27,21.34,21.610001,21.34,21.6,20.170486,851100,grifols
2018-08-28,21.559998999999998,21.709999,21.52,21.65,20.217176000000002,426200,grifols
2018-08-29,21.82,21.99,21.719998999999998,21.959999,20.50666,371400,grifols
2018-08-30,21.84,21.84,21.49,21.559998999999998,20.133135,404800,grifols
2018-08-31,21.51,21.780001000000002,21.25,21.75,20.310562,890000,grifols
2018-09-04,21.290001,21.5,21.190001000000002,21.459999,20.039751000000003,575400,grifols
2018-09-05,21.219998999999998,21.309998999999998,21.0,21.26,19.852989,818900,grifols
2018-09-06,20.99,21.129998999999998,20.5,20.5,19.143288000000002,579300,grifols
2018-09-07,20.440001000000002,20.51,20.049999,20.139999,18.807112,884200,grifols
2018-09-10,20.440001000000002,20.530001000000002,20.120001000000002,20.15,18.81645,718800,grifols
2018-09-11,20.27,20.450001,20.139999,20.440001000000002,19.087257,1167600,grifols
2018-09-12,20.43,20.690001000000002,20.43,20.5,19.143288000000002,618100,grifols
2018-09-13,20.549999,20.620001000000002,19.959999,19.969998999999998,18.648360999999998,1528300,grifols
2018-09-14,20.17,20.26,19.85,20.07,18.741745,1611500,grifols
2018-09-17,20.17,20.57,20.07,20.42,19.068581,643100,grifols
2018-09-18,20.51,21.07,20.49,21.030001000000002,19.63821,562000,grifols
2018-09-19,21.049999,21.129998999999998,20.969998999999998,21.08,19.684901999999997,623500,grifols
2018-09-20,21.16,21.48,21.15,21.389999,19.974384,392700,grifols
2018-09-21,21.129998999999998,21.35,21.08,21.129998999999998,19.731592000000003,614500,grifols
2018-09-24,20.93,21.33,20.73,21.219998999999998,19.815635999999998,569200,grifols
2018-09-25,21.02,21.24,20.959999,21.209999,19.806297,1159100,grifols
2018-09-26,21.110001,21.389999,21.030001000000002,21.23,19.824973999999997,1097700,grifols
2018-09-27,21.01,21.52,20.82,21.290001,19.881006,1097700,grifols
2018-09-28,21.1,21.459999,21.02,21.370001000000002,19.955710999999997,2056000,grifols
2018-10-01,21.469998999999998,21.51,21.23,21.4,19.983725,1777200,grifols
2018-10-02,21.370001000000002,21.370001000000002,20.700001,21.110001,19.712917,1743800,grifols
2018-10-03,19.780001000000002,20.639999,19.440001000000002,20.59,19.227331,4788600,grifols
2018-10-04,20.559998999999998,21.08,20.549999,21.049999,19.656887,2070900,grifols
2018-10-05,20.83,21.110001,20.790001,20.99,19.600857,1263300,grifols
2018-10-08,20.709999,20.83,19.959999,20.469998999999998,19.115271,2041700,grifols
2018-10-09,19.92,20.4,19.870001000000002,20.15,18.81645,2412300,grifols
2018-10-10,19.68,19.84,18.700001,18.700001,17.462414000000003,2879100,grifols
2018-10-11,19.450001,19.99,19.4,19.709999,18.405569,3636700,grifols
2018-10-12,19.940001000000002,20.07,19.6,19.620001000000002,18.321527,1679700,grifols
2018-10-15,19.620001000000002,19.700001,19.27,19.4,18.116087,1245900,grifols
2018-10-16,19.690001000000002,19.84,19.690001000000002,19.77,18.461599,1421600,grifols
2018-10-17,19.83,19.9,19.5,19.73,18.424246,954700,grifols
2018-10-18,20.1,20.33,20.059998999999998,20.17,18.835125,939400,grifols
2018-10-19,20.07,20.200001,19.25,19.35,18.069397,1464100,grifols
2018-10-22,19.610001,19.76,19.4,19.59,18.293512,1356100,grifols
2018-10-23,19.18,19.469998999999998,19.07,19.08,17.817266,1862300,grifols
2018-10-24,19.07,19.219998999999998,17.469998999999998,17.66,16.491241,2032400,grifols
2018-10-25,18.040001,18.93,18.040001,18.450001,17.22896,1196300,grifols
2018-10-26,18.879998999999998,19.629998999999998,18.870001000000002,19.440001000000002,18.153439000000002,973200,grifols
2018-10-29,21.0,21.34,20.09,20.35,19.003216000000002,1971200,grifols
2018-10-30,20.549999,20.99,20.469998999999998,20.76,19.38608,1101200,grifols
2018-10-31,20.84,20.879998999999998,20.41,20.42,19.068581,1175800,grifols
2018-11-01,20.77,21.08,20.75,20.799999,19.423433,684500,grifols
2018-11-02,21.129998999999998,21.280001000000002,20.98,21.18,19.778284,928000,grifols
2018-11-05,21.16,21.209999,20.83,20.99,19.600857,1231300,grifols
2018-11-06,20.93,21.0,20.66,20.93,19.544829999999997,10100200,grifols
2018-11-07,21.139999,21.360001,21.049999,21.26,19.852989,733300,grifols
2018-11-08,21.469998999999998,21.67,21.040001,21.209999,19.806297,717200,grifols
2018-11-09,21.34,21.35,21.09,21.18,19.778284,461300,grifols
2018-11-12,21.110001,21.190001000000002,20.690001000000002,20.700001,19.330051,518200,grifols
2018-11-13,21.01,21.41,20.950001,21.129998999999998,19.731592000000003,837200,grifols
2018-11-14,21.190001000000002,21.360001,20.950001,20.99,19.600857,714600,grifols
2018-11-15,21.049999,21.15,20.870001000000002,21.15,19.750269,514200,grifols
2018-11-16,21.07,21.43,21.0,21.27,19.862328,728400,grifols
2018-11-19,21.24,21.68,21.24,21.530001000000002,20.105122,795600,grifols
2018-11-20,20.98,21.190001000000002,20.610001,20.690001000000002,19.320715,1178300,grifols
2018-11-21,20.84,20.959999,20.370001000000002,20.379998999999998,19.031226999999998,1292700,grifols
2018-11-23,20.65,21.129998999999998,20.65,20.85,19.470125,862900,grifols
2018-11-26,21.030001000000002,21.18,20.92,21.049999,19.656887,1106500,grifols
2018-11-27,20.77,20.93,20.629998999999998,20.68,19.311375,1088000,grifols
2018-11-28,20.76,21.129998999999998,20.700001,21.129998999999998,19.731592000000003,962400,grifols
2018-11-29,21.129998999999998,21.18,20.82,20.870001000000002,19.4888,573600,grifols
2018-11-30,20.360001,20.48,19.6,19.719998999999998,18.618309,758100,grifols
2018-12-03,20.25,20.34,19.98,20.08,18.958197,917200,grifols
2018-12-04,20.139999,20.23,19.299999,19.33,18.250095,817400,grifols
2018-12-06,19.65,19.74,19.24,19.51,18.420042000000002,1264600,grifols
2018-12-07,19.639999,19.700001,19.110001,19.26,18.184008,590900,grifols
2018-12-10,19.309998999999998,19.32,18.83,18.99,17.929092,681700,grifols
2018-12-11,19.25,19.34,18.700001,18.82,17.768589000000002,1196200,grifols
2018-12-12,19.219998999999998,19.530001000000002,19.15,19.23,18.155684,1420900,grifols
2018-12-13,19.41,19.469998999999998,18.940001000000002,19.09,18.023506,798300,grifols
2018-12-14,18.950001,19.120001000000002,18.82,18.879998999999998,17.825236999999998,441500,grifols
2018-12-17,18.870001000000002,19.0,18.49,18.540001,17.504232000000002,421300,grifols
2018-12-18,18.709999,18.85,18.5,18.58,17.541995999999997,503700,grifols
2018-12-19,18.68,18.98,18.299999,18.540001,17.504232000000002,451100,grifols
2018-12-20,18.6,18.629998999999998,18.059998999999998,18.17,17.154902,695600,grifols
2018-12-21,18.17,18.24,17.73,17.799999,16.805573000000003,479500,grifols
2018-12-24,17.77,18.059998999999998,17.42,17.440001000000002,16.465685,294400,grifols
2018-12-26,17.5,18.34,17.49,18.33,17.305964000000003,369300,grifols
2018-12-27,18.059998999999998,18.15,17.66,18.110001,17.098254999999998,571400,grifols
2018-12-28,18.41,18.52,17.950001,18.059998999999998,17.051046,535800,grifols
2018-12-31,18.09,18.620001000000002,18.0,18.360001,17.334288,502200,grifols
2019-01-02,18.120001000000002,18.24,17.709999,18.040001,17.032166,805700,grifols
2019-01-03,18.25,18.450001,18.1,18.16,17.14546,728300,grifols
2019-01-04,18.59,19.209999,18.59,18.99,17.929092,747300,grifols
2019-01-07,19.16,19.219998999999998,18.870001000000002,18.93,17.872444,735700,grifols
2019-01-08,19.280001000000002,19.389999,18.99,19.219998999999998,18.146242,1103500,grifols
2019-01-09,19.459999,19.66,19.15,19.219998999999998,18.146242,1452100,grifols
2019-01-10,19.110001,19.32,18.950001,19.24,18.165125,1003000,grifols
2019-01-11,19.48,19.540001,19.120001000000002,19.209999,18.136801000000002,1277500,grifols
2019-01-14,18.959999,19.280001000000002,18.700001,18.879998999999998,17.825236999999998,825200,grifols
2019-01-15,18.93,19.110001,18.809998999999998,18.959999,17.900766,595400,grifols
2019-01-16,19.1,19.48,19.059998999999998,19.08,18.014065,1164200,grifols
2019-01-17,19.27,19.540001,19.24,19.24,18.165125,1183400,grifols
2019-01-18,19.43,19.549999,19.17,19.360001,18.278420999999998,1117100,grifols
2019-01-22,19.040001,19.33,18.959999,19.08,18.014065,718800,grifols
2019-01-23,19.23,19.49,19.110001,19.24,18.165125,1096600,grifols
2019-01-24,19.32,19.4,19.18,19.290001,18.212334,647000,grifols
2019-01-25,19.27,19.360001,19.08,19.139999,18.070711,576700,grifols
2019-01-28,18.870001000000002,18.879998999999998,18.629998999999998,18.780001000000002,17.730824,666700,grifols
2019-01-29,18.860001,18.98,18.67,18.870001000000002,17.815796,599100,grifols
2019-01-30,18.620001000000002,18.959999,18.5,18.84,17.787472,761600,grifols
2019-01-31,18.780001000000002,18.799999,18.52,18.620001000000002,17.579763,946700,grifols
2019-02-01,18.67,19.110001,18.67,18.92,17.863001,770200,grifols
2019-02-04,18.780001000000002,18.84,18.629998999999998,18.77,17.721384,475600,grifols
2019-02-05,18.870001000000002,19.190001000000002,18.84,19.0,17.938534,643400,grifols
2019-02-06,18.92,18.950001,18.67,18.73,17.683617,578400,grifols
2019-02-07,18.74,19.299999,18.700001,19.209999,18.136801000000002,1004700,grifols
2019-02-08,18.24,18.530001000000002,17.84,18.01,17.003839000000003,1825200,grifols
2019-02-11,18.209999,18.360001,18.08,18.17,17.154902,623800,grifols
2019-02-12,18.440001000000002,18.780001000000002,18.389999,18.77,17.721384,811200,grifols
2019-02-13,18.83,19.09,18.76,19.0,17.938534,1342100,grifols
2019-02-14,18.959999,19.16,18.870001000000002,19.030001000000002,17.966858,809000,grifols
2019-02-15,19.27,19.82,19.120001000000002,19.799999,18.693838,1405200,grifols
2019-02-19,19.66,19.82,19.58,19.719998999999998,18.618309,1282200,grifols
2019-02-20,19.700001,19.77,19.48,19.49,18.401157,670800,grifols
2019-02-21,19.43,19.43,18.950001,18.98,17.919651,543500,grifols
2019-02-22,19.08,19.280001000000002,18.950001,19.280001000000002,18.20289,200800,grifols
2019-02-25,19.129998999999998,19.4,19.030001000000002,19.33,18.250095,978900,grifols
2019-02-26,19.42,19.709999,19.42,19.639999,18.542778,740600,grifols
2019-02-27,19.57,19.57,19.26,19.530001000000002,18.438923000000003,651900,grifols
2019-02-28,19.059998999999998,19.469998999999998,19.0,19.280001000000002,18.20289,1315700,grifols
2019-03-01,19.58,19.799999,19.52,19.67,18.571104000000002,824900,grifols
2019-03-04,20.040001,20.129998999999998,19.629998999999998,19.75,18.646632999999998,537600,grifols
2019-03-05,19.77,19.9,19.610001,19.68,18.580544,382200,grifols
2019-03-06,19.700001,19.700001,19.190001000000002,19.200001,18.127359,423200,grifols
2019-03-07,19.450001,19.68,19.25,19.299999,18.221771,1077900,grifols
2019-03-08,19.459999,19.57,19.25,19.43,18.344509,786300,grifols
2019-03-11,19.370001000000002,19.370001000000002,19.030001000000002,19.120001000000002,18.05183,538800,grifols
2019-03-12,19.280001000000002,19.41,19.129998999999998,19.17,18.099035,597300,grifols
2019-03-13,19.27,19.299999,18.98,19.0,17.938534,830200,grifols
2019-03-14,19.07,19.219998999999998,19.049999,19.17,18.099035,875800,grifols
2019-03-15,19.33,19.42,19.16,19.200001,18.127359,1225300,grifols
2019-03-18,19.290001,19.51,19.18,19.209999,18.136801000000002,589600,grifols
2019-03-19,19.5,19.58,19.23,19.26,18.184008,687000,grifols
2019-03-20,19.26,19.34,19.01,19.120001000000002,18.05183,799900,grifols
2019-03-21,19.01,19.16,18.93,19.1,18.032948,507300,grifols
2019-03-22,18.93,18.93,18.639999,18.73,17.683617,467900,grifols
2019-03-25,18.799999,19.07,18.74,19.0,17.938534,386000,grifols
2019-03-26,19.09,19.200001,18.99,19.08,18.014065,311200,grifols
2019-03-27,19.25,19.33,18.879998999999998,19.07,18.004620000000003,386100,grifols
2019-03-28,19.15,19.219998999999998,19.030001000000002,19.08,18.014065,357500,grifols
2019-03-29,19.959999,20.190001000000002,19.719998999999998,20.110001,18.986521,1510400,grifols
2019-04-01,20.120001000000002,20.27,19.889999,20.1,18.977079,470500,grifols
2019-04-02,20.209999,20.41,20.190001000000002,20.27,19.137583,639200,grifols
2019-04-03,20.24,20.24,20.0,20.07,18.948755,337500,grifols
2019-04-04,20.01,20.17,19.940001000000002,19.950001,18.835461,770700,grifols
2019-04-05,19.969998999999998,20.18,19.93,20.02,18.901548000000002,388300,grifols
2019-04-08,20.030001000000002,20.030001000000002,19.75,19.84,18.731606,688600,grifols
2019-04-09,19.860001,20.08,19.639999,19.67,18.571104000000002,1868400,grifols
2019-04-10,19.870001000000002,19.969998999999998,19.719998999999998,19.91,18.797693,459100,grifols
2019-04-11,19.879998999999998,19.879998999999998,19.469998999999998,19.6,18.505013,330000,grifols
2019-04-12,19.719998999999998,19.82,19.35,19.379998999999998,18.297302,2291800,grifols
2019-04-15,19.700001,19.790001,19.41,19.48,18.391716,1505200,grifols
2019-04-16,19.6,19.639999,19.32,19.450001,18.363394,1697900,grifols
2019-04-17,19.450001,19.469998999999998,18.84,18.85,17.796913,2072200,grifols
2019-04-18,18.889999,19.030001000000002,18.620001000000002,18.66,17.617529,2629100,grifols
2019-04-22,18.59,18.629998999999998,18.299999,18.469998999999998,17.438141,461900,grifols
2019-04-23,18.860001,19.15,18.77,18.940001000000002,17.881885999999998,2141000,grifols
2019-04-24,18.91,19.02,18.790001,18.950001,17.891327,557400,grifols
2019-04-25,18.99,19.07,18.889999,18.950001,17.891327,973500,grifols
2019-04-26,19.09,19.23,18.93,19.139999,18.070711,1701000,grifols
2019-04-29,19.219998999999998,19.440001000000002,19.219998999999998,19.33,18.250095,630800,grifols
2019-04-30,19.370001000000002,19.5,19.040001,19.139999,18.070711,677000,grifols
2019-05-01,19.120001000000002,19.120001000000002,18.77,18.940001000000002,17.881885999999998,436100,grifols
2019-05-02,19.07,19.27,18.870001000000002,19.01,17.947973,511100,grifols
2019-05-03,19.200001,19.309998999999998,19.15,19.26,18.184008,660700,grifols
2019-05-06,18.950001,19.18,18.870001000000002,19.17,18.099035,513700,grifols
2019-05-07,19.459999,19.549999,18.940001000000002,19.1,18.032948,507800,grifols
2019-05-08,19.23,19.27,18.549999,18.65,17.608086,1314800,grifols
2019-05-09,18.51,18.559998999999998,18.200001,18.52,17.48535,806600,grifols
2019-05-10,18.33,18.51,18.09,18.41,17.381493,839200,grifols
2019-05-13,18.1,18.129998999999998,17.9,17.99,16.984959,922300,grifols
2019-05-14,18.040001,18.139999,17.799999,17.889999,16.890543,577900,grifols
2019-05-15,17.860001,18.209999,17.860001,18.049999,17.041605,883400,grifols
2019-05-16,18.290001,18.57,18.200001,18.25,17.230432999999998,721200,grifols
2019-05-17,18.4,18.6,18.309998999999998,18.35,17.324846,978300,grifols
2019-05-20,18.24,18.309998999999998,18.049999,18.08,17.069931,513100,grifols
2019-05-21,18.33,18.389999,18.16,18.27,17.249315,1852600,grifols
2019-05-22,18.18,18.49,18.18,18.389999,17.36261,853600,grifols
2019-05-23,18.18,18.18,17.870001000000002,18.01,17.003839000000003,668800,grifols
2019-05-24,18.1,18.26,17.93,18.01,17.003839000000003,457800,grifols
2019-05-28,18.02,18.290001,17.969998999999998,18.059998999999998,17.051046,801700,grifols
2019-05-29,17.93,17.93,17.690001000000002,17.82,16.824457000000002,610300,grifols
2019-05-30,17.879998999999998,18.1,17.870001000000002,17.9,16.899984,476500,grifols
2019-05-31,17.85,17.85,17.57,17.59,16.607306,538800,grifols
2019-06-03,17.879998999999998,18.299999,17.879998999999998,18.049999,17.041605,698400,grifols
2019-06-04,18.059998999999998,18.219998999999998,17.91,18.129998999999998,17.117134,535300,grifols
2019-06-05,18.120001000000002,18.24,17.799999,18.02,17.013281,564700,grifols
2019-06-06,18.5,19.049999,18.5,18.690001000000002,17.645851,3547400,grifols
2019-06-07,18.91,19.1,18.879998999999998,19.01,18.116636,2792500,grifols
2019-06-10,19.040001,19.4,18.93,19.379998999999998,18.469248,807500,grifols
2019-06-11,19.469998999999998,19.58,19.370001000000002,19.52,18.602671,2593700,grifols
2019-06-12,19.530001000000002,19.58,19.129998999999998,19.280001000000002,18.373947,940000,grifols
2019-06-13,19.34,19.68,19.26,19.559998999999998,18.640787,1442100,grifols
2019-06-14,19.34,19.4,19.139999,19.27,18.364418,917200,grifols
2019-06-17,19.139999,19.68,19.139999,19.549999,18.631258,664200,grifols
2019-06-18,19.59,19.809998999999998,19.530001000000002,19.700001,18.77421,884100,grifols
2019-06-19,19.690001000000002,19.73,19.52,19.67,18.745619,376200,grifols
2019-06-20,19.879998999999998,20.25,19.870001000000002,20.049999,19.107761,1960500,grifols
2019-06-21,19.82,20.02,19.700001,20.01,19.069641,626800,grifols
2019-06-24,20.01,20.110001,19.91,20.040001,19.098232,502200,grifols
2019-06-25,19.92,20.18,19.82,20.120001000000002,19.174473000000003,1050200,grifols
2019-06-26,19.85,19.92,19.6,19.9,18.964810999999997,1159700,grifols
2019-06-27,20.17,20.68,20.07,20.57,19.603323,1762200,grifols
2019-06-28,20.700001,21.16,20.65,21.1,20.108416000000002,775600,grifols
2019-07-01,21.0,21.15,20.700001,20.889999,19.908285,1570800,grifols
2019-07-02,20.84,21.1,20.84,21.08,20.089354999999998,637500,grifols
2019-07-03,21.190001000000002,21.4,21.049999,21.4,20.394318,425500,grifols
2019-07-05,21.959999,21.99,21.51,21.67,20.651629999999997,14220500,grifols
2019-07-08,21.82,21.870001000000002,21.639999,21.75,20.727873000000002,13446200,grifols
2019-07-09,21.66,21.889999,21.66,21.870001000000002,20.842234,937800,grifols
2019-07-10,21.9,21.950001,21.74,21.82,20.79458,1002600,grifols
2019-07-11,21.790001,21.790001,21.52,21.66,20.642098999999998,529500,grifols
2019-07-12,21.58,21.610001,21.299999,21.379998999999998,20.375257,936300,grifols
2019-07-15,21.610001,21.780001000000002,21.469998999999998,21.57,20.55633,483400,grifols
2019-07-16,22.030001000000002,22.17,21.84,21.889999,20.861292000000002,1680200,grifols
2019-07-17,21.969998999999998,22.209999,21.91,21.950001,20.918472,758400,grifols
2019-07-18,22.4,22.5,21.959999,22.15,21.109074,1303300,grifols
2019-07-19,22.15,22.24,21.969998999999998,22.120001000000002,21.080484,1561700,grifols
2019-07-22,22.299999,22.450001,22.299999,22.34,21.290146,1091500,grifols
2019-07-23,22.379998999999998,22.41,22.15,22.200001,21.156725,965200,grifols
2019-07-24,22.440001000000002,22.59,22.360001,22.52,21.461685,887400,grifols
2019-07-25,22.41,22.450001,22.16,22.299999,21.252024,658400,grifols
2019-07-26,22.33,22.58,22.299999,22.540001,21.480747,799900,grifols
2019-07-29,22.42,22.639999,22.4,22.6,21.537928,412800,grifols
2019-07-30,22.17,22.59,22.08,22.559998999999998,21.499805,924100,grifols
2019-07-31,22.219998999999998,22.98,22.190001000000002,22.76,21.690409,1188500,grifols
2019-08-01,22.790001,23.030001000000002,22.66,22.68,21.614166,1115800,grifols
2019-08-02,22.700001,22.77,22.15,22.280001000000002,21.232965,1352600,grifols
2019-08-05,22.139999,22.209999,21.6,21.719998999999998,20.699279999999998,468900,grifols
2019-08-06,21.860001,22.120001000000002,21.76,21.82,20.79458,1464000,grifols
2019-08-07,21.950001,22.030001000000002,21.83,21.93,20.899411999999998,2635200,grifols
2019-08-08,22.139999,22.24,21.969998999999998,22.110001,21.070953,1876100,grifols
2019-08-09,22.0,22.24,21.690001000000002,22.02,20.985184,2865500,grifols
2019-08-12,21.93,22.049999,21.700001,21.780001000000002,20.756462,668700,grifols
2019-08-13,21.74,21.98,21.74,21.870001000000002,20.842234,762100,grifols
2019-08-14,21.74,22.08,21.74,21.84,20.813641,1250800,grifols
2019-08-15,21.790001,21.940001000000002,21.709999,21.82,20.79458,527700,grifols
2019-08-16,21.84,22.02,21.75,21.99,20.956592999999998,645400,grifols
2019-08-19,22.07,22.33,22.07,22.1,21.061422,671800,grifols
2019-08-20,22.209999,22.290001,21.98,22.049999,21.013773,1108700,grifols
2019-08-21,22.35,22.35,22.110001,22.209999,21.16625,2598500,grifols
2019-08-22,22.16,22.209999,21.799999,21.879998999999998,20.851761,524400,grifols
2019-08-23,21.709999,22.030001000000002,21.389999,21.42,20.413378,1516600,grifols
2019-08-26,21.34,21.540001,21.120001000000002,21.18,20.184658,1735800,grifols
2019-08-27,21.27,21.379998999999998,20.98,21.0,20.013117,1601200,grifols
2019-08-28,21.08,21.370001000000002,20.969998999999998,21.35,20.34667,1804200,grifols
2019-08-29,21.360001,21.51,21.309998999999998,21.389999,20.384789,1621800,grifols
2019-08-30,21.41,21.459999,21.18,21.299999,20.299017000000003,1048800,grifols
2019-09-03,20.950001,21.17,20.84,20.950001,19.965467,1535200,grifols
2019-09-04,20.98,21.299999,20.92,21.190001000000002,20.194189,1418200,grifols
2019-09-05,20.98,21.200001,20.940001000000002,21.01,20.022648,1426800,grifols
2019-09-06,20.879998999999998,21.09,20.809998999999998,20.969998999999998,19.984526000000002,1538600,grifols
2019-09-09,20.629998999999998,20.84,20.23,20.74,19.765337,1556900,grifols
2019-09-10,20.459999,20.719998999999998,20.280001000000002,20.639999,19.670036,1675600,grifols
2019-09-11,20.6,20.98,20.6,20.77,19.793926000000003,1515200,grifols
2019-09-12,20.66,20.85,20.51,20.719998999999998,19.746275,1302000,grifols
2019-09-13,20.379998999999998,20.6,20.25,20.309998999999998,19.355541,1994200,grifols
2019-09-16,20.120001000000002,20.24,20.1,20.110001,19.164942,1116600,grifols
2019-09-17,19.91,19.959999,19.799999,19.85,18.91716,2851100,grifols
2019-09-18,20.309998999999998,20.59,20.290001,20.440001000000002,19.479435000000002,2336600,grifols
2019-09-19,20.389999,20.620001000000002,20.370001000000002,20.559998999999998,19.593794,2430400,grifols
2019-09-20,20.43,20.57,20.309998999999998,20.51,19.546144,2339700,grifols
2019-09-23,20.540001,20.67,20.41,20.530001000000002,19.565205,1086700,grifols
2019-09-24,20.940001000000002,20.959999,20.549999,20.65,19.679565,1240700,grifols
2019-09-25,20.459999,20.530001000000002,20.24,20.27,19.317423,808100,grifols
2019-09-26,20.23,20.42,20.209999,20.32,19.365074,983100,grifols
2019-09-27,20.379998999999998,20.5,20.030001000000002,20.139999,19.193531,616700,grifols
2019-09-30,20.379998999999998,20.42,19.969998999999998,20.040001,19.098232,1477500,grifols
2019-10-01,20.219998999999998,20.34,19.65,19.73,18.802799,976100,grifols
2019-10-02,19.58,19.75,19.450001,19.57,18.65032,664100,grifols
2019-10-03,19.690001000000002,19.879998999999998,19.58,19.780001000000002,18.850451,600800,grifols
2019-10-04,19.799999,19.950001,19.77,19.879998999999998,18.945749,360700,grifols
2019-10-07,20.059998999999998,20.08,19.83,19.85,18.91716,563700,grifols
2019-10-08,19.98,20.07,19.790001,19.809998999999998,18.879038,1009400,grifols
2019-10-09,20.08,20.15,19.99,20.030001000000002,19.088701,799800,grifols
2019-10-10,19.959999,20.049999,19.84,19.99,19.050579,509500,grifols
2019-10-11,20.1,20.4,20.059998999999998,20.35,19.393663,1075500,grifols
2019-10-14,20.219998999999998,20.549999,20.18,20.43,19.469904,2838400,grifols
2019-10-15,20.309998999999998,20.65,20.309998999999998,20.59,19.622385,1023900,grifols
2019-10-16,20.459999,20.5,20.309998999999998,20.389999,19.431782000000002,626400,grifols
2019-10-17,20.530001000000002,20.700001,20.450001,20.68,19.708154999999998,694100,grifols
2019-10-18,20.57,20.870001000000002,20.51,20.799999,19.822515,1342400,grifols
2019-10-21,20.549999,20.809998999999998,20.459999,20.780001000000002,19.803457,1046100,grifols
2019-10-22,20.700001,20.799999,20.65,20.790001,19.812986,974300,grifols
2019-10-23,20.790001,20.91,20.530001000000002,20.690001000000002,19.717685999999997,908600,grifols
2019-10-24,20.889999,20.99,20.799999,20.889999,19.908285,923100,grifols
2019-10-25,20.74,21.16,20.700001,21.01,20.022648,3549200,grifols
2019-10-28,21.030001000000002,21.33,21.01,21.15,20.156067,1802100,grifols
2019-10-29,21.73,21.879998999999998,21.530001000000002,21.610001,20.594452,1350000,grifols
2019-10-30,21.610001,21.690001000000002,21.379998999999998,21.59,20.575392,1440700,grifols
2019-10-31,21.790001,21.92,21.639999,21.91,20.880354,1200200,grifols
2019-11-01,22.1,22.32,22.049999,22.110001,21.070953,1450000,grifols
2019-11-04,22.190001000000002,22.290001,22.1,22.110001,21.070953,673000,grifols
2019-11-05,21.85,21.879998999999998,21.48,21.5,20.489618,1275000,grifols
2019-11-06,21.889999,21.9,21.620001000000002,21.620001000000002,20.603981,517600,grifols
2019-11-07,21.52,21.59,21.35,21.4,20.394318,489200,grifols
2019-11-08,21.299999,21.59,21.26,21.52,20.508678,835000,grifols
2019-11-11,21.58,21.6,21.33,21.389999,20.384789,884200,grifols
2019-11-12,21.26,21.459999,21.24,21.370001000000002,20.365728,1186500,grifols
2019-11-13,21.82,21.950001,21.68,21.799999,20.77552,1214800,grifols
2019-11-14,21.639999,21.799999,21.6,21.65,20.63257,596000,grifols
2019-11-15,21.65,21.77,21.629998999999998,21.690001000000002,20.670692000000003,600300,grifols
2019-11-18,21.73,22.110001,21.73,22.110001,21.070953,1113300,grifols
2019-11-19,22.030001000000002,22.24,21.98,22.18,21.137665,596600,grifols
2019-11-20,22.200001,22.290001,22.07,22.209999,21.16625,898400,grifols
2019-11-21,21.940001000000002,22.23,21.889999,22.18,21.137665,679300,grifols
2019-11-22,22.25,22.379998999999998,22.129998999999998,22.190001000000002,21.147194,568200,grifols
2019-11-25,22.52,22.780001000000002,22.41,22.59,21.528397000000002,1078900,grifols
2019-11-26,22.610001,23.1,22.52,22.950001,21.871477,2385900,grifols
2019-11-27,22.870001000000002,22.870001000000002,22.629998999999998,22.639999,21.576044,1884000,grifols
2019-11-29,22.639999,23.040001,22.639999,22.879998999999998,21.804768,674000,grifols
2019-12-02,22.76,22.799999,22.57,22.65,21.795143,1372800,grifols
2019-12-03,22.67,22.790001,22.24,22.43,21.583447,2092900,grifols
2019-12-04,22.43,22.52,22.32,22.42,21.573826,1096300,grifols
2019-12-05,22.360001,22.42,22.190001000000002,22.379998999999998,21.535334,973400,grifols
2019-12-06,22.5,23.6,22.48,22.969998999999998,22.103065,2467000,grifols
2019-12-09,23.040001,23.18,22.58,22.629998999999998,21.775898,1132300,grifols
2019-12-10,22.67,23.0,22.58,22.940001000000002,22.0742,803400,grifols
2019-12-11,22.93,23.139999,22.440001000000002,22.68,21.824013,2321600,grifols
2019-12-12,22.690001000000002,22.92,22.559998999999998,22.73,21.872124,1183700,grifols
2019-12-13,22.860001,23.18,22.75,22.77,21.910616,491100,grifols
2019-12-16,22.950001,23.110001,22.809998999999998,22.93,22.064577,1149500,grifols
2019-12-17,23.02,23.35,23.02,23.24,22.362876999999997,849900,grifols
2019-12-18,23.07,23.25,22.99,23.190001000000002,22.314764,942300,grifols
2019-12-19,23.18,23.18,22.77,22.82,21.958729,2507000,grifols
2019-12-20,22.98,23.280001000000002,22.790001,23.24,22.362876999999997,1714300,grifols
2019-12-23,23.200001,23.389999,23.190001000000002,23.32,22.439857,701200,grifols
2019-12-24,23.450001,23.450001,23.25,23.33,22.449479999999998,120200,grifols
2019-12-26,23.370001000000002,23.43,23.190001000000002,23.370001000000002,22.48797,296800,grifols
2019-12-27,23.440001000000002,23.620001000000002,23.360001,23.52,22.632309,491500,grifols
2019-12-30,23.58,23.65,23.16,23.200001,22.324389,743100,grifols
2019-12-31,23.17,23.33,23.09,23.290001,22.410989999999998,379100,grifols
2020-01-02,23.459999,23.610001,23.299999,23.6,22.70929,621200,grifols
2020-01-03,23.27,23.49,23.27,23.440001000000002,22.555328,591300,grifols
2020-01-06,23.52,23.860001,23.379998999999998,23.780001000000002,22.882496,735900,grifols
2020-01-07,23.799999,24.219998999999998,23.73,24.17,23.257776,994700,grifols
2020-01-08,23.93,24.469998999999998,23.93,24.4,23.479095,1210000,grifols
2020-01-09,24.41,24.790001,24.41,24.719998999999998,23.787018,1001800,grifols
2020-01-10,24.52,24.82,24.389999,24.76,23.825508,1046200,grifols
2020-01-13,24.700001,24.700001,24.27,24.32,23.402115,564300,grifols
2020-01-14,24.120001000000002,24.25,24.02,24.23,23.315512,635600,grifols
2020-01-15,24.25,24.299999,23.540001,23.58,22.690042000000002,2267000,grifols
2020-01-16,23.65,23.83,23.49,23.66,22.767023000000002,1074700,grifols
2020-01-17,23.74,23.76,23.6,23.639999,22.747778,1088600,grifols
2020-01-21,23.32,23.450001,23.200001,23.309998999999998,22.430232999999998,822800,grifols
2020-01-22,23.33,23.610001,23.280001000000002,23.43,22.545706,1265400,grifols
2020-01-23,23.370001000000002,23.370001000000002,23.030001000000002,23.219998999999998,22.343632,549300,grifols
2020-01-24,23.290001,23.540001,23.040001,23.08,22.208916000000002,1390300,grifols
2020-01-27,22.98,23.219998999999998,22.84,23.059998999999998,22.189671,723200,grifols
2020-01-28,22.959999,23.120001000000002,22.879998999999998,23.049999,22.180046,825700,grifols
2020-01-29,22.690001000000002,22.91,22.639999,22.860001,21.997219,1835500,grifols
2020-01-30,22.73,22.85,22.450001,22.639999,21.785521,1060100,grifols
2020-01-31,22.889999,23.08,22.690001000000002,22.73,21.872124,805000,grifols
2020-02-03,22.84,23.120001000000002,22.84,22.93,22.064577,715000,grifols
2020-02-04,23.25,23.43,23.15,23.219998999999998,22.343632,632200,grifols
2020-02-05,23.52,23.719998999999998,23.450001,23.459999,22.574572,1268500,grifols
2020-02-06,23.559998999999998,23.65,23.450001,23.530001000000002,22.641932,928500,grifols
2020-02-07,23.58,23.709999,23.219998999999998,23.27,22.391745,606100,grifols
2020-02-10,23.35,23.700001,23.35,23.65,22.757402,421100,grifols
2020-02-11,23.799999,24.059998999999998,23.6,23.66,22.767023000000002,976600,grifols
2020-02-12,23.959999,24.02,23.82,24.01,23.103815,1107900,grifols
2020-02-13,24.110001,24.360001,24.110001,24.33,23.411737,834000,grifols
2020-02-14,24.370001000000002,24.65,24.309998999999998,24.639999,23.710037,914500,grifols
2020-02-18,24.620001000000002,24.85,24.5,24.809998999999998,23.873621,795500,grifols
2020-02-19,24.99,25.309998999999998,24.98,25.299999,24.345126999999998,869700,grifols
2020-02-20,25.280001000000002,25.42,25.16,25.41,24.450975,1016300,grifols
2020-02-21,25.379998999999998,25.73,25.299999,25.629998999999998,24.662672,942800,grifols
2020-02-24,24.709999,24.9,24.559998999999998,24.74,23.806263,1433900,grifols
2020-02-25,24.57,24.629998999999998,24.389999,24.5,23.575321,1905600,grifols
2020-02-26,24.370001000000002,24.58,24.299999,24.41,23.488718,1411400,grifols
2020-02-27,23.25,23.799999,23.120001000000002,23.48,22.593817,2340400,grifols
2020-02-28,22.389999,22.549999,21.27,21.41,20.601944,3237800,grifols
2020-03-02,22.6,23.040001,22.139999,23.030001000000002,22.160803,2746200,grifols
2020-03-03,23.07,23.4,22.18,22.57,21.718163,1409500,grifols
2020-03-04,22.93,23.17,22.6,23.049999,22.180046,1188000,grifols
2020-03-05,22.48,22.57,22.209999,22.35,21.506466,1293500,grifols
2020-03-06,21.91,22.18,21.65,22.059998999999998,21.227411,1726100,grifols
2020-03-09,21.24,21.959999,21.200001,21.290001,20.486475,1882400,grifols
2020-03-10,21.84,22.129998999999998,21.24,22.120001000000002,21.285149,2515200,grifols
2020-03-11,20.98,21.07,20.16,20.360001,19.591573999999998,1797300,grifols
2020-03-12,19.0,19.129998999999998,17.0,18.52,17.821018,1140900,grifols
2020-03-13,19.780001000000002,19.99,18.42,19.440001000000002,18.706297,2166500,grifols
2020-03-16,17.290001,17.48,13.4,16.280001000000002,15.665560999999999,1744700,grifols
2020-03-17,16.440001000000002,17.719998999999998,15.92,17.66,16.993477,1592400,grifols
2020-03-18,16.4,17.23,15.8,16.799999,16.165934,2292700,grifols
2020-03-19,17.43,18.82,16.950001,17.59,16.926119,3284000,grifols
2020-03-20,18.120001000000002,18.57,17.379998999999998,18.129998999999998,17.445738000000002,1281200,grifols
2020-03-23,18.66,18.66,17.379998999999998,18.15,17.464983,882800,grifols
2020-03-24,18.940001000000002,19.370001000000002,17.91,18.700001,17.994225,691000,grifols
2020-03-25,18.610001,18.610001,17.6,17.77,17.099325,2240400,grifols
2020-03-26,19.530001000000002,19.9,18.93,19.52,18.783278,621100,grifols
2020-03-27,19.68,20.700001,19.209999,20.65,19.870628,587600,grifols
2020-03-30,20.440001000000002,20.68,19.93,20.6,19.822515,580200,grifols
2020-03-31,19.73,20.34,19.370001000000002,20.139999,19.379877,410400,grifols
2020-04-01,19.889999,19.969998999999998,19.08,19.43,18.696673999999998,562700,grifols
2020-04-02,19.27,19.879998999999998,18.85,19.790001,19.043087,1377800,grifols
2020-04-03,19.65,19.98,18.549999,19.18,18.456108,531000,grifols
2020-04-06,19.77,20.16,19.07,19.360001,18.629316,1070700,grifols
2020-04-07,19.809998999999998,20.41,19.57,20.0,19.245161,563700,grifols
2020-04-08,19.959999,20.49,19.67,20.389999,19.62044,442900,grifols
2020-04-09,20.360001,20.360001,19.5,19.77,19.02384,285800,grifols
2020-04-13,20.18,20.549999,19.440001000000002,19.83,19.081575,245000,grifols
2020-04-14,20.33,20.780001000000002,20.139999,20.4,19.630064,608700,grifols
2020-04-15,19.91,20.67,19.709999,20.35,19.581951,335000,grifols
2020-04-16,20.51,21.57,20.23,21.24,20.43836,586700,grifols
2020-04-17,21.01,21.209999,20.51,20.92,20.13044,1343100,grifols
2020-04-20,21.08,21.200001,20.76,21.0,20.207418,499300,grifols
2020-04-21,21.200001,21.879998999999998,21.200001,21.450001,20.640435999999998,1438300,grifols
2020-04-22,21.4,21.4,20.33,20.549999,19.774401,411200,grifols
2020-04-23,20.59,20.9,20.32,20.51,19.735912,883400,grifols
2020-04-24,20.65,20.700001,20.120001000000002,20.24,19.476103,571400,grifols
2020-04-27,20.809998999999998,21.139999,20.57,20.73,19.947609,738700,grifols
2020-04-28,20.860001,21.01,20.629998999999998,20.799999,20.014967000000002,800200,grifols
2020-04-29,20.9,21.1,20.57,20.73,19.947609,1112400,grifols
2020-04-30,20.84,20.84,20.24,20.299999,19.533838,1078300,grifols
2020-05-01,20.09,20.27,19.389999,19.83,19.081575,296700,grifols
2020-05-04,20.139999,20.139999,19.610001,19.83,19.081575,895500,grifols
2020-05-05,19.870001000000002,20.18,19.65,20.049999,19.293272,231400,grifols
2020-05-06,20.200001,20.200001,19.139999,19.6,18.860257999999998,330300,grifols
2020-05-07,19.790001,19.790001,19.08,19.08,18.359882,411000,grifols
2020-05-08,19.51,19.82,19.34,19.75,19.004595000000002,203900,grifols
2020-05-11,19.75,20.129998999999998,19.559998999999998,20.0,19.245161,308400,grifols
2020-05-12,19.969998999999998,19.969998999999998,19.450001,19.48,18.744785,450500,grifols
2020-05-13,19.65,19.98,17.719998999999998,19.549999,18.812145,461200,grifols
2020-05-14,19.6,19.860001,19.23,19.6,18.860257999999998,405800,grifols
2020-05-15,19.530001000000002,19.700001,19.09,19.309998999999998,18.581203,438600,grifols
2020-05-18,19.84,20.57,19.84,20.35,19.581951,636100,grifols
2020-05-19,20.219998999999998,20.58,20.15,20.34,19.572329,1625900,grifols
2020-05-20,20.440001000000002,20.58,20.290001,20.35,19.581951,1085200,grifols
2020-05-21,20.719998999999998,20.98,20.530001000000002,20.799999,20.014967000000002,491500,grifols
2020-05-22,20.65,20.889999,20.370001000000002,20.610001,19.832138,786400,grifols
2020-05-26,20.370001000000002,20.6,19.93,20.1,19.341387,1256700,grifols
2020-05-27,19.959999,19.959999,19.27,19.32,18.590823999999998,941800,grifols
2020-05-28,19.5,19.5,18.719998999999998,18.76,18.05196,1469800,grifols
2020-05-29,19.5,19.5,18.85,18.93,18.215546,1086900,grifols
2020-06-01,19.639999,19.76,19.18,19.690001000000002,18.946859,1198300,grifols
2020-06-02,19.58,20.200001,19.469998999999998,20.120001000000002,19.360632,711400,grifols
2020-06-03,19.98,19.98,19.66,19.690001000000002,18.946859,1781900,grifols
2020-06-04,19.76,20.120001000000002,19.700001,19.75,19.004595000000002,889100,grifols
2020-06-05,20.18,20.23,19.84,20.02,19.264406,1097200,grifols
2020-06-08,19.9,20.02,19.26,19.6,18.860257999999998,1702600,grifols
2020-06-09,19.73,20.120001000000002,19.66,19.719998999999998,18.975727,1537400,grifols
2020-06-10,19.940001000000002,20.190001000000002,19.360001,19.73,18.98535,1253500,grifols
2020-06-11,19.879998999999998,20.0,19.27,19.48,18.744785,1529000,grifols
2020-06-12,19.610001,19.799999,18.98,19.219998999999998,18.494598,790500,grifols
2020-06-15,19.02,19.209999,18.969998999999998,19.18,18.456108,786000,grifols
2020-06-16,19.52,19.6,19.24,19.34,18.610069,1177400,grifols
2020-06-17,19.639999,19.99,19.41,19.459999,18.72554,1374200,grifols
2020-06-18,19.870001000000002,19.93,19.530001000000002,19.709999,18.966105,811200,grifols
2020-06-19,19.690001000000002,20.280001000000002,19.4,19.48,18.744785,958900,grifols
2020-06-22,19.639999,19.99,19.440001000000002,19.99,19.235537,928900,grifols
2020-06-23,20.24,20.24,19.67,19.799999,19.052708,13394900,grifols
2020-06-24,19.540001,19.540001,18.74,18.77,18.061584,620700,grifols
2020-06-25,18.68,18.83,18.379998999999998,18.799999,18.09045,849400,grifols
2020-06-26,18.65,19.01,18.6,18.73,18.023092000000002,800300,grifols
2020-06-29,18.66,18.799999,18.43,18.639999,17.936489,517900,grifols
2020-06-30,18.5,18.52,18.23,18.24,17.551586,636400,grifols
2020-07-01,18.309998999999998,18.530001000000002,18.219998999999998,18.26,17.570833,988800,grifols
2020-07-02,18.450001,18.950001,18.450001,18.700001,17.994225,560900,grifols
2020-07-06,19.110001,19.280001000000002,19.049999,19.049999,18.331015,605900,grifols
2020-07-07,18.959999,19.040001,18.639999,18.700001,17.994225,744500,grifols
2020-07-08,18.75,19.0,18.49,18.59,17.888376,587900,grifols
2020-07-09,18.58,18.76,18.4,18.620001000000002,17.917244,417400,grifols
2020-07-10,18.77,18.790001,18.440001000000002,18.559998999999998,17.859507,560500,grifols
2020-07-13,18.780001000000002,19.059998999999998,18.559998999999998,18.66,17.955734,439400,grifols
2020-07-14,18.82,19.219998999999998,18.76,19.219998999999998,18.494598,447900,grifols
2020-07-15,19.690001000000002,19.74,19.440001000000002,19.459999,18.72554,512300,grifols
2020-07-16,19.549999,19.780001000000002,19.540001,19.73,18.98535,2811900,grifols
2020-07-17,19.690001000000002,19.790001,19.530001000000002,19.66,18.917992,2012400,grifols
2020-07-20,20.42,20.6,20.09,20.16,19.399122,779500,grifols
2020-07-21,20.110001,20.110001,19.6,19.66,18.917992,494900,grifols
2020-07-22,19.969998999999998,20.07,19.74,19.82,19.071955,393400,grifols
2020-07-23,19.940001000000002,19.940001000000002,19.309998999999998,19.43,18.696673999999998,1073400,grifols
2020-07-24,18.879998999999998,18.879998999999998,18.309998999999998,18.530001000000002,17.830643,1543100,grifols
2020-07-27,18.530001000000002,18.969998999999998,18.43,18.85,18.138565,1126100,grifols
2020-07-28,18.940001000000002,19.4,18.940001000000002,19.23,18.504223,958000,grifols
2020-07-29,19.27,19.299999,18.780001000000002,19.290001,18.561957999999997,1107900,grifols
2020-07-30,18.82,19.32,18.59,19.309998999999998,18.581203,1112900,grifols
2020-07-31,19.35,19.360001,18.690001000000002,18.870001000000002,18.15781,834000,grifols
2020-08-03,18.92,19.219998999999998,18.780001000000002,19.08,18.359882,991700,grifols
2020-08-04,19.059998999999998,19.17,18.879998999999998,18.98,18.263657000000002,461300,grifols
2020-08-05,19.01,19.040001,18.610001,18.65,17.946112,1343100,grifols
2020-08-06,18.75,18.790001,18.389999,18.49,17.79215,264900,grifols
2020-08-07,18.309998999999998,18.379998999999998,18.16,18.24,17.551586,560500,grifols
2020-08-10,18.299999,18.299999,17.34,17.450001,16.791403,4894200,grifols
2020-08-11,18.030001000000002,18.23,17.93,17.99,17.311022,993800,grifols
2020-08-12,18.24,18.450001,18.190001000000002,18.299999,17.609322,513200,grifols
2020-08-13,18.52,18.85,18.35,18.370001000000002,17.676682,555900,grifols
2020-08-14,18.15,18.35,17.799999,17.99,17.311022,2025400,grifols
2020-08-17,18.059998999999998,18.280001000000002,18.01,18.1,17.416872,2006600,grifols
2020-08-18,18.110001,18.200001,17.92,17.99,17.311022,861400,grifols
2020-08-19,17.940001000000002,18.01,17.34,17.42,16.762535,1690700,grifols
2020-08-20,17.33,17.43,16.950001,17.1,16.454613000000002,2051000,grifols
2020-08-21,17.049999,17.09,16.59,16.690001000000002,16.060087,1769900,grifols
2020-08-24,17.860001,17.860001,16.559998999999998,16.690001000000002,16.060087,1984700,grifols
2020-08-25,16.809998999999998,17.040001,16.559998999999998,16.76,16.127445,3208400,grifols
2020-08-26,16.940001000000002,16.940001000000002,16.280001000000002,16.290001,15.675184,1334000,grifols
2020-08-27,16.549999,16.629998999999998,16.08,16.200001,15.588579999999999,1695800,grifols
2020-08-28,16.33,16.370001000000002,15.83,15.97,15.367261,1423400,grifols
2020-08-31,16.139999,16.290001,16.01,16.030001000000002,15.424995999999998,1026000,grifols
2020-09-01,16.01,16.17,15.63,15.8,15.203676999999999,944300,grifols
2020-09-02,15.83,16.110001,15.79,16.0,15.396129,731800,grifols
2020-09-03,16.030001000000002,16.17,15.59,15.71,15.117073000000001,757900,grifols
2020-09-04,15.64,15.77,15.18,15.4,14.818772000000001,761400,grifols
2020-09-08,15.89,16.200001,15.75,15.87,15.271034,1203000,grifols
2020-09-09,16.450001,16.74,16.23,16.299999,15.684804000000002,1111100,grifols
2020-09-10,16.41,16.459999,15.49,15.6,15.011226,1322200,grifols
2020-09-11,15.91,15.93,15.64,15.83,15.232544,1332000,grifols
2020-09-14,16.280001000000002,16.780001000000002,16.25,16.549999,15.925370000000001,2163600,grifols
2020-09-15,17.059998999999998,17.120001000000002,16.6,16.620001000000002,15.992728,1140700,grifols
2020-09-16,16.860001,16.959999,16.610001,16.620001000000002,15.992728,865300,grifols
2020-09-17,16.620001000000002,16.85,16.459999,16.68,16.050465,837500,grifols
2020-09-18,16.629998999999998,16.709999,15.97,16.16,15.550089999999999,1351100,grifols
2020-09-21,15.85,15.91,15.62,15.88,15.280657999999999,914500,grifols
2020-09-22,15.8,15.93,15.69,15.72,15.126697,1652400,grifols
2020-09-23,15.71,16.290001,15.71,16.25,15.636693,1423500,grifols
2020-09-24,16.209999,16.879998999999998,16.200001,16.709999,16.07933,12231100,grifols
2020-09-25,16.469998999999998,16.690001000000002,16.43,16.57,15.944614999999999,3467600,grifols
2020-09-28,16.68,17.16,16.68,16.9,16.262159,565500,grifols
2020-09-29,16.91,17.219998999999998,16.67,16.809998999999998,16.175558,1071400,grifols
2020-09-30,16.870001000000002,17.42,16.870001000000002,17.35,16.695176999999997,1803600,grifols
2020-10-01,17.34,17.6,17.07,17.190001000000002,16.541216,2329200,grifols
2020-10-02,17.299999,17.42,17.07,17.07,16.425745000000003,1513600,grifols
2020-10-05,17.18,17.809998999999998,17.18,17.799999,17.128193,2045500,grifols
2020-10-06,17.9,18.219998999999998,17.83,17.93,17.253286,1435900,grifols
2020-10-07,17.85,17.92,17.65,17.67,17.003099,505800,grifols
2020-10-08,17.67,17.879998999999998,17.530001000000002,17.75,17.08008,366200,grifols
2020-10-09,18.030001000000002,18.690001000000002,18.02,18.6,17.897999,1170900,grifols
2020-10-12,18.530001000000002,18.75,18.389999,18.6,17.897999,785800,grifols
2020-10-13,18.41,18.620001000000002,18.41,18.5,17.801773,1226000,grifols
2020-10-14,18.440001000000002,18.59,18.299999,18.35,17.657434,492100,grifols
2020-10-15,19.41,20.049999,19.35,19.629998999999998,18.889126,2622700,grifols
2020-10-16,19.5,19.77,19.040001,19.059998999999998,18.340637,1407400,grifols
2020-10-19,19.200001,19.559998999999998,19.02,19.059998999999998,18.340637,976900,grifols
2020-10-20,19.43,19.879998999999998,19.25,19.530001000000002,18.7929,1659100,grifols
2020-10-21,19.360001,19.67,18.98,19.030001000000002,18.311771,4519700,grifols
2020-10-22,18.75,18.799999,18.08,18.200001,17.513098,2392700,grifols
2020-10-23,18.309998999999998,18.559998999999998,18.219998999999998,18.51,17.811396,1287500,grifols
2020-10-26,18.41,18.65,18.030001000000002,18.040001,17.359137,1295000,grifols
2020-10-27,17.860001,18.09,17.700001,17.9,17.224419,1398300,grifols
2020-10-28,17.52,17.719998999999998,17.26,17.33,16.675929999999997,988300,grifols
2020-10-29,17.1,17.110001,16.67,16.860001,16.223671,512600,grifols
2020-10-30,16.65,17.0,16.549999,16.98,16.536282,1057400,grifols
2020-11-02,17.030001000000002,17.35,16.93,17.219998999999998,16.77001,632400,grifols
2020-11-03,17.299999,17.459999,17.17,17.299999,16.847919,581900,grifols
2020-11-04,17.549999,17.99,17.43,17.59,17.130342000000002,742000,grifols
2020-11-05,18.120001000000002,18.48,17.969998999999998,18.42,17.938651999999998,906700,grifols
2020-11-06,18.879998999999998,18.940001000000002,18.299999,18.42,17.938651999999998,566500,grifols
2020-11-09,19.25,19.82,19.120001000000002,19.6,19.087816,1587400,grifols
2020-11-10,19.200001,19.33,18.950001,19.01,18.513235,650700,grifols
2020-11-11,18.809998999999998,19.07,18.68,18.83,18.337938,689000,grifols
2020-11-12,18.799999,19.23,18.709999,18.889999,18.39637,663800,grifols
2020-11-13,18.91,19.32,18.860001,19.040001,18.542451999999997,652900,grifols
2020-11-16,19.07,19.309998999999998,18.98,19.25,18.746964000000002,1025700,grifols
2020-11-17,18.879998999999998,19.219998999999998,18.700001,19.040001,18.542451999999997,743200,grifols
2020-11-18,19.0,19.110001,18.76,18.879998999999998,18.386631,598400,grifols
2020-11-19,18.76,19.280001000000002,18.66,19.209999,18.708008,1073700,grifols
2020-11-20,18.92,19.110001,18.75,18.83,18.337938,794200,grifols
2020-11-23,18.76,18.98,18.450001,18.66,18.17238,477500,grifols
2020-11-24,18.440001000000002,18.65,18.34,18.4,17.919173999999998,456400,grifols
2020-11-25,18.379998999999998,18.440001000000002,18.17,18.209999,17.734138,947300,grifols
2020-11-27,18.52,18.74,18.49,18.690001000000002,18.201597,731100,grifols
2020-11-30,18.68,18.77,18.43,18.530001000000002,18.045778,394500,grifols
2020-12-01,18.68,19.33,18.629998999999998,19.25,18.746964000000002,937200,grifols
2020-12-02,18.98,19.040001,18.74,18.82,18.328198999999998,1257500,grifols
2020-12-03,18.879998999999998,18.93,18.67,18.77,18.279507000000002,531400,grifols
2020-12-04,18.75,18.879998999999998,18.719998999999998,18.84,18.347676999999997,660900,grifols
2020-12-07,18.629998999999998,18.68,18.34,18.41,17.928913,1796300,grifols
2020-12-08,18.41,18.76,18.33,18.59,18.104210000000002,1019600,grifols
2020-12-09,18.73,18.76,18.43,18.59,18.104210000000002,799000,grifols
2020-12-10,18.879998999999998,19.110001,18.76,19.030001000000002,18.532713,411600,grifols
2020-12-11,18.719998999999998,18.889999,18.58,18.74,18.25029,396600,grifols
2020-12-14,19.02,19.290001,18.700001,18.84,18.347676999999997,526100,grifols
2020-12-15,19.049999,19.139999,18.860001,19.0,18.503496,678400,grifols
2020-12-16,19.129998999999998,19.190001000000002,18.959999,19.129998999999998,18.630098,653900,grifols
2020-12-17,19.219998999999998,19.719998999999998,19.190001000000002,19.67,19.155987,635100,grifols
2020-12-18,19.51,19.559998999999998,19.35,19.51,19.000168,814800,grifols
2020-12-21,19.08,19.200001,18.889999,19.120001000000002,18.620361,501700,grifols
2020-12-22,19.16,19.16,18.809998999999998,18.93,18.435326,522600,grifols
2020-12-23,18.950001,18.950001,18.66,18.84,18.347676999999997,771600,grifols
2020-12-24,18.950001,18.950001,18.58,18.65,18.162642,96500,grifols
2020-12-28,18.65,18.780001000000002,18.43,18.440001000000002,17.95813,312400,grifols
2020-12-29,18.66,18.790001,18.280001000000002,18.309998999999998,17.831526,461800,grifols
2020-12-30,18.610001,18.67,18.41,18.5,18.016562,267800,grifols
2020-12-31,18.530001000000002,18.57,18.299999,18.440001000000002,17.95813,350800,grifols
2021-01-04,18.639999,19.0,18.549999,18.950001,18.454803,487600,grifols
2021-01-05,18.889999,18.940001000000002,18.65,18.83,18.337938,443200,grifols
2021-01-06,18.719998999999998,19.379998999999998,18.719998999999998,19.209999,18.708008,556400,grifols
2021-01-07,18.879998999999998,19.360001,18.82,19.27,18.766441,492000,grifols
2021-01-08,19.23,19.65,19.16,19.6,19.087816,872200,grifols
2021-01-11,19.129998999999998,19.65,19.08,19.530001000000002,19.019645999999998,525500,grifols
2021-01-12,19.290001,19.530001000000002,18.91,19.139999,18.639837,944300,grifols
2021-01-13,19.02,19.360001,18.98,19.25,18.746964000000002,418000,grifols
2021-01-14,19.049999,19.57,19.0,19.15,18.649576,506800,grifols
2021-01-15,19.200001,19.299999,19.08,19.08,18.581406,761400,grifols
2021-01-19,20.41,20.49,19.610001,19.780001000000002,19.263113,1433500,grifols
2021-01-20,19.780001000000002,19.780001000000002,19.02,19.27,18.766441,2023700,grifols
2021-01-21,19.66,19.73,19.08,19.33,18.824873,836400,grifols
2021-01-22,18.860001,19.34,18.82,19.049999,18.552189000000002,1076900,grifols
2021-01-25,18.98,19.049999,18.719998999999998,18.98,18.484018,682800,grifols
2021-01-26,18.98,18.98,18.389999,18.450001,17.967869,597300,grifols
2021-01-27,18.690001000000002,18.75,18.0,18.35,17.870480999999998,1586400,grifols
2021-01-28,18.129998999999998,18.440001000000002,17.85,17.93,17.461456,1150000,grifols
2021-01-29,17.959999,18.1,17.4,17.68,17.217989000000003,1374400,grifols
2021-02-01,17.440001000000002,17.75,17.389999,17.5,17.042694,1214300,grifols
2021-02-02,17.43,17.74,17.33,17.620001000000002,17.159558999999998,1250700,grifols
2021-02-03,17.440001000000002,18.200001,17.4,17.85,17.383547,518200,grifols
2021-02-04,17.52,17.620001000000002,17.26,17.290001,16.838182,895100,grifols
2021-02-05,17.48,17.48,17.200001,17.23,16.779749,452400,grifols
2021-02-08,17.0,17.549999,16.969998999999998,17.41,16.955046,504500,grifols
2021-02-09,17.290001,17.450001,17.15,17.18,16.731056,604500,grifols
2021-02-10,17.25,17.43,17.1,17.110001,16.662886,996000,grifols
2021-02-11,16.92,17.030001000000002,16.67,16.719998999999998,16.283075,519400,grifols
2021-02-12,16.65,16.77,16.549999,16.700001,16.263599,1066200,grifols
2021-02-16,16.76,16.85,16.57,16.59,16.156473000000002,728600,grifols
2021-02-17,16.58,16.74,16.42,16.66,16.224644,487000,grifols
2021-02-18,16.4,16.41,16.02,16.16,15.73771,827100,grifols
2021-02-19,16.41,16.43,16.110001,16.190001000000002,15.766926999999999,919800,grifols
2021-02-22,16.129998999999998,16.219998999999998,15.89,15.9,15.484504000000001,476000,grifols
2021-02-23,16.09,16.209999,15.82,16.09,15.669539000000002,871800,grifols
2021-02-24,15.8,15.9,15.63,15.72,15.309207999999998,879200,grifols
2021-02-25,16.09,16.530001000000002,16.030001000000002,16.370001000000002,15.942224,1496900,grifols
2021-02-26,15.29,16.32,15.23,16.26,15.835097,1536100,grifols
2021-03-01,16.25,16.76,16.190001000000002,16.48,16.049347,1437800,grifols
2021-03-02,16.5,16.540001,16.15,16.16,15.73771,679100,grifols
2021-03-03,15.97,16.280001000000002,15.73,16.0,15.581891,520700,grifols
2021-03-04,15.76,15.86,15.08,15.42,15.017048,1913000,grifols
2021-03-05,15.28,16.190001000000002,15.06,15.96,15.542936,914800,grifols
2021-03-08,15.32,15.81,14.99,15.23,14.832011999999999,1417700,grifols
2021-03-09,15.46,15.57,15.16,15.16,14.763842000000002,897900,grifols
2021-03-10,15.13,15.24,14.81,15.15,14.754103,923100,grifols
2021-03-11,15.85,16.1,15.73,16.02,15.601369,926300,grifols
2021-03-12,16.459999,16.5,15.85,16.08,15.659801000000002,977800,grifols
2021-03-15,16.219998999999998,16.43,15.8,16.049999,15.630583999999999,1252000,grifols
2021-03-16,16.17,16.51,15.88,16.110001,15.689017000000002,634500,grifols
2021-03-17,16.110001,16.639999,16.110001,16.57,16.136995000000002,428300,grifols
2021-03-18,16.48,16.66,16.18,16.209999,15.786403,1316900,grifols
2021-03-19,16.370001000000002,16.639999,15.92,16.1,15.679278,1194200,grifols
2021-03-22,16.1,16.23,15.91,16.0,15.581891,684500,grifols
2021-03-23,16.5,16.799999,16.34,16.780001000000002,16.341509,1020800,grifols
2021-03-24,16.790001,17.290001,16.790001,16.92,16.47785,3210100,grifols
2021-03-25,17.139999,17.450001,17.139999,17.440001000000002,16.984262,946100,grifols
2021-03-26,17.799999,17.93,17.389999,17.610001,17.149820000000002,1081000,grifols
2021-03-29,17.440001000000002,17.58,17.17,17.33,16.877136,429400,grifols
2021-03-30,17.309998999999998,17.309998999999998,16.799999,16.84,16.39994,630800,grifols
2021-03-31,16.92,17.42,16.809998999999998,17.290001,16.838182,980400,grifols
2021-04-01,17.370001000000002,17.370001000000002,16.200001,16.620001000000002,16.18569,1670100,grifols
2021-04-05,16.639999,17.18,16.110001,17.1,16.653147,823600,grifols
2021-04-06,17.07,17.120001000000002,16.690001000000002,17.049999,16.604452,896800,grifols
2021-04-07,17.049999,17.299999,17.040001,17.110001,16.662886,681100,grifols
2021-04-08,17.440001000000002,18.110001,17.440001000000002,17.68,17.217989000000003,1156500,grifols
2021-04-09,17.719998999999998,18.030001000000002,17.540001,18.0,17.529626999999998,997600,grifols
2021-04-12,17.91,18.0,17.299999,17.51,17.052432999999997,1250800,grifols
2021-04-13,17.700001,17.969998999999998,17.66,17.85,17.383547,608300,grifols
2021-04-14,17.67,18.030001000000002,17.67,17.860001,17.393286,775900,grifols
2021-04-15,17.85,18.4,17.85,18.27,17.792572,801500,grifols
2021-04-16,17.860001,18.18,17.82,17.98,17.510149,933300,grifols
2021-04-19,18.1,18.950001,18.1,18.4,17.919173999999998,616200,grifols
2021-04-20,18.27,18.27,17.93,18.200001,17.724401,571600,grifols
2021-04-21,18.219998999999998,18.219998999999998,18.030001000000002,18.129998999999998,17.656229,308300,grifols
2021-04-22,18.059998999999998,18.65,18.059998999999998,18.6,18.113948999999998,427200,grifols
2021-04-23,18.700001,18.709999,17.9,17.99,17.519888,363100,grifols
2021-04-26,18.190001000000002,18.49,18.049999,18.18,17.704924,274500,grifols
2021-04-27,18.0,18.280001000000002,17.92,18.17,17.695185000000002,441300,grifols
2021-04-28,18.219998999999998,18.309998999999998,17.85,17.9,17.43224,370600,grifols
2021-04-29,17.860001,18.01,17.67,17.76,17.295898,774200,grifols
2021-04-30,17.52,18.16,17.52,17.65,17.188774,527800,grifols
2021-05-03,18.0,18.049999,17.15,17.23,16.779749,849000,grifols
2021-05-04,17.950001,18.17,17.58,17.969998999999998,17.500410000000002,869300,grifols
2021-05-05,17.98,18.290001,17.75,17.9,17.43224,507700,grifols
2021-05-06,17.83,18.15,17.68,17.969998999999998,17.500410000000002,269500,grifols
2021-05-07,18.09,18.33,18.09,18.23,17.753616,247100,grifols
2021-05-10,18.469998999999998,18.65,18.459999,18.6,18.113948999999998,274300,grifols
2021-05-11,18.309998999999998,18.84,18.309998999999998,18.66,18.17238,366300,grifols
2021-05-12,18.219998999999998,18.530001000000002,18.040001,18.120001000000002,17.646492000000002,315500,grifols
2021-05-13,18.0,18.6,17.799999,18.379998999999998,17.899696,475600,grifols
2021-05-14,18.459999,18.799999,18.41,18.74,18.25029,264800,grifols
2021-05-17,18.58,18.940001000000002,18.15,18.690001000000002,18.201597,243000,grifols
2021-05-18,18.780001000000002,19.049999,18.6,18.940001000000002,18.445065,473000,grifols
2021-05-19,18.68,19.040001,18.459999,18.91,18.415848,570900,grifols
2021-05-20,18.799999,18.940001000000002,18.200001,18.52,18.036039000000002,815000,grifols
2021-05-21,18.43,18.719998999999998,18.23,18.709999,18.221073,601400,grifols
2021-05-24,18.700001,18.719998999999998,18.309998999999998,18.34,17.860743,310300,grifols
2021-05-25,18.370001000000002,18.719998999999998,18.309998999999998,18.65,18.162642,271200,grifols
2021-05-26,18.68,18.68,18.26,18.360001,17.88022,532100,grifols
2021-05-27,18.379998999999998,18.42,17.16,17.6,17.140081,934400,grifols
2021-05-28,17.65,17.77,17.4,17.49,17.032954999999998,917300,grifols
2021-06-01,17.799999,18.120001000000002,17.139999,17.51,17.052432999999997,910400,grifols
2021-06-02,17.32,17.950001,17.17,17.450001,16.994001,458100,grifols
2021-06-03,17.110001,17.110001,16.68,16.76,16.76,489200,grifols
2021-06-04,16.76,16.9,16.639999,16.879998999999998,16.879998999999998,280500,grifols
2021-06-07,16.83,17.34,16.76,17.120001000000002,17.120001000000002,348300,grifols
2021-06-08,17.190001000000002,17.219998999999998,17.040001,17.16,17.16,601200,grifols
2021-06-09,17.209999,17.469998999999998,17.209999,17.42,17.42,318400,grifols
2021-06-10,17.34,17.709999,17.299999,17.65,17.65,446300,grifols
2021-06-11,18.92,19.07,18.25,18.700001,18.700001,3059800,grifols
2021-06-14,18.690001000000002,18.77,18.360001,18.4,18.4,1114300,grifols
2021-06-15,18.4,18.450001,18.25,18.26,18.26,418800,grifols
2021-06-16,18.280001000000002,18.49,18.08,18.24,18.24,438600,grifols
2021-06-17,18.190001000000002,18.450001,18.190001000000002,18.370001000000002,18.370001000000002,693600,grifols
2021-06-18,18.34,18.34,17.66,17.83,17.83,1463000,grifols
2021-06-21,17.870001000000002,18.139999,17.65,18.0,18.0,516500,grifols
2021-06-22,17.68,17.959999,17.360001,17.57,17.57,701000,grifols
2021-06-23,17.5,17.5,17.18,17.34,17.34,345400,grifols
2021-06-24,17.42,17.57,17.25,17.49,17.49,284900,grifols
2021-06-25,17.540001,17.860001,17.5,17.809998999999998,17.809998999999998,533900,grifols
2021-06-28,17.799999,17.889999,17.52,17.809998999999998,17.809998999999998,237800,grifols
2021-06-29,17.889999,17.889999,17.440001000000002,17.459999,17.459999,370700,grifols
2021-06-30,17.58,17.709999,17.32,17.35,17.35,661800,grifols
2021-07-01,17.23,17.379998999999998,17.190001000000002,17.299999,17.299999,432700,grifols
2021-07-02,17.450001,17.450001,17.030001000000002,17.280001000000002,17.280001000000002,393400,grifols
2021-07-06,17.17,17.24,17.0,17.139999,17.139999,655300,grifols
2021-07-07,17.059998999999998,17.09,16.9,16.93,16.93,421500,grifols
2021-07-08,16.83,16.969998999999998,16.59,16.76,16.76,408400,grifols
2021-07-09,16.67,16.76,16.52,16.65,16.65,307900,grifols
2021-07-12,16.700001,16.700001,16.469998999999998,16.49,16.49,317300,grifols
2021-07-13,16.35,16.35,15.76,16.049999,16.049999,663600,grifols
2021-07-14,16.030001000000002,16.030001000000002,15.78,15.85,15.85,398200,grifols
2021-07-15,15.78,15.93,15.76,15.87,15.87,1207600,grifols
2021-07-16,15.82,15.98,15.64,15.68,15.68,1635400,grifols
2021-07-19,15.55,15.59,15.2,15.27,15.27,953900,grifols
2021-07-20,15.26,15.38,15.2,15.32,15.32,921800,grifols
2021-07-21,15.37,15.37,15.24,15.3,15.3,1302700,grifols
2021-07-22,15.27,15.41,15.13,15.15,15.15,861200,grifols
2021-07-23,15.18,15.44,15.15,15.2,15.2,713000,grifols
2021-07-26,15.17,15.27,15.1,15.19,15.19,437600,grifols
2021-07-27,15.11,15.12,14.92,14.94,14.94,457900,grifols
2021-07-28,14.93,15.35,14.93,15.3,15.3,876300,grifols
2021-07-29,16.33,16.43,15.41,15.57,15.57,1175300,grifols
2021-07-30,15.42,15.89,15.18,15.21,15.21,755600,grifols
2021-08-02,15.22,15.53,15.22,15.25,15.25,1512600,grifols
2021-08-03,15.3,15.4,15.17,15.21,15.21,638000,grifols
2021-08-04,15.3,15.36,15.17,15.25,15.25,649200,grifols
2021-08-05,15.2,15.25,15.06,15.14,15.14,230800,grifols
2021-08-06,15.04,15.1,14.8,14.9,14.9,327000,grifols
2021-08-09,14.86,14.95,14.84,14.88,14.88,617600,grifols
2021-08-10,14.87,14.92,14.68,14.69,14.69,1051400,grifols
2021-08-11,14.67,14.83,14.59,14.59,14.59,985400,grifols
2021-08-12,14.65,14.73,14.22,14.29,14.29,1814700,grifols
2021-08-13,14.3,14.4,14.07,14.29,14.29,1793700,grifols
2021-08-16,14.36,14.4,14.13,14.32,14.32,768300,grifols
2021-08-17,14.2,14.35,14.16,14.3,14.3,861800,grifols
2021-08-18,14.35,14.61,14.28,14.38,14.38,978000,grifols
2021-08-19,14.52,14.88,14.52,14.68,14.68,868800,grifols
2021-08-20,14.75,15.1,14.75,15.01,15.01,580900,grifols
2021-08-23,14.53,15.01,14.53,14.89,14.89,484000,grifols
2021-08-24,14.93,14.93,14.59,14.6,14.6,586200,grifols
2021-08-25,14.55,14.62,14.48,14.54,14.54,1484400,grifols
2021-08-26,14.43,14.45,14.14,14.16,14.16,542300,grifols
2021-08-27,14.16,14.39,14.15,14.3,14.3,373600,grifols
2021-08-30,14.26,14.44,14.2,14.29,14.29,363100,grifols
2021-08-31,14.31,14.63,14.31,14.49,14.49,378300,grifols
2021-09-01,14.55,14.69,14.51,14.52,14.52,540500,grifols
2021-09-02,14.64,14.85,14.64,14.78,14.78,644900,grifols
2021-09-03,14.74,14.85,14.63,14.72,14.72,295300,grifols
2021-09-07,14.64,14.64,14.16,14.32,14.32,796800,grifols
2021-09-08,14.35,14.57,14.17,14.51,14.51,891800,grifols
2021-09-09,14.45,14.61,14.32,14.38,14.38,834400,grifols
2021-09-10,14.37,14.45,14.05,14.07,14.07,768000,grifols
2021-09-13,14.18,14.55,14.18,14.32,14.32,446800,grifols
2021-09-14,14.45,14.75,14.31,14.34,14.34,370300,grifols
2021-09-15,14.51,14.77,14.01,14.23,14.23,770700,grifols
2021-09-16,14.23,14.51,14.15,14.45,14.45,524000,grifols
2021-09-17,14.73,15.71,14.72,15.39,15.39,1646300,grifols
2021-09-20,15.14,15.63,15.03,15.41,15.41,666300,grifols
2021-09-21,15.44,15.61,15.37,15.6,15.6,499300,grifols
2021-09-22,15.49,15.56,15.22,15.29,15.29,248200,grifols
2021-09-23,15.28,15.52,15.2,15.36,15.36,401200,grifols
2021-09-24,15.26,15.35,15.15,15.29,15.29,330200,grifols
2021-09-27,15.31,15.9,15.31,15.82,15.82,2266600,grifols
2021-09-28,15.62,15.62,14.95,15.17,15.17,1083500,grifols
2021-09-29,15.15,15.15,14.88,14.92,14.92,626500,grifols
2021-09-30,14.91,14.91,14.51,14.61,14.61,407700,grifols
2021-10-01,14.6,14.94,14.6,14.9,14.9,499800,grifols
2021-10-04,15.0,15.36,15.0,15.27,15.27,577400,grifols
2021-10-05,15.25,15.25,14.9,14.9,14.9,722900,grifols
2021-10-06,14.99,15.01,14.46,14.61,14.61,610600,grifols
2021-10-07,14.61,14.94,14.49,14.94,14.94,761800,grifols
2021-10-08,14.84,14.84,14.34,14.45,14.45,398700,grifols
2021-10-11,14.52,14.52,14.01,14.09,14.09,487900,grifols
2021-10-12,14.01,14.16,13.57,13.67,13.67,878700,grifols
2021-10-13,13.68,14.07,13.68,13.9,13.9,560000,grifols
2021-10-14,14.03,14.34,14.03,14.15,14.15,583300,grifols
2021-10-15,14.19,14.33,14.05,14.22,14.22,1383700,grifols
2021-10-18,14.07,14.09,13.74,13.79,13.79,609500,grifols
2021-10-19,13.69,13.8,13.53,13.6,13.6,673900,grifols
2021-10-20,13.71,13.87,13.69,13.82,13.82,413300,grifols
2021-10-21,13.62,13.98,13.62,13.87,13.87,294200,grifols
2021-10-22,13.87,13.96,13.69,13.76,13.76,539400,grifols
2021-10-25,13.7,13.77,13.57,13.66,13.66,532300,grifols
2021-10-26,13.74,13.74,13.46,13.52,13.52,874100,grifols
2021-10-27,13.46,13.52,13.3,13.31,13.31,382000,grifols
2021-10-28,13.36,13.4,13.23,13.27,13.27,280600,grifols
2021-10-29,13.24,13.26,13.06,13.11,13.11,235600,grifols
2021-11-01,13.08,13.3,13.08,13.16,13.16,548000,grifols
2021-11-02,13.2,13.29,13.04,13.09,13.09,518500,grifols
2021-11-03,13.12,13.13,12.88,12.93,12.93,748400,grifols
2021-11-04,12.83,12.83,12.47,12.49,12.49,614700,grifols
2021-11-05,12.4,12.42,12.22,12.22,12.22,631800,grifols
2021-11-08,12.26,12.51,12.16,12.5,12.5,628200,grifols
2021-11-09,12.76,12.76,12.3,12.3,12.3,453800,grifols
2021-11-10,12.3,12.35,12.26,12.3,12.3,490600,grifols
2021-11-11,12.26,12.27,12.0,12.05,12.05,381900,grifols
2021-11-12,12.09,12.09,11.93,11.98,11.98,289400,grifols
2021-11-15,12.01,12.09,11.8,11.83,11.83,632900,grifols
2021-11-16,12.07,12.11,12.01,12.11,12.11,2004800,grifols
2021-11-17,12.1,12.97,12.1,12.55,12.55,1225900,grifols
2021-11-18,12.25,12.25,11.85,12.06,12.06,767900,grifols
2021-11-19,11.76,11.93,11.72,11.88,11.88,563900,grifols
2021-11-22,11.85,11.91,11.55,11.68,11.68,493200,grifols
2021-11-23,11.5,11.62,11.42,11.59,11.59,825200,grifols
2021-11-24,11.55,11.58,11.31,11.5,11.5,1698800,grifols
2021-11-26,11.42,11.51,10.86,10.91,10.91,682700,grifols
2021-11-29,10.99,11.06,10.85,11.05,11.05,572200,grifols
2021-11-30,10.96,10.96,10.48,10.73,10.73,1313700,grifols
2021-12-01,10.72,10.78,10.51,10.56,10.56,895400,grifols
2021-12-02,10.54,10.9,10.26,10.42,10.42,505400,grifols
2021-12-03,10.47,10.55,10.36,10.51,10.51,576600,grifols
2021-12-06,10.1,10.52,10.1,10.45,10.45,1700800,grifols
2021-12-07,10.53,10.86,10.4,10.86,10.86,970600,grifols
2021-12-08,10.67,10.72,10.38,10.69,10.69,1193800,grifols
2021-12-09,10.76,10.76,10.38,10.41,10.41,1042700,grifols
2021-12-10,10.43,10.51,10.32,10.42,10.42,538200,grifols
2021-12-13,10.4,10.53,10.21,10.21,10.21,772400,grifols
2021-12-14,10.34,10.82,10.34,10.63,10.63,1045000,grifols
2021-12-15,10.64,10.64,10.38,10.5,10.5,695600,grifols
2021-12-16,10.55,10.78,10.55,10.6,10.6,740500,grifols
2021-12-17,10.61,11.26,10.61,11.16,11.16,1320700,grifols
2021-12-20,10.81,10.92,10.67,10.72,10.72,671300,grifols
2021-12-21,10.8,11.09,10.7,10.97,10.97,649300,grifols
2021-12-22,10.9,10.95,10.68,10.81,10.81,925600,grifols
2021-12-23,10.84,11.21,10.76,11.19,11.19,623300,grifols
2021-12-27,11.24,11.62,11.24,11.42,11.42,741300,grifols
2021-12-28,11.28,11.62,11.23,11.27,11.27,601100,grifols
2021-12-29,11.25,11.39,11.22,11.36,11.36,523100,grifols
2021-12-30,11.33,11.52,11.22,11.38,11.38,463900,grifols
2021-12-31,11.31,11.44,11.16,11.23,11.23,295000,grifols
2022-01-03,11.32,11.7,11.24,11.64,11.64,704400,grifols
2022-01-04,11.48,11.48,11.09,11.28,11.28,598900,grifols
2022-01-05,11.23,11.37,11.05,11.23,11.23,603000,grifols
2022-01-06,11.29,11.55,11.26,11.3,11.3,748100,grifols
2022-01-07,11.4,11.56,11.27,11.39,11.39,806200,grifols
2022-01-10,11.31,12.15,11.31,12.04,12.04,905200,grifols
2022-01-11,12.49,12.49,12.05,12.3,12.3,1129000,grifols
2022-01-12,12.29,12.39,11.83,11.98,11.98,1060900,grifols
2022-01-13,11.95,12.15,11.84,12.08,12.08,806700,grifols
2022-01-14,12.14,12.69,12.11,12.63,12.63,657800,grifols
2022-01-18,12.42,12.58,12.36,12.53,12.53,1554600,grifols
2022-01-19,12.53,12.54,12.24,12.46,12.46,1093200,grifols
2022-01-20,12.61,12.69,12.44,12.53,12.53,1040900,grifols
2022-01-21,12.4,12.52,12.09,12.33,12.33,1129900,grifols
2022-01-24,11.94,12.04,11.35,12.0,12.0,1502300,grifols
2022-01-25,11.82,11.96,11.54,11.92,11.92,1287000,grifols
2022-01-26,12.03,12.03,11.75,11.78,11.78,922500,grifols
2022-01-27,11.48,11.79,11.42,11.68,11.68,1406300,grifols
2022-01-28,11.53,11.7,11.32,11.68,11.68,1310800,grifols
2022-01-31,11.51,11.86,11.38,11.74,11.74,964600,grifols
2022-02-01,11.74,12.06,11.63,12.02,12.02,995000,grifols
2022-02-02,12.35,12.39,11.77,11.97,11.97,932700,grifols
2022-02-03,11.99,12.0,11.76,11.92,11.92,827700,grifols
2022-02-04,11.88,11.89,11.5,11.87,11.87,490400,grifols
2022-02-07,11.5,11.54,11.16,11.27,11.27,1092700,grifols
2022-02-08,11.28,11.39,11.1,11.28,11.28,867600,grifols
2022-02-09,11.45,11.45,11.29,11.34,11.34,688900,grifols
2022-02-10,11.29,11.38,11.01,11.13,11.13,779600,grifols
2022-02-11,11.13,11.15,10.85,10.88,10.88,432300,grifols
2022-02-14,10.86,10.91,10.68,10.76,10.76,457400,grifols
2022-02-15,10.82,11.16,10.81,11.06,11.06,827500,grifols
2022-02-16,11.21,11.27,11.09,11.25,11.25,496700,grifols
2022-02-17,11.19,11.19,10.94,11.05,11.05,423000,grifols
2022-02-18,11.04,11.24,11.01,11.2,11.2,549700,grifols
2022-02-22,11.39,11.55,11.27,11.34,11.34,773700,grifols
2022-02-23,11.86,11.87,11.45,11.57,11.57,1021700,grifols
2022-02-24,11.37,11.46,11.08,11.31,11.31,719500,grifols
2022-02-25,11.63,11.83,11.5,11.63,11.63,698400,grifols
2022-02-28,12.14,12.58,11.96,12.36,12.36,1041000,grifols
2022-03-01,12.82,12.91,12.26,12.33,12.33,1267200,grifols
2022-03-02,12.52,12.83,12.5,12.73,12.73,951300,grifols
2022-03-03,12.39,12.39,11.52,11.77,11.77,1021500,grifols
2022-03-04,11.33,11.57,11.08,11.17,11.17,1131900,grifols
2022-03-07,11.63,11.85,11.14,11.29,11.29,1249200,grifols
2022-03-08,11.03,11.15,10.75,10.95,10.95,723000,grifols
2022-03-09,11.12,11.54,11.04,11.48,11.48,543600,grifols
2022-03-10,11.41,11.49,11.23,11.27,11.27,334100,grifols
2022-03-11,11.42,11.42,11.1,11.11,11.11,459300,grifols
2022-03-14,11.16,11.49,11.16,11.25,11.25,583600,grifols
2022-03-15,11.14,11.18,10.63,10.72,10.72,857800,grifols
2022-03-16,10.81,11.03,10.8,11.01,11.01,841600,grifols
2022-03-17,11.01,11.32,11.01,11.23,11.23,847700,grifols
2022-03-18,10.91,11.26,10.91,11.21,11.21,879200,grifols
2022-03-21,10.94,11.0,10.77,10.89,10.89,613300,grifols
2022-03-22,10.95,11.18,10.91,11.08,11.08,749600,grifols
2022-03-23,10.89,11.0,10.37,10.37,10.37,1420800,grifols
2022-03-24,10.44,10.55,10.31,10.38,10.38,1225200,grifols
2022-03-25,10.56,10.82,10.47,10.53,10.53,694600,grifols
2022-03-28,10.52,10.62,10.35,10.57,10.57,702200,grifols
2022-03-29,10.7,10.87,10.61,10.75,10.75,622100,grifols
2022-03-30,10.76,12.78,10.76,11.81,11.81,5560500,grifols
2022-03-31,11.82,12.18,11.67,11.68,11.68,1603700,grifols
2022-04-01,11.88,12.1,11.76,11.93,11.93,1463200,grifols
2022-04-04,12.17,12.4,12.1,12.17,12.17,1118600,grifols
2022-04-05,12.26,12.44,11.83,11.85,11.85,999900,grifols
2022-04-06,11.8,11.98,11.49,11.5,11.5,1112000,grifols
2022-04-07,11.54,11.69,11.18,11.4,11.4,1234800,grifols
2022-04-08,11.41,11.52,11.29,11.32,11.32,821300,grifols
2022-04-11,11.27,11.41,10.77,10.96,10.96,1370200,grifols
2022-04-12,10.95,10.99,10.71,10.81,10.81,945600,grifols
2022-04-13,10.75,10.95,10.63,10.78,10.78,1388600,grifols
2022-04-14,10.79,10.87,10.68,10.76,10.76,2083300,grifols
2022-04-18,10.63,10.93,10.48,10.6,10.6,606500,grifols
2022-04-19,10.7,10.97,10.7,10.94,10.94,1029900,grifols
2022-04-20,11.21,11.32,11.1,11.14,11.14,1071600,grifols
2022-04-21,11.35,11.61,11.24,11.28,11.28,796000,grifols
2022-04-22,11.19,11.38,10.96,11.03,11.03,884800,grifols
2022-04-25,11.21,11.58,11.18,11.32,11.32,1212300,grifols
2022-04-26,11.36,11.51,10.84,10.88,10.88,2047200,grifols
