2017-04-27,6.5,6.623,6.497,6.598,5.329153,25042226.0,iberdrola
2017-04-28,6.561,6.637,6.52,6.602,5.332383999999999,16964369.0,iberdrola
2017-05-02,6.631,6.685,6.573,6.679,5.394576,19863949.0,iberdrola
2017-05-03,6.656,6.727,6.636,6.725,5.43173,19139507.0,iberdrola
2017-05-04,6.717,6.844,6.7,6.844,5.527845,17130401.0,iberdrola
2017-05-05,6.8,6.896,6.77,6.896,5.569846,24227840.0,iberdrola
2017-05-08,6.907,6.918,6.854,6.86,5.540768,11534445.0,iberdrola
2017-05-09,6.863,6.891,6.824,6.84,5.524615,23452621.0,iberdrola
2017-05-10,6.845,6.86,6.776,6.822,5.510076000000001,16276337.0,iberdrola
2017-05-11,6.829,6.829,6.666,6.7,5.411538,37709579.0,iberdrola
2017-05-12,6.7,6.76,6.69,6.76,5.46,9375090.0,iberdrola
2017-05-15,6.765,6.798,6.728,6.76,5.46,9756236.0,iberdrola
2017-05-16,6.772,6.87,6.759,6.869,5.548038,18434713.0,iberdrola
2017-05-17,6.836,6.881,6.8,6.817,5.506039,17457960.0,iberdrola
2017-05-18,6.8,6.849,6.77,6.816,5.505231,17364040.0,iberdrola
2017-05-19,6.814,6.96,6.801,6.935,5.6013459999999995,22522972.0,iberdrola
2017-05-22,6.939,6.959,6.889,6.959,5.62073,12152919.0,iberdrola
2017-05-23,6.932,7.044,6.932,7.044,5.6893839999999996,13387790.0,iberdrola
2017-05-24,7.04,7.052,6.955,6.955,5.617499,14690647.0,iberdrola
2017-05-25,6.994,7.066,6.982,7.063,5.704731,10269492.0,iberdrola
2017-05-26,7.026,7.059,6.972,7.006,5.658691,16962341.0,iberdrola
2017-05-29,7.0,7.055,6.999,7.025,5.674037,5568159.0,iberdrola
2017-05-30,6.975,7.052,6.968,7.049,5.693423,11937153.0,iberdrola
2017-05-31,7.054,7.161,7.039,7.098,5.733,39222662.0,iberdrola
2017-06-01,7.126,7.163,7.08,7.108,5.7410760000000005,12527640.0,iberdrola
2017-06-02,7.14,7.166,7.108,7.147,5.772577,31144534.0,iberdrola
2017-06-05,7.116,7.233,7.116,7.192,5.808922,16937758.0,iberdrola
2017-06-06,7.176,7.273,7.138,7.249,5.854961,18870188.0,iberdrola
2017-06-07,7.225,7.298,7.163,7.192,5.808922,15369237.0,iberdrola
2017-06-08,7.243,7.269,7.101,7.187,5.8048839999999995,13303804.0,iberdrola
2017-06-09,7.2,7.235,7.111,7.15,5.774999,16122645.0,iberdrola
2017-06-12,7.123,7.13,7.0,7.017,5.667576,18980782.0,iberdrola
2017-06-13,7.146,7.146,7.03,7.03,5.678077,27960502.0,iberdrola
2017-06-14,7.045,7.116,7.045,7.07,5.710385,19237621.0,iberdrola
2017-06-15,7.048,7.067,6.963,7.056,5.699077,23496098.0,iberdrola
2017-06-16,7.094,7.18,7.078,7.18,5.799231,73136771.0,iberdrola
2017-06-19,7.235,7.245,7.168,7.169,5.790347,32344966.0,iberdrola
2017-06-20,7.17,7.212,7.161,7.161,5.783884,23111363.0,iberdrola
2017-06-21,7.137,7.238,7.085,7.2,5.815384,21623826.0,iberdrola
2017-06-22,7.181,7.185,7.099,7.129,5.758039,17526776.0,iberdrola
2017-06-23,7.098,7.124,7.025,7.07,5.710385,19662962.0,iberdrola
2017-06-26,7.077,7.206,7.05,7.206,5.8202300000000005,85213712.0,iberdrola
2017-06-27,7.17,7.193,7.028,7.028,5.676461,66837097.0,iberdrola
2017-06-28,7.0,7.105,6.924,7.04,5.686153,39043560.0,iberdrola
2017-06-29,7.058,7.067,6.931,6.961,5.622346,32599983.0,iberdrola
2017-06-30,6.949,7.038,6.907,6.933,5.59973,22290131.0,iberdrola
2017-07-03,6.956,6.982,6.902,6.936,5.6021529999999995,18470895.0,iberdrola
2017-07-04,6.924,6.929,6.877,6.92,5.589230000000001,15340988.0,iberdrola
2017-07-05,6.753,6.779,6.73,6.745,5.590888,21313595.0,iberdrola
2017-07-06,6.738,6.746,6.637,6.681,5.53784,24641420.0,iberdrola
2017-07-07,6.654,6.69,6.637,6.675,5.532865,16877980.0,iberdrola
2017-07-10,6.697,6.758,6.677,6.724,5.573482,16127308.0,iberdrola
2017-07-11,6.743,6.76,6.671,6.68,5.5370099999999995,39069521.0,iberdrola
2017-07-12,6.715,6.885,6.693,6.875,5.698644,23606668.0,iberdrola
2017-07-13,6.895,6.895,6.84,6.88,5.702789,40605582.0,iberdrola
2017-07-14,6.859,6.91,6.854,6.89,5.7110769999999995,12969910.0,iberdrola
2017-07-17,6.891,6.912,6.87,6.91,5.727655,20399530.0,iberdrola
2017-07-18,6.926,7.0,6.905,6.905,5.723511,26094549.0,iberdrola
2017-07-19,6.957,7.03,6.946,7.022,5.8204910000000005,26827889.0,iberdrola
2017-07-20,7.0,7.015,6.85,6.874,5.697816,36035601.0,iberdrola
2017-07-21,6.81,6.884,6.744,6.774,5.614925,23824501.0,iberdrola
2017-07-24,6.771,6.784,6.643,6.705,5.557733,23250875.0,iberdrola
2017-07-25,6.731,6.813,6.688,6.688,5.543642,22156949.0,iberdrola
2017-07-26,6.704,6.769,6.69,6.697,5.551101,24730673.0,iberdrola
2017-07-27,6.676,6.76,6.675,6.719,5.569337,12584222.0,iberdrola
2017-07-28,6.682,6.7,6.616,6.652,5.513801,18869822.0,iberdrola
2017-07-31,6.638,6.73,6.627,6.664,5.523747,20666140.0,iberdrola
2017-08-01,6.75,6.789,6.673,6.757,5.600835,11514917.0,iberdrola
2017-08-02,6.769,6.819,6.73,6.76,5.603322,21043346.0,iberdrola
2017-08-03,6.738,6.804,6.717,6.779,5.61907,7535231.0,iberdrola
2017-08-04,6.759,6.907,6.75,6.849,5.677093,13246202.0,iberdrola
2017-08-07,6.864,6.874,6.812,6.843,5.67212,5007087.0,iberdrola
2017-08-08,6.865,6.917,6.855,6.89,5.7110769999999995,8502656.0,iberdrola
2017-08-09,6.874,6.879,6.786,6.844,5.672948,19595230.0,iberdrola
2017-08-10,6.823,6.85,6.733,6.756,5.600006,11432133.0,iberdrola
2017-08-11,6.726,6.773,6.675,6.704,5.556903,12301857.0,iberdrola
2017-08-14,6.706,6.873,6.703,6.866,5.691184,24845537.0,iberdrola
2017-08-15,6.897,6.945,6.885,6.923,5.738430999999999,9274069.0,iberdrola
2017-08-16,6.94,6.97,6.928,6.97,5.7773900000000005,10782510.0,iberdrola
2017-08-17,6.972,7.021,6.947,7.014,5.81386,15639680.0,iberdrola
2017-08-18,6.95,7.01,6.943,7.01,5.810544999999999,15058419.0,iberdrola
2017-08-21,6.99,6.995,6.933,6.966,5.774074,10786931.0,iberdrola
2017-08-22,6.995,7.0,6.943,6.981,5.786506,6245476.0,iberdrola
2017-08-23,6.974,6.993,6.899,6.941,5.753351,13337153.0,iberdrola
2017-08-24,6.962,6.974,6.917,6.926,5.740918,10574996.0,iberdrola
2017-08-25,6.96,6.96,6.891,6.94,5.752522,6179255.0,iberdrola
2017-08-28,6.901,6.953,6.893,6.91,5.727655,4636525.0,iberdrola
2017-08-29,6.853,6.896,6.805,6.869,5.693671,8501738.0,iberdrola
2017-08-30,6.9,6.9,6.826,6.849,5.677093,7982870.0,iberdrola
2017-08-31,6.848,6.882,6.84,6.861,5.6870400000000005,37733007.0,iberdrola
2017-09-01,6.885,6.915,6.867,6.87,5.6944989999999995,9360863.0,iberdrola
2017-09-04,6.841,6.878,6.813,6.834,5.66466,9826705.0,iberdrola
2017-09-05,6.824,6.881,6.77,6.862,5.687868,9074621.0,iberdrola
2017-09-06,6.814,6.877,6.779,6.85,5.6779209999999996,12150759.0,iberdrola
2017-09-07,6.879,6.946,6.875,6.91,5.727655,13107341.0,iberdrola
2017-09-08,6.885,6.917,6.815,6.89,5.7110769999999995,9453265.0,iberdrola
2017-09-11,6.92,6.975,6.912,6.929,5.743404,14334768.0,iberdrola
2017-09-12,6.958,6.984,6.873,6.886,5.707762000000001,12063098.0,iberdrola
2017-09-13,6.897,6.897,6.834,6.87,5.6944989999999995,22173506.0,iberdrola
2017-09-14,6.836,6.842,6.695,6.75,5.595033,18600130.0,iberdrola
2017-09-15,6.722,6.797,6.695,6.749,5.594203,56316724.0,iberdrola
2017-09-18,6.761,6.798,6.708,6.73,5.578454,12579171.0,iberdrola
2017-09-19,6.691,6.764,6.67,6.75,5.595033,15214789.0,iberdrola
2017-09-20,6.73,6.78,6.701,6.713,5.564363,12985555.0,iberdrola
2017-09-21,6.703,6.703,6.632,6.672,5.530379,10198377.0,iberdrola
2017-09-22,6.638,6.674,6.619,6.627,5.493079,11289272.0,iberdrola
2017-09-25,6.603,6.649,6.563,6.649,5.511314,10074447.0,iberdrola
2017-09-26,6.628,6.654,6.613,6.633,5.4980519999999995,9950602.0,iberdrola
2017-09-27,6.618,6.639,6.597,6.6,5.470699,19152732.0,iberdrola
2017-09-28,6.587,6.611,6.503,6.51,5.3960989999999995,16733622.0,iberdrola
2017-09-29,6.5,6.572,6.468,6.572,5.44749,27357459.0,iberdrola
2017-10-02,6.49,6.559,6.473,6.556,5.434227,30572389.0,iberdrola
2017-10-03,6.49,6.509,6.397,6.471,5.363771,16680760.0,iberdrola
2017-10-04,6.422,6.44,6.253,6.253,5.183072,33260588.0,iberdrola
2017-10-05,6.283,6.499,6.271,6.448,5.344707,27719148.0,iberdrola
2017-10-06,6.439,6.483,6.387,6.46,5.354653,17850909.0,iberdrola
2017-10-09,6.457,6.6,6.457,6.593,5.464897000000001,21677584.0,iberdrola
2017-10-10,6.592,6.62,6.551,6.594,5.465724,12316455.0,iberdrola
2017-10-11,6.673,6.764,6.654,6.739,5.585915,20835431.0,iberdrola
2017-10-12,6.745,6.769,6.731,6.76,5.603322,15136462.0,iberdrola
2017-10-13,6.79,6.799,6.733,6.772,5.613268,13192790.0,iberdrola
2017-10-16,6.754,6.767,6.667,6.68,5.5370099999999995,12584200.0,iberdrola
2017-10-17,6.667,6.763,6.646,6.7,5.553587,11123612.0,iberdrola
2017-10-18,6.71,6.726,6.658,6.666,5.525405999999999,12598619.0,iberdrola
2017-10-19,6.681,6.71,6.623,6.684,5.540326,14201509.0,iberdrola
2017-10-20,6.689,6.724,6.662,6.7,5.553587,14024572.0,iberdrola
2017-10-23,6.67,6.765,6.667,6.75,5.595033,10425552.0,iberdrola
2017-10-24,6.736,6.775,6.693,6.714,5.565192,24002490.0,iberdrola
2017-10-25,6.663,6.678,6.565,6.578,5.452463,15080648.0,iberdrola
2017-10-26,6.597,6.74,6.523,6.739,5.585915,21736845.0,iberdrola
2017-10-27,6.733,6.839,6.658,6.68,5.5370099999999995,19555441.0,iberdrola
2017-10-30,6.717,6.899,6.711,6.859,5.685382,21225212.0,iberdrola
2017-10-31,6.9,6.962,6.844,6.938,5.750865,33041243.0,iberdrola
2017-11-01,6.981,6.984,6.894,6.914,5.730971,13287092.0,iberdrola
2017-11-02,6.921,6.941,6.886,6.896,5.716051,13090193.0,iberdrola
2017-11-03,6.896,6.9,6.783,6.859,5.685382,11413661.0,iberdrola
2017-11-06,6.851,6.9,6.802,6.879,5.70196,24608251.0,iberdrola
2017-11-07,6.87,6.877,6.711,6.765,5.6074660000000005,21412614.0,iberdrola
2017-11-08,6.778,6.798,6.662,6.746,5.591717,20058692.0,iberdrola
2017-11-09,6.754,6.767,6.637,6.665,5.524576000000001,14351703.0,iberdrola
2017-11-10,6.649,6.66,6.572,6.596,5.467383,15999680.0,iberdrola
2017-11-13,6.609,6.629,6.488,6.56,5.437542,18423580.0,iberdrola
2017-11-14,6.541,6.589,6.496,6.496,5.384493,17071610.0,iberdrola
2017-11-15,6.45,6.569,6.443,6.537,5.4184779999999995,24111847.0,iberdrola
2017-11-16,6.583,6.67,6.537,6.544,5.42428,14289829.0,iberdrola
2017-11-17,6.55,6.582,6.457,6.47,5.3629430000000005,19000774.0,iberdrola
2017-11-20,6.491,6.516,6.45,6.46,5.354653,37537440.0,iberdrola
2017-11-21,6.436,6.517,6.428,6.448,5.344707,12649235.0,iberdrola
2017-11-22,6.46,6.535,6.436,6.46,5.354653,17460117.0,iberdrola
2017-11-23,6.429,6.517,6.429,6.477,5.368745,12646660.0,iberdrola
2017-11-24,6.478,6.509,6.428,6.431,5.330616,8218049.0,iberdrola
2017-11-27,6.422,6.568,6.419,6.539,5.420136,22199422.0,iberdrola
2017-11-28,6.551,6.622,6.523,6.594,5.465724,9927305.0,iberdrola
2017-11-29,6.624,6.712,6.613,6.675,5.532865,26021704.0,iberdrola
2017-11-30,6.696,6.735,6.638,6.672,5.530379,41923622.0,iberdrola
2017-12-01,6.674,6.707,6.571,6.576,5.450805,11990399.0,iberdrola
2017-12-04,6.596,6.637,6.532,6.628,5.493907,11282718.0,iberdrola
2017-12-05,6.62,6.669,6.608,6.636,5.500539,10950135.0,iberdrola
2017-12-06,6.605,6.726,6.582,6.71,5.561876,13486030.0,iberdrola
2017-12-07,6.707,6.749,6.67,6.749,5.594203,26910596.0,iberdrola
2017-12-08,6.753,6.765,6.693,6.717,5.567679,9162510.0,iberdrola
2017-12-11,6.723,6.727,6.653,6.714,5.565192,7407484.0,iberdrola
2017-12-12,6.745,6.748,6.672,6.72,5.570166,19118284.0,iberdrola
2017-12-13,6.678,6.728,6.621,6.628,5.493907,19077603.0,iberdrola
2017-12-14,6.62,6.661,6.518,6.518,5.402729,19658696.0,iberdrola
2017-12-15,6.529,6.635,6.512,6.581,5.454949,30890282.0,iberdrola
2017-12-18,6.615,6.676,6.598,6.642,5.505513,27408742.0,iberdrola
2017-12-19,6.66,6.668,6.53,6.532,5.414333,10846007.0,iberdrola
2017-12-20,6.552,6.594,6.465,6.58,5.454121,19781875.0,iberdrola
2017-12-21,6.589,6.595,6.497,6.584,5.457436,29815943.0,iberdrola
2017-12-22,6.5,6.579,6.485,6.518,5.402729,20369264.0,iberdrola
2017-12-27,6.5,6.561,6.473,6.512,5.397755999999999,13774365.0,iberdrola
2017-12-28,6.513,6.519,6.455,6.455,5.350509,7537093.0,iberdrola
2017-12-29,6.466,6.498,6.455,6.46,5.354653,16344603.0,iberdrola
2018-01-02,6.501,6.509,6.403,6.403,5.307405999999999,20436928.0,iberdrola
2018-01-03,6.416,6.442,6.394,6.442,5.339733,40678452.0,iberdrola
2018-01-04,6.442,6.662,6.438,6.662,5.5220910000000005,54312699.0,iberdrola
2018-01-05,6.67,6.75,6.62,6.738,5.585086,18681354.0,iberdrola
2018-01-08,6.75,6.77,6.68,6.68,5.5370099999999995,11748272.0,iberdrola
2018-01-09,6.69,6.708,6.58,6.604,5.474014,13155926.0,iberdrola
2018-01-10,6.584,6.608,6.508,6.532,5.414333,16538068.0,iberdrola
2018-01-11,6.458,6.506,6.42,6.48,5.488874,22692928.0,iberdrola
2018-01-12,6.486,6.546,6.484,6.53,5.5312269999999994,14504474.0,iberdrola
2018-01-15,6.54,6.596,6.534,6.566,5.561719999999999,13955899.0,iberdrola
2018-01-16,6.6,6.75,6.59,6.7,5.675224,24874217.0,iberdrola
2018-01-17,6.694,6.716,6.646,6.706,5.680308,22751969.0,iberdrola
2018-01-18,6.726,6.726,6.608,6.65,5.632873,22826035.0,iberdrola
2018-01-19,6.636,6.712,6.594,6.678,5.6565900000000005,42812300.0,iberdrola
2018-01-22,6.692,6.716,6.666,6.684,5.661672,15873049.0,iberdrola
2018-01-23,6.72,6.766,6.688,6.732,5.70233,21659667.0,iberdrola
2018-01-24,6.694,6.764,6.694,6.754,5.7209650000000005,15959216.0,iberdrola
2018-01-25,6.77,6.796,6.682,6.724,5.6955540000000004,16910421.0,iberdrola
2018-01-26,6.77,6.772,6.69,6.69,5.666754,11015146.0,iberdrola
2018-01-29,6.668,6.668,6.588,6.618,5.605767,12632709.0,iberdrola
2018-01-30,6.584,6.612,6.52,6.55,5.548166999999999,13058564.0,iberdrola
2018-01-31,6.55,6.572,6.516,6.558,5.554944,14408812.0,iberdrola
2018-02-01,6.574,6.668,6.488,6.506,5.510897,16119243.0,iberdrola
2018-02-02,6.494,6.494,6.384,6.402,5.422804,15051431.0,iberdrola
2018-02-05,6.364,6.47,6.308,6.308,5.343182,21638595.0,iberdrola
2018-02-06,6.096,6.252,5.99,6.058,5.131419,29188702.0,iberdrola
2018-02-07,6.144,6.198,6.086,6.198,5.250006,23275462.0,iberdrola
2018-02-08,6.138,6.168,6.076,6.09,5.158525,40772768.0,iberdrola
2018-02-09,6.046,6.088,5.954,5.978,5.063656,28295098.0,iberdrola
2018-02-12,6.02,6.096,5.994,6.086,5.155137,19756048.0,iberdrola
2018-02-13,6.094,6.1,5.994,5.994,5.077209,14536600.0,iberdrola
2018-02-14,6.032,6.09,5.982,6.038,5.114478,19025416.0,iberdrola
2018-02-15,6.072,6.084,5.962,6.046,5.121255000000001,14239437.0,iberdrola
2018-02-16,6.08,6.142,6.07,6.122,5.185630000000001,32292698.0,iberdrola
2018-02-19,6.138,6.158,6.08,6.106,5.172078,10688033.0,iberdrola
2018-02-20,6.084,6.166,6.084,6.15,5.209348,15428945.0,iberdrola
2018-02-21,6.122,6.144,5.872,5.898,4.995891,40861598.0,iberdrola
2018-02-22,5.9,6.012,5.88,5.998,5.080597,22487720.0,iberdrola
2018-02-23,5.962,6.106,5.928,6.104,5.170383,21924109.0,iberdrola
2018-02-26,6.14,6.178,6.094,6.17,5.2262889999999995,17709448.0,iberdrola
2018-02-27,6.16,6.2,6.13,6.168,5.224595,14583452.0,iberdrola
2018-02-28,6.122,6.168,6.076,6.076,5.146666000000001,20132705.0,iberdrola
2018-03-01,6.052,6.132,6.022,6.056,5.129725,19739241.0,iberdrola
2018-03-02,6.014,6.046,5.92,5.928,5.021303,18785406.0,iberdrola
2018-03-05,5.9,6.06,5.892,6.044,5.119561,12965680.0,iberdrola
2018-03-06,6.098,6.1,5.956,5.994,5.077209,22491322.0,iberdrola
2018-03-07,5.96,6.02,5.932,5.988,5.072126,17656517.0,iberdrola
2018-03-08,6.01,6.084,5.958,6.064,5.136502,15104278.0,iberdrola
2018-03-09,6.062,6.114,5.992,6.052,5.126337,14169591.0,iberdrola
2018-03-12,6.116,6.16,6.05,6.058,5.131419,18255372.0,iberdrola
2018-03-13,6.058,6.096,6.004,6.014,5.094149,20897619.0,iberdrola
2018-03-14,6.024,6.05,5.976,6.004,5.085679,17380803.0,iberdrola
2018-03-15,6.01,6.058,5.984,6.036,5.1127839999999996,19023607.0,iberdrola
2018-03-16,6.016,6.038,6.0,6.0,5.08229,36484542.0,iberdrola
2018-03-19,6.0,6.004,5.942,5.952,5.041632,18948040.0,iberdrola
2018-03-20,5.94,5.97,5.908,5.92,5.014526999999999,19140203.0,iberdrola
2018-03-21,5.922,5.958,5.858,5.9,4.997586,17482309.0,iberdrola
2018-03-22,5.86,5.938,5.762,5.794,4.907799,25420116.0,iberdrola
2018-03-23,5.75,5.794,5.712,5.764,4.882388,22018650.0,iberdrola
2018-03-26,5.788,5.824,5.748,5.772,4.889163,13964524.0,iberdrola
2018-03-27,5.842,5.85,5.77,5.83,4.938293,29583004.0,iberdrola
2018-03-28,5.8,6.044,5.776,6.044,5.119561,18647241.0,iberdrola
2018-03-29,6.078,6.078,5.972,5.972,5.058574,19569144.0,iberdrola
2018-04-03,5.94,6.0,5.92,5.956,5.045021,9693812.0,iberdrola
2018-04-04,5.978,5.992,5.908,5.93,5.022997,15839677.0,iberdrola
2018-04-05,6.0,6.0,5.954,5.98,5.06535,16562379.0,iberdrola
2018-04-06,5.98,6.04,5.966,6.01,5.090761,9111678.0,iberdrola
2018-04-09,6.04,6.088,6.022,6.04,5.116173000000001,13714532.0,iberdrola
2018-04-10,6.068,6.07,5.976,6.028,5.106008,12594197.0,iberdrola
2018-04-11,6.034,6.16,6.034,6.134,5.1957949999999995,32375120.0,iberdrola
2018-04-12,6.148,6.186,6.116,6.154,5.2127360000000005,10294447.0,iberdrola
2018-04-13,6.168,6.268,6.144,6.254,5.297441,19204284.0,iberdrola
2018-04-16,6.242,6.242,6.188,6.216,5.2652529999999995,32593374.0,iberdrola
2018-04-17,6.22,6.29,6.202,6.268,5.309299,21010457.0,iberdrola
2018-04-18,6.27,6.314,6.244,6.298,5.334711,18507794.0,iberdrola
2018-04-19,6.3,6.324,6.228,6.252,5.295746,15475904.0,iberdrola
2018-04-20,6.27,6.296,6.222,6.276,5.316076,16827419.0,iberdrola
2018-04-23,6.284,6.294,6.224,6.266,5.307606,17179772.0,iberdrola
2018-04-24,6.24,6.354,6.23,6.3,5.336405,11110552.0,iberdrola
2018-04-25,6.316,6.356,6.274,6.314,5.348264,23136953.0,iberdrola
2018-04-26,6.338,6.386,6.32,6.35,5.378758,19907723.0,iberdrola
2018-04-27,6.364,6.406,6.344,6.37,5.395699,21001459.0,iberdrola
2018-04-30,6.374,6.466,6.364,6.416,5.434662,17901090.0,iberdrola
2018-05-02,6.406,6.528,6.4,6.526,5.527838,16721957.0,iberdrola
2018-05-03,6.52,6.568,6.498,6.516,5.519367,18231523.0,iberdrola
2018-05-04,6.542,6.57,6.502,6.57,5.565108,10350879.0,iberdrola
2018-05-07,6.586,6.594,6.55,6.57,5.565108,10557940.0,iberdrola
2018-05-08,6.582,6.598,6.528,6.55,5.548166999999999,13635000.0,iberdrola
2018-05-09,6.518,6.55,6.46,6.538,5.538003,13092961.0,iberdrola
2018-05-10,6.55,6.558,6.492,6.518,5.521062000000001,15332854.0,iberdrola
2018-05-11,6.51,6.55,6.482,6.512,5.51598,10278488.0,iberdrola
2018-05-14,6.53,6.562,6.5,6.528,5.529532,11823210.0,iberdrola
2018-05-15,6.524,6.562,6.496,6.554,5.5515550000000005,10990539.0,iberdrola
2018-05-16,6.55,6.566,6.466,6.508,5.5125910000000005,14837549.0,iberdrola
2018-05-17,6.512,6.572,6.5,6.564,5.560026000000001,11856165.0,iberdrola
2018-05-18,6.572,6.608,6.546,6.604,5.593908,25051022.0,iberdrola
2018-05-21,6.6,6.606,6.526,6.538,5.538003,15382892.0,iberdrola
2018-05-22,6.556,6.57,6.524,6.55,5.548166999999999,11987738.0,iberdrola
2018-05-23,6.502,6.504,6.434,6.486,5.493956,16963557.0,iberdrola
2018-05-24,6.476,6.54,6.456,6.456,5.468545,17037609.0,iberdrola
2018-05-25,6.492,6.534,6.21,6.304,5.339794,28857981.0,iberdrola
2018-05-28,6.338,6.402,6.238,6.25,5.294053,10463393.0,iberdrola
2018-05-29,6.2,6.212,6.076,6.16,5.217818,24702201.0,iberdrola
2018-05-30,6.148,6.206,6.102,6.174,5.229677,33202631.0,iberdrola
2018-05-31,6.198,6.2,6.054,6.072,5.143279,37898026.0,iberdrola
2018-06-01,6.108,6.196,6.092,6.17,5.2262889999999995,19887893.0,iberdrola
2018-06-04,6.288,6.396,6.242,6.354,5.382146,18695173.0,iberdrola
2018-06-05,6.348,6.406,6.328,6.328,5.360123000000001,17841046.0,iberdrola
2018-06-06,6.328,6.388,6.31,6.362,5.388922,34830687.0,iberdrola
2018-06-07,6.382,6.44,6.376,6.412,5.431274,12266243.0,iberdrola
2018-06-08,6.392,6.4,6.342,6.354,5.382146,15002118.0,iberdrola
2018-06-11,6.416,6.51,6.41,6.504,5.509203,14047007.0,iberdrola
2018-06-12,6.522,6.564,6.48,6.528,5.529532,10454127.0,iberdrola
2018-06-13,6.504,6.546,6.47,6.504,5.509203,22539090.0,iberdrola
2018-06-14,6.47,6.66,6.458,6.66,5.641343,31063429.0,iberdrola
2018-06-15,6.666,6.742,6.612,6.712,5.685389,57569522.0,iberdrola
2018-06-18,6.7,6.702,6.546,6.568,5.563414,17064994.0,iberdrola
2018-06-19,6.504,6.576,6.444,6.566,5.561719999999999,18643954.0,iberdrola
2018-06-20,6.606,6.662,6.544,6.584,5.576967,16558983.0,iberdrola
2018-06-21,6.614,6.616,6.434,6.434,5.44991,25945661.0,iberdrola
2018-06-22,6.486,6.534,6.438,6.526,5.527838,18469375.0,iberdrola
2018-06-25,6.48,6.526,6.45,6.46,5.471933,10672533.0,iberdrola
2018-06-26,6.502,6.618,6.488,6.55,5.548166999999999,24526108.0,iberdrola
2018-06-27,6.558,6.726,6.51,6.706,5.680308,20864314.0,iberdrola
2018-06-28,6.664,6.7,6.594,6.656,5.637955000000001,24964336.0,iberdrola
2018-06-29,6.712,6.718,6.624,6.624,5.610849,21982473.0,iberdrola
2018-07-02,6.562,6.646,6.5,6.622,5.609155,35483837.0,iberdrola
2018-07-03,6.64,6.78,6.62,6.76,5.726047,17639352.0,iberdrola
2018-07-04,6.744,6.878,6.734,6.876,5.824306,16992557.0,iberdrola
2018-07-05,6.88,6.976,6.85,6.936,5.875127,21872264.0,iberdrola
2018-07-06,6.956,6.992,6.9,6.966,5.90054,16579113.0,iberdrola
2018-07-09,6.79,6.79,6.712,6.744,5.869209,15501442.0,iberdrola
2018-07-10,6.72,6.754,6.674,6.72,5.8483220000000005,15271377.0,iberdrola
2018-07-11,6.684,6.768,6.654,6.668,5.803068,22699498.0,iberdrola
2018-07-12,6.698,6.698,6.654,6.688,5.820474,12395074.0,iberdrola
2018-07-13,6.746,6.76,6.646,6.68,5.81351,17051769.0,iberdrola
2018-07-16,6.662,6.702,6.624,6.664,5.799587,22655579.0,iberdrola
2018-07-17,6.656,6.684,6.59,6.676,5.81003,40264333.0,iberdrola
2018-07-18,6.676,6.718,6.632,6.708,5.837879,11778121.0,iberdrola
2018-07-19,6.722,6.722,6.65,6.674,5.808289,14816625.0,iberdrola
2018-07-20,6.682,6.746,6.642,6.694,5.825694,27162872.0,iberdrola
2018-07-23,6.68,6.728,6.662,6.704,5.834397,17402473.0,iberdrola
2018-07-24,6.702,6.702,6.606,6.64,5.778699,34807742.0,iberdrola
2018-07-25,6.6,6.62,6.478,6.55,5.700373,30403672.0,iberdrola
2018-07-26,6.556,6.586,6.522,6.586,5.731704,16571006.0,iberdrola
2018-07-27,6.57,6.654,6.57,6.634,5.773477,13213780.0,iberdrola
2018-07-30,6.628,6.684,6.586,6.618,5.7595529999999995,7467883.0,iberdrola
2018-07-31,6.62,6.684,6.6,6.65,5.787401999999999,14155514.0,iberdrola
2018-08-01,6.64,6.67,6.534,6.584,5.729963,14547305.0,iberdrola
2018-08-02,6.568,6.612,6.54,6.562,5.710817,23783412.0,iberdrola
2018-08-03,6.576,6.582,6.534,6.566,5.714298,13539196.0,iberdrola
2018-08-06,6.576,6.6,6.532,6.552,5.702114,11496885.0,iberdrola
2018-08-07,6.556,6.592,6.556,6.56,5.709077,6813751.0,iberdrola
2018-08-08,6.56,6.598,6.512,6.572,5.719519999999999,13067806.0,iberdrola
2018-08-09,6.59,6.59,6.53,6.55,5.700373,7848486.0,iberdrola
2018-08-10,6.504,6.544,6.494,6.522,5.676005,19517328.0,iberdrola
2018-08-13,6.5,6.538,6.468,6.512,5.6673029999999995,19803990.0,iberdrola
2018-08-14,6.538,6.58,6.528,6.54,5.691669999999999,12818469.0,iberdrola
2018-08-15,6.556,6.556,6.44,6.478,5.6377120000000005,25901707.0,iberdrola
2018-08-16,6.494,6.518,6.456,6.5,5.656859,13187160.0,iberdrola
2018-08-17,6.518,6.54,6.47,6.5,5.656859,14402568.0,iberdrola
2018-08-20,6.514,6.526,6.474,6.496,5.653378,7003581.0,iberdrola
2018-08-21,6.49,6.538,6.482,6.5,5.656859,9204367.0,iberdrola
2018-08-22,6.496,6.512,6.424,6.488,5.646416,20883547.0,iberdrola
2018-08-23,6.486,6.512,6.458,6.466,5.627269999999999,10074093.0,iberdrola
2018-08-24,6.46,6.512,6.45,6.498,5.655119,9416618.0,iberdrola
2018-08-27,6.534,6.534,6.474,6.496,5.653378,5643283.0,iberdrola
2018-08-28,6.5,6.52,6.458,6.484,5.642935,12538673.0,iberdrola
2018-08-29,6.5,6.528,6.476,6.51,5.665562,7866110.0,iberdrola
2018-08-30,6.496,6.522,6.45,6.476,5.635972,10132322.0,iberdrola
2018-08-31,6.46,6.462,6.402,6.422,5.588976000000001,23773017.0,iberdrola
2018-09-03,6.398,6.438,6.38,6.404,5.573311,6574988.0,iberdrola
2018-09-04,6.444,6.444,6.358,6.396,5.56635,26404116.0,iberdrola
2018-09-05,6.384,6.396,6.33,6.342,5.519354,14170977.0,iberdrola
2018-09-06,6.324,6.326,6.27,6.3,5.4828019999999995,17046787.0,iberdrola
2018-09-07,6.29,6.33,6.206,6.252,5.441028,24701451.0,iberdrola
2018-09-10,6.3,6.34,6.21,6.308,5.489765,13624256.0,iberdrola
2018-09-11,6.3,6.322,6.236,6.322,5.5019480000000005,9906493.0,iberdrola
2018-09-12,6.306,6.306,6.224,6.262,5.449731,17892682.0,iberdrola
2018-09-13,6.262,6.31,6.238,6.246,5.435807,10160201.0,iberdrola
2018-09-14,6.248,6.286,6.228,6.25,5.4392879999999995,11823936.0,iberdrola
2018-09-17,6.234,6.352,6.234,6.326,5.5054300000000005,10930422.0,iberdrola
2018-09-18,6.358,6.396,6.316,6.364,5.5385,13775389.0,iberdrola
2018-09-19,6.35,6.364,6.3,6.354,5.529798,18556663.0,iberdrola
2018-09-20,,,,,,,iberdrola
2018-09-21,6.45,6.512,6.438,6.478,5.6377120000000005,51563973.0,iberdrola
2018-09-24,6.474,6.49,6.35,6.372,5.545462000000001,13769695.0,iberdrola
2018-09-25,6.368,6.384,6.308,6.316,5.496726,19502099.0,iberdrola
2018-09-26,6.326,6.4,6.314,6.4,5.569831,17113074.0,iberdrola
2018-09-27,6.366,6.454,6.328,6.42,5.587236,9398405.0,iberdrola
2018-09-28,6.376,6.394,6.306,6.338,5.515873,15616067.0,iberdrola
2018-10-01,6.358,6.408,6.338,6.358,5.533278,14154441.0,iberdrola
2018-10-02,6.336,6.388,6.3,6.378,5.5506839999999995,17146224.0,iberdrola
2018-10-03,6.372,6.476,6.366,6.424,5.590717,9219008.0,iberdrola
2018-10-04,6.394,6.4,6.338,6.368,5.541982,9511055.0,iberdrola
2018-10-05,6.35,6.36,6.316,6.348,5.524575,8275546.0,iberdrola
2018-10-08,6.328,6.396,6.324,6.37,5.543722,11115619.0,iberdrola
2018-10-09,6.372,6.4,6.304,6.384,5.555905,11927035.0,iberdrola
2018-10-10,6.396,6.408,6.324,6.36,5.535019,18555353.0,iberdrola
2018-10-11,6.304,6.356,6.214,6.214,5.407958,31614796.0,iberdrola
2018-10-12,6.252,6.252,5.996,6.0,5.221716000000001,27839237.0,iberdrola
2018-10-15,6.0,6.052,5.938,6.05,5.265231,11994404.0,iberdrola
2018-10-16,6.1,6.244,6.1,6.21,5.404477,15704690.0,iberdrola
2018-10-17,6.224,6.238,6.138,6.176,5.374887,9419822.0,iberdrola
2018-10-18,6.178,6.25,6.154,6.176,5.374887,13330155.0,iberdrola
2018-10-19,6.18,6.292,6.164,6.278,5.463655,29308750.0,iberdrola
2018-10-22,6.33,6.346,6.232,6.252,5.441028,11485875.0,iberdrola
2018-10-23,6.208,6.36,6.192,6.302,5.484542,18612508.0,iberdrola
2018-10-24,6.388,6.418,6.306,6.316,5.496726,17635863.0,iberdrola
2018-10-25,6.304,6.388,6.258,6.366,5.540241,18737010.0,iberdrola
2018-10-26,6.33,6.362,6.23,6.304,5.486283,31608638.0,iberdrola
2018-10-29,6.304,6.346,6.28,6.302,5.484542,16945493.0,iberdrola
2018-10-30,6.302,6.362,6.28,6.31,5.491505,8716831.0,iberdrola
2018-10-31,6.338,6.37,6.22,6.256,5.444509,16943185.0,iberdrola
2018-11-01,6.254,6.344,6.232,6.318,5.498467,10401925.0,iberdrola
2018-11-02,6.356,6.356,6.27,6.292,5.475839,16863755.0,iberdrola
2018-11-05,6.292,6.346,6.288,6.33,5.508911,15475737.0,iberdrola
2018-11-06,6.32,6.4,6.266,6.374,5.547204,12829901.0,iberdrola
2018-11-07,6.42,6.508,6.418,6.472,5.632492,14330385.0,iberdrola
2018-11-08,6.48,6.55,6.464,6.524,5.677746,10780402.0,iberdrola
2018-11-09,6.506,6.59,6.494,6.57,5.717779,11799305.0,iberdrola
2018-11-12,6.58,6.594,6.536,6.576,5.723001,9114350.0,iberdrola
2018-11-13,6.574,6.628,6.564,6.61,5.7525900000000005,10286960.0,iberdrola
2018-11-14,6.604,6.748,6.588,6.7,5.830915,18237643.0,iberdrola
2018-11-15,6.728,6.78,6.668,6.714,5.8431,16103947.0,iberdrola
2018-11-16,6.728,6.77,6.644,6.684,5.816992,22142284.0,iberdrola
2018-11-19,6.7,6.756,6.668,6.696,5.8274349999999995,8062347.0,iberdrola
2018-11-20,6.68,6.73,6.584,6.63,5.769996,12357936.0,iberdrola
2018-11-21,6.654,6.698,6.572,6.62,5.761293,14618044.0,iberdrola
2018-11-22,6.594,6.65,6.552,6.59,5.7351849999999995,16565034.0,iberdrola
2018-11-23,6.58,6.622,6.58,6.62,5.761293,8587202.0,iberdrola
2018-11-26,6.654,6.726,6.654,6.704,5.834397,14616591.0,iberdrola
2018-11-27,6.75,6.8,6.718,6.77,5.891837000000001,13897274.0,iberdrola
2018-11-28,6.796,6.802,6.696,6.696,5.8274349999999995,15033738.0,iberdrola
2018-11-29,6.73,6.748,6.578,6.602,5.745628,18820672.0,iberdrola
2018-11-30,6.556,6.632,6.534,6.59,5.7351849999999995,25046507.0,iberdrola
2018-12-03,6.696,6.702,6.61,6.618,5.7595529999999995,12710141.0,iberdrola
2018-12-04,6.634,6.664,6.58,6.634,5.773477,13296897.0,iberdrola
2018-12-05,6.608,6.65,6.59,6.644,5.78218,9575536.0,iberdrola
2018-12-06,6.592,6.632,6.518,6.532,5.684709,16406508.0,iberdrola
2018-12-07,6.552,6.64,6.55,6.596,5.740407,31741325.0,iberdrola
2018-12-10,6.572,6.63,6.538,6.566,5.714298,13344035.0,iberdrola
2018-12-11,6.59,6.742,6.556,6.702,5.832657,19752981.0,iberdrola
2018-12-12,6.718,6.87,6.718,6.846,5.957979,20742798.0,iberdrola
2018-12-13,6.898,7.046,6.898,7.008,6.098964,27500395.0,iberdrola
2018-12-14,6.972,7.038,6.956,7.03,6.118111,15746743.0,iberdrola
2018-12-17,7.0,7.172,7.0,7.098,6.177289,22691253.0,iberdrola
2018-12-18,7.122,7.14,6.958,6.968,6.064152,25163009.0,iberdrola
2018-12-19,6.972,7.13,6.968,7.052,6.137257,17585774.0,iberdrola
2018-12-20,6.994,7.118,6.956,7.024,6.112889,43957319.0,iberdrola
2018-12-21,7.026,7.054,6.942,7.01,6.1007050000000005,61303241.0,iberdrola
2018-12-24,6.992,7.086,6.956,7.038,6.125073,4680119.0,iberdrola
2018-12-27,7.024,7.08,6.754,6.822,5.937091000000001,78341105.0,iberdrola
2018-12-28,6.866,6.944,6.828,6.914,6.017158,10242315.0,iberdrola
2018-12-31,6.944,7.032,6.93,7.018,6.107667,5567024.0,iberdrola
2019-01-02,6.948,7.032,6.864,6.998,6.090261,17518650.0,iberdrola
2019-01-03,6.97,7.068,6.944,7.01,6.1007050000000005,24470524.0,iberdrola
2019-01-04,7.036,7.128,7.024,7.062,6.14596,15186132.0,iberdrola
2019-01-07,7.094,7.122,7.052,7.116,6.192955,14151358.0,iberdrola
2019-01-08,7.092,7.15,7.076,7.09,6.170328,19513524.0,iberdrola
2019-01-09,6.95,6.966,6.854,6.864,6.103635,19669304.0,iberdrola
2019-01-10,6.87,6.902,6.86,6.902,6.1374260000000005,16866776.0,iberdrola
2019-01-11,6.896,6.934,6.844,6.91,6.14454,19381512.0,iberdrola
2019-01-14,6.858,6.93,6.832,6.878,6.116085,23557285.0,iberdrola
2019-01-15,6.902,6.952,6.862,6.924,6.156989,31646567.0,iberdrola
2019-01-16,6.924,6.946,6.886,6.918,6.151655,18776758.0,iberdrola
2019-01-17,6.9,6.966,6.89,6.95,6.180109,14114538.0,iberdrola
2019-01-18,6.97,7.076,6.964,7.064,6.28148,43590135.0,iberdrola
2019-01-21,7.04,7.054,6.978,7.01,6.2334629999999995,16372654.0,iberdrola
2019-01-22,6.976,7.048,6.974,7.048,6.267253,18193906.0,iberdrola
2019-01-23,7.03,7.094,7.012,7.07,6.286816,13284127.0,iberdrola
2019-01-24,7.07,7.114,7.032,7.114,6.3259419999999995,21520582.0,iberdrola
2019-01-25,7.15,7.194,7.072,7.072,6.288595,18046695.0,iberdrola
2019-01-28,7.042,7.092,7.018,7.068,6.285038,10051075.0,iberdrola
2019-01-29,7.07,7.166,7.07,7.14,6.349062,12521379.0,iberdrola
2019-01-30,7.122,7.146,7.074,7.108,6.320606,15750946.0,iberdrola
2019-01-31,7.13,7.2,7.114,7.2,6.402415,17942759.0,iberdrola
2019-02-01,7.232,7.242,7.1,7.164,6.370403,14597614.0,iberdrola
2019-02-04,7.162,7.192,7.12,7.192,6.395301,8994917.0,iberdrola
2019-02-05,7.17,7.234,7.134,7.234,6.432649,20642476.0,iberdrola
2019-02-06,7.222,7.27,7.202,7.244,6.441541,9375185.0,iberdrola
2019-02-07,7.24,7.27,7.214,7.24,6.437983999999999,11247951.0,iberdrola
2019-02-08,7.226,7.244,7.166,7.182,6.38641,10464171.0,iberdrola
2019-02-11,7.206,7.276,7.2,7.236,6.4344269999999995,12656160.0,iberdrola
2019-02-12,7.248,7.326,7.244,7.264,6.459326,11073143.0,iberdrola
2019-02-13,7.266,7.266,7.2,7.23,6.429092,12674352.0,iberdrola
2019-02-14,7.25,7.288,7.168,7.184,6.3881879999999995,25152799.0,iberdrola
2019-02-15,7.212,7.272,7.172,7.25,6.4468760000000005,19067188.0,iberdrola
2019-02-18,7.26,7.28,7.238,7.242,6.439763,8499324.0,iberdrola
2019-02-19,7.268,7.288,7.212,7.228,6.427314,9985276.0,iberdrola
2019-02-20,7.3,7.44,7.264,7.322,6.5109,15801088.0,iberdrola
2019-02-21,7.34,7.426,7.322,7.4,6.580260000000001,15522835.0,iberdrola
2019-02-22,7.4,7.434,7.364,7.418,6.596266,12800852.0,iberdrola
2019-02-25,7.418,7.434,7.32,7.336,6.52335,15753321.0,iberdrola
2019-02-26,7.346,7.354,7.272,7.334,6.521571,16723586.0,iberdrola
2019-02-27,7.364,7.398,7.334,7.342,6.528685,16005001.0,iberdrola
2019-02-28,7.342,7.358,7.3,7.352,6.537578,16826911.0,iberdrola
2019-03-01,7.36,7.378,7.276,7.292,6.484223,17061460.0,iberdrola
2019-03-04,7.32,7.332,7.278,7.312,6.502008999999999,8684536.0,iberdrola
2019-03-05,7.298,7.372,7.29,7.35,6.535799,10608939.0,iberdrola
2019-03-06,7.362,7.39,7.32,7.376,6.558919,14548404.0,iberdrola
2019-03-07,7.382,7.646,7.382,7.636,6.790118,25371503.0,iberdrola
2019-03-08,7.572,7.676,7.548,7.548,6.7118649999999995,16781189.0,iberdrola
2019-03-11,7.578,7.594,7.534,7.588,6.747433999999999,25072927.0,iberdrola
2019-03-12,7.594,7.668,7.554,7.634,6.788338,19150149.0,iberdrola
2019-03-13,7.644,7.688,7.586,7.588,6.747433999999999,14526292.0,iberdrola
2019-03-14,7.6,7.628,7.566,7.596,6.754548,44251482.0,iberdrola
2019-03-15,7.62,7.74,7.606,7.672,6.822128999999999,57141894.0,iberdrola
2019-03-18,7.7,7.722,7.652,7.722,6.8665899999999995,12613918.0,iberdrola
2019-03-19,7.722,7.786,7.714,7.736,6.879039,8999202.0,iberdrola
2019-03-20,7.716,7.778,7.716,7.768,6.907495,16917284.0,iberdrola
2019-03-21,7.78,7.834,7.732,7.78,6.918166,12909540.0,iberdrola
2019-03-22,7.808,7.816,7.708,7.728,6.871925999999999,19887490.0,iberdrola
2019-03-25,7.71,7.772,7.706,7.77,6.909273,16202245.0,iberdrola
2019-03-26,7.77,7.8,7.744,7.766,6.905716,33864966.0,iberdrola
2019-03-27,7.776,7.884,7.696,7.884,7.010644,16660197.0,iberdrola
2019-03-28,7.87,7.912,7.854,7.854,6.983967999999999,14639087.0,iberdrola
2019-03-29,7.868,7.884,7.804,7.826,6.95907,15376854.0,iberdrola
2019-04-01,7.85,7.87,7.756,7.77,6.909273,24193279.0,iberdrola
2019-04-02,7.78,7.84,7.768,7.798,6.934171000000001,19434139.0,iberdrola
2019-04-03,7.85,7.91,7.768,7.91,7.033764,14098173.0,iberdrola
2019-04-04,7.906,7.996,7.906,7.96,7.078226,16847269.0,iberdrola
2019-04-05,7.97,7.972,7.904,7.942,7.062219,15494007.0,iberdrola
2019-04-08,7.944,7.972,7.904,7.904,7.028428999999999,12982381.0,iberdrola
2019-04-09,7.898,7.968,7.892,7.914,7.0373220000000005,11358480.0,iberdrola
2019-04-10,7.92,7.982,7.912,7.948,7.0675550000000005,11889971.0,iberdrola
2019-04-11,7.93,7.936,7.836,7.848,6.978632000000001,26579030.0,iberdrola
2019-04-12,7.83,7.884,7.754,7.754,6.895046000000001,14641892.0,iberdrola
2019-04-15,7.776,7.808,7.742,7.79,6.927058000000001,10947586.0,iberdrola
2019-04-16,7.778,7.81,7.718,7.718,6.863033000000001,11984851.0,iberdrola
2019-04-17,7.706,7.766,7.604,7.762,6.90216,12813675.0,iberdrola
2019-04-18,7.762,7.796,7.696,7.778,6.916386999999999,22400785.0,iberdrola
2019-04-23,7.78,7.838,7.764,7.838,6.96974,14309266.0,iberdrola
2019-04-24,7.808,7.816,7.756,7.812,6.946621,16676568.0,iberdrola
2019-04-25,7.9,8.154,7.9,8.148,7.245399000000001,18730675.0,iberdrola
2019-04-26,8.15,8.196,7.992,8.044,7.15292,21922145.0,iberdrola
2019-04-29,7.984,8.0,7.894,7.934,7.055105999999999,11645155.0,iberdrola
2019-04-30,7.962,8.098,7.912,8.098,7.200939,14909010.0,iberdrola
2019-05-02,8.072,8.072,7.946,7.946,7.065777000000001,17407043.0,iberdrola
2019-05-03,7.926,8.006,7.92,7.976,7.092453,8100534.0,iberdrola
2019-05-06,7.856,8.008,7.85,8.006,7.11913,8531245.0,iberdrola
2019-05-07,8.006,8.154,7.974,8.022,7.133358,13573801.0,iberdrola
2019-05-08,8.008,8.034,7.892,7.914,7.0373220000000005,12462673.0,iberdrola
2019-05-09,7.89,7.952,7.876,7.88,7.007088,12099226.0,iberdrola
2019-05-10,7.9,8.02,7.886,7.992,7.106682000000001,13188139.0,iberdrola
2019-05-13,8.02,8.076,7.974,8.062,7.168927,13087753.0,iberdrola
2019-05-14,8.1,8.114,8.02,8.114,7.215167,10926842.0,iberdrola
2019-05-15,8.098,8.192,8.06,8.192,7.284526,14570619.0,iberdrola
2019-05-16,8.16,8.22,8.124,8.214,7.304089,13692814.0,iberdrola
2019-05-17,8.2,8.228,8.152,8.18,7.273855,14415021.0,iberdrola
2019-05-20,8.198,8.23,8.124,8.174,7.26852,17747821.0,iberdrola
2019-05-21,8.156,8.194,8.092,8.16,7.256071,14082024.0,iberdrola
2019-05-22,8.174,8.308,8.132,8.3,7.380561999999999,9540349.0,iberdrola
2019-05-23,8.254,8.322,8.232,8.264,7.34855,22310468.0,iberdrola
2019-05-24,8.282,8.45,8.262,8.45,7.513945,15637958.0,iberdrola
2019-05-27,8.462,8.56,8.442,8.496,7.55485,9542794.0,iberdrola
2019-05-28,8.52,8.554,8.458,8.476,7.537066,40712169.0,iberdrola
2019-05-29,8.422,8.448,8.372,8.44,7.5050539999999994,13182008.0,iberdrola
2019-05-30,8.392,8.496,8.38,8.418,7.4854899999999995,9677326.0,iberdrola
2019-05-31,8.39,8.434,8.286,8.314,7.393012,23786529.0,iberdrola
2019-06-03,8.282,8.426,8.262,8.426,7.492603999999999,22773665.0,iberdrola
2019-06-04,8.4,8.518,8.384,8.456,7.5192820000000005,14980526.0,iberdrola
2019-06-05,8.496,8.608,8.452,8.604,7.650886,52459976.0,iberdrola
2019-06-06,8.61,8.778,8.606,8.778,7.805611999999999,19353019.0,iberdrola
2019-06-07,8.74,8.908,8.738,8.87,7.887419,15282547.0,iberdrola
2019-06-10,8.868,8.878,8.786,8.818,7.8411800000000005,9074585.0,iberdrola
2019-06-11,8.818,8.836,8.764,8.798,7.823396000000001,14040365.0,iberdrola
2019-06-12,8.768,8.89,8.768,8.89,7.905206,17181907.0,iberdrola
2019-06-13,8.9,8.948,8.866,8.9,7.914097,18059901.0,iberdrola
2019-06-14,8.94,8.958,8.91,8.958,7.9656720000000005,13310497.0,iberdrola
2019-06-17,8.934,8.96,8.866,8.9,7.914097,15839552.0,iberdrola
2019-06-18,8.912,9.126,8.88,9.068,8.063486,17391424.0,iberdrola
2019-06-19,9.05,9.05,8.892,8.91,7.922989,25472090.0,iberdrola
2019-06-20,9.0,9.028,8.878,8.904,7.917653,21789277.0,iberdrola
2019-06-21,8.93,9.0,8.906,8.95,7.958557000000001,47997690.0,iberdrola
2019-06-24,8.968,8.974,8.87,8.944,7.953222,17061755.0,iberdrola
2019-06-25,8.892,8.94,8.882,8.886,7.901648,47459808.0,iberdrola
2019-06-26,8.88,8.884,8.814,8.82,7.842957000000001,17788145.0,iberdrola
2019-06-27,8.816,8.816,8.742,8.776,7.803833,17295109.0,iberdrola
2019-06-28,8.756,8.774,8.686,8.766,7.794941000000001,21809715.0,iberdrola
2019-07-01,8.836,8.836,8.638,8.74,7.77182,17479315.0,iberdrola
2019-07-02,8.776,8.928,8.758,8.886,7.901648,27504858.0,iberdrola
2019-07-03,8.946,9.052,8.922,9.002,8.004799,22703513.0,iberdrola
2019-07-04,8.846,8.848,8.68,8.732,7.9411380000000005,15187458.0,iberdrola
2019-07-05,8.71,8.764,8.564,8.63,7.848375999999999,19684905.0,iberdrola
2019-07-08,8.57,8.618,8.512,8.592,7.8138179999999995,16949894.0,iberdrola
2019-07-09,8.568,8.644,8.55,8.594,7.815635,23911728.0,iberdrola
2019-07-10,8.56,8.624,8.504,8.614,7.833825999999999,16002889.0,iberdrola
2019-07-11,8.57,8.634,8.552,8.592,7.8138179999999995,25399570.0,iberdrola
2019-07-12,8.6,8.602,8.508,8.55,7.775622,11192226.0,iberdrola
2019-07-15,8.57,8.64,8.542,8.564,7.788353999999999,12540321.0,iberdrola
2019-07-16,8.566,8.596,8.53,8.566,7.790172999999999,15363882.0,iberdrola
2019-07-17,8.566,8.612,8.544,8.574,7.797447,11570651.0,iberdrola
2019-07-18,8.538,8.654,8.534,8.614,7.833825999999999,15152481.0,iberdrola
2019-07-19,8.644,8.67,8.512,8.512,7.7410630000000005,11973090.0,iberdrola
2019-07-22,8.51,8.546,8.462,8.516,7.744699000000001,13675237.0,iberdrola
2019-07-23,8.536,8.588,8.476,8.564,7.788353999999999,9607007.0,iberdrola
2019-07-24,8.65,8.68,8.586,8.64,7.857469999999999,13818243.0,iberdrola
2019-07-25,8.64,8.746,8.568,8.64,7.857469999999999,13009181.0,iberdrola
2019-07-26,8.662,8.678,8.582,8.592,7.8138179999999995,8605532.0,iberdrola
2019-07-29,8.568,8.658,8.568,8.638,7.85565,8558786.0,iberdrola
2019-07-30,8.652,8.658,8.496,8.52,7.748339,13843522.0,iberdrola
2019-07-31,8.52,8.576,8.416,8.57,7.7938089999999995,18108070.0,iberdrola
2019-08-01,8.522,8.642,8.512,8.618,7.8374630000000005,9579637.0,iberdrola
2019-08-02,8.566,8.726,8.548,8.66,7.8756580000000005,18420110.0,iberdrola
2019-08-05,8.67,8.74,8.628,8.642,7.8592889999999995,12906333.0,iberdrola
2019-08-06,8.642,8.754,8.624,8.7,7.912035,14125224.0,iberdrola
2019-08-07,8.73,8.848,8.724,8.788,7.992066,17020266.0,iberdrola
2019-08-08,8.85,8.878,8.76,8.804,8.006617,11220525.0,iberdrola
2019-08-09,8.764,8.844,8.734,8.818,8.019347,20740809.0,iberdrola
2019-08-12,8.844,8.912,8.804,8.894,8.088466,8212584.0,iberdrola
2019-08-13,8.868,9.016,8.864,8.932,8.123022,13663685.0,iberdrola
2019-08-14,8.93,8.988,8.854,8.926,8.117566,21972950.0,iberdrola
2019-08-15,8.95,9.13,8.94,9.13,8.30309,19092206.0,iberdrola
2019-08-16,9.122,9.316,9.122,9.246,8.408585,20751845.0,iberdrola
2019-08-19,9.3,9.364,9.25,9.298,8.455875,10995261.0,iberdrola
2019-08-20,9.27,9.344,9.268,9.286,8.444962,13426522.0,iberdrola
2019-08-21,9.3,9.358,9.292,9.338,8.492252,15017228.0,iberdrola
2019-08-22,9.338,9.404,9.276,9.314,8.470425,10475913.0,iberdrola
2019-08-23,9.34,9.346,9.242,9.26,8.421317,15862999.0,iberdrola
2019-08-26,9.208,9.298,9.182,9.262,8.423136,5654883.0,iberdrola
2019-08-27,9.254,9.306,9.22,9.304,8.46133,16128920.0,iberdrola
2019-08-28,9.288,9.328,9.25,9.316,8.472242999999999,16942548.0,iberdrola
2019-08-29,9.292,9.406,9.29,9.356,8.50862,9610256.0,iberdrola
2019-08-30,9.384,9.438,9.352,9.352,8.504984,10565149.0,iberdrola
2019-09-02,9.35,9.466,9.34,9.442,8.586833,7698053.0,iberdrola
2019-09-03,9.414,9.526,9.414,9.526,8.663225,11560974.0,iberdrola
2019-09-04,9.55,9.572,9.442,9.498,8.637761,13359387.0,iberdrola
2019-09-05,9.51,9.522,9.398,9.438,8.583195,12033830.0,iberdrola
2019-09-06,9.416,9.448,9.324,9.428,8.5741,15107663.0,iberdrola
2019-09-09,9.388,9.414,9.172,9.23,8.394033,17306672.0,iberdrola
2019-09-10,9.192,9.214,9.076,9.196,8.363112,22205363.0,iberdrola
2019-09-11,9.232,9.254,9.06,9.194,8.361293,22038976.0,iberdrola
2019-09-12,9.232,9.444,9.18,9.308,8.464969,20051680.0,iberdrola
2019-09-13,9.308,9.312,9.206,9.21,8.375844,13611286.0,iberdrola
2019-09-16,9.2,9.298,9.156,9.156,8.326736,19200497.0,iberdrola
2019-09-17,9.176,9.296,9.16,9.27,8.430411,22955101.0,iberdrola
2019-09-18,9.294,9.344,9.222,9.32,8.475881,16067419.0,iberdrola
2019-09-19,9.334,9.354,9.272,9.332,8.486794999999999,9551827.0,iberdrola
2019-09-20,9.36,9.446,9.272,9.272,8.432229,63687471.0,iberdrola
2019-09-23,9.35,9.394,9.282,9.35,8.503165,13914757.0,iberdrola
2019-09-24,9.352,9.436,9.312,9.436,8.581375,14814148.0,iberdrola
2019-09-25,9.428,9.444,9.352,9.388,8.537723,18316150.0,iberdrola
2019-09-26,9.374,9.486,9.362,9.48,8.62139,11243833.0,iberdrola
2019-09-27,9.49,9.52,9.392,9.418,8.565005000000001,9990548.0,iberdrola
2019-09-30,9.426,9.54,9.398,9.536,8.672319,12573589.0,iberdrola
2019-10-01,9.532,9.578,9.382,9.42,8.566824,10803136.0,iberdrola
2019-10-02,9.446,9.448,9.302,9.31,8.466788000000001,14024166.0,iberdrola
2019-10-03,9.294,9.374,9.268,9.3,8.457692,9377973.0,iberdrola
2019-10-04,9.306,9.422,9.27,9.388,8.537723,12201209.0,iberdrola
2019-10-07,9.344,9.448,9.344,9.424,8.570462,11115371.0,iberdrola
2019-10-08,9.424,9.464,9.332,9.332,8.486794999999999,14390588.0,iberdrola
2019-10-09,9.35,9.426,9.31,9.352,8.504984,9213393.0,iberdrola
2019-10-10,9.346,9.35,9.248,9.298,8.455875,11648174.0,iberdrola
2019-10-11,9.288,9.288,9.164,9.214,8.379482000000001,18702042.0,iberdrola
2019-10-14,9.2,9.3,9.174,9.254,8.41586,20064292.0,iberdrola
2019-10-15,9.226,9.264,9.154,9.156,8.326736,17731870.0,iberdrola
2019-10-16,9.15,9.16,9.02,9.16,8.330373,28142642.0,iberdrola
2019-10-17,9.15,9.222,9.07,9.094,8.27035,15938982.0,iberdrola
2019-10-18,9.044,9.134,9.044,9.122,8.295815,24646703.0,iberdrola
2019-10-21,9.128,9.15,9.03,9.06,8.239429,18009675.0,iberdrola
2019-10-22,9.038,9.12,9.028,9.106,8.281264,10997563.0,iberdrola
2019-10-23,9.08,9.156,9.062,9.132,8.304910000000001,12308664.0,iberdrola
2019-10-24,9.164,9.248,9.144,9.204,8.370389,18657550.0,iberdrola
2019-10-25,9.226,9.246,9.17,9.216,8.381300999999999,8955220.0,iberdrola
2019-10-28,9.198,9.204,9.124,9.182,8.350381,9578373.0,iberdrola
2019-10-29,9.194,9.218,9.072,9.15,8.32128,22993339.0,iberdrola
2019-10-30,9.196,9.196,9.08,9.128,8.301271,23099173.0,iberdrola
2019-10-31,9.154,9.258,9.154,9.208,8.374025,18425867.0,iberdrola
2019-11-01,9.26,9.26,9.138,9.176,8.344923,9736250.0,iberdrola
2019-11-04,9.18,9.18,9.108,9.136,8.308548,12557092.0,iberdrola
2019-11-05,9.12,9.122,9.026,9.04,8.221242,21384651.0,iberdrola
2019-11-06,9.04,9.048,8.954,9.048,8.228518,16049605.0,iberdrola
2019-11-07,9.04,9.048,8.87,8.876,8.072096,20197702.0,iberdrola
2019-11-08,8.858,8.99,8.85,8.968,8.155762,15855653.0,iberdrola
2019-11-11,8.95,8.982,8.89,8.898,8.092102,20050275.0,iberdrola
2019-11-12,8.906,8.928,8.864,8.868,8.06482,16414049.0,iberdrola
2019-11-13,8.848,8.86,8.766,8.836,8.035718,20137208.0,iberdrola
2019-11-14,8.838,8.938,8.802,8.802,8.004798,22377112.0,iberdrola
2019-11-15,8.83,8.858,8.802,8.82,8.021166000000001,34057037.0,iberdrola
2019-11-18,8.804,8.93,8.784,8.93,8.121203999999999,10241283.0,iberdrola
2019-11-19,8.944,8.98,8.898,8.914,8.106653,11405136.0,iberdrola
2019-11-20,8.894,8.96,8.87,8.898,8.092102,12305383.0,iberdrola
2019-11-21,8.876,8.93,8.834,8.868,8.06482,12482453.0,iberdrola
2019-11-22,8.874,8.908,8.842,8.874,8.070276,12023371.0,iberdrola
2019-11-25,8.866,8.946,8.854,8.898,8.092102,11875429.0,iberdrola
2019-11-26,8.878,8.898,8.81,8.896,8.090284,31460608.0,iberdrola
2019-11-27,8.902,8.978,8.894,8.928,8.119386,14080856.0,iberdrola
2019-11-28,8.92,8.97,8.892,8.916,8.108473,4632612.0,iberdrola
2019-11-29,8.906,8.956,8.904,8.928,8.119386,9417881.0,iberdrola
2019-12-02,8.918,8.922,8.576,8.594,7.815635,25161114.0,iberdrola
2019-12-03,8.63,8.684,8.566,8.6,7.821094,31207411.0,iberdrola
2019-12-04,8.626,8.708,8.582,8.672,7.886571000000001,9783856.0,iberdrola
2019-12-05,8.674,8.772,8.664,8.664,7.879296000000001,13357246.0,iberdrola
2019-12-06,8.7,8.818,8.656,8.772,7.9775149999999995,9803246.0,iberdrola
2019-12-09,8.768,8.818,8.746,8.794,7.997522,12831962.0,iberdrola
2019-12-10,8.8,8.822,8.712,8.792,7.995703,15498287.0,iberdrola
2019-12-11,8.814,8.95,8.794,8.948,8.137574,24229528.0,iberdrola
2019-12-12,8.95,8.96,8.886,8.91,8.103017,14469496.0,iberdrola
2019-12-13,8.926,9.012,8.854,8.998,8.183045,15298974.0,iberdrola
2019-12-16,9.04,9.1,9.024,9.08,8.257617999999999,16609755.0,iberdrola
2019-12-17,9.09,9.184,9.074,9.158,8.328553999999999,17057992.0,iberdrola
2019-12-18,9.164,9.234,9.146,9.164,8.334012,25106237.0,iberdrola
2019-12-19,9.168,9.208,9.084,9.12,8.293997000000001,24474103.0,iberdrola
2019-12-20,9.162,9.268,9.12,9.268,8.428592,45916026.0,iberdrola
2019-12-23,9.248,9.28,9.22,9.28,8.439506,11777143.0,iberdrola
2019-12-24,9.22,9.284,9.208,9.246,8.408585,2303761.0,iberdrola
2019-12-25,9.246,9.246,9.246,9.246,8.408585,0.0,iberdrola
2019-12-27,9.3,9.346,9.25,9.322,8.4777,10213215.0,iberdrola
2019-12-30,9.3,9.338,9.282,9.284,8.443143,11050938.0,iberdrola
2019-12-31,9.216,9.25,9.174,9.18,8.348561,6724758.0,iberdrola
2020-01-02,9.208,9.262,9.184,9.22,8.384939,11454601.0,iberdrola
2020-01-03,9.15,9.194,9.116,9.178,8.346744000000001,12836478.0,iberdrola
2020-01-06,9.124,9.168,9.076,9.132,8.304910000000001,9389610.0,iberdrola
2020-01-07,9.116,9.122,8.954,8.954,8.143031,24582731.0,iberdrola
2020-01-08,8.944,9.008,8.906,8.984,8.170313,30429993.0,iberdrola
2020-01-09,8.872,8.902,8.812,8.83,8.183289,14049918.0,iberdrola
2020-01-10,8.912,9.034,8.85,8.984,8.326008999999999,19852386.0,iberdrola
2020-01-13,8.982,9.042,8.926,9.0,8.340836999999999,12868643.0,iberdrola
2020-01-14,9.01,9.032,8.942,9.032,8.370493,17922055.0,iberdrola
2020-01-15,9.014,9.22,8.99,9.21,8.535457000000001,23724166.0,iberdrola
2020-01-16,9.226,9.356,9.202,9.312,8.629987,16817092.0,iberdrola
2020-01-17,9.32,9.422,9.314,9.404,8.715247999999999,31154112.0,iberdrola
2020-01-20,9.38,9.45,9.378,9.45,8.757878,13980299.0,iberdrola
2020-01-21,9.384,9.43,9.36,9.426,8.735636999999999,39974859.0,iberdrola
2020-01-22,9.416,9.478,9.398,9.456,8.76344,17131154.0,iberdrola
2020-01-23,9.446,9.686,9.44,9.668,8.959913,20750831.0,iberdrola
2020-01-24,9.692,9.896,9.692,9.886,9.161945,16931356.0,iberdrola
2020-01-27,9.8,9.93,9.794,9.804,9.085952,15706538.0,iberdrola
2020-01-28,9.84,9.886,9.792,9.848,9.126729,13305235.0,iberdrola
2020-01-29,9.858,9.898,9.81,9.87,9.147117,13241846.0,iberdrola
2020-01-30,9.828,10.01,9.824,9.9,9.174921000000001,21323053.0,iberdrola
2020-01-31,9.91,9.948,9.796,9.87,9.147117,12526167.0,iberdrola
2020-02-03,9.898,9.962,9.866,9.902,9.176774,12789816.0,iberdrola
2020-02-04,9.916,9.966,9.89,9.946,9.217551,10609904.0,iberdrola
2020-02-05,9.95,10.205,9.9,10.2,9.452949,36973276.0,iberdrola
2020-02-06,10.2,10.38,10.16,10.38,9.619765,16717956.0,iberdrola
2020-02-07,10.325,10.5,10.275,10.275,9.522454,46243080.0,iberdrola
2020-02-10,10.26,10.38,10.22,10.38,9.619765,12444925.0,iberdrola
2020-02-11,10.395,10.51,10.34,10.505,9.735610000000001,18895745.0,iberdrola
2020-02-12,10.54,10.615,10.42,10.43,9.666103,13892270.0,iberdrola
2020-02-13,10.43,10.595,10.365,10.59,9.814385000000001,66708825.0,iberdrola
2020-02-14,10.57,10.865,10.56,10.855,10.059975999999999,19711372.0,iberdrola
2020-02-17,10.86,11.065,10.83,11.06,10.249963000000001,10017624.0,iberdrola
2020-02-18,10.985,11.14,10.965,11.115,10.300933,12811492.0,iberdrola
2020-02-19,11.07,11.345,11.025,11.22,10.398244,19806956.0,iberdrola
2020-02-20,11.195,11.295,11.035,11.035,10.226792999999999,17520401.0,iberdrola
2020-02-21,10.99,11.235,10.98,11.18,10.361172999999999,19632655.0,iberdrola
2020-02-24,10.935,11.14,10.88,10.93,10.129484,19311493.0,iberdrola
2020-02-25,10.87,11.02,10.66,10.66,9.879257,23811728.0,iberdrola
2020-02-26,10.66,11.215,10.55,11.205,10.384342,29475409.0,iberdrola
2020-02-27,11.07,11.285,10.73,10.77,9.981202,37751299.0,iberdrola
2020-02-28,10.39,10.505,10.14,10.32,9.564159,48178445.0,iberdrola
2020-03-02,10.51,10.73,10.245,10.725,9.939498,29551372.0,iberdrola
2020-03-03,10.785,10.995,10.74,10.805,10.013638,30726597.0,iberdrola
2020-03-04,10.79,11.2,10.715,11.195,10.375074,25436588.0,iberdrola
2020-03-05,11.2,11.255,10.925,11.06,10.249963000000001,27931370.0,iberdrola
2020-03-06,10.9,10.93,10.47,10.595,9.819019,30875506.0,iberdrola
2020-03-09,9.89,10.395,9.764,9.892,9.167507,41253941.0,iberdrola
2020-03-10,9.96,10.145,9.336,9.336,8.652229,40653526.0,iberdrola
2020-03-11,9.746,9.794,9.316,9.486,8.791244,49913938.0,iberdrola
2020-03-12,9.008,9.162,8.008,8.152,7.554945,65237950.0,iberdrola
2020-03-13,8.282,9.272,8.226,8.56,7.933063000000001,42825865.0,iberdrola
2020-03-16,8.136,8.38,7.76,8.232,7.629086,51624713.0,iberdrola
2020-03-17,8.588,9.2,8.52,9.062,8.398296,36336357.0,iberdrola
2020-03-18,8.882,8.98,8.456,8.714,8.075785,33921715.0,iberdrola
2020-03-19,8.774,9.014,8.528,8.93,8.275965,25190684.0,iberdrola
2020-03-20,9.212,9.5,8.74,8.74,8.099879,45182223.0,iberdrola
2020-03-23,8.434,8.764,8.25,8.392,7.777367,26812555.0,iberdrola
2020-03-24,8.356,8.88,8.344,8.808,8.162899000000001,29270918.0,iberdrola
2020-03-25,9.12,9.2,8.414,9.126,8.457609,25462706.0,iberdrola
2020-03-26,8.9,9.106,8.75,9.106,8.439075,15864097.0,iberdrola
2020-03-27,8.87,9.01,8.7,8.826,8.179582,22533448.0,iberdrola
2020-03-30,8.802,8.878,8.5,8.71,8.072076,19180883.0,iberdrola
2020-03-31,8.78,8.984,8.662,8.984,8.326008999999999,19398419.0,iberdrola
2020-04-01,8.754,8.912,8.688,8.77,8.127683,22069542.0,iberdrola
2020-04-02,8.768,8.866,8.432,8.788,8.144364,17708914.0,iberdrola
2020-04-03,8.888,9.058,8.792,9.05,8.387176,39878172.0,iberdrola
2020-04-06,9.188,9.234,9.016,9.086,8.420539,11312452.0,iberdrola
2020-04-07,9.148,9.22,8.964,9.046,8.383467,16990989.0,iberdrola
2020-04-08,8.946,8.998,8.78,8.922,8.268550999999999,17842995.0,iberdrola
2020-04-09,8.928,9.158,8.78,9.108,8.440928,11180834.0,iberdrola
2020-04-14,9.22,9.22,8.96,9.084,8.418685,17002056.0,iberdrola
2020-04-15,9.01,9.104,8.812,8.9,8.24816,28546871.0,iberdrola
2020-04-16,9.032,9.072,8.872,8.892,8.240747,8875328.0,iberdrola
2020-04-17,8.94,9.14,8.91,8.984,8.326008999999999,14883692.0,iberdrola
2020-04-20,9.0,9.026,8.836,8.986,8.327863,8405585.0,iberdrola
2020-04-21,8.9,8.984,8.744,8.744,8.103587,10809085.0,iberdrola
2020-04-22,8.83,8.994,8.792,8.994,8.335278,10729807.0,iberdrola
2020-04-23,8.952,9.07,8.85,8.85,8.201823,10044672.0,iberdrola
2020-04-24,8.7,8.852,8.656,8.726,8.086905,11213496.0,iberdrola
2020-04-27,8.89,8.91,8.772,8.908,8.255576,7512418.0,iberdrola
2020-04-28,8.878,9.076,8.84,9.076,8.411271000000001,9244927.0,iberdrola
2020-04-29,8.91,9.396,8.906,9.348,8.663349,16878349.0,iberdrola
2020-04-30,9.374,9.398,9.086,9.14,8.470585,16038120.0,iberdrola
2020-05-04,8.9,9.13,8.876,8.946,8.290792,18024292.0,iberdrola
2020-05-05,8.97,9.028,8.812,8.964,8.307473,31112921.0,iberdrola
2020-05-06,8.884,9.034,8.858,8.894,8.2426,28598725.0,iberdrola
2020-05-07,8.962,8.964,8.812,8.838,8.190702,13931383.0,iberdrola
2020-05-08,8.854,8.904,8.772,8.8,8.155485,18513021.0,iberdrola
2020-05-11,8.814,8.854,8.626,8.648,8.014617999999999,12348736.0,iberdrola
2020-05-12,8.676,8.814,8.648,8.746,8.105441,14789239.0,iberdrola
2020-05-13,8.6,8.762,8.6,8.694,8.057248,12925827.0,iberdrola
2020-05-14,8.6,8.712,8.402,8.546,7.920088000000001,16144732.0,iberdrola
2020-05-15,8.55,8.638,8.496,8.502,7.879311,14760279.0,iberdrola
2020-05-18,8.61,8.984,8.55,8.964,8.307473,19082058.0,iberdrola
2020-05-19,9.056,9.072,8.818,8.91,8.257429,19813308.0,iberdrola
2020-05-20,8.9,9.086,8.87,8.978,8.320447999999999,17468818.0,iberdrola
2020-05-21,8.918,9.004,8.88,8.942,8.287086,7379120.0,iberdrola
2020-05-22,8.82,9.068,8.774,9.038,8.376054,13372382.0,iberdrola
2020-05-25,9.07,9.156,8.974,9.144,8.474291000000001,7186373.0,iberdrola
2020-05-26,9.3,9.314,9.172,9.252,8.574380999999999,14177174.0,iberdrola
2020-05-27,9.218,9.604,9.206,9.604,8.9006,25830953.0,iberdrola
2020-05-28,9.59,9.66,9.502,9.618,8.913575,17646502.0,iberdrola
2020-05-29,9.612,9.844,9.578,9.688,8.978447000000001,72090240.0,iberdrola
2020-06-01,9.75,9.79,9.62,9.7,8.989569,12109073.0,iberdrola
2020-06-02,9.766,9.932,9.692,9.932,9.204577,16812450.0,iberdrola
2020-06-03,9.976,10.14,9.838,10.115,9.374174,17010750.0,iberdrola
2020-06-04,10.025,10.135,9.94,9.958,9.228672999999999,21867617.0,iberdrola
2020-06-05,10.005,10.135,9.93,10.03,9.295399,18420683.0,iberdrola
2020-06-08,9.9,10.16,9.876,10.13,9.388076,17711374.0,iberdrola
2020-06-09,10.065,10.19,9.97,10.15,9.40661,18695393.0,iberdrola
2020-06-10,10.235,10.27,9.986,9.986,9.254622,10163760.0,iberdrola
2020-06-11,9.91,9.996,9.68,9.682,8.972888000000001,29640784.0,iberdrola
2020-06-12,9.69,9.886,9.614,9.75,9.035907,32401111.0,iberdrola
2020-06-15,9.5,9.81,9.402,9.712,9.000689999999999,12993260.0,iberdrola
2020-06-16,9.858,10.09,9.762,10.01,9.276864999999999,33111448.0,iberdrola
2020-06-17,9.962,10.155,9.946,10.015,9.281498,31777640.0,iberdrola
2020-06-18,10.015,10.085,9.866,9.962,9.232380000000001,25081474.0,iberdrola
2020-06-19,10.015,10.245,9.982,10.19,9.443681,69395760.0,iberdrola
2020-06-22,10.09,10.135,10.005,10.13,9.388076,11423102.0,iberdrola
2020-06-23,10.19,10.315,10.145,10.285,9.531723,14317202.0,iberdrola
2020-06-24,10.235,10.25,9.998,9.998,9.265744,8437712.0,iberdrola
2020-06-25,10.0,10.185,9.904,10.11,9.369539999999999,12880011.0,iberdrola
2020-06-26,10.13,10.23,10.015,10.04,9.304667,14924236.0,iberdrola
2020-06-29,10.045,10.225,10.03,10.18,9.434415,11725696.0,iberdrola
2020-06-30,10.22,10.455,10.2,10.32,9.564159,26430563.0,iberdrola
2020-07-01,10.345,10.495,10.265,10.36,9.601231,15034125.0,iberdrola
2020-07-02,10.405,10.735,10.405,10.72,9.934865,13573435.0,iberdrola
2020-07-03,10.755,10.79,10.7,10.73,9.944132000000002,11293698.0,iberdrola
2020-07-06,10.885,10.945,10.75,10.82,10.027538999999999,10661944.0,iberdrola
2020-07-07,10.81,10.905,10.765,10.835,10.041441,18061124.0,iberdrola
2020-07-08,10.57,10.775,10.515,10.72,10.152244999999999,14378185.0,iberdrola
2020-07-09,10.695,10.76,10.56,10.6,10.038601,19714630.0,iberdrola
2020-07-10,10.565,10.745,10.555,10.73,10.161715,9590908.0,iberdrola
2020-07-13,10.785,10.84,10.685,10.8,10.228007,8762235.0,iberdrola
2020-07-14,10.635,10.82,10.6,10.82,10.246947,18677093.0,iberdrola
2020-07-15,10.85,11.0,10.745,11.0,10.417415,15306718.0,iberdrola
2020-07-16,10.85,11.05,10.805,11.04,10.455297,20538990.0,iberdrola
2020-07-17,11.05,11.15,11.03,11.085,10.497913,11471422.0,iberdrola
2020-07-20,11.095,11.25,11.06,11.24,10.644703999999999,15435292.0,iberdrola
2020-07-21,11.31,11.515,11.26,11.27,10.673116,16062279.0,iberdrola
2020-07-22,11.16,11.245,11.06,11.11,10.521589,10802004.0,iberdrola
2020-07-23,11.1,11.185,10.995,11.085,10.497913,16550223.0,iberdrola
2020-07-24,10.905,11.09,10.8,11.045,10.460032,12544602.0,iberdrola
2020-07-27,11.0,11.115,10.895,11.0,10.417415,11377753.0,iberdrola
2020-07-28,10.995,11.09,10.915,11.065,10.478971000000001,10620319.0,iberdrola
2020-07-29,11.1,11.14,11.04,11.095,10.507383,10382065.0,iberdrola
2020-07-30,11.06,11.105,10.81,10.925,10.346388000000001,19392555.0,iberdrola
2020-07-31,10.975,11.1,10.91,10.92,10.341650999999999,14260488.0,iberdrola
2020-08-03,10.87,11.15,10.86,11.09,10.502649,12997573.0,iberdrola
2020-08-04,11.115,11.145,10.93,11.0,10.417415,8503549.0,iberdrola
2020-08-05,11.055,11.12,10.865,10.865,10.289565,9189386.0,iberdrola
2020-08-06,10.865,10.92,10.77,10.85,10.275360000000001,9039618.0,iberdrola
2020-08-07,10.81,10.895,10.755,10.87,10.294299,5767201.0,iberdrola
2020-08-10,10.9,10.95,10.83,10.9,10.322711,5591843.0,iberdrola
2020-08-11,10.91,11.05,10.88,10.965,10.384269,15531627.0,iberdrola
2020-08-12,10.955,11.16,10.885,11.135,10.545264999999999,11546589.0,iberdrola
2020-08-13,11.1,11.125,10.975,11.07,10.483707,7475279.0,iberdrola
2020-08-14,10.96,11.03,10.9,10.97,10.389004,6321057.0,iberdrola
2020-08-17,10.95,10.98,10.855,10.925,10.346388000000001,7259885.0,iberdrola
2020-08-18,10.895,11.17,10.775,10.805,10.232742,9426685.0,iberdrola
2020-08-19,10.8,10.845,10.69,10.825,10.251683,5614585.0,iberdrola
2020-08-20,10.725,10.81,10.705,10.795,10.223272999999999,8200421.0,iberdrola
2020-08-21,10.78,10.88,10.71,10.815,10.242213000000001,8492634.0,iberdrola
2020-08-24,10.895,10.995,10.865,10.915,10.336917,7066062.0,iberdrola
2020-08-25,10.955,11.01,10.84,10.895,10.317977,8080249.0,iberdrola
2020-08-26,10.885,10.89,10.795,10.825,10.251683,6294588.0,iberdrola
2020-08-27,10.835,10.88,10.73,10.76,10.190126,11358586.0,iberdrola
2020-08-28,10.78,10.81,10.66,10.7,10.133303999999999,6129416.0,iberdrola
2020-08-31,10.74,10.82,10.52,10.55,9.991247999999999,14568839.0,iberdrola
2020-09-01,10.655,10.705,10.525,10.55,9.991247999999999,10452939.0,iberdrola
2020-09-02,10.575,10.75,10.55,10.7,10.133303999999999,12967574.0,iberdrola
2020-09-03,10.78,10.895,10.61,10.685,10.119099,10744944.0,iberdrola
2020-09-04,10.615,10.705,10.425,10.465,9.91075,18208416.0,iberdrola
2020-09-07,10.48,10.705,10.45,10.67,10.104892999999999,10912907.0,iberdrola
2020-09-08,10.665,10.695,10.395,10.49,9.934425,13590927.0,iberdrola
2020-09-09,10.51,10.68,10.51,10.625,10.062275,7464259.0,iberdrola
2020-09-10,10.625,10.7,10.51,10.61,10.04807,8273518.0,iberdrola
2020-09-11,10.65,10.705,10.535,10.6,10.038601,6559004.0,iberdrola
2020-09-14,10.67,10.685,10.535,10.55,9.991247999999999,6091598.0,iberdrola
2020-09-15,10.56,10.735,10.545,10.675,10.109628,13421825.0,iberdrola
2020-09-16,10.63,10.68,10.545,10.63,10.067011,12516419.0,iberdrola
2020-09-17,10.53,10.59,10.48,10.54,9.981777000000001,9764719.0,iberdrola
2020-09-18,10.53,10.555,10.45,10.45,9.896544,48380745.0,iberdrola
2020-09-21,10.45,10.495,10.31,10.41,9.858663,17364380.0,iberdrola
2020-09-22,10.455,10.49,10.3,10.32,9.773429,10181504.0,iberdrola
2020-09-23,10.42,10.44,10.325,10.33,9.7829,8587585.0,iberdrola
2020-09-24,10.25,10.425,10.245,10.35,9.801841,7897526.0,iberdrola
2020-09-25,10.3,10.39,10.205,10.385,9.834987,9741316.0,iberdrola
2020-09-28,10.445,10.545,10.42,10.48,9.924955,9888609.0,iberdrola
2020-09-29,10.48,10.66,10.46,10.53,9.972307,7965070.0,iberdrola
2020-09-30,10.5,10.67,10.485,10.51,9.953367,16465431.0,iberdrola
2020-10-01,10.62,10.72,10.535,10.695,10.128568,9210515.0,iberdrola
2020-10-02,10.625,10.715,10.595,10.715,10.14751,10633365.0,iberdrola
2020-10-05,10.75,10.8,10.625,10.7,10.133303999999999,6151742.0,iberdrola
2020-10-06,10.725,10.78,10.61,10.665,10.100158,9964064.0,iberdrola
2020-10-07,10.695,10.865,10.68,10.83,10.256419000000001,10402486.0,iberdrola
2020-10-08,10.87,10.93,10.81,10.83,10.256419000000001,7165001.0,iberdrola
2020-10-09,10.845,10.875,10.705,10.8,10.228007,5875715.0,iberdrola
2020-10-12,10.865,11.11,10.825,11.07,10.483707,10518794.0,iberdrola
2020-10-13,11.11,11.26,11.1,11.145,10.554736,11260037.0,iberdrola
2020-10-14,11.18,11.315,11.12,11.27,10.673116,8456809.0,iberdrola
2020-10-15,11.205,11.225,11.0,11.015,10.431621,15343860.0,iberdrola
2020-10-16,11.04,11.115,11.0,11.06,10.474236999999999,13142104.0,iberdrola
2020-10-19,11.065,11.115,10.89,10.945,10.365328,10221508.0,iberdrola
2020-10-20,10.95,11.04,10.93,10.965,10.384269,15293689.0,iberdrola
2020-10-21,10.905,10.985,10.705,10.78,10.209067,13190810.0,iberdrola
2020-10-22,10.79,10.805,10.655,10.735,10.16645,17858643.0,iberdrola
2020-10-23,10.695,10.77,10.66,10.705,10.138039,15840189.0,iberdrola
2020-10-26,10.665,10.77,10.65,10.68,10.114363,8583322.0,iberdrola
2020-10-27,10.69,10.695,10.535,10.6,10.038601,10809829.0,iberdrola
2020-10-28,10.505,10.55,10.24,10.335,9.787635,27254925.0,iberdrola
2020-10-29,10.295,10.395,10.13,10.22,9.678726,17862121.0,iberdrola
2020-10-30,10.1,10.28,10.075,10.125,9.588757000000001,13346521.0,iberdrola
2020-11-02,10.16,10.45,10.105,10.37,9.820781,9403045.0,iberdrola
2020-11-03,10.47,10.63,10.35,10.595,10.033864999999999,13643646.0,iberdrola
2020-11-04,10.415,10.705,10.295,10.68,10.114363,15757243.0,iberdrola
2020-11-05,10.77,11.04,10.745,11.0,10.417415,15972055.0,iberdrola
2020-11-06,10.98,11.035,10.84,10.98,10.398474,10345554.0,iberdrola
2020-11-09,11.08,11.39,10.935,11.065,10.478971000000001,26780569.0,iberdrola
2020-11-10,11.025,11.17,10.85,11.06,10.474236999999999,20658301.0,iberdrola
2020-11-11,11.08,11.385,11.08,11.355,10.753613,15961161.0,iberdrola
2020-11-12,11.36,11.565,11.355,11.445,10.838846,16997017.0,iberdrola
2020-11-13,11.44,11.525,11.4,11.415,10.810435,11635887.0,iberdrola
2020-11-16,11.5,11.505,11.31,11.35,10.748878,11023885.0,iberdrola
2020-11-17,11.345,11.435,11.22,11.31,10.710998,10306089.0,iberdrola
2020-11-18,11.27,11.355,11.245,11.33,10.729938,18918226.0,iberdrola
2020-11-19,11.285,11.45,11.24,11.36,10.758348,17743022.0,iberdrola
2020-11-20,11.37,11.495,11.3,11.445,10.838846,15571845.0,iberdrola
2020-11-23,11.44,11.45,11.335,11.335,10.734672999999999,10510977.0,iberdrola
2020-11-24,11.38,11.425,11.19,11.275,10.67785,11961327.0,iberdrola
2020-11-25,11.28,11.34,11.205,11.3,10.701527,12719354.0,iberdrola
2020-11-26,11.37,11.375,11.285,11.295,10.696792,8995894.0,iberdrola
2020-11-27,11.3,11.5,11.285,11.47,10.862523,13542091.0,iberdrola
2020-11-30,11.385,11.535,11.34,11.445,10.838846,25972671.0,iberdrola
2020-12-01,11.44,11.445,11.295,11.325,10.725202000000001,17727225.0,iberdrola
2020-12-02,11.24,11.38,11.215,11.3,10.701527,13957821.0,iberdrola
2020-12-03,11.33,11.4,11.23,11.26,10.663644999999999,10792281.0,iberdrola
2020-12-04,11.245,11.315,11.155,11.2,10.606822,17697454.0,iberdrola
2020-12-07,11.115,11.25,11.005,11.21,10.616292999999999,11337303.0,iberdrola
2020-12-08,11.23,11.245,11.15,11.23,10.635234,7575084.0,iberdrola
2020-12-09,11.245,11.275,11.175,11.24,10.644703999999999,10742144.0,iberdrola
2020-12-10,11.28,11.375,11.245,11.3,10.701527,7851746.0,iberdrola
2020-12-11,11.26,11.32,11.135,11.25,10.654175,10091525.0,iberdrola
2020-12-14,11.26,11.365,11.235,11.285,10.687321,14280480.0,iberdrola
2020-12-15,11.27,11.285,11.195,11.215,10.621029,33476462.0,iberdrola
2020-12-16,11.265,11.35,11.165,11.26,10.663644999999999,10508373.0,iberdrola
2020-12-17,11.25,11.435,11.23,11.395,10.791495,13193801.0,iberdrola
2020-12-18,11.38,11.49,11.365,11.41,10.8057,48926348.0,iberdrola
2020-12-21,11.31,11.345,11.155,11.235,10.639968,33671157.0,iberdrola
2020-12-22,11.235,11.365,11.225,11.32,10.720467999999999,18843870.0,iberdrola
2020-12-23,11.33,11.5,11.33,11.475,10.867258999999999,10085706.0,iberdrola
2020-12-24,11.485,11.485,11.43,11.47,10.862523,1247598.0,iberdrola
2020-12-28,11.5,11.69,11.495,11.685,11.066137,55001001.0,iberdrola
2020-12-29,11.7,11.83,11.7,11.74,11.118222,8552647.0,iberdrola
2020-12-30,11.78,11.79,11.715,11.74,11.118222,9918636.0,iberdrola
2020-12-31,11.7,11.765,11.7,11.7,11.080342,3706050.0,iberdrola
2021-01-04,11.8,11.945,11.79,11.905,11.274484,14213672.0,iberdrola
2021-01-05,11.85,11.91,11.7,11.72,11.099283,22599400.0,iberdrola
2021-01-06,11.84,12.235,11.775,12.23,11.582272,16654420.0,iberdrola
2021-01-07,12.32,12.405,12.22,12.285,11.634358,19134778.0,iberdrola
2021-01-08,12.345,12.57,12.305,12.505,11.842707,13474949.0,iberdrola
2021-01-11,12.355,12.435,12.23,12.41,11.752739,28081523.0,iberdrola
2021-01-12,12.24,12.265,11.995,11.995,11.51561,15210809.0,iberdrola
2021-01-13,11.945,12.19,11.885,12.11,11.626014,13239333.0,iberdrola
2021-01-14,12.115,12.115,11.94,12.005,11.525210000000001,14072810.0,iberdrola
2021-01-15,11.95,12.015,11.9,11.915,11.438807,20899434.0,iberdrola
2021-01-18,11.87,11.915,11.805,11.89,11.414806,7822839.0,iberdrola
2021-01-19,11.92,11.945,11.8,11.82,11.347603999999999,9352778.0,iberdrola
2021-01-20,11.815,11.835,11.65,11.73,11.261201,22524251.0,iberdrola
2021-01-21,11.8,11.87,11.7,11.7,11.2324,11031061.0,iberdrola
2021-01-22,11.67,11.715,11.585,11.66,11.193997999999999,11872424.0,iberdrola
2021-01-25,11.7,11.72,11.465,11.685,11.217999,10757580.0,iberdrola
2021-01-26,11.67,11.77,11.545,11.615,11.150796000000001,9726564.0,iberdrola
2021-01-27,11.61,11.61,11.25,11.36,10.905988,18886373.0,iberdrola
2021-01-28,11.28,11.47,11.11,11.425,10.96839,15180894.0,iberdrola
2021-01-29,11.29,11.375,11.185,11.185,10.737983,16052150.0,iberdrola
2021-02-01,11.105,11.315,11.105,11.275,10.824385000000001,7888822.0,iberdrola
2021-02-02,11.295,11.375,11.22,11.265,10.814785,13517181.0,iberdrola
2021-02-03,11.285,11.495,11.285,11.375,10.920389,11287148.0,iberdrola
2021-02-04,11.32,11.365,11.24,11.31,10.857987,7572054.0,iberdrola
2021-02-05,11.31,11.36,11.18,11.25,10.800385,9118294.0,iberdrola
2021-02-08,11.185,11.3,11.05,11.05,10.608377,9762425.0,iberdrola
2021-02-09,11.04,11.065,10.805,10.88,10.445172,18352968.0,iberdrola
2021-02-10,10.94,11.005,10.73,10.775,10.344367,12724155.0,iberdrola
2021-02-11,10.855,10.925,10.735,10.775,10.344367,6748373.0,iberdrola
2021-02-12,10.785,10.86,10.71,10.805,10.373169,7380497.0,iberdrola
2021-02-15,10.815,10.85,10.71,10.755,10.325168,9466586.0,iberdrola
2021-02-16,10.765,10.82,10.595,10.595,10.171562,9837154.0,iberdrola
2021-02-17,10.58,10.71,10.505,10.7,10.272366,11324790.0,iberdrola
2021-02-18,10.705,10.75,10.585,10.585,10.161961999999999,12555802.0,iberdrola
2021-02-19,10.555,10.625,10.44,10.51,10.089959,24420021.0,iberdrola
2021-02-22,10.5,10.5,10.265,10.29,9.878751,13826429.0,iberdrola
2021-02-23,10.3,10.3,10.08,10.255,9.84515,11789454.0,iberdrola
2021-02-24,10.26,10.51,10.23,10.395,9.979556,13807797.0,iberdrola
2021-02-25,10.44,10.445,10.16,10.29,9.878751,24710253.0,iberdrola
2021-02-26,10.32,10.535,10.2,10.425,10.008357,21485960.0,iberdrola
2021-03-01,10.495,10.575,10.29,10.405,9.989155,13777787.0,iberdrola
2021-03-02,10.405,10.52,10.36,10.365,9.950754,14012942.0,iberdrola
2021-03-03,10.395,10.4,10.01,10.01,9.609942,19803362.0,iberdrola
2021-03-04,10.045,10.39,10.03,10.305,9.893152,14267101.0,iberdrola
2021-03-05,10.26,10.29,10.13,10.185,9.777948,12289064.0,iberdrola
2021-03-08,10.17,10.42,10.055,10.4,9.984355,12543072.0,iberdrola
2021-03-09,10.45,10.775,10.41,10.7,10.272366,19282120.0,iberdrola
2021-03-10,10.705,10.74,10.585,10.725,10.296367,13074982.0,iberdrola
2021-03-11,10.75,10.895,10.72,10.875,10.440372,14613126.0,iberdrola
2021-03-12,10.84,10.85,10.71,10.75,10.320367999999998,7213028.0,iberdrola
2021-03-15,10.795,10.825,10.67,10.76,10.329967,21453699.0,iberdrola
2021-03-16,10.8,10.905,10.73,10.905,10.469172,9058002.0,iberdrola
2021-03-17,10.91,10.94,10.68,10.68,10.253164,9158336.0,iberdrola
2021-03-18,10.65,10.775,10.575,10.67,10.243565,16377592.0,iberdrola
2021-03-19,10.76,10.895,10.72,10.895,10.459572999999999,29895975.0,iberdrola
2021-03-22,10.83,10.84,10.715,10.79,10.358768,8213227.0,iberdrola
2021-03-23,10.76,11.065,10.735,10.99,10.550775999999999,15151989.0,iberdrola
2021-03-24,10.97,10.98,10.795,10.925,10.488374,9840202.0,iberdrola
2021-03-25,10.935,11.03,10.9,10.98,10.541175,7818810.0,iberdrola
2021-03-26,10.98,11.015,10.865,10.975,10.536375,9671651.0,iberdrola
2021-03-29,11.0,11.055,10.925,11.035,10.593976,10025383.0,iberdrola
2021-03-30,10.99,11.01,10.83,10.895,10.459572999999999,7991985.0,iberdrola
2021-03-31,10.905,10.99,10.87,10.985,10.545975,21660732.0,iberdrola
2021-04-01,11.0,11.035,10.87,11.035,10.593976,11232311.0,iberdrola
2021-04-06,11.24,11.33,11.165,11.295,10.843586,20490728.0,iberdrola
2021-04-07,11.35,11.35,11.225,11.245,10.795584,9638266.0,iberdrola
2021-04-08,11.275,11.535,11.235,11.535,11.073994,13829802.0,iberdrola
2021-04-09,11.58,11.59,11.465,11.51,11.049994,10409436.0,iberdrola
2021-04-12,11.47,11.555,11.41,11.43,10.973191,9325494.0,iberdrola
2021-04-13,11.455,11.515,11.3,11.45,10.992391,11208677.0,iberdrola
2021-04-14,11.47,11.47,11.33,11.39,10.934789,8755844.0,iberdrola
2021-04-15,11.43,11.535,11.37,11.52,11.059594,14134978.0,iberdrola
2021-04-16,11.51,11.68,11.41,11.585,11.121996000000001,35988259.0,iberdrola
2021-04-19,11.555,11.65,11.555,11.605,11.141196,9567518.0,iberdrola
2021-04-20,11.6,11.63,11.39,11.425,10.96839,11355449.0,iberdrola
2021-04-21,11.45,11.545,11.35,11.43,10.973191,7082132.0,iberdrola
2021-04-22,11.5,11.715,11.48,11.67,11.203599,15599002.0,iberdrola
2021-04-23,11.605,11.74,11.6,11.695,11.227599,7888501.0,iberdrola
2021-04-26,11.655,11.69,11.54,11.56,11.097996,6477329.0,iberdrola
2021-04-27,11.58,11.59,11.43,11.58,11.117194999999999,11927058.0,iberdrola
2021-04-28,11.46,11.48,11.32,11.365,10.910789,16136847.0,iberdrola
2021-04-29,11.375,11.455,11.325,11.36,10.905988,6008956.0,iberdrola
2021-04-30,11.36,11.395,11.235,11.235,10.785984,14661889.0,iberdrola
2021-05-03,11.25,11.405,11.24,11.39,10.934789,3983299.0,iberdrola
2021-05-04,11.405,11.425,11.18,11.18,10.733182000000001,11292363.0,iberdrola
2021-05-05,11.18,11.37,11.18,11.365,10.910789,10212759.0,iberdrola
2021-05-06,11.46,11.495,11.285,11.34,10.886787,11044435.0,iberdrola
2021-05-07,11.4,11.565,11.335,11.52,11.059594,7130747.0,iberdrola
2021-05-10,11.52,11.56,11.43,11.47,11.011592,5834708.0,iberdrola
2021-05-11,11.4,11.47,11.11,11.19,10.742782,14295842.0,iberdrola
2021-05-12,11.11,11.28,11.1,11.135,10.689981,13844852.0,iberdrola
2021-05-13,11.085,11.22,10.89,11.175,10.728382,7896301.0,iberdrola
2021-05-14,11.25,11.33,11.2,11.285,10.833985,8496738.0,iberdrola
2021-05-17,11.295,11.435,11.185,11.32,10.867586,8779061.0,iberdrola
2021-05-18,11.365,11.43,11.255,11.31,10.857987,8043007.0,iberdrola
2021-05-19,11.29,11.37,11.19,11.27,10.819586,8174988.0,iberdrola
2021-05-20,11.28,11.47,11.245,11.47,11.011592,8778190.0,iberdrola
2021-05-21,11.475,11.57,11.46,11.55,11.088394000000001,11857488.0,iberdrola
2021-05-24,11.53,11.555,11.425,11.465,11.006791999999999,15967457.0,iberdrola
2021-05-25,11.45,11.52,11.425,11.485,11.025991000000001,19034101.0,iberdrola
2021-05-26,11.515,11.54,11.37,11.41,10.95399,5700907.0,iberdrola
2021-05-27,11.4,11.4,11.28,11.295,10.843586,40152270.0,iberdrola
2021-05-28,11.305,11.365,11.25,11.305,10.853187,6803399.0,iberdrola
2021-05-31,11.19,11.215,10.995,10.995,10.555575,17304513.0,iberdrola
2021-06-01,10.995,11.075,10.875,10.92,10.483573,10726423.0,iberdrola
2021-06-02,10.865,10.88,10.705,10.775,10.344367,11642108.0,iberdrola
2021-06-03,10.78,10.795,10.65,10.67,10.243565,10860589.0,iberdrola
2021-06-04,10.67,10.735,10.58,10.61,10.185962,11084337.0,iberdrola
2021-06-07,10.6,10.67,10.585,10.64,10.214764,21465817.0,iberdrola
2021-06-08,10.665,10.75,10.66,10.695,10.267565,7976552.0,iberdrola
2021-06-09,10.685,10.765,10.645,10.665,10.238764999999999,11385862.0,iberdrola
2021-06-10,10.725,10.76,10.525,10.54,10.11876,34792268.0,iberdrola
2021-06-11,10.59,10.715,10.575,10.695,10.267565,8643745.0,iberdrola
2021-06-14,10.72,10.85,10.715,10.82,10.387569000000001,16634516.0,iberdrola
2021-06-15,10.865,10.875,10.76,10.825,10.392369,5608439.0,iberdrola
2021-06-16,10.83,11.025,10.83,10.95,10.512374000000001,13496216.0,iberdrola
2021-06-17,10.84,10.87,10.665,10.82,10.387569000000001,14330070.0,iberdrola
2021-06-18,10.805,10.885,10.635,10.73,10.301167,30344518.0,iberdrola
2021-06-21,10.675,10.865,10.64,10.845,10.411571,7370332.0,iberdrola
2021-06-22,10.78,10.855,10.72,10.81,10.37797,7668706.0,iberdrola
2021-06-23,10.785,10.815,10.425,10.425,10.008357,12012466.0,iberdrola
2021-06-24,10.48,10.55,10.41,10.47,10.051558,18045777.0,iberdrola
2021-06-25,10.465,10.475,10.195,10.355,9.941153,16120959.0,iberdrola
2021-06-28,10.21,10.365,10.21,10.345,9.931554,8342031.0,iberdrola
2021-06-29,10.325,10.48,10.32,10.455,10.037157,11080208.0,iberdrola
2021-06-30,10.41,10.42,10.23,10.28,9.869150999999999,20392805.0,iberdrola
2021-07-01,10.315,10.45,10.295,10.36,9.945953999999999,10477755.0,iberdrola
2021-07-02,10.38,10.5,10.345,10.475,10.056358,9564181.0,iberdrola
2021-07-05,10.49,10.515,10.4,10.43,10.013157000000001,6521310.0,iberdrola
2021-07-06,10.375,10.63,10.365,10.57,10.147561,8977251.0,iberdrola
2021-07-07,10.58,10.745,10.525,10.68,10.253164,11334336.0,iberdrola
2021-07-08,10.36,10.415,10.17,10.21,10.040746,17522003.0,iberdrola
2021-07-09,10.2,10.3,10.175,10.28,10.109585000000001,12084486.0,iberdrola
2021-07-12,10.28,10.47,10.28,10.415,10.242348,11433074.0,iberdrola
2021-07-13,10.405,10.425,10.32,10.39,10.217761999999999,11221602.0,iberdrola
2021-07-14,10.31,10.32,10.225,10.3,10.129254,13598864.0,iberdrola
2021-07-15,10.25,10.38,10.21,10.23,10.060413,7491587.0,iberdrola
2021-07-16,10.275,10.34,10.21,10.295,10.124336999999999,10259981.0,iberdrola
2021-07-19,10.255,10.28,10.095,10.13,9.962072000000001,11777693.0,iberdrola
2021-07-20,10.135,10.275,10.11,10.14,9.971907,9496491.0,iberdrola
2021-07-21,10.105,10.26,10.1,10.21,10.040746,15975338.0,iberdrola
2021-07-22,10.265,10.37,10.22,10.365,10.193176,7416513.0,iberdrola
2021-07-23,10.39,10.5,10.275,10.425,10.252182000000001,8221629.0,iberdrola
2021-07-26,10.37,10.4,10.305,10.355,10.183342,6580240.0,iberdrola
2021-07-27,10.3,10.39,10.165,10.235,10.065331,7732585.0,iberdrola
2021-07-28,10.27,10.33,10.205,10.3,10.129254,5314943.0,iberdrola
2021-07-29,10.315,10.395,10.29,10.345,10.173508,7921051.0,iberdrola
2021-07-30,10.25,10.31,10.16,10.16,9.991574,12449651.0,iberdrola
2021-08-02,10.175,10.225,10.12,10.17,10.001408999999999,4724417.0,iberdrola
2021-08-03,10.17,10.295,10.165,10.27,10.099751,8495302.0,iberdrola
2021-08-04,10.29,10.3,10.18,10.23,10.060413,9272158.0,iberdrola
2021-08-05,10.26,10.32,10.135,10.18,10.011244,6150746.0,iberdrola
2021-08-06,10.2,10.2,10.145,10.165,9.996491,5191159.0,iberdrola
2021-08-09,10.145,10.225,10.14,10.18,10.011244,4246712.0,iberdrola
2021-08-10,10.185,10.23,10.145,10.16,9.991574,5311971.0,iberdrola
2021-08-11,10.175,10.21,10.145,10.2,10.030911,6333424.0,iberdrola
2021-08-12,10.18,10.23,10.12,10.135,9.96699,5484016.0,iberdrola
2021-08-13,10.115,10.15,10.06,10.15,9.98174,12074105.0,iberdrola
2021-08-16,10.09,10.22,10.075,10.21,10.040746,5622034.0,iberdrola
2021-08-17,10.2,10.29,10.145,10.27,10.099751,6390515.0,iberdrola
2021-08-18,10.27,10.48,10.26,10.45,10.276767,11772655.0,iberdrola
2021-08-19,10.36,10.715,10.355,10.655,10.478369,13512541.0,iberdrola
2021-08-20,10.71,10.83,10.66,10.76,10.581629,16923033.0,iberdrola
2021-08-23,10.815,10.87,10.615,10.67,10.49312,9220157.0,iberdrola
2021-08-24,10.62,10.66,10.47,10.58,10.404612,8996740.0,iberdrola
2021-08-25,10.57,10.62,10.51,10.53,10.355441,8797384.0,iberdrola
2021-08-26,10.5,10.525,10.405,10.475,10.301353,11179392.0,iberdrola
2021-08-27,10.455,10.49,10.405,10.45,10.276767,5748976.0,iberdrola
2021-08-30,10.445,10.47,10.4,10.45,10.276767,5251302.0,iberdrola
2021-08-31,10.43,10.605,10.42,10.495,10.321021,11879531.0,iberdrola
2021-09-01,10.515,10.695,10.515,10.585,10.40953,10357027.0,iberdrola
2021-09-02,10.55,10.665,10.55,10.625,10.448866,8276369.0,iberdrola
2021-09-03,10.61,10.67,10.46,10.555,10.380027,11292885.0,iberdrola
2021-09-06,10.5,10.535,10.405,10.415,10.242348,6988604.0,iberdrola
2021-09-07,10.4,10.4,10.285,10.38,10.207927999999999,11008302.0,iberdrola
2021-09-08,10.32,10.375,10.15,10.35,10.178425,12448155.0,iberdrola
2021-09-09,10.26,10.315,10.2,10.275,10.104667999999998,10504093.0,iberdrola
2021-09-10,10.275,10.285,10.03,10.07,9.903067,14817935.0,iberdrola
2021-09-13,10.11,10.285,10.095,10.255,10.085,9436161.0,iberdrola
2021-09-14,10.08,10.19,10.04,10.08,9.912901,18445956.0,iberdrola
2021-09-15,10.01,10.045,9.486,9.496,9.338582,26771193.0,iberdrola
2021-09-16,9.5,9.508,9.172,9.37,9.21467,29504918.0,iberdrola
2021-09-17,9.43,9.534,9.354,9.354,9.198936,48169878.0,iberdrola
2021-09-20,9.28,9.334,9.14,9.262,9.108461,21749717.0,iberdrola
2021-09-21,9.344,9.458,9.3,9.334,9.179267,14504922.0,iberdrola
2021-09-22,9.266,9.408,9.242,9.254,9.100594000000001,15801628.0,iberdrola
2021-09-23,9.326,9.418,9.294,9.3,9.145831,10113730.0,iberdrola
2021-09-24,9.268,9.298,9.17,9.218,9.065191,9066171.0,iberdrola
2021-09-27,9.27,9.272,9.182,9.196,9.043555,8693549.0,iberdrola
2021-09-28,9.2,9.212,8.98,8.98,8.831136,14888370.0,iberdrola
2021-09-29,9.006,9.084,8.894,8.934,8.785898,15076434.0,iberdrola
2021-09-30,8.982,8.996,8.684,8.684,8.540042999999999,15100852.0,iberdrola
2021-10-01,8.626,8.786,8.586,8.728,8.583313,11647076.0,iberdrola
2021-10-04,8.75,8.8,8.634,8.638,8.494804,11474213.0,iberdrola
2021-10-05,8.684,8.812,8.612,8.788,8.642319,13260370.0,iberdrola
2021-10-06,8.796,8.854,8.644,8.798,8.652153,11994405.0,iberdrola
2021-10-07,9.3,9.45,9.156,9.414,9.257941,26371497.0,iberdrola
2021-10-08,9.652,9.652,9.278,9.436,9.279575999999999,20245668.0,iberdrola
2021-10-11,9.466,9.482,9.24,9.276,9.122228999999999,9732951.0,iberdrola
2021-10-12,9.204,9.376,9.15,9.36,9.204836,10468300.0,iberdrola
2021-10-13,9.318,9.532,9.216,9.482,9.324815,17053763.0,iberdrola
2021-10-14,9.516,9.772,9.446,9.592,9.43299,20188598.0,iberdrola
2021-10-15,9.62,9.654,9.404,9.448,9.291378,24706474.0,iberdrola
2021-10-18,9.442,9.504,9.292,9.394,9.238273,7984880.0,iberdrola
2021-10-19,9.5,9.696,9.478,9.646,9.486094999999999,11426731.0,iberdrola
2021-10-20,9.544,9.866,9.544,9.834,9.670978999999999,18343985.0,iberdrola
2021-10-21,9.74,9.836,9.73,9.752,9.590338000000001,15852787.0,iberdrola
2021-10-22,9.684,9.82,9.656,9.716,9.554935,13272278.0,iberdrola
2021-10-25,9.742,9.772,9.622,9.65,9.490028,8520266.0,iberdrola
2021-10-26,9.682,9.928,9.68,9.886,9.722116,14562407.0,iberdrola
2021-10-27,9.9,10.095,9.876,10.05,9.883398,14756066.0,iberdrola
2021-10-28,10.095,10.28,9.984,10.25,10.080083,26932723.0,iberdrola
2021-10-29,10.24,10.25,10.145,10.215,10.045663000000001,15576013.0,iberdrola
2021-11-01,10.165,10.325,10.165,10.295,10.124336999999999,13851283.0,iberdrola
2021-11-02,10.305,10.335,10.24,10.295,10.124336999999999,18360289.0,iberdrola
2021-11-03,10.295,10.305,10.095,10.14,9.971907,14392946.0,iberdrola
2021-11-04,10.07,10.225,9.994,10.205,10.035829,10088188.0,iberdrola
2021-11-05,10.2,10.33,10.165,10.275,10.104667999999998,10477490.0,iberdrola
2021-11-08,10.29,10.335,10.115,10.135,9.96699,8657795.0,iberdrola
2021-11-09,10.1,10.14,10.01,10.1,9.93257,9161349.0,iberdrola
2021-11-10,10.05,10.195,10.03,10.16,9.991574,6506059.0,iberdrola
2021-11-11,10.15,10.195,10.08,10.125,9.957155,16402502.0,iberdrola
2021-11-12,10.025,10.1,10.0,10.07,9.903067,6751794.0,iberdrola
2021-11-15,10.055,10.2,9.988,10.195,10.025994,7162507.0,iberdrola
2021-11-16,10.15,10.225,10.125,10.19,10.021077,6864672.0,iberdrola
2021-11-17,10.215,10.22,10.135,10.195,10.025994,6312043.0,iberdrola
2021-11-18,10.2,10.21,10.085,10.16,9.991574,8168436.0,iberdrola
2021-11-19,10.2,10.2,10.03,10.09,9.922735000000001,16369648.0,iberdrola
2021-11-22,10.03,10.105,9.906,10.025,9.858812,9190844.0,iberdrola
2021-11-23,9.978,10.055,9.864,10.04,9.873564,21330115.0,iberdrola
2021-11-24,10.05,10.185,10.025,10.085,9.917817999999999,10257358.0,iberdrola
2021-11-25,10.085,10.295,10.085,10.265,10.094834,11241461.0,iberdrola
2021-11-26,9.984,10.18,9.908,9.946,9.781122,19748774.0,iberdrola
2021-11-29,9.942,10.065,9.898,9.916,9.751619999999999,10016805.0,iberdrola
2021-11-30,9.898,10.035,9.688,9.904,9.739819,56338346.0,iberdrola
2021-12-01,9.896,10.08,9.87,10.06,9.893232000000001,13603622.0,iberdrola
2021-12-02,9.86,9.92,9.63,9.63,9.470361,22198647.0,iberdrola
2021-12-03,9.706,9.768,9.618,9.694,9.533299000000001,29619675.0,iberdrola
2021-12-06,9.76,9.962,9.726,9.962,9.796857000000001,11349104.0,iberdrola
2021-12-07,9.972,10.085,9.95,10.06,9.893232000000001,9951105.0,iberdrola
2021-12-08,10.05,10.12,9.98,10.01,9.844062,10183551.0,iberdrola
2021-12-09,10.03,10.035,9.842,9.866,9.702449,9385518.0,iberdrola
2021-12-10,9.806,9.872,9.704,9.738,9.576571000000001,8661584.0,iberdrola
2021-12-13,9.702,9.82,9.68,9.804,9.641475999999999,22750510.0,iberdrola
2021-12-14,9.87,9.882,9.75,9.75,9.588371,11139472.0,iberdrola
2021-12-15,9.74,9.828,9.734,9.782,9.619841000000001,7473701.0,iberdrola
2021-12-16,9.868,9.966,9.81,9.878,9.71425,10655923.0,iberdrola
2021-12-17,9.916,9.948,9.662,9.748,9.586405000000001,40721754.0,iberdrola
2021-12-20,9.572,9.762,9.494,9.738,9.576571000000001,34678966.0,iberdrola
2021-12-21,9.792,9.936,9.724,9.9,9.735885000000001,25550081.0,iberdrola
2021-12-22,9.906,9.944,9.816,9.944,9.779156,5745510.0,iberdrola
2021-12-23,9.938,10.085,9.916,10.08,9.912901,6618825.0,iberdrola
2021-12-27,10.06,10.155,10.005,10.03,9.863729,5529024.0,iberdrola
2021-12-28,10.04,10.32,10.0,10.29,10.119419,7228174.0,iberdrola
2021-12-29,10.33,10.33,10.225,10.285,10.114502,5413653.0,iberdrola
2021-12-30,10.31,10.465,10.29,10.41,10.237430999999999,9249684.0,iberdrola
2022-01-03,10.38,10.505,10.38,10.445,10.27185,8281229.0,iberdrola
2022-01-04,10.5,10.52,10.33,10.385,10.212845,9869738.0,iberdrola
2022-01-05,10.38,10.405,10.29,10.315,10.144005,12421625.0,iberdrola
2022-01-06,10.225,10.275,10.18,10.25,10.080083,12555060.0,iberdrola
2022-01-07,10.21,10.315,10.13,10.255,10.085,12965678.0,iberdrola
2022-01-10,10.145,10.145,9.896,10.02,10.02,10722150.0,iberdrola
2022-01-11,9.99,10.06,9.966,10.025,10.025,14101927.0,iberdrola
2022-01-12,10.05,10.055,9.948,9.99,9.99,18614818.0,iberdrola
2022-01-13,9.97,10.15,9.954,10.01,10.01,10892929.0,iberdrola
2022-01-14,9.95,9.964,9.786,9.932,9.932,12449056.0,iberdrola
2022-01-17,10.005,10.085,9.93,10.045,10.045,7248657.0,iberdrola
2022-01-18,10.005,10.02,9.92,9.956,9.956,8597975.0,iberdrola
2022-01-19,9.892,10.0,9.866,9.996,9.996,9645676.0,iberdrola
2022-01-20,10.03,10.26,10.02,10.22,10.22,11703858.0,iberdrola
2022-01-21,10.11,10.225,10.065,10.145,10.145,43303025.0,iberdrola
2022-01-24,10.095,10.175,9.92,9.97,9.97,16061572.0,iberdrola
2022-01-25,10.17,10.17,9.896,9.91,9.91,11423143.0,iberdrola
2022-01-26,9.95,10.095,9.946,10.0,10.0,9021364.0,iberdrola
2022-01-27,9.89,10.21,9.85,10.195,10.195,19518250.0,iberdrola
2022-01-28,10.155,10.185,10.015,10.12,10.12,11111268.0,iberdrola
2022-01-31,10.165,10.25,10.065,10.16,10.16,11329061.0,iberdrola
2022-02-01,10.22,10.335,10.19,10.21,10.21,9973993.0,iberdrola
2022-02-02,10.305,10.305,10.095,10.145,10.145,8390377.0,iberdrola
2022-02-03,10.135,10.215,9.87,9.902,9.902,20631363.0,iberdrola
2022-02-04,9.912,9.974,9.606,9.7,9.7,13170676.0,iberdrola
2022-02-07,9.75,9.77,9.476,9.498,9.498,19301933.0,iberdrola
2022-02-08,9.502,9.628,9.36,9.394,9.394,16607315.0,iberdrola
2022-02-09,9.468,9.594,9.466,9.558,9.558,8112833.0,iberdrola
2022-02-10,9.574,9.63,9.472,9.552,9.552,9950369.0,iberdrola
2022-02-11,9.45,9.51,9.376,9.444,9.444,8533001.0,iberdrola
2022-02-14,9.3,9.34,9.11,9.144,9.144,10668383.0,iberdrola
2022-02-15,9.106,9.402,9.09,9.402,9.402,10473256.0,iberdrola
2022-02-16,9.35,9.432,9.288,9.414,9.414,18877136.0,iberdrola
2022-02-17,9.402,9.506,9.378,9.408,9.408,30377607.0,iberdrola
2022-02-18,9.426,9.45,9.216,9.29,9.29,11875480.0,iberdrola
2022-02-21,9.356,9.364,9.066,9.12,9.12,6691842.0,iberdrola
2022-02-22,9.0,9.272,8.96,9.224,9.224,12906455.0,iberdrola
2022-02-23,9.24,9.534,9.24,9.344,9.344,18877960.0,iberdrola
2022-02-24,8.988,9.48,8.93,9.432,9.432,33791347.0,iberdrola
2022-02-25,9.508,9.976,9.416,9.924,9.924,21531450.0,iberdrola
2022-02-28,9.8,10.24,9.796,10.18,10.18,34879207.0,iberdrola
2022-03-01,10.16,10.26,9.552,9.552,9.552,24155537.0,iberdrola
2022-03-02,9.522,9.742,9.366,9.576,9.576,32433476.0,iberdrola
2022-03-03,9.494,9.552,9.01,9.066,9.066,18573239.0,iberdrola
2022-03-04,9.068,9.268,8.918,8.96,8.96,17793605.0,iberdrola
2022-03-07,8.78,9.266,8.472,9.19,9.19,23361083.0,iberdrola
2022-03-08,9.164,9.744,9.13,9.44,9.44,28301967.0,iberdrola
2022-03-09,9.792,9.8,9.482,9.8,9.8,22519452.0,iberdrola
2022-03-10,9.73,9.816,9.438,9.67,9.67,24127765.0,iberdrola
2022-03-11,9.742,10.02,9.656,9.824,9.824,15528580.0,iberdrola
2022-03-14,9.93,10.055,9.82,9.86,9.86,13353805.0,iberdrola
2022-03-15,9.798,9.928,9.652,9.85,9.85,23915871.0,iberdrola
2022-03-16,9.96,10.015,9.688,9.774,9.774,20055500.0,iberdrola
2022-03-17,9.722,9.814,9.568,9.806,9.806,13993124.0,iberdrola
2022-03-18,9.762,9.878,9.658,9.75,9.75,27526442.0,iberdrola
2022-03-21,9.75,9.84,9.686,9.756,9.756,21289854.0,iberdrola
2022-03-22,9.772,9.824,9.572,9.822,9.822,11086845.0,iberdrola
2022-03-23,9.806,9.834,9.484,9.484,9.484,19276885.0,iberdrola
2022-03-24,9.536,9.628,9.436,9.544,9.544,22204392.0,iberdrola
2022-03-25,9.526,9.63,9.48,9.536,9.536,6556492.0,iberdrola
2022-03-28,9.558,9.808,9.558,9.752,9.752,12508626.0,iberdrola
2022-03-29,9.82,10.04,9.762,9.982,9.982,23662983.0,iberdrola
2022-03-30,9.904,9.984,9.818,9.938,9.938,8892934.0,iberdrola
2022-03-31,9.95,10.045,9.878,9.92,9.92,10870374.0,iberdrola
2022-04-01,9.954,9.99,9.842,9.914,9.914,16055040.0,iberdrola
2022-04-04,9.97,10.03,9.854,10.03,10.03,9241457.0,iberdrola
2022-04-05,10.0,10.49,9.966,10.485,10.485,20524418.0,iberdrola
2022-04-06,10.45,10.745,10.43,10.745,10.745,18527464.0,iberdrola
2022-04-07,10.72,10.85,10.485,10.495,10.495,17587247.0,iberdrola
2022-04-08,10.59,10.825,10.57,10.815,10.815,12445451.0,iberdrola
2022-04-11,10.65,10.715,10.51,10.57,10.57,13000133.0,iberdrola
2022-04-12,10.4,10.545,10.28,10.48,10.48,19069930.0,iberdrola
2022-04-13,10.32,10.49,10.32,10.39,10.39,11943532.0,iberdrola
2022-04-14,10.35,10.57,10.29,10.505,10.505,18633074.0,iberdrola
2022-04-19,10.42,10.505,10.335,10.465,10.465,9764157.0,iberdrola
2022-04-20,10.47,10.685,10.41,10.62,10.62,10985368.0,iberdrola
2022-04-21,10.625,10.735,10.45,10.52,10.52,16111484.0,iberdrola
2022-04-22,10.39,10.595,10.375,10.435,10.435,50291361.0,iberdrola
2022-04-25,10.34,10.655,10.34,10.585,10.585,11997144.0,iberdrola
2022-04-26,10.695,10.76,10.495,10.545,10.545,20122492.0,iberdrola
