2017-04-27,12.66,12.825,12.495,12.825,12.825,1030030.0,indra
2017-04-28,12.78,12.85,12.585,12.585,12.585,769417.0,indra
2017-05-02,12.58,12.8,12.555,12.8,12.8,538812.0,indra
2017-05-03,12.715,12.83,12.615,12.62,12.62,800245.0,indra
2017-05-04,12.63,12.87,12.575,12.865,12.865,706863.0,indra
2017-05-05,12.81,13.085,12.81,12.995,12.995,1263142.0,indra
2017-05-08,13.015,13.08,12.895,13.015,13.015,881888.0,indra
2017-05-09,13.0,13.145,12.965,13.06,13.06,655674.0,indra
2017-05-10,13.0,13.015,12.85,12.89,12.89,701237.0,indra
2017-05-11,12.88,12.96,12.725,12.75,12.75,1076136.0,indra
2017-05-12,12.155,12.24,11.815,12.2,12.2,3755667.0,indra
2017-05-15,12.245,12.245,11.97,12.065,12.065,977929.0,indra
2017-05-16,12.1,12.225,12.065,12.15,12.15,1148417.0,indra
2017-05-17,12.1,12.16,11.955,12.015,12.015,1027778.0,indra
2017-05-18,12.0,12.045,11.675,11.755,11.755,1486929.0,indra
2017-05-19,11.825,12.05,11.75,12.0,12.0,681456.0,indra
2017-05-22,12.0,12.08,11.98,12.075,12.075,495654.0,indra
2017-05-23,12.12,12.205,12.065,12.07,12.07,524250.0,indra
2017-05-24,12.085,12.09,11.985,12.03,12.03,578107.0,indra
2017-05-25,12.055,12.14,12.0,12.125,12.125,437813.0,indra
2017-05-26,12.13,12.21,12.06,12.155,12.155,364851.0,indra
2017-05-29,12.195,12.2,12.1,12.185,12.185,303204.0,indra
2017-05-30,12.125,12.37,12.095,12.36,12.36,475633.0,indra
2017-05-31,12.335,12.42,12.255,12.35,12.35,474559.0,indra
2017-06-01,12.61,12.99,12.61,12.96,12.96,1622030.0,indra
2017-06-02,12.985,13.03,12.865,12.865,12.865,594323.0,indra
2017-06-05,12.89,12.955,12.745,12.745,12.745,411955.0,indra
2017-06-06,12.76,12.97,12.685,12.97,12.97,700920.0,indra
2017-06-07,12.94,13.05,12.8,13.0,13.0,1136600.0,indra
2017-06-08,12.93,13.235,12.92,13.23,13.23,1635137.0,indra
2017-06-09,13.225,13.27,13.035,13.055,13.055,861284.0,indra
2017-06-12,12.83,12.995,12.7,12.87,12.87,731967.0,indra
2017-06-13,12.825,13.25,12.82,13.21,13.21,1087826.0,indra
2017-06-14,13.23,13.445,13.1,13.14,13.14,1266041.0,indra
2017-06-15,13.095,13.095,12.745,12.87,12.87,603402.0,indra
2017-06-16,12.97,13.045,12.88,12.95,12.95,793727.0,indra
2017-06-19,13.015,13.225,12.995,13.01,13.01,1487429.0,indra
2017-06-20,13.01,13.035,12.79,12.815,12.815,599572.0,indra
2017-06-21,12.82,12.945,12.665,12.945,12.945,561992.0,indra
2017-06-22,12.875,13.11,12.855,12.96,12.96,1572227.0,indra
2017-06-23,13.0,13.12,12.86,13.1,13.1,551961.0,indra
2017-06-26,13.125,13.2,13.05,13.19,13.19,1486750.0,indra
2017-06-27,13.175,13.175,12.925,12.94,12.94,1520123.0,indra
2017-06-28,12.87,12.94,12.685,12.89,12.89,616716.0,indra
2017-06-29,12.925,12.96,12.475,12.525,12.525,943075.0,indra
2017-06-30,12.56,12.815,12.5,12.635,12.635,1278379.0,indra
2017-07-03,12.725,12.735,12.535,12.705,12.705,540118.0,indra
2017-07-04,12.645,12.875,12.565,12.785,12.785,483498.0,indra
2017-07-05,12.74,12.74,12.545,12.65,12.65,694872.0,indra
2017-07-06,12.7,12.745,12.555,12.745,12.745,610555.0,indra
2017-07-07,12.71,12.93,12.69,12.925,12.925,556938.0,indra
2017-07-10,12.965,13.04,12.87,12.95,12.95,575486.0,indra
2017-07-11,12.99,13.04,12.815,12.93,12.93,819587.0,indra
2017-07-12,12.96,13.125,12.95,13.1,13.1,428126.0,indra
2017-07-13,13.075,13.24,13.075,13.205,13.205,547079.0,indra
2017-07-14,13.15,13.28,13.145,13.26,13.26,447282.0,indra
2017-07-17,13.3,13.655,13.26,13.64,13.64,907415.0,indra
2017-07-18,13.635,13.755,13.57,13.71,13.71,855835.0,indra
2017-07-19,13.8,14.0,13.67,13.78,13.78,619179.0,indra
2017-07-20,13.785,13.925,13.66,13.87,13.87,2481496.0,indra
2017-07-21,13.8,13.8,13.32,13.445,13.445,1278269.0,indra
2017-07-24,13.375,13.515,13.31,13.42,13.42,781305.0,indra
2017-07-25,13.435,13.47,13.13,13.3,13.3,992762.0,indra
2017-07-26,13.33,13.33,13.105,13.295,13.295,671888.0,indra
2017-07-27,13.105,13.265,12.975,13.14,13.14,850818.0,indra
2017-07-28,13.145,13.345,13.0,13.28,13.28,910722.0,indra
2017-07-31,13.335,13.335,13.04,13.095,13.095,613442.0,indra
2017-08-01,13.14,13.14,12.845,12.845,12.845,923025.0,indra
2017-08-02,12.83,12.97,12.615,12.615,12.615,739857.0,indra
2017-08-03,12.63,12.7,12.58,12.625,12.625,676440.0,indra
2017-08-04,12.655,12.815,12.45,12.815,12.815,879510.0,indra
2017-08-07,12.815,12.825,12.66,12.71,12.71,598525.0,indra
2017-08-08,12.68,12.885,12.66,12.82,12.82,754545.0,indra
2017-08-09,12.77,12.8,12.605,12.775,12.775,616316.0,indra
2017-08-10,12.775,12.775,12.57,12.605,12.605,622175.0,indra
2017-08-11,12.555,12.585,12.31,12.43,12.43,420882.0,indra
2017-08-14,12.475,12.67,12.465,12.615,12.615,404878.0,indra
2017-08-15,12.61,12.715,12.51,12.55,12.55,551189.0,indra
2017-08-16,12.635,12.785,12.61,12.77,12.77,380805.0,indra
2017-08-17,12.765,12.83,12.675,12.775,12.775,345371.0,indra
2017-08-18,12.6,12.63,12.47,12.605,12.605,397541.0,indra
2017-08-21,12.58,12.71,12.56,12.665,12.665,285482.0,indra
2017-08-22,12.65,12.935,12.65,12.935,12.935,462498.0,indra
2017-08-23,12.98,12.98,12.74,12.895,12.895,656450.0,indra
2017-08-24,12.955,13.18,12.86,13.14,13.14,697421.0,indra
2017-08-25,13.125,13.35,13.095,13.31,13.31,782323.0,indra
2017-08-28,13.3,13.335,13.03,13.305,13.305,605921.0,indra
2017-08-29,13.2,13.2,12.9,13.015,13.015,785306.0,indra
2017-08-30,13.07,13.125,12.995,13.105,13.105,456137.0,indra
2017-08-31,13.18,13.45,13.17,13.22,13.22,734141.0,indra
2017-09-01,13.235,13.34,13.185,13.26,13.26,544824.0,indra
2017-09-04,13.22,13.33,13.14,13.14,13.14,366958.0,indra
2017-09-05,13.14,13.27,12.93,12.93,12.93,634053.0,indra
2017-09-06,12.875,13.1,12.805,12.955,12.955,625897.0,indra
2017-09-07,13.07,13.075,12.97,13.005,13.005,445250.0,indra
2017-09-08,12.935,12.995,12.83,12.83,12.83,332941.0,indra
2017-09-11,12.97,13.23,12.915,13.165,13.165,592064.0,indra
2017-09-12,13.22,13.25,13.075,13.075,13.075,519340.0,indra
2017-09-13,13.04,13.16,13.025,13.13,13.13,719565.0,indra
2017-09-14,12.89,13.15,12.76,12.965,12.965,570922.0,indra
2017-09-15,12.91,13.19,12.91,13.115,13.115,846661.0,indra
2017-09-18,13.17,13.795,13.17,13.59,13.59,1347820.0,indra
2017-09-19,13.53,13.75,13.515,13.62,13.62,666185.0,indra
2017-09-20,13.6,13.65,13.43,13.52,13.52,670427.0,indra
2017-09-21,13.46,13.475,13.205,13.26,13.26,424795.0,indra
2017-09-22,13.235,13.32,13.15,13.185,13.185,451515.0,indra
2017-09-25,13.19,13.19,13.04,13.15,13.15,385243.0,indra
2017-09-26,13.045,13.13,13.045,13.095,13.095,377229.0,indra
2017-09-27,13.09,13.31,13.075,13.205,13.205,518962.0,indra
2017-09-28,13.22,13.425,13.2,13.395,13.395,495641.0,indra
2017-09-29,13.39,13.44,13.265,13.365,13.365,449684.0,indra
2017-10-02,13.255,13.345,13.09,13.11,13.11,846917.0,indra
2017-10-03,13.065,13.125,12.98,12.995,12.995,372468.0,indra
2017-10-04,12.955,13.02,12.705,12.85,12.85,643606.0,indra
2017-10-05,12.87,13.04,12.76,13.04,13.04,443656.0,indra
2017-10-06,13.03,13.1,12.95,13.015,13.015,622524.0,indra
2017-10-09,13.06,13.265,13.03,13.08,13.08,324953.0,indra
2017-10-10,13.1,13.12,12.9,12.95,12.95,524277.0,indra
2017-10-11,12.96,13.23,12.96,13.215,13.215,495063.0,indra
2017-10-12,13.215,13.33,13.215,13.26,13.26,391129.0,indra
2017-10-13,13.34,13.34,13.2,13.2,13.2,277261.0,indra
2017-10-16,13.215,13.24,13.045,13.115,13.115,377567.0,indra
2017-10-17,13.09,13.1,12.995,12.995,12.995,491737.0,indra
2017-10-18,13.045,13.195,13.035,13.16,13.16,485021.0,indra
2017-10-19,13.08,13.17,13.0,13.045,13.045,350622.0,indra
2017-10-20,13.03,13.35,13.03,13.285,13.285,1387686.0,indra
2017-10-23,13.3,13.575,13.205,13.495,13.495,480519.0,indra
2017-10-24,13.45,13.63,13.36,13.5,13.5,483529.0,indra
2017-10-25,13.47,13.63,13.4,13.445,13.445,491966.0,indra
2017-10-26,13.41,13.685,13.41,13.585,13.585,554547.0,indra
2017-10-27,13.59,13.7,13.255,13.255,13.255,625422.0,indra
2017-10-30,13.355,13.355,12.915,12.915,12.915,1085370.0,indra
2017-10-31,12.99,12.99,12.22,12.34,12.34,1974041.0,indra
2017-11-01,12.45,12.45,12.235,12.3,12.3,924078.0,indra
2017-11-02,12.315,12.335,12.065,12.155,12.155,1302525.0,indra
2017-11-03,12.2,12.2,11.93,12.045,12.045,704319.0,indra
2017-11-06,12.1,12.11,11.85,11.905,11.905,558269.0,indra
2017-11-07,11.98,12.02,11.805,11.915,11.915,1184029.0,indra
2017-11-08,12.33,12.505,12.03,12.365,12.365,2014849.0,indra
2017-11-09,12.375,12.435,12.18,12.295,12.295,905433.0,indra
2017-11-10,12.255,12.36,12.055,12.12,12.12,923368.0,indra
2017-11-13,12.16,12.23,12.05,12.15,12.15,602370.0,indra
2017-11-14,12.15,12.29,12.07,12.16,12.16,1306352.0,indra
2017-11-15,12.08,12.1,11.925,12.05,12.05,1206993.0,indra
2017-11-16,12.1,12.1,11.59,11.605,11.605,1308983.0,indra
2017-11-17,11.655,11.725,11.56,11.57,11.57,1655407.0,indra
2017-11-20,11.575,11.735,11.45,11.625,11.625,880439.0,indra
2017-11-21,11.605,11.805,11.54,11.755,11.755,820041.0,indra
2017-11-22,11.775,11.815,11.635,11.72,11.72,486569.0,indra
2017-11-23,11.73,11.83,11.64,11.75,11.75,620238.0,indra
2017-11-24,11.775,12.03,11.71,11.93,11.93,1126827.0,indra
2017-11-27,11.945,12.05,11.825,12.005,12.005,706469.0,indra
2017-11-28,12.05,12.19,11.985,12.17,12.17,732035.0,indra
2017-11-29,12.195,12.245,11.99,12.065,12.065,872540.0,indra
2017-11-30,12.075,12.075,11.45,11.45,11.45,2958371.0,indra
2017-12-01,11.4,11.445,10.765,10.95,10.95,2853629.0,indra
2017-12-04,11.05,11.145,10.75,10.75,10.75,1397591.0,indra
2017-12-05,10.735,10.94,10.705,10.825,10.825,782854.0,indra
2017-12-06,10.79,10.85,10.61,10.805,10.805,867313.0,indra
2017-12-07,10.785,10.96,10.745,10.9,10.9,838662.0,indra
2017-12-08,10.945,11.155,10.915,11.02,11.02,699454.0,indra
2017-12-11,11.03,11.1,10.95,11.06,11.06,468762.0,indra
2017-12-12,11.06,11.38,11.05,11.375,11.375,832302.0,indra
2017-12-13,11.375,11.375,11.185,11.345,11.345,952799.0,indra
2017-12-14,11.315,11.43,11.23,11.365,11.365,659458.0,indra
2017-12-15,11.445,11.64,11.28,11.305,11.305,885668.0,indra
2017-12-18,11.395,11.66,11.34,11.585,11.585,649869.0,indra
2017-12-19,11.555,11.685,11.5,11.65,11.65,585793.0,indra
2017-12-20,11.62,11.645,11.45,11.535,11.535,590495.0,indra
2017-12-21,11.565,11.6,11.405,11.575,11.575,544735.0,indra
2017-12-22,11.42,11.62,11.39,11.415,11.415,353294.0,indra
2017-12-27,11.37,11.385,11.27,11.375,11.375,421258.0,indra
2017-12-28,11.36,11.395,11.28,11.395,11.395,267119.0,indra
2017-12-29,11.4,11.44,11.275,11.405,11.405,294333.0,indra
2018-01-02,11.39,11.48,11.3,11.48,11.48,435546.0,indra
2018-01-03,11.5,11.65,11.43,11.65,11.65,654333.0,indra
2018-01-04,11.67,11.85,11.65,11.72,11.72,670839.0,indra
2018-01-05,11.72,11.8,11.65,11.8,11.8,488519.0,indra
2018-01-08,11.77,11.86,11.66,11.71,11.71,430638.0,indra
2018-01-09,11.71,11.86,11.64,11.64,11.64,434118.0,indra
2018-01-10,11.62,11.68,11.42,11.44,11.44,462709.0,indra
2018-01-11,11.43,11.55,11.41,11.55,11.55,402991.0,indra
2018-01-12,11.56,11.66,11.53,11.64,11.64,242779.0,indra
2018-01-15,11.62,11.72,11.6,11.69,11.69,198154.0,indra
2018-01-16,11.74,11.88,11.67,11.82,11.82,470569.0,indra
2018-01-17,11.81,11.84,11.46,11.57,11.57,561874.0,indra
2018-01-18,11.6,11.75,11.47,11.69,11.69,522631.0,indra
2018-01-19,11.67,12.12,11.67,11.86,11.86,782586.0,indra
2018-01-22,11.88,12.08,11.83,12.08,12.08,520734.0,indra
2018-01-23,12.11,12.23,12.05,12.23,12.23,482509.0,indra
2018-01-24,12.22,12.23,11.98,12.06,12.06,633107.0,indra
2018-01-25,12.01,12.21,11.98,12.13,12.13,406219.0,indra
2018-01-26,12.14,12.27,12.07,12.08,12.08,415539.0,indra
2018-01-29,12.08,12.27,12.05,12.15,12.15,378854.0,indra
2018-01-30,12.08,12.21,11.86,12.0,12.0,374462.0,indra
2018-01-31,11.97,12.18,11.79,11.84,11.84,477263.0,indra
2018-02-01,11.87,12.13,11.87,12.13,12.13,557718.0,indra
2018-02-02,12.11,12.15,11.84,11.87,11.87,381050.0,indra
2018-02-05,11.78,11.85,11.62,11.71,11.71,397240.0,indra
2018-02-06,11.42,11.76,11.26,11.35,11.35,717158.0,indra
2018-02-07,11.44,11.48,10.98,11.42,11.42,822893.0,indra
2018-02-08,11.34,11.46,11.14,11.23,11.23,520507.0,indra
2018-02-09,11.15,11.22,10.97,11.07,11.07,541233.0,indra
2018-02-12,11.15,11.21,11.06,11.15,11.15,639790.0,indra
2018-02-13,11.14,11.22,10.96,11.01,11.01,432435.0,indra
2018-02-14,11.05,11.06,10.72,10.77,10.77,1023353.0,indra
2018-02-15,10.86,10.98,10.81,10.9,10.9,1058366.0,indra
2018-02-16,10.91,11.06,10.87,10.88,10.88,1059564.0,indra
2018-02-19,10.9,11.05,10.86,10.98,10.98,777259.0,indra
2018-02-20,11.01,11.43,11.01,11.43,11.43,842080.0,indra
2018-02-21,11.35,11.45,11.24,11.37,11.37,435350.0,indra
2018-02-22,11.28,11.37,11.23,11.31,11.31,684609.0,indra
2018-02-23,11.34,11.38,11.16,11.34,11.34,557968.0,indra
2018-02-26,11.38,11.42,11.05,11.1,11.1,642846.0,indra
2018-02-27,11.22,11.32,11.15,11.31,11.31,496062.0,indra
2018-02-28,11.38,11.59,11.31,11.37,11.37,880204.0,indra
2018-03-01,11.33,11.33,10.96,10.96,10.96,617108.0,indra
2018-03-02,10.89,11.07,10.81,10.95,10.95,703923.0,indra
2018-03-05,10.96,11.08,10.93,10.93,10.93,698351.0,indra
2018-03-06,11.0,11.31,10.98,11.26,11.26,619287.0,indra
2018-03-07,11.21,11.47,11.1,11.44,11.44,642803.0,indra
2018-03-08,11.46,11.75,11.4,11.73,11.73,647800.0,indra
2018-03-09,11.7,11.86,11.67,11.86,11.86,1012654.0,indra
2018-03-12,11.89,11.91,11.79,11.84,11.84,967507.0,indra
2018-03-13,11.83,11.98,11.8,11.87,11.87,786125.0,indra
2018-03-14,11.85,11.88,11.77,11.84,11.84,780670.0,indra
2018-03-15,11.85,11.89,11.55,11.55,11.55,892014.0,indra
2018-03-16,11.57,11.57,11.26,11.26,11.26,647114.0,indra
2018-03-19,11.22,11.29,11.02,11.04,11.04,406322.0,indra
2018-03-20,11.08,11.08,10.97,11.07,11.07,626612.0,indra
2018-03-21,11.07,11.39,11.05,11.37,11.37,989765.0,indra
2018-03-22,11.31,11.43,11.24,11.43,11.43,740763.0,indra
2018-03-23,11.3,11.3,10.61,10.96,10.96,1508540.0,indra
2018-03-26,10.96,11.2,10.96,11.18,11.18,593727.0,indra
2018-03-27,11.3,11.35,11.15,11.16,11.16,597388.0,indra
2018-03-28,11.05,11.11,11.0,11.05,11.05,455239.0,indra
2018-03-29,11.04,11.3,11.04,11.23,11.23,391251.0,indra
2018-04-03,11.08,11.16,10.91,10.95,10.95,544155.0,indra
2018-04-04,10.92,10.95,10.78,10.86,10.86,320406.0,indra
2018-04-05,11.02,11.32,11.01,11.3,11.3,441205.0,indra
2018-04-06,11.23,11.34,11.17,11.29,11.29,378271.0,indra
2018-04-09,11.31,11.4,11.11,11.11,11.11,483255.0,indra
2018-04-10,11.19,11.23,11.07,11.19,11.19,388487.0,indra
2018-04-11,11.17,11.28,11.09,11.18,11.18,417590.0,indra
2018-04-12,11.15,11.25,11.06,11.23,11.23,250359.0,indra
2018-04-13,11.22,11.25,11.12,11.12,11.12,242605.0,indra
2018-04-16,11.14,11.2,11.07,11.1,11.1,284779.0,indra
2018-04-17,11.11,11.15,11.06,11.08,11.08,402043.0,indra
2018-04-18,11.1,11.3,11.1,11.26,11.26,371181.0,indra
2018-04-19,11.28,11.37,11.08,11.1,11.1,420201.0,indra
2018-04-20,11.08,11.17,11.05,11.12,11.12,345085.0,indra
2018-04-23,11.15,11.19,10.95,10.95,10.95,657783.0,indra
2018-04-24,10.97,11.12,10.95,10.99,10.99,544195.0,indra
2018-04-25,10.95,11.14,10.93,11.09,11.09,422914.0,indra
2018-04-26,11.13,11.5,11.09,11.45,11.45,760133.0,indra
2018-04-27,11.45,11.7,11.43,11.51,11.51,682016.0,indra
2018-04-30,11.49,11.49,11.39,11.48,11.48,545884.0,indra
2018-05-02,11.48,11.93,11.48,11.88,11.88,544363.0,indra
2018-05-03,11.88,11.94,11.39,11.43,11.43,1019397.0,indra
2018-05-04,11.45,11.48,11.05,11.21,11.21,1283090.0,indra
2018-05-07,11.21,11.34,11.21,11.27,11.27,493287.0,indra
2018-05-08,11.25,11.45,11.23,11.45,11.45,910253.0,indra
2018-05-09,11.45,11.46,11.34,11.43,11.43,631610.0,indra
2018-05-10,11.4,11.57,11.38,11.52,11.52,428875.0,indra
2018-05-11,11.59,11.64,11.39,11.46,11.46,458914.0,indra
2018-05-14,11.35,11.67,11.28,11.4,11.4,627052.0,indra
2018-05-15,11.38,11.39,11.0,11.04,11.04,659711.0,indra
2018-05-16,11.06,11.45,10.96,11.43,11.43,984476.0,indra
2018-05-17,11.41,11.41,10.95,11.2,11.2,1247799.0,indra
2018-05-18,11.23,11.24,11.08,11.12,11.12,611323.0,indra
2018-05-21,11.13,11.19,11.09,11.11,11.11,534520.0,indra
2018-05-22,11.1,11.32,11.09,11.3,11.3,417445.0,indra
2018-05-23,11.3,11.31,11.12,11.27,11.27,426964.0,indra
2018-05-24,11.26,11.39,11.2,11.31,11.31,353046.0,indra
2018-05-25,11.32,11.35,11.11,11.22,11.22,536458.0,indra
2018-05-28,11.34,11.34,11.09,11.24,11.24,222541.0,indra
2018-05-29,11.16,11.17,10.89,10.94,10.94,521861.0,indra
2018-05-30,10.9,10.98,10.84,10.92,10.92,505005.0,indra
2018-05-31,10.92,10.98,10.75,10.85,10.85,665364.0,indra
2018-06-01,10.8,11.22,10.79,11.05,11.05,606681.0,indra
2018-06-04,11.1,11.18,11.03,11.06,11.06,296929.0,indra
2018-06-05,11.04,11.14,11.02,11.02,11.02,245828.0,indra
2018-06-06,11.02,11.19,11.0,11.1,11.1,352338.0,indra
2018-06-07,11.12,11.19,10.96,11.02,11.02,351948.0,indra
2018-06-08,10.88,10.95,10.76,10.89,10.89,594884.0,indra
2018-06-11,10.9,11.39,10.9,11.38,11.38,652191.0,indra
2018-06-12,11.42,11.45,11.19,11.23,11.23,465633.0,indra
2018-06-13,11.23,11.44,11.15,11.35,11.35,733455.0,indra
2018-06-14,11.34,11.51,11.05,11.22,11.22,766053.0,indra
2018-06-15,11.28,11.28,11.11,11.25,11.25,588064.0,indra
2018-06-18,11.26,11.32,11.14,11.32,11.32,418614.0,indra
2018-06-19,10.99,10.99,10.41,10.66,10.66,2188084.0,indra
2018-06-20,10.68,10.99,10.61,10.63,10.63,1002325.0,indra
2018-06-21,10.69,10.81,10.6,10.68,10.68,906525.0,indra
2018-06-22,10.65,10.79,10.64,10.75,10.75,535473.0,indra
2018-06-25,10.61,10.77,10.61,10.68,10.68,662062.0,indra
2018-06-26,10.67,10.73,10.58,10.62,10.62,435285.0,indra
2018-06-27,10.6,10.63,10.15,10.17,10.17,1031696.0,indra
2018-06-28,10.12,10.38,10.12,10.22,10.22,783053.0,indra
2018-06-29,10.27,10.34,10.14,10.25,10.25,821262.0,indra
2018-07-02,10.18,10.3,10.08,10.25,10.25,311921.0,indra
2018-07-03,10.32,10.32,10.15,10.26,10.26,463897.0,indra
2018-07-04,10.19,10.21,10.09,10.16,10.16,1520357.0,indra
2018-07-05,10.18,10.34,10.18,10.25,10.25,537558.0,indra
2018-07-06,10.29,10.29,10.07,10.09,10.09,715052.0,indra
2018-07-09,10.19,10.31,10.11,10.18,10.18,454858.0,indra
2018-07-10,10.26,10.28,10.14,10.14,10.14,709506.0,indra
2018-07-11,10.11,10.12,9.95,10.08,10.08,611957.0,indra
2018-07-12,10.12,10.43,10.12,10.41,10.41,470511.0,indra
2018-07-13,10.4,10.4,9.785,10.01,10.01,1259530.0,indra
2018-07-16,10.02,10.04,9.91,9.985,9.985,635170.0,indra
2018-07-17,9.98,9.98,9.75,9.9,9.9,721954.0,indra
2018-07-18,10.0,10.06,9.885,9.925,9.925,486493.0,indra
2018-07-19,9.91,9.97,9.755,9.78,9.78,541736.0,indra
2018-07-20,9.8,9.82,9.59,9.675,9.675,832703.0,indra
2018-07-23,9.67,9.67,9.425,9.425,9.425,803160.0,indra
2018-07-24,9.525,9.965,9.51,9.86,9.86,1260059.0,indra
2018-07-25,9.86,10.05,9.745,9.975,9.975,868698.0,indra
2018-07-26,9.995,10.06,9.86,9.89,9.89,578383.0,indra
2018-07-27,10.03,10.78,10.03,10.47,10.47,1300852.0,indra
2018-07-30,10.48,10.52,10.29,10.4,10.4,592678.0,indra
2018-07-31,10.42,10.42,10.22,10.39,10.39,693562.0,indra
2018-08-01,10.36,10.5,10.27,10.46,10.46,995828.0,indra
2018-08-02,10.37,10.5,10.32,10.41,10.41,712109.0,indra
2018-08-03,10.39,10.6,10.38,10.46,10.46,559273.0,indra
2018-08-06,10.46,10.6,10.28,10.39,10.39,608491.0,indra
2018-08-07,10.39,10.61,10.39,10.57,10.57,763550.0,indra
2018-08-08,10.58,10.59,10.47,10.52,10.52,643882.0,indra
2018-08-09,10.47,10.57,10.41,10.57,10.57,403150.0,indra
2018-08-10,10.45,10.52,10.36,10.45,10.45,316064.0,indra
2018-08-13,10.38,10.54,10.3,10.5,10.5,466314.0,indra
2018-08-14,10.52,10.57,10.41,10.45,10.45,543600.0,indra
2018-08-15,10.45,10.51,10.41,10.47,10.47,480657.0,indra
2018-08-16,10.5,10.59,10.5,10.54,10.54,448788.0,indra
2018-08-17,10.59,10.63,10.46,10.61,10.61,402661.0,indra
2018-08-20,10.58,10.68,10.55,10.68,10.68,404265.0,indra
2018-08-21,10.68,10.78,10.63,10.64,10.64,361716.0,indra
2018-08-22,10.66,10.68,10.54,10.67,10.67,260609.0,indra
2018-08-23,10.69,10.78,10.61,10.72,10.72,253773.0,indra
2018-08-24,10.76,10.84,10.7,10.75,10.75,222693.0,indra
2018-08-27,10.8,10.83,10.72,10.83,10.83,357190.0,indra
2018-08-28,10.78,10.97,10.75,10.77,10.77,293037.0,indra
2018-08-29,10.81,10.84,10.63,10.74,10.74,478237.0,indra
2018-08-30,10.78,10.78,10.65,10.7,10.7,296318.0,indra
2018-08-31,10.68,10.68,10.57,10.6,10.6,245920.0,indra
2018-09-03,10.59,10.61,10.43,10.43,10.43,242677.0,indra
2018-09-04,10.45,10.47,10.29,10.34,10.34,281807.0,indra
2018-09-05,10.33,10.39,10.13,10.13,10.13,305176.0,indra
2018-09-06,10.1,10.1,9.815,9.84,9.84,556416.0,indra
2018-09-07,9.85,9.905,9.75,9.895,9.895,445023.0,indra
2018-09-10,9.85,9.995,9.795,9.825,9.825,675003.0,indra
2018-09-11,9.825,9.925,9.78,9.87,9.87,582256.0,indra
2018-09-12,9.84,9.885,9.675,9.74,9.74,457509.0,indra
2018-09-13,9.75,9.76,9.69,9.745,9.745,413325.0,indra
2018-09-14,9.77,9.845,9.745,9.815,9.815,317006.0,indra
2018-09-17,9.81,9.91,9.8,9.8,9.8,229162.0,indra
2018-09-18,9.78,9.96,9.755,9.95,9.95,325354.0,indra
2018-09-19,9.945,10.14,9.945,10.12,10.12,561439.0,indra
2018-09-20,,,,,,,indra
2018-09-21,9.88,9.905,9.515,9.565,9.565,1158679.0,indra
2018-09-24,9.57,9.675,9.5,9.62,9.62,751798.0,indra
2018-09-25,9.645,9.71,9.515,9.56,9.56,558468.0,indra
2018-09-26,9.565,9.84,9.545,9.84,9.84,757622.0,indra
2018-09-27,9.795,9.97,9.685,9.885,9.885,708229.0,indra
2018-09-28,9.88,10.0,9.81,9.885,9.885,651551.0,indra
2018-10-01,9.885,10.04,9.865,9.95,9.95,506860.0,indra
2018-10-02,9.9,9.92,9.68,9.86,9.86,507662.0,indra
2018-10-03,9.87,9.94,9.775,9.795,9.795,836803.0,indra
2018-10-04,9.79,9.835,9.685,9.735,9.735,815044.0,indra
2018-10-05,9.735,9.735,9.395,9.5,9.5,855786.0,indra
2018-10-08,9.51,9.51,9.21,9.35,9.35,623666.0,indra
2018-10-09,9.34,9.39,9.185,9.225,9.225,595915.0,indra
2018-10-10,9.25,9.25,8.985,9.045,9.045,655791.0,indra
2018-10-11,9.035,9.14,8.81,9.005,9.005,1199515.0,indra
2018-10-12,9.105,9.12,8.745,8.915,8.915,706676.0,indra
2018-10-15,8.88,8.96,8.78,8.89,8.89,347655.0,indra
2018-10-16,8.855,9.165,8.84,9.13,9.13,359782.0,indra
2018-10-17,9.18,9.225,8.9,8.96,8.96,511748.0,indra
2018-10-18,8.93,9.295,8.93,9.055,9.055,566147.0,indra
2018-10-19,9.12,9.12,8.77,8.84,8.84,631469.0,indra
2018-10-22,8.915,8.95,8.775,8.8,8.8,497685.0,indra
2018-10-23,8.715,8.78,8.43,8.44,8.44,930344.0,indra
2018-10-24,8.475,8.555,8.32,8.395,8.395,577615.0,indra
2018-10-25,8.33,8.565,8.305,8.4,8.4,837624.0,indra
2018-10-26,8.37,8.43,8.22,8.385,8.385,524035.0,indra
2018-10-29,8.375,8.605,8.375,8.54,8.54,437196.0,indra
2018-10-30,8.56,8.59,8.415,8.55,8.55,357403.0,indra
2018-10-31,8.62,8.785,8.62,8.735,8.735,573693.0,indra
2018-11-01,8.71,8.85,8.65,8.685,8.685,308940.0,indra
2018-11-02,8.77,8.97,8.77,8.965,8.965,832036.0,indra
2018-11-05,8.965,8.985,8.805,8.815,8.815,357151.0,indra
2018-11-06,8.8,8.965,8.745,8.935,8.935,405018.0,indra
2018-11-07,8.98,9.105,8.86,8.91,8.91,622838.0,indra
2018-11-08,9.0,10.12,9.0,9.395,9.395,2332472.0,indra
2018-11-09,9.29,9.29,8.55,8.57,8.57,1880305.0,indra
2018-11-12,8.6,8.645,8.08,8.105,8.105,1387238.0,indra
2018-11-13,8.18,8.595,8.08,8.455,8.455,1119237.0,indra
2018-11-14,8.44,8.75,8.19,8.52,8.52,1468691.0,indra
2018-11-15,8.48,8.735,8.34,8.59,8.59,1186738.0,indra
2018-11-16,8.595,8.745,8.47,8.565,8.565,861148.0,indra
2018-11-19,8.54,8.66,8.315,8.34,8.34,865541.0,indra
2018-11-20,8.3,8.56,8.25,8.41,8.41,1367253.0,indra
2018-11-21,8.405,8.565,8.365,8.395,8.395,902598.0,indra
2018-11-22,8.36,8.49,8.325,8.46,8.46,988636.0,indra
2018-11-23,8.49,8.615,8.45,8.515,8.515,520348.0,indra
2018-11-26,8.55,8.745,8.55,8.745,8.745,915060.0,indra
2018-11-27,8.745,8.87,8.55,8.81,8.81,792273.0,indra
2018-11-28,8.87,9.31,8.855,9.165,9.165,2009121.0,indra
2018-11-29,9.235,9.42,9.235,9.305,9.305,2171897.0,indra
2018-11-30,9.32,9.33,9.185,9.29,9.29,923130.0,indra
2018-12-03,9.45,9.53,9.3,9.32,9.32,1230337.0,indra
2018-12-04,9.3,9.3,9.01,9.045,9.045,552030.0,indra
2018-12-05,8.9,9.1,8.8,9.055,9.055,456071.0,indra
2018-12-06,8.94,8.94,8.7,8.76,8.76,351217.0,indra
2018-12-07,8.76,8.915,8.685,8.685,8.685,434127.0,indra
2018-12-10,8.63,8.695,8.47,8.495,8.495,297508.0,indra
2018-12-11,8.585,8.755,8.54,8.695,8.695,442779.0,indra
2018-12-12,8.74,8.925,8.66,8.865,8.865,415049.0,indra
2018-12-13,8.885,8.935,8.595,8.615,8.615,478840.0,indra
2018-12-14,8.57,8.845,8.43,8.765,8.765,549285.0,indra
2018-12-17,8.55,8.615,8.3,8.515,8.515,896810.0,indra
2018-12-18,8.5,8.67,8.45,8.51,8.51,891669.0,indra
2018-12-19,8.475,8.71,8.475,8.62,8.62,485515.0,indra
2018-12-20,8.485,8.52,8.28,8.28,8.28,744335.0,indra
2018-12-21,8.32,8.375,8.06,8.115,8.115,887111.0,indra
2018-12-24,8.08,8.135,8.05,8.09,8.09,96002.0,indra
2018-12-27,8.295,8.295,7.81,7.895,7.895,605876.0,indra
2018-12-28,7.935,8.105,7.89,8.08,8.08,430827.0,indra
2018-12-31,8.08,8.28,8.08,8.235,8.235,141108.0,indra
2019-01-02,8.15,8.21,8.0,8.125,8.125,554146.0,indra
2019-01-03,8.1,8.135,7.92,8.0,8.0,518359.0,indra
2019-01-04,8.05,8.24,8.04,8.205,8.205,539367.0,indra
2019-01-07,8.225,8.225,7.89,8.05,8.05,776378.0,indra
2019-01-08,8.095,8.265,8.055,8.185,8.185,547992.0,indra
2019-01-09,8.25,8.7,8.25,8.58,8.58,882949.0,indra
2019-01-10,8.54,8.59,8.48,8.535,8.535,351675.0,indra
2019-01-11,8.575,8.585,8.425,8.48,8.48,318789.0,indra
2019-01-14,8.445,8.5,8.245,8.295,8.295,412988.0,indra
2019-01-15,8.35,8.42,8.25,8.31,8.31,311297.0,indra
2019-01-16,8.365,8.57,8.36,8.5,8.5,415956.0,indra
2019-01-17,8.5,8.68,8.42,8.575,8.575,312950.0,indra
2019-01-18,8.615,8.79,8.615,8.78,8.78,461989.0,indra
2019-01-21,8.785,8.81,8.715,8.805,8.805,259179.0,indra
2019-01-22,8.805,8.835,8.72,8.765,8.765,288035.0,indra
2019-01-23,8.7,9.005,8.68,8.89,8.89,352629.0,indra
2019-01-24,8.855,9.055,8.855,9.0,9.0,403375.0,indra
2019-01-25,9.06,9.17,9.015,9.12,9.12,524044.0,indra
2019-01-28,9.125,9.25,9.0,9.06,9.06,352980.0,indra
2019-01-29,9.18,9.21,8.96,9.03,9.03,397114.0,indra
2019-01-30,9.01,9.06,8.88,8.975,8.975,388363.0,indra
2019-01-31,9.055,9.055,8.895,8.98,8.98,466560.0,indra
2019-02-01,8.97,9.06,8.9,8.9,8.9,446638.0,indra
2019-02-04,8.905,9.035,8.905,9.035,9.035,309825.0,indra
2019-02-05,9.05,9.225,9.03,9.225,9.225,365201.0,indra
2019-02-06,9.21,9.29,9.18,9.18,9.18,386915.0,indra
2019-02-07,9.17,9.21,9.015,9.125,9.125,531905.0,indra
2019-02-08,9.035,9.19,8.97,9.025,9.025,343790.0,indra
2019-02-11,9.115,9.205,9.1,9.14,9.14,301533.0,indra
2019-02-12,9.2,9.235,9.145,9.16,9.16,273375.0,indra
2019-02-13,9.16,9.33,9.16,9.31,9.31,462112.0,indra
2019-02-14,9.35,9.54,9.335,9.485,9.485,554744.0,indra
2019-02-15,9.5,9.605,9.36,9.535,9.535,346970.0,indra
2019-02-18,9.58,9.62,9.47,9.55,9.55,497927.0,indra
2019-02-19,9.55,9.595,9.45,9.555,9.555,315733.0,indra
2019-02-20,9.57,9.7,9.56,9.635,9.635,252246.0,indra
2019-02-21,9.64,9.64,9.425,9.5,9.5,831776.0,indra
2019-02-22,9.445,9.875,9.445,9.8,9.8,1164428.0,indra
2019-02-25,9.85,9.89,9.61,9.65,9.65,426975.0,indra
2019-02-26,9.61,9.67,9.49,9.565,9.565,457694.0,indra
2019-02-27,9.595,9.615,9.495,9.53,9.53,329641.0,indra
2019-02-28,9.47,9.55,9.45,9.515,9.515,320480.0,indra
2019-03-01,9.69,9.955,9.63,9.865,9.865,1558653.0,indra
2019-03-04,9.91,10.15,9.905,10.04,10.04,804036.0,indra
2019-03-05,10.04,10.04,9.84,9.845,9.845,595537.0,indra
2019-03-06,9.85,9.905,9.785,9.81,9.81,429525.0,indra
2019-03-07,9.81,9.825,9.625,9.63,9.63,418106.0,indra
2019-03-08,9.58,9.75,9.47,9.7,9.7,605626.0,indra
2019-03-11,9.715,9.755,9.61,9.72,9.72,454108.0,indra
2019-03-12,9.75,9.98,9.75,9.78,9.78,717574.0,indra
2019-03-13,9.785,9.925,9.75,9.925,9.925,492556.0,indra
2019-03-14,9.925,9.965,9.745,9.76,9.76,399087.0,indra
2019-03-15,9.7,9.89,9.67,9.89,9.89,485823.0,indra
2019-03-18,9.9,9.945,9.815,9.875,9.875,225510.0,indra
2019-03-19,9.88,10.02,9.86,9.92,9.92,437287.0,indra
2019-03-20,9.92,9.975,9.845,9.865,9.865,349176.0,indra
2019-03-21,9.89,9.93,9.815,9.86,9.86,323412.0,indra
2019-03-22,9.9,9.905,9.575,9.58,9.58,737183.0,indra
2019-03-25,9.5,9.66,9.42,9.6,9.6,578378.0,indra
2019-03-26,9.605,9.685,9.58,9.68,9.68,366989.0,indra
2019-03-27,9.69,9.815,9.585,9.615,9.615,513304.0,indra
2019-03-28,9.62,9.7,9.555,9.67,9.67,271980.0,indra
2019-03-29,9.705,9.895,9.6,9.895,9.895,671493.0,indra
2019-04-01,9.9,10.07,9.84,9.925,9.925,692163.0,indra
2019-04-02,9.945,10.02,9.87,9.97,9.97,480108.0,indra
2019-04-03,10.08,10.19,10.06,10.12,10.12,398931.0,indra
2019-04-04,10.13,10.16,9.98,9.98,9.98,414808.0,indra
2019-04-05,9.98,10.16,9.98,10.12,10.12,522774.0,indra
2019-04-08,10.1,10.13,10.02,10.02,10.02,378092.0,indra
2019-04-09,10.03,10.04,9.93,9.95,9.95,325311.0,indra
2019-04-10,9.92,10.12,9.92,10.03,10.03,475490.0,indra
2019-04-11,10.05,10.23,10.05,10.23,10.23,545161.0,indra
2019-04-12,10.24,10.4,10.16,10.4,10.4,528844.0,indra
2019-04-15,10.41,10.45,10.33,10.37,10.37,410869.0,indra
2019-04-16,10.37,10.44,10.31,10.34,10.34,192716.0,indra
2019-04-17,10.35,10.4,10.3,10.3,10.3,980439.0,indra
2019-04-18,10.27,10.39,10.24,10.37,10.37,152763.0,indra
2019-04-23,10.37,10.42,10.32,10.33,10.33,277918.0,indra
2019-04-24,10.35,10.5,10.35,10.41,10.41,344311.0,indra
2019-04-25,10.39,10.46,10.32,10.44,10.44,431747.0,indra
2019-04-26,10.49,10.53,10.43,10.45,10.45,413339.0,indra
2019-04-29,10.41,10.51,10.33,10.49,10.49,650520.0,indra
2019-04-30,10.54,10.57,10.38,10.5,10.5,1128540.0,indra
2019-05-02,10.52,10.52,10.12,10.35,10.35,479504.0,indra
2019-05-03,10.38,10.42,10.19,10.31,10.31,510450.0,indra
2019-05-06,10.19,10.19,10.04,10.17,10.17,156190.0,indra
2019-05-07,10.17,10.18,9.94,9.985,9.985,279538.0,indra
2019-05-08,9.895,10.09,9.85,10.05,10.05,558117.0,indra
2019-05-09,9.95,10.02,9.905,10.02,10.02,446693.0,indra
2019-05-10,10.25,10.28,9.995,10.0,10.0,601093.0,indra
2019-05-13,9.95,9.985,9.425,9.425,9.425,570144.0,indra
2019-05-14,9.49,9.605,9.43,9.605,9.605,524526.0,indra
2019-05-15,9.63,9.655,9.46,9.58,9.58,421006.0,indra
2019-05-16,9.51,9.685,9.5,9.65,9.65,575424.0,indra
2019-05-17,9.69,9.875,9.61,9.825,9.825,364130.0,indra
2019-05-20,9.805,9.86,9.31,9.31,9.31,636504.0,indra
2019-05-21,9.4,9.54,9.31,9.46,9.46,501616.0,indra
2019-05-22,9.57,9.755,9.535,9.735,9.735,402316.0,indra
2019-05-23,9.65,9.74,9.585,9.595,9.595,513877.0,indra
2019-05-24,9.535,9.685,9.535,9.56,9.56,392060.0,indra
2019-05-27,9.57,9.65,9.475,9.475,9.475,225604.0,indra
2019-05-28,9.56,9.57,9.4,9.56,9.56,741581.0,indra
2019-05-29,9.495,9.53,9.365,9.5,9.5,748920.0,indra
2019-05-30,9.48,9.685,9.48,9.67,9.67,282473.0,indra
2019-05-31,9.64,9.64,9.32,9.43,9.43,340057.0,indra
2019-06-03,9.305,9.36,9.225,9.3,9.3,349818.0,indra
2019-06-04,9.19,9.43,9.14,9.36,9.36,522302.0,indra
2019-06-05,9.325,9.52,9.325,9.51,9.51,314299.0,indra
2019-06-06,9.495,9.615,9.42,9.49,9.49,488312.0,indra
2019-06-07,9.49,9.795,9.475,9.735,9.735,632861.0,indra
2019-06-10,9.8,9.84,9.735,9.8,9.8,349643.0,indra
2019-06-11,9.83,10.19,9.83,10.1,10.1,502106.0,indra
2019-06-12,9.985,10.07,9.865,9.89,9.89,340208.0,indra
2019-06-13,9.875,10.04,9.855,10.01,10.01,472139.0,indra
2019-06-14,9.945,9.985,9.63,9.635,9.635,561836.0,indra
2019-06-17,9.67,9.67,8.72,8.955,8.955,1663918.0,indra
2019-06-18,8.955,8.955,8.615,8.88,8.88,989477.0,indra
2019-06-19,8.955,9.015,8.845,8.87,8.87,465549.0,indra
2019-06-20,8.97,8.975,8.805,8.84,8.84,467552.0,indra
2019-06-21,8.82,8.885,8.705,8.79,8.79,699541.0,indra
2019-06-24,8.75,8.86,8.64,8.68,8.68,269778.0,indra
2019-06-25,8.685,8.97,8.63,8.9,8.9,709919.0,indra
2019-06-26,8.895,8.92,8.765,8.78,8.78,321524.0,indra
2019-06-27,8.84,8.84,8.745,8.78,8.78,376132.0,indra
2019-06-28,8.765,8.9,8.75,8.89,8.89,668979.0,indra
2019-07-01,8.98,9.01,8.805,8.96,8.96,320640.0,indra
2019-07-02,8.965,9.08,8.935,8.97,8.97,470347.0,indra
2019-07-03,8.955,9.11,8.92,9.07,9.07,284683.0,indra
2019-07-04,9.1,9.14,9.05,9.065,9.065,289930.0,indra
2019-07-05,9.05,9.09,8.875,8.93,8.93,313542.0,indra
2019-07-08,8.95,8.985,8.835,8.835,8.835,360880.0,indra
2019-07-09,8.75,8.84,8.62,8.695,8.695,657206.0,indra
2019-07-10,8.69,8.865,8.675,8.78,8.78,423132.0,indra
2019-07-11,8.8,8.825,8.75,8.8,8.8,315748.0,indra
2019-07-12,8.795,8.86,8.7,8.74,8.74,277326.0,indra
2019-07-15,8.76,8.835,8.665,8.685,8.685,374318.0,indra
2019-07-16,8.68,8.77,8.665,8.72,8.72,280214.0,indra
2019-07-17,8.7,8.775,8.455,8.5,8.5,773818.0,indra
2019-07-18,8.495,8.495,8.135,8.16,8.16,1358001.0,indra
2019-07-19,8.245,8.245,8.065,8.18,8.18,654015.0,indra
2019-07-22,8.2,8.21,8.11,8.125,8.125,338713.0,indra
2019-07-23,8.19,8.2,8.08,8.085,8.085,456821.0,indra
2019-07-24,8.15,8.205,8.06,8.11,8.11,684778.0,indra
2019-07-25,8.75,8.91,8.6,8.6,8.6,1522170.0,indra
2019-07-26,8.74,8.74,8.165,8.195,8.195,1127809.0,indra
2019-07-29,8.26,8.26,7.945,8.0,8.0,948196.0,indra
2019-07-30,8.075,8.075,7.86,7.945,7.945,840658.0,indra
2019-07-31,7.97,7.995,7.77,7.77,7.77,686770.0,indra
2019-08-01,7.665,7.79,7.61,7.79,7.79,570222.0,indra
2019-08-02,7.655,7.785,7.56,7.755,7.755,734439.0,indra
2019-08-05,7.665,7.665,7.48,7.615,7.615,570177.0,indra
2019-08-06,7.6,7.655,7.49,7.51,7.51,567675.0,indra
2019-08-07,7.48,7.535,7.35,7.465,7.465,583672.0,indra
2019-08-08,7.47,7.615,7.47,7.56,7.56,379997.0,indra
2019-08-09,7.55,7.6,7.34,7.38,7.38,434436.0,indra
2019-08-12,7.39,7.435,7.175,7.2,7.2,286540.0,indra
2019-08-13,7.14,7.28,7.05,7.21,7.21,553195.0,indra
2019-08-14,7.205,7.215,6.93,6.96,6.96,461174.0,indra
2019-08-15,6.995,7.01,6.78,6.82,6.82,552925.0,indra
2019-08-16,6.805,6.93,6.785,6.89,6.89,528777.0,indra
2019-08-19,6.93,7.03,6.88,6.915,6.915,444659.0,indra
2019-08-20,6.87,6.99,6.74,6.8,6.8,557509.0,indra
2019-08-21,6.815,6.915,6.815,6.91,6.91,688356.0,indra
2019-08-22,6.92,6.935,6.855,6.865,6.865,570588.0,indra
2019-08-23,6.83,6.92,6.725,6.765,6.765,836198.0,indra
2019-08-26,6.725,6.87,6.63,6.85,6.85,428619.0,indra
2019-08-27,6.825,6.88,6.75,6.8,6.8,526067.0,indra
2019-08-28,6.77,6.805,6.615,6.67,6.67,636216.0,indra
2019-08-29,6.67,6.935,6.67,6.935,6.935,1108388.0,indra
2019-08-30,6.97,7.18,6.915,7.16,7.16,1148959.0,indra
2019-09-02,7.22,7.225,7.065,7.185,7.185,670700.0,indra
2019-09-03,7.11,7.42,7.11,7.42,7.42,1051644.0,indra
2019-09-04,7.45,7.53,7.325,7.45,7.45,728679.0,indra
2019-09-05,7.52,7.79,7.425,7.78,7.78,1071783.0,indra
2019-09-06,7.95,8.18,7.93,8.145,8.145,2166152.0,indra
2019-09-09,8.15,8.225,8.075,8.15,8.15,973203.0,indra
2019-09-10,8.22,8.31,7.96,8.08,8.08,953452.0,indra
2019-09-11,8.13,8.43,8.095,8.32,8.32,1266006.0,indra
2019-09-12,8.42,8.48,8.11,8.15,8.15,892684.0,indra
2019-09-13,8.15,8.22,8.01,8.19,8.19,531472.0,indra
2019-09-16,8.095,8.195,8.0,8.075,8.075,544361.0,indra
2019-09-17,8.04,8.08,7.865,7.88,7.88,977192.0,indra
2019-09-18,7.895,8.035,7.83,8.005,8.005,599144.0,indra
2019-09-19,8.015,8.49,7.985,8.32,8.32,973195.0,indra
2019-09-20,8.3,8.365,8.23,8.335,8.335,1027146.0,indra
2019-09-23,8.27,8.295,8.04,8.08,8.08,596615.0,indra
2019-09-24,8.19,8.215,8.015,8.015,8.015,428325.0,indra
2019-09-25,7.975,8.0,7.745,7.845,7.845,639610.0,indra
2019-09-26,7.865,8.0,7.765,7.785,7.785,391307.0,indra
2019-09-27,7.805,8.04,7.795,8.015,8.015,374231.0,indra
2019-09-30,7.97,8.045,7.9,7.94,7.94,505738.0,indra
2019-10-01,8.0,8.115,7.85,7.905,7.905,404893.0,indra
2019-10-02,7.905,7.905,7.7,7.715,7.715,593243.0,indra
2019-10-03,7.65,7.72,7.45,7.525,7.525,641705.0,indra
2019-10-04,7.565,7.7,7.545,7.605,7.605,580634.0,indra
2019-10-07,7.71,7.71,7.52,7.64,7.64,523869.0,indra
2019-10-08,7.695,7.695,7.35,7.37,7.37,503822.0,indra
2019-10-09,7.36,7.39,7.245,7.31,7.31,402488.0,indra
2019-10-10,7.37,8.13,7.35,8.01,8.01,1901665.0,indra
2019-10-11,8.13,8.625,8.1,8.575,8.575,1173574.0,indra
2019-10-14,8.6,8.6,8.255,8.465,8.465,792340.0,indra
2019-10-15,8.475,8.52,8.275,8.355,8.355,467942.0,indra
2019-10-16,8.345,8.43,8.265,8.375,8.375,679388.0,indra
2019-10-17,8.38,8.545,8.285,8.495,8.495,528467.0,indra
2019-10-18,8.51,8.67,8.445,8.55,8.55,639363.0,indra
2019-10-21,8.585,8.775,8.48,8.69,8.69,699401.0,indra
2019-10-22,8.64,8.75,8.375,8.41,8.41,610518.0,indra
2019-10-23,8.4,8.46,8.22,8.295,8.295,546488.0,indra
2019-10-24,8.28,8.435,8.25,8.39,8.39,368451.0,indra
2019-10-25,8.425,8.44,8.34,8.44,8.44,265451.0,indra
2019-10-28,8.405,8.56,8.405,8.505,8.505,255593.0,indra
2019-10-29,8.605,8.62,8.465,8.54,8.54,877363.0,indra
2019-10-30,8.5,8.595,8.43,8.595,8.595,438694.0,indra
2019-10-31,8.58,8.705,8.515,8.66,8.66,459577.0,indra
2019-11-01,8.66,8.825,8.575,8.82,8.82,362230.0,indra
2019-11-04,8.815,9.18,8.815,8.84,8.84,617182.0,indra
2019-11-05,8.825,8.94,8.74,8.88,8.88,539100.0,indra
2019-11-06,9.05,9.32,9.005,9.2,9.2,1176966.0,indra
2019-11-07,9.28,9.455,9.2,9.43,9.43,1145077.0,indra
2019-11-08,9.365,9.54,9.35,9.52,9.52,685138.0,indra
2019-11-11,9.5,9.685,9.46,9.685,9.685,1701647.0,indra
2019-11-12,9.67,9.785,9.64,9.67,9.67,622888.0,indra
2019-11-13,9.635,9.635,9.295,9.47,9.47,933855.0,indra
2019-11-14,9.45,9.59,9.39,9.45,9.45,824400.0,indra
2019-11-15,9.485,9.625,9.36,9.53,9.53,1426710.0,indra
2019-11-18,9.56,9.615,9.35,9.45,9.45,637174.0,indra
2019-11-19,9.53,9.7,9.38,9.41,9.41,834363.0,indra
2019-11-20,9.44,9.455,9.23,9.44,9.44,642941.0,indra
2019-11-21,9.345,9.46,9.265,9.3,9.3,621916.0,indra
2019-11-22,9.255,9.48,9.255,9.35,9.35,737876.0,indra
2019-11-25,9.415,9.535,9.345,9.465,9.465,573838.0,indra
2019-11-26,9.45,9.55,9.34,9.52,9.52,532800.0,indra
2019-11-27,9.55,9.79,9.51,9.755,9.755,846743.0,indra
2019-11-28,9.75,9.795,9.615,9.75,9.75,394595.0,indra
2019-11-29,9.735,9.795,9.64,9.735,9.735,549500.0,indra
2019-12-02,9.75,9.845,9.345,9.35,9.35,758510.0,indra
2019-12-03,9.385,9.445,9.09,9.21,9.21,991409.0,indra
2019-12-04,9.24,9.42,9.24,9.325,9.325,618021.0,indra
2019-12-05,9.31,9.36,9.15,9.185,9.185,1997487.0,indra
2019-12-06,9.245,9.505,9.245,9.4,9.4,569403.0,indra
2019-12-09,9.4,9.425,9.305,9.31,9.31,479346.0,indra
2019-12-10,9.3,9.315,9.13,9.26,9.26,470220.0,indra
2019-12-11,9.215,9.37,9.2,9.225,9.225,448427.0,indra
2019-12-12,9.27,9.505,9.18,9.48,9.48,1383237.0,indra
2019-12-13,9.6,9.76,9.545,9.585,9.585,967484.0,indra
2019-12-16,9.655,10.08,9.64,9.98,9.98,736004.0,indra
2019-12-17,9.93,10.06,9.87,9.92,9.92,511078.0,indra
2019-12-18,9.9,9.92,9.745,9.78,9.78,357159.0,indra
2019-12-19,9.75,9.945,9.7,9.93,9.93,547187.0,indra
2019-12-20,9.96,10.08,9.93,10.08,10.08,1189629.0,indra
2019-12-23,10.08,10.16,10.05,10.11,10.11,553575.0,indra
2019-12-24,10.12,10.15,10.06,10.12,10.12,136085.0,indra
2019-12-25,10.12,10.12,10.12,10.12,10.12,0.0,indra
2019-12-27,10.17,10.4,10.13,10.3,10.3,563888.0,indra
2019-12-30,10.33,10.33,10.14,10.19,10.19,302284.0,indra
2019-12-31,10.1,10.25,10.08,10.18,10.18,150119.0,indra
2020-01-02,10.28,10.31,10.06,10.22,10.22,421716.0,indra
2020-01-03,10.17,10.17,9.96,10.07,10.07,392815.0,indra
2020-01-06,10.0,10.14,9.96,10.11,10.11,382558.0,indra
2020-01-07,10.15,10.27,10.09,10.13,10.13,416397.0,indra
2020-01-08,10.03,10.35,9.92,10.35,10.35,1325718.0,indra
2020-01-09,10.45,10.72,10.3,10.3,10.3,816657.0,indra
2020-01-10,10.35,10.42,10.2,10.38,10.38,390055.0,indra
2020-01-13,10.4,10.61,10.39,10.6,10.6,458564.0,indra
2020-01-14,10.7,10.87,10.6,10.82,10.82,1108877.0,indra
2020-01-15,10.84,10.93,10.75,10.83,10.83,719093.0,indra
2020-01-16,10.84,10.92,10.73,10.88,10.88,1140779.0,indra
2020-01-17,10.95,11.35,10.91,11.28,11.28,1168324.0,indra
2020-01-20,11.3,11.38,11.06,11.16,11.16,584471.0,indra
2020-01-21,11.08,11.26,10.96,11.24,11.24,631653.0,indra
2020-01-22,11.22,11.22,11.02,11.04,11.04,721043.0,indra
2020-01-23,11.0,11.05,10.83,10.88,10.88,566469.0,indra
2020-01-24,10.94,11.18,10.94,11.07,11.07,438571.0,indra
2020-01-27,10.92,10.94,10.75,10.9,10.9,432779.0,indra
2020-01-28,10.93,10.94,10.7,10.88,10.88,427333.0,indra
2020-01-29,10.84,10.99,10.78,10.86,10.86,820953.0,indra
2020-01-30,10.75,10.76,10.35,10.44,10.44,652865.0,indra
2020-01-31,10.46,10.62,10.32,10.36,10.36,547827.0,indra
2020-02-03,10.4,10.45,10.28,10.44,10.44,530708.0,indra
2020-02-04,10.57,10.79,10.52,10.72,10.72,549965.0,indra
2020-02-05,10.75,11.11,10.73,10.93,10.93,666805.0,indra
2020-02-06,10.99,11.13,10.94,11.09,11.09,389600.0,indra
2020-02-07,11.06,11.06,10.84,11.02,11.02,311336.0,indra
2020-02-10,10.96,11.07,10.88,10.97,10.97,304201.0,indra
2020-02-11,11.03,11.26,10.95,11.26,11.26,595288.0,indra
2020-02-12,11.28,11.35,11.16,11.35,11.35,540327.0,indra
2020-02-13,11.26,11.26,10.88,10.93,10.93,835908.0,indra
2020-02-14,10.95,11.02,10.88,10.9,10.9,643567.0,indra
2020-02-17,10.99,11.01,10.86,10.96,10.96,268849.0,indra
2020-02-18,10.86,10.86,10.73,10.74,10.74,447397.0,indra
2020-02-19,10.84,10.84,10.68,10.76,10.76,448732.0,indra
2020-02-20,10.77,10.87,10.68,10.69,10.69,376307.0,indra
2020-02-21,10.65,10.67,10.38,10.43,10.43,882192.0,indra
2020-02-24,10.15,10.16,9.955,10.07,10.07,774124.0,indra
2020-02-25,10.12,10.16,9.61,9.61,9.61,879154.0,indra
2020-02-26,9.58,9.76,9.36,9.69,9.69,1242273.0,indra
2020-02-27,9.65,9.65,9.17,9.4,9.4,961144.0,indra
2020-02-28,9.1,9.88,9.06,9.87,9.87,1636464.0,indra
2020-03-02,9.96,10.11,9.4,9.82,9.82,1371318.0,indra
2020-03-03,9.98,10.48,9.95,10.18,10.18,1130874.0,indra
2020-03-04,10.22,10.3,9.96,10.07,10.07,997856.0,indra
2020-03-05,10.14,10.3,9.955,10.26,10.26,1476001.0,indra
2020-03-06,10.08,10.08,9.5,9.66,9.66,1737053.0,indra
2020-03-09,9.18,9.5,8.955,9.32,9.32,1979353.0,indra
2020-03-10,9.39,9.715,9.155,9.19,9.19,1680082.0,indra
2020-03-11,9.24,9.375,8.3,8.335,8.335,1707658.0,indra
2020-03-12,8.025,8.235,7.255,7.29,7.29,1992483.0,indra
2020-03-13,7.54,8.54,7.445,7.825,7.825,1091780.0,indra
2020-03-16,7.4,7.535,6.815,7.42,7.42,1348446.0,indra
2020-03-17,7.945,8.07,7.08,7.46,7.46,985529.0,indra
2020-03-18,7.11,7.555,6.945,7.08,7.08,922897.0,indra
2020-03-19,7.42,8.15,7.115,8.15,8.15,628358.0,indra
2020-03-20,8.63,8.69,7.45,7.62,7.62,601246.0,indra
2020-03-23,7.42,7.445,7.005,7.055,7.055,827736.0,indra
2020-03-24,7.405,7.425,7.15,7.35,7.35,918617.0,indra
2020-03-25,7.675,7.87,7.265,7.87,7.87,584239.0,indra
2020-03-26,7.78,8.205,7.655,8.205,8.205,537274.0,indra
2020-03-27,8.015,8.35,7.755,7.945,7.945,291465.0,indra
2020-03-30,7.95,7.95,7.325,7.45,7.45,504161.0,indra
2020-03-31,7.56,7.79,7.43,7.5,7.5,385416.0,indra
2020-04-01,7.255,7.47,7.17,7.26,7.26,498751.0,indra
2020-04-02,7.3,7.385,7.12,7.13,7.13,590274.0,indra
2020-04-03,7.28,7.28,6.86,6.86,6.86,753202.0,indra
2020-04-06,7.2,7.2,6.94,7.0,7.0,811855.0,indra
2020-04-07,7.2,8.0,7.07,7.855,7.855,1527030.0,indra
2020-04-08,8.0,8.2,7.85,8.125,8.125,683168.0,indra
2020-04-09,8.275,8.46,8.115,8.295,8.295,483453.0,indra
2020-04-14,8.6,8.6,8.155,8.155,8.155,613484.0,indra
2020-04-15,8.13,8.16,7.7,7.715,7.715,574726.0,indra
2020-04-16,7.91,7.915,7.59,7.655,7.655,387495.0,indra
2020-04-17,7.93,8.065,7.88,7.925,7.925,469641.0,indra
2020-04-20,8.0,8.0,7.77,7.79,7.79,255705.0,indra
2020-04-21,7.82,7.82,7.36,7.53,7.53,502940.0,indra
2020-04-22,7.5,7.525,7.26,7.455,7.455,681177.0,indra
2020-04-23,7.43,7.625,7.35,7.58,7.58,306873.0,indra
2020-04-24,7.54,7.575,7.39,7.4,7.4,266426.0,indra
2020-04-27,7.545,7.575,7.465,7.57,7.57,184344.0,indra
2020-04-28,7.62,7.66,7.525,7.58,7.58,326090.0,indra
2020-04-29,7.78,8.115,7.65,8.115,8.115,516084.0,indra
2020-04-30,8.12,8.24,7.845,7.865,7.865,512080.0,indra
2020-05-04,7.76,7.865,7.59,7.7,7.7,250252.0,indra
2020-05-05,7.725,7.87,7.605,7.685,7.685,220317.0,indra
2020-05-06,7.73,7.75,7.535,7.585,7.585,260377.0,indra
2020-05-07,7.53,7.695,7.435,7.615,7.615,280360.0,indra
2020-05-08,7.69,7.91,7.605,7.715,7.715,225561.0,indra
2020-05-11,7.75,7.925,7.545,7.58,7.58,298388.0,indra
2020-05-12,7.58,7.58,6.92,7.25,7.25,1550914.0,indra
2020-05-13,7.3,7.3,7.015,7.015,7.015,692894.0,indra
2020-05-14,7.025,7.07,6.855,6.95,6.95,670255.0,indra
2020-05-15,7.06,7.14,6.86,6.88,6.88,542751.0,indra
2020-05-18,7.0,7.19,6.945,7.12,7.12,571862.0,indra
2020-05-19,7.2,7.27,6.865,6.935,6.935,1116080.0,indra
2020-05-20,6.95,6.95,6.555,6.86,6.86,951591.0,indra
2020-05-21,6.86,7.04,6.735,6.795,6.795,827938.0,indra
2020-05-22,6.87,6.955,6.74,6.85,6.85,726370.0,indra
2020-05-25,6.965,7.18,6.95,7.03,7.03,941563.0,indra
2020-05-26,7.15,7.45,7.07,7.22,7.22,966244.0,indra
2020-05-27,7.28,7.36,7.085,7.24,7.24,949928.0,indra
2020-05-28,7.27,7.375,7.055,7.185,7.185,666703.0,indra
2020-05-29,7.105,7.135,6.95,6.95,6.95,995771.0,indra
2020-06-01,7.075,7.18,7.005,7.12,7.12,713303.0,indra
2020-06-02,7.19,7.56,7.175,7.535,7.535,1132909.0,indra
2020-06-03,7.6,8.005,7.6,8.005,8.005,1435603.0,indra
2020-06-04,8.0,8.09,7.77,7.86,7.86,1149524.0,indra
2020-06-05,7.975,8.19,7.92,8.145,8.145,1064190.0,indra
2020-06-08,8.23,8.345,8.055,8.195,8.195,953156.0,indra
2020-06-09,8.2,8.305,7.88,8.025,8.025,729450.0,indra
2020-06-10,7.94,8.16,7.755,7.815,7.815,812772.0,indra
2020-06-11,7.65,7.65,7.435,7.45,7.45,802937.0,indra
2020-06-12,7.405,7.585,7.3,7.3,7.3,949215.0,indra
2020-06-15,7.2,7.335,7.045,7.28,7.28,1049353.0,indra
2020-06-16,7.4,7.695,7.37,7.43,7.43,759285.0,indra
2020-06-17,7.455,7.505,7.36,7.43,7.43,909073.0,indra
2020-06-18,7.39,7.4,7.22,7.22,7.22,1528678.0,indra
2020-06-19,7.29,7.29,7.165,7.17,7.17,907878.0,indra
2020-06-22,7.15,7.175,6.975,7.01,7.01,870744.0,indra
2020-06-23,7.145,7.19,6.92,6.99,6.99,1476851.0,indra
2020-06-24,7.02,7.16,6.93,6.94,6.94,1196940.0,indra
2020-06-25,6.92,6.97,6.735,6.935,6.935,1133156.0,indra
2020-06-26,7.08,7.185,6.99,7.045,7.045,1481304.0,indra
2020-06-29,7.045,7.145,6.92,6.97,6.97,825429.0,indra
2020-06-30,6.98,7.035,6.88,6.995,6.995,1533989.0,indra
2020-07-01,7.07,7.12,6.905,7.0,7.0,1243268.0,indra
2020-07-02,7.09,7.13,7.05,7.13,7.13,2082211.0,indra
2020-07-03,7.14,7.155,6.99,7.05,7.05,839107.0,indra
2020-07-06,7.18,7.345,7.11,7.27,7.27,1053093.0,indra
2020-07-07,7.235,7.245,7.085,7.2,7.2,1665146.0,indra
2020-07-08,7.1,7.175,7.06,7.07,7.07,1550246.0,indra
2020-07-09,7.135,7.175,6.91,6.92,6.92,603223.0,indra
2020-07-10,6.9,6.92,6.745,6.88,6.88,1011433.0,indra
2020-07-13,6.965,7.095,6.945,7.015,7.015,647369.0,indra
2020-07-14,6.925,6.975,6.765,6.875,6.875,980998.0,indra
2020-07-15,6.96,7.235,6.93,7.185,7.185,1909679.0,indra
2020-07-16,7.075,7.18,6.965,6.97,6.97,1127091.0,indra
2020-07-17,6.95,6.955,6.855,6.885,6.885,691127.0,indra
2020-07-20,6.86,6.935,6.775,6.91,6.91,716717.0,indra
2020-07-21,6.99,7.235,6.955,6.99,6.99,1337443.0,indra
2020-07-22,7.0,7.025,6.585,6.745,6.745,1923330.0,indra
2020-07-23,6.79,6.805,6.465,6.665,6.665,1589633.0,indra
2020-07-24,6.56,6.8,6.51,6.755,6.755,1401580.0,indra
2020-07-27,6.74,6.74,6.55,6.675,6.675,1004794.0,indra
2020-07-28,6.78,6.78,6.555,6.61,6.61,691845.0,indra
2020-07-29,6.605,6.645,6.47,6.535,6.535,707065.0,indra
2020-07-30,6.53,6.54,6.015,6.335,6.335,3126799.0,indra
2020-07-31,6.35,6.57,6.35,6.37,6.37,1381262.0,indra
2020-08-03,6.365,6.58,6.16,6.54,6.54,1361909.0,indra
2020-08-04,6.6,6.64,6.395,6.51,6.51,734867.0,indra
2020-08-05,6.555,6.67,6.455,6.465,6.465,834837.0,indra
2020-08-06,6.43,6.505,6.35,6.405,6.405,706052.0,indra
2020-08-07,6.4,6.405,6.25,6.33,6.33,2171915.0,indra
2020-08-10,6.33,6.415,6.18,6.18,6.18,950671.0,indra
2020-08-11,6.23,6.53,6.23,6.505,6.505,1034777.0,indra
2020-08-12,6.51,6.685,6.51,6.53,6.53,918872.0,indra
2020-08-13,6.53,6.62,6.415,6.495,6.495,609009.0,indra
2020-08-14,6.55,6.55,6.275,6.375,6.375,603289.0,indra
2020-08-17,6.37,6.41,6.27,6.36,6.36,579696.0,indra
2020-08-18,6.285,6.435,6.27,6.34,6.34,704408.0,indra
2020-08-19,6.375,6.375,6.29,6.35,6.35,474229.0,indra
2020-08-20,6.25,6.335,6.21,6.285,6.285,543079.0,indra
2020-08-21,6.325,6.325,6.165,6.245,6.245,651273.0,indra
2020-08-24,6.335,6.365,6.27,6.345,6.345,697483.0,indra
2020-08-25,6.395,6.435,6.26,6.29,6.29,627503.0,indra
2020-08-26,6.29,6.305,6.2,6.29,6.29,668581.0,indra
2020-08-27,6.3,6.3,6.16,6.195,6.195,545441.0,indra
2020-08-28,6.2,6.205,6.095,6.19,6.19,873781.0,indra
2020-08-31,6.245,6.28,6.05,6.09,6.09,965178.0,indra
2020-09-01,6.11,6.12,6.01,6.095,6.095,744772.0,indra
2020-09-02,6.09,6.135,5.99,6.05,6.05,848734.0,indra
2020-09-03,6.15,6.345,6.09,6.105,6.105,1149314.0,indra
2020-09-04,6.11,6.275,6.065,6.24,6.24,1080417.0,indra
2020-09-07,6.325,6.385,6.265,6.35,6.35,778276.0,indra
2020-09-08,6.365,6.37,6.23,6.31,6.31,791536.0,indra
2020-09-09,6.325,6.6,6.26,6.6,6.6,2098165.0,indra
2020-09-10,6.655,6.66,6.515,6.59,6.59,772905.0,indra
2020-09-11,6.585,6.725,6.52,6.66,6.66,935290.0,indra
2020-09-14,6.695,6.855,6.645,6.805,6.805,810291.0,indra
2020-09-15,6.76,6.915,6.76,6.895,6.895,603526.0,indra
2020-09-16,6.9,6.935,6.805,6.83,6.83,623566.0,indra
2020-09-17,6.75,6.795,6.585,6.71,6.71,595280.0,indra
2020-09-18,6.75,6.75,6.65,6.66,6.66,851605.0,indra
2020-09-21,6.6,6.625,6.25,6.33,6.33,797007.0,indra
2020-09-22,6.395,6.41,6.14,6.14,6.14,851762.0,indra
2020-09-23,6.245,6.29,6.035,6.055,6.055,864550.0,indra
2020-09-24,5.97,6.035,5.89,5.985,5.985,719911.0,indra
2020-09-25,6.0,6.035,5.805,5.995,5.995,873542.0,indra
2020-09-28,6.15,6.35,6.1,6.305,6.305,823201.0,indra
2020-09-29,6.305,6.305,6.1,6.1,6.1,547985.0,indra
2020-09-30,6.04,6.125,5.99,6.075,6.075,650309.0,indra
2020-10-01,6.115,6.125,5.99,6.01,6.01,772004.0,indra
2020-10-02,5.95,5.95,5.835,5.89,5.89,1001180.0,indra
2020-10-05,5.96,6.005,5.895,5.945,5.945,688599.0,indra
2020-10-06,5.945,6.14,5.945,6.08,6.08,709911.0,indra
2020-10-07,6.08,6.12,5.985,6.0,6.0,700650.0,indra
2020-10-08,6.08,6.155,6.035,6.13,6.13,874440.0,indra
2020-10-09,6.14,6.325,6.135,6.25,6.25,768751.0,indra
2020-10-12,6.3,6.315,6.17,6.175,6.175,504833.0,indra
2020-10-13,6.19,6.19,6.055,6.065,6.065,537413.0,indra
2020-10-14,6.07,6.205,6.045,6.125,6.125,614158.0,indra
2020-10-15,6.02,6.06,5.955,6.05,6.05,625725.0,indra
2020-10-16,6.07,6.1,5.905,5.93,5.93,1135673.0,indra
2020-10-19,6.0,6.115,6.0,6.055,6.055,522868.0,indra
2020-10-20,5.995,6.18,5.99,6.125,6.125,468769.0,indra
2020-10-21,6.15,6.195,6.095,6.135,6.135,544010.0,indra
2020-10-22,6.105,6.155,6.04,6.085,6.085,921197.0,indra
2020-10-23,6.045,6.155,6.03,6.095,6.095,555242.0,indra
2020-10-26,6.02,6.03,5.91,5.915,5.915,669648.0,indra
2020-10-27,5.93,5.93,5.665,5.67,5.67,1182266.0,indra
2020-10-28,5.61,5.74,5.355,5.37,5.37,1733694.0,indra
2020-10-29,5.375,5.455,5.125,5.13,5.13,1420256.0,indra
2020-10-30,5.05,5.3,5.03,5.15,5.15,1076498.0,indra
2020-11-02,5.165,5.215,5.06,5.15,5.15,784155.0,indra
2020-11-03,5.165,5.28,5.165,5.26,5.26,955456.0,indra
2020-11-04,5.15,5.495,5.15,5.41,5.41,1187224.0,indra
2020-11-05,5.495,5.56,5.45,5.5,5.5,903436.0,indra
2020-11-06,5.485,5.6,5.48,5.56,5.56,654855.0,indra
2020-11-09,5.725,6.07,5.685,6.05,6.05,1501469.0,indra
2020-11-10,6.01,6.45,6.0,6.405,6.405,1567175.0,indra
2020-11-11,6.435,6.64,6.36,6.6,6.6,1145144.0,indra
2020-11-12,6.59,6.68,6.51,6.635,6.635,901010.0,indra
2020-11-13,6.595,6.775,6.555,6.7,6.7,667195.0,indra
2020-11-16,6.8,6.885,6.685,6.765,6.765,981003.0,indra
2020-11-17,6.815,6.85,6.645,6.77,6.77,572590.0,indra
2020-11-18,6.765,6.95,6.71,6.95,6.95,711781.0,indra
2020-11-19,6.965,6.99,6.755,6.81,6.81,1117320.0,indra
2020-11-20,6.795,6.865,6.725,6.775,6.775,497491.0,indra
2020-11-23,6.84,6.88,6.67,6.69,6.69,629399.0,indra
2020-11-24,6.8,6.91,6.745,6.91,6.91,786645.0,indra
2020-11-25,6.95,6.955,6.73,6.895,6.895,795291.0,indra
2020-11-26,6.94,6.94,6.79,6.87,6.87,644491.0,indra
2020-11-27,6.865,6.865,6.77,6.85,6.85,483392.0,indra
2020-11-30,6.85,6.89,6.7,6.7,6.7,700870.0,indra
2020-12-01,6.75,6.83,6.73,6.795,6.795,694088.0,indra
2020-12-02,6.86,6.875,6.785,6.84,6.84,637005.0,indra
2020-12-03,6.85,6.885,6.8,6.86,6.86,522630.0,indra
2020-12-04,6.89,7.185,6.87,7.16,7.16,970754.0,indra
2020-12-07,7.2,7.27,7.09,7.27,7.27,728061.0,indra
2020-12-08,7.25,7.25,7.08,7.09,7.09,620007.0,indra
2020-12-09,7.105,7.265,7.075,7.1,7.1,1661975.0,indra
2020-12-10,7.105,7.105,6.91,6.975,6.975,571218.0,indra
2020-12-11,6.93,6.96,6.78,6.79,6.79,559507.0,indra
2020-12-14,6.925,6.93,6.75,6.75,6.75,566423.0,indra
2020-12-15,6.73,6.75,6.595,6.695,6.695,607953.0,indra
2020-12-16,6.745,6.745,6.635,6.69,6.69,598354.0,indra
2020-12-17,6.75,6.985,6.725,6.97,6.97,742491.0,indra
2020-12-18,6.93,7.035,6.875,6.93,6.93,730327.0,indra
2020-12-21,6.765,6.79,6.545,6.67,6.67,857712.0,indra
2020-12-22,6.7,6.875,6.68,6.875,6.875,502746.0,indra
2020-12-23,6.875,7.0,6.855,6.99,6.99,402498.0,indra
2020-12-24,6.915,6.945,6.855,6.87,6.87,204972.0,indra
2020-12-28,6.99,7.085,6.955,7.02,7.02,346041.0,indra
2020-12-29,7.065,7.125,7.0,7.01,7.01,453370.0,indra
2020-12-30,7.005,7.115,6.995,7.05,7.05,428989.0,indra
2020-12-31,7.04,7.045,6.98,6.98,6.98,278185.0,indra
2021-01-04,7.115,7.115,6.81,6.85,6.85,581795.0,indra
2021-01-05,6.8,6.965,6.785,6.965,6.965,482906.0,indra
2021-01-06,7.03,7.095,6.915,7.065,7.065,545724.0,indra
2021-01-07,7.09,7.09,6.835,6.94,6.94,754135.0,indra
2021-01-08,6.98,7.075,6.965,7.06,7.06,683604.0,indra
2021-01-11,7.12,7.24,7.04,7.1,7.1,822930.0,indra
2021-01-12,7.15,7.2,7.09,7.19,7.19,553964.0,indra
2021-01-13,7.19,7.43,7.14,7.43,7.43,864308.0,indra
2021-01-14,7.52,7.55,7.4,7.48,7.48,884015.0,indra
2021-01-15,7.455,7.465,7.04,7.2,7.2,1051558.0,indra
2021-01-18,7.2,7.385,7.16,7.375,7.375,569364.0,indra
2021-01-19,7.48,7.48,7.28,7.32,7.32,430191.0,indra
2021-01-20,7.38,7.38,7.215,7.255,7.255,460046.0,indra
2021-01-21,7.27,7.44,7.25,7.35,7.35,877651.0,indra
2021-01-22,7.31,7.31,7.195,7.295,7.295,788589.0,indra
2021-01-25,7.325,7.325,6.94,6.99,6.99,1057928.0,indra
2021-01-26,6.985,7.14,6.855,7.115,7.115,558537.0,indra
2021-01-27,7.125,7.405,7.075,7.195,7.195,1255500.0,indra
2021-01-28,7.095,7.26,7.095,7.255,7.255,546990.0,indra
2021-01-29,7.145,7.33,7.125,7.27,7.27,647044.0,indra
2021-02-01,7.325,7.395,7.235,7.395,7.395,554586.0,indra
2021-02-02,7.445,7.545,7.41,7.43,7.43,569939.0,indra
2021-02-03,7.545,7.63,7.45,7.45,7.45,629935.0,indra
2021-02-04,7.5,7.515,7.39,7.46,7.46,450914.0,indra
2021-02-05,7.52,7.585,7.44,7.44,7.44,547898.0,indra
2021-02-08,7.485,7.57,7.46,7.52,7.52,586950.0,indra
2021-02-09,7.53,7.535,7.37,7.38,7.38,496538.0,indra
2021-02-10,7.425,7.43,7.315,7.39,7.39,428542.0,indra
2021-02-11,7.39,7.5,7.27,7.285,7.285,352091.0,indra
2021-02-12,7.295,7.345,7.155,7.275,7.275,612479.0,indra
2021-02-15,7.39,7.66,7.335,7.605,7.605,801492.0,indra
2021-02-16,7.65,7.75,7.585,7.665,7.665,631569.0,indra
2021-02-17,7.71,7.71,7.45,7.475,7.475,572474.0,indra
2021-02-18,7.43,7.55,7.305,7.32,7.32,484885.0,indra
2021-02-19,7.35,7.55,7.32,7.505,7.505,469970.0,indra
2021-02-22,7.46,7.52,7.365,7.485,7.485,503216.0,indra
2021-02-23,7.55,7.645,7.46,7.54,7.54,649992.0,indra
2021-02-24,7.62,7.715,7.575,7.66,7.66,530952.0,indra
2021-02-25,7.75,7.965,7.485,7.58,7.58,1068998.0,indra
2021-02-26,7.5,7.585,7.245,7.275,7.275,1300407.0,indra
2021-03-01,7.475,7.585,7.315,7.585,7.585,629656.0,indra
2021-03-02,7.585,7.68,7.44,7.44,7.44,578781.0,indra
2021-03-03,7.47,7.65,7.44,7.535,7.535,641598.0,indra
2021-03-04,7.47,7.65,7.46,7.56,7.56,518638.0,indra
2021-03-05,7.545,7.555,7.39,7.47,7.47,533330.0,indra
2021-03-08,7.535,7.65,7.47,7.6,7.6,866279.0,indra
2021-03-09,7.57,7.79,7.565,7.715,7.715,754932.0,indra
2021-03-10,7.75,7.9,7.625,7.69,7.69,771631.0,indra
2021-03-11,7.705,7.775,7.56,7.585,7.585,447768.0,indra
2021-03-12,7.585,7.635,7.505,7.635,7.635,551045.0,indra
2021-03-15,7.715,7.8,7.7,7.75,7.75,640988.0,indra
2021-03-16,7.77,7.97,7.77,7.945,7.945,813458.0,indra
2021-03-17,7.98,8.095,7.82,7.935,7.935,667368.0,indra
2021-03-18,7.995,8.02,7.88,7.935,7.935,477645.0,indra
2021-03-19,7.89,7.97,7.73,7.73,7.73,908176.0,indra
2021-03-22,7.72,7.725,7.555,7.685,7.685,546676.0,indra
2021-03-23,7.685,7.685,7.5,7.525,7.525,608372.0,indra
2021-03-24,7.5,7.7,7.41,7.7,7.7,852322.0,indra
2021-03-25,7.7,7.71,7.43,7.525,7.525,457708.0,indra
2021-03-26,7.635,7.635,7.53,7.55,7.55,436746.0,indra
2021-03-29,7.55,7.67,7.545,7.61,7.61,383882.0,indra
2021-03-30,7.66,7.7,7.53,7.545,7.545,695102.0,indra
2021-03-31,7.56,7.64,7.495,7.495,7.495,786272.0,indra
2021-04-01,7.51,7.545,7.42,7.5,7.5,764797.0,indra
2021-04-06,7.6,7.78,7.575,7.685,7.685,659809.0,indra
2021-04-07,7.715,7.76,7.59,7.59,7.59,475075.0,indra
2021-04-08,7.54,7.595,7.41,7.45,7.45,803839.0,indra
2021-04-09,7.465,7.51,7.395,7.435,7.435,765499.0,indra
2021-04-12,7.46,7.47,7.33,7.385,7.385,536997.0,indra
2021-04-13,7.4,7.4,7.25,7.325,7.325,1067621.0,indra
2021-04-14,7.36,7.525,7.3,7.51,7.51,593627.0,indra
2021-04-15,7.545,7.545,7.455,7.49,7.49,447118.0,indra
2021-04-16,7.48,7.57,7.41,7.41,7.41,383661.0,indra
2021-04-19,7.44,7.685,7.44,7.67,7.67,900100.0,indra
2021-04-20,7.69,7.725,7.48,7.5,7.5,800683.0,indra
2021-04-21,7.51,7.655,7.51,7.65,7.65,628348.0,indra
2021-04-22,7.69,7.72,7.565,7.62,7.62,499933.0,indra
2021-04-23,7.595,7.63,7.55,7.62,7.62,396807.0,indra
2021-04-26,7.67,7.795,7.585,7.795,7.795,725267.0,indra
2021-04-27,7.8,7.875,7.685,7.85,7.85,689826.0,indra
2021-04-28,8.0,8.51,8.0,8.385,8.385,2855358.0,indra
2021-04-29,8.395,8.72,8.38,8.68,8.68,1328993.0,indra
2021-04-30,8.645,8.72,8.48,8.665,8.665,1000517.0,indra
2021-05-03,8.65,8.835,8.585,8.77,8.77,810832.0,indra
2021-05-04,8.745,8.75,8.485,8.485,8.485,812870.0,indra
2021-05-05,8.61,8.63,8.475,8.55,8.55,512098.0,indra
2021-05-06,8.55,8.555,8.21,8.26,8.26,971816.0,indra
2021-05-07,8.33,8.415,8.31,8.36,8.36,457577.0,indra
2021-05-10,8.4,8.41,8.32,8.385,8.385,377140.0,indra
2021-05-11,8.345,8.345,8.05,8.125,8.125,548791.0,indra
2021-05-12,8.145,8.15,8.045,8.06,8.06,445651.0,indra
2021-05-13,7.97,8.08,7.865,8.025,8.025,589300.0,indra
2021-05-14,8.135,8.195,8.075,8.195,8.195,569590.0,indra
2021-05-17,8.25,8.295,8.125,8.19,8.19,741279.0,indra
2021-05-18,8.3,8.3,8.115,8.19,8.19,489402.0,indra
2021-05-19,8.17,8.17,7.97,8.08,8.08,479720.0,indra
2021-05-20,8.1,8.17,8.015,8.17,8.17,337130.0,indra
2021-05-21,8.18,8.19,7.41,7.52,7.52,2473626.0,indra
2021-05-24,7.53,7.58,7.11,7.165,7.165,3922481.0,indra
2021-05-25,7.205,7.23,7.05,7.09,7.09,2156071.0,indra
2021-05-26,7.125,7.175,7.005,7.04,7.04,1817538.0,indra
2021-05-27,7.08,7.27,7.055,7.145,7.145,1975846.0,indra
2021-05-28,7.22,7.28,7.14,7.15,7.15,1536879.0,indra
2021-05-31,7.15,7.205,7.0,7.01,7.01,1024424.0,indra
2021-06-01,7.03,7.26,7.005,7.21,7.21,1486472.0,indra
2021-06-02,7.24,7.26,7.155,7.225,7.225,643943.0,indra
2021-06-03,7.21,7.225,7.125,7.155,7.155,621807.0,indra
2021-06-04,7.165,7.2,7.075,7.145,7.145,653685.0,indra
2021-06-07,7.14,7.2,7.1,7.16,7.16,530345.0,indra
2021-06-08,7.18,7.22,7.115,7.12,7.12,594890.0,indra
2021-06-09,7.12,7.48,7.12,7.445,7.445,2216543.0,indra
2021-06-10,7.46,7.625,7.42,7.57,7.57,1503540.0,indra
2021-06-11,7.525,7.705,7.49,7.655,7.655,1118101.0,indra
2021-06-14,7.71,7.82,7.7,7.805,7.805,889321.0,indra
2021-06-15,7.81,7.845,7.77,7.81,7.81,666856.0,indra
2021-06-16,7.84,7.84,7.6,7.74,7.74,667245.0,indra
2021-06-17,7.715,7.815,7.715,7.81,7.81,557122.0,indra
2021-06-18,7.81,7.815,7.58,7.65,7.65,920212.0,indra
2021-06-21,7.58,7.585,7.365,7.55,7.55,665377.0,indra
2021-06-22,7.55,7.6,7.49,7.6,7.6,747871.0,indra
2021-06-23,7.6,7.645,7.505,7.56,7.56,416717.0,indra
2021-06-24,7.525,7.66,7.515,7.66,7.66,507436.0,indra
2021-06-25,7.7,7.81,7.635,7.74,7.74,924244.0,indra
2021-06-28,7.745,7.75,7.62,7.63,7.63,841764.0,indra
2021-06-29,7.65,7.735,7.565,7.695,7.695,657654.0,indra
2021-06-30,7.67,7.765,7.56,7.695,7.695,554412.0,indra
2021-07-01,7.76,7.84,7.675,7.805,7.805,481696.0,indra
2021-07-02,7.8,7.965,7.785,7.91,7.91,800154.0,indra
2021-07-05,7.92,7.98,7.9,7.96,7.96,434174.0,indra
2021-07-06,7.98,8.03,7.805,7.845,7.845,603192.0,indra
2021-07-07,7.895,7.895,7.745,7.825,7.825,554805.0,indra
2021-07-08,7.8,7.8,7.51,7.56,7.56,838921.0,indra
2021-07-09,7.62,7.685,7.51,7.685,7.685,431334.0,indra
2021-07-12,7.695,7.7,7.585,7.675,7.675,345696.0,indra
2021-07-13,7.71,7.71,7.51,7.535,7.535,361149.0,indra
2021-07-14,7.45,7.61,7.36,7.575,7.575,566195.0,indra
2021-07-15,7.53,7.56,7.385,7.45,7.45,345154.0,indra
2021-07-16,7.5,7.58,7.4,7.46,7.46,403717.0,indra
2021-07-19,7.39,7.47,7.185,7.255,7.255,587084.0,indra
2021-07-20,7.27,7.385,7.25,7.375,7.375,717418.0,indra
2021-07-21,7.55,7.885,7.49,7.76,7.76,1306267.0,indra
2021-07-22,7.85,7.95,7.79,7.95,7.95,824498.0,indra
2021-07-23,7.95,8.265,7.95,7.985,7.985,1063476.0,indra
2021-07-26,7.955,8.225,7.875,8.16,8.16,1143950.0,indra
2021-07-27,7.96,8.035,7.77,7.98,7.98,997037.0,indra
2021-07-28,8.3,9.09,8.265,9.01,9.01,4746325.0,indra
2021-07-29,8.95,8.955,8.655,8.795,8.795,1165645.0,indra
2021-07-30,8.66,8.92,8.55,8.82,8.82,1015319.0,indra
2021-08-02,8.87,8.96,8.74,8.91,8.91,678662.0,indra
2021-08-03,8.92,8.95,8.64,8.655,8.655,653189.0,indra
2021-08-04,8.74,8.805,8.635,8.67,8.67,395293.0,indra
2021-08-05,8.65,8.785,8.59,8.785,8.785,432878.0,indra
2021-08-06,8.9,8.97,8.76,8.835,8.835,443957.0,indra
2021-08-09,8.89,8.965,8.79,8.95,8.95,471535.0,indra
2021-08-10,8.945,9.025,8.885,8.925,8.925,522575.0,indra
2021-08-11,8.915,8.945,8.8,8.87,8.87,794408.0,indra
2021-08-12,8.9,9.065,8.855,9.02,9.02,701312.0,indra
2021-08-13,8.985,9.02,8.85,8.865,8.865,453705.0,indra
2021-08-16,8.905,8.98,8.8,8.83,8.83,437018.0,indra
2021-08-17,8.85,8.855,8.71,8.82,8.82,435797.0,indra
2021-08-18,8.85,8.885,8.755,8.81,8.81,363697.0,indra
2021-08-19,8.67,8.82,8.645,8.8,8.8,331390.0,indra
2021-08-20,8.67,8.76,8.65,8.745,8.745,463044.0,indra
2021-08-23,8.79,8.835,8.74,8.79,8.79,420304.0,indra
2021-08-24,8.82,8.845,8.695,8.795,8.795,472423.0,indra
2021-08-25,8.865,8.91,8.78,8.825,8.825,429220.0,indra
2021-08-26,8.75,8.82,8.72,8.785,8.785,275427.0,indra
2021-08-27,8.795,8.815,8.69,8.815,8.815,333069.0,indra
2021-08-30,8.845,8.885,8.75,8.87,8.87,330895.0,indra
2021-08-31,8.95,9.27,8.91,9.135,9.135,1162621.0,indra
2021-09-01,9.2,9.35,9.18,9.35,9.35,900562.0,indra
2021-09-02,9.33,9.365,9.26,9.36,9.36,672172.0,indra
2021-09-03,9.34,9.36,9.15,9.19,9.19,534579.0,indra
2021-09-06,9.2,9.22,9.025,9.05,9.05,384999.0,indra
2021-09-07,9.11,9.12,8.975,9.065,9.065,425595.0,indra
2021-09-08,9.03,9.03,8.825,8.925,8.925,511905.0,indra
2021-09-09,8.85,8.94,8.76,8.925,8.925,388043.0,indra
2021-09-10,9.0,9.0,8.83,8.85,8.85,415997.0,indra
2021-09-13,8.945,9.045,8.855,8.985,8.985,327123.0,indra
2021-09-14,8.92,9.14,8.915,9.04,9.04,433153.0,indra
2021-09-15,9.015,9.06,8.87,8.91,8.91,424738.0,indra
2021-09-16,8.915,9.075,8.895,9.05,9.05,368433.0,indra
2021-09-17,9.01,9.44,9.01,9.325,9.325,1036266.0,indra
2021-09-20,9.14,9.245,8.975,9.195,9.195,572170.0,indra
2021-09-21,9.26,9.375,9.175,9.225,9.225,403936.0,indra
2021-09-22,9.34,9.39,9.27,9.32,9.32,482787.0,indra
2021-09-23,9.21,9.5,9.21,9.475,9.475,726548.0,indra
2021-09-24,9.5,9.5,9.33,9.45,9.45,337174.0,indra
2021-09-27,9.5,9.57,9.45,9.52,9.52,399458.0,indra
2021-09-28,9.47,9.525,9.155,9.155,9.155,1171074.0,indra
2021-09-29,9.195,9.235,9.03,9.155,9.155,578432.0,indra
2021-09-30,9.22,9.45,9.22,9.28,9.28,755491.0,indra
2021-10-01,9.145,9.22,9.02,9.185,9.185,520789.0,indra
2021-10-04,9.19,9.235,8.97,9.02,9.02,552913.0,indra
2021-10-05,9.02,9.205,9.005,9.205,9.205,426062.0,indra
2021-10-06,9.1,9.19,8.89,8.895,8.895,762220.0,indra
2021-10-07,9.07,9.07,8.785,8.915,8.915,795444.0,indra
2021-10-08,8.92,9.17,8.915,9.08,9.08,757112.0,indra
2021-10-11,9.02,9.04,8.845,8.93,8.93,689217.0,indra
2021-10-12,8.85,9.01,8.785,8.965,8.965,532932.0,indra
2021-10-13,8.77,9.275,8.765,9.23,9.23,822711.0,indra
2021-10-14,9.3,9.465,9.28,9.42,9.42,804356.0,indra
2021-10-15,9.43,9.52,9.415,9.47,9.47,398341.0,indra
2021-10-18,9.5,9.5,9.38,9.41,9.41,256845.0,indra
2021-10-19,9.44,9.57,9.44,9.525,9.525,530620.0,indra
2021-10-20,9.45,9.655,9.43,9.49,9.49,470574.0,indra
2021-10-21,9.53,9.6,9.455,9.485,9.485,311602.0,indra
2021-10-22,9.5,9.56,9.41,9.52,9.52,306976.0,indra
2021-10-25,9.57,9.71,9.51,9.6,9.6,481802.0,indra
2021-10-26,9.59,9.67,9.52,9.57,9.57,386012.0,indra
2021-10-27,9.505,9.56,9.455,9.56,9.56,353660.0,indra
2021-10-28,9.75,10.44,9.655,10.38,10.38,3809602.0,indra
2021-10-29,10.34,10.45,10.17,10.45,10.45,1207106.0,indra
2021-11-01,10.44,10.58,10.34,10.41,10.41,793334.0,indra
2021-11-02,10.37,10.45,10.29,10.32,10.32,543914.0,indra
2021-11-03,10.34,10.48,10.29,10.48,10.48,511540.0,indra
2021-11-04,10.5,10.7,10.48,10.69,10.69,732583.0,indra
2021-11-05,10.67,10.9,10.64,10.78,10.78,1009845.0,indra
2021-11-08,10.72,10.85,10.69,10.78,10.78,851245.0,indra
2021-11-09,10.72,10.95,10.72,10.92,10.92,736704.0,indra
2021-11-10,10.86,11.04,10.86,10.99,10.99,1197427.0,indra
2021-11-11,10.95,11.09,10.94,11.09,11.09,623680.0,indra
2021-11-12,11.1,11.1,10.93,10.95,10.95,646496.0,indra
2021-11-15,10.97,10.97,10.68,10.91,10.91,599073.0,indra
2021-11-16,10.85,11.05,10.85,11.02,11.02,577802.0,indra
2021-11-17,10.99,11.08,10.72,10.72,10.72,675181.0,indra
2021-11-18,10.6,10.85,10.42,10.64,10.64,555274.0,indra
2021-11-19,10.74,10.74,10.48,10.51,10.51,512753.0,indra
2021-11-22,10.52,10.54,10.3,10.35,10.35,592692.0,indra
2021-11-23,10.25,10.37,10.22,10.3,10.3,506206.0,indra
2021-11-24,10.28,10.34,10.14,10.33,10.33,556077.0,indra
2021-11-25,10.35,10.51,10.32,10.45,10.45,750964.0,indra
2021-11-26,10.13,10.33,10.09,10.16,10.16,692616.0,indra
2021-11-29,10.21,10.4,10.18,10.27,10.27,581799.0,indra
2021-11-30,10.2,10.38,10.11,10.28,10.28,745311.0,indra
2021-12-01,10.31,10.32,10.15,10.2,10.2,542784.0,indra
2021-12-02,10.1,10.19,9.965,10.06,10.06,591457.0,indra
2021-12-03,10.09,10.23,9.965,10.04,10.04,632636.0,indra
2021-12-06,10.19,10.33,10.08,10.23,10.23,516612.0,indra
2021-12-07,10.33,10.49,10.3,10.47,10.47,418234.0,indra
2021-12-08,10.5,10.55,10.4,10.45,10.45,500276.0,indra
2021-12-09,10.56,10.56,10.45,10.48,10.48,650969.0,indra
2021-12-10,10.44,10.51,10.38,10.43,10.43,549817.0,indra
2021-12-13,10.55,10.6,10.46,10.49,10.49,634937.0,indra
2021-12-14,10.53,10.69,10.48,10.56,10.56,573752.0,indra
2021-12-15,10.4,10.4,9.29,9.345,9.345,2906258.0,indra
2021-12-16,9.58,9.59,9.155,9.2,9.2,1272611.0,indra
2021-12-17,9.15,9.275,9.025,9.065,9.065,2417017.0,indra
2021-12-20,8.92,9.08,8.855,9.015,9.015,765477.0,indra
2021-12-21,9.095,9.205,9.0,9.17,9.17,1763154.0,indra
2021-12-22,9.235,9.46,9.22,9.445,9.445,683768.0,indra
2021-12-23,9.485,9.51,9.28,9.295,9.295,477320.0,indra
2021-12-27,9.22,9.5,9.165,9.445,9.445,445395.0,indra
2021-12-28,9.45,9.595,9.445,9.485,9.485,329561.0,indra
2021-12-29,9.56,9.58,9.45,9.525,9.525,381295.0,indra
2021-12-30,9.495,9.52,9.41,9.52,9.52,697441.0,indra
2022-01-03,9.5,9.7,9.5,9.645,9.645,463912.0,indra
2022-01-04,9.63,9.76,9.52,9.54,9.54,698061.0,indra
2022-01-05,9.52,9.655,9.46,9.62,9.62,380356.0,indra
2022-01-06,9.5,9.545,9.425,9.53,9.53,719163.0,indra
2022-01-07,9.57,9.57,9.39,9.445,9.445,367426.0,indra
2022-01-10,9.49,9.505,9.21,9.23,9.23,532377.0,indra
2022-01-11,9.24,9.42,9.24,9.26,9.26,500070.0,indra
2022-01-12,9.335,9.525,9.285,9.46,9.46,598987.0,indra
2022-01-13,9.45,9.605,9.385,9.505,9.505,457968.0,indra
2022-01-14,9.42,9.43,9.29,9.39,9.39,507253.0,indra
2022-01-17,9.5,9.635,9.385,9.575,9.575,1809795.0,indra
2022-01-18,9.495,9.545,9.435,9.445,9.445,585585.0,indra
2022-01-19,9.35,9.545,9.29,9.455,9.455,614648.0,indra
2022-01-20,9.485,9.645,9.39,9.645,9.645,354439.0,indra
2022-01-21,9.55,9.71,9.285,9.415,9.415,870759.0,indra
2022-01-24,9.3,9.315,8.775,8.815,8.815,930740.0,indra
2022-01-25,8.85,8.885,8.59,8.7,8.7,754159.0,indra
2022-01-26,8.7,9.035,8.695,8.95,8.95,512430.0,indra
2022-01-27,8.79,9.005,8.765,8.89,8.89,467125.0,indra
2022-01-28,8.89,8.92,8.68,8.845,8.845,441657.0,indra
2022-01-31,8.86,8.99,8.75,8.99,8.99,445935.0,indra
2022-02-01,9.065,9.165,8.985,9.165,9.165,1268511.0,indra
2022-02-02,9.2,9.315,9.17,9.215,9.215,326834.0,indra
2022-02-03,9.25,9.255,9.035,9.035,9.035,351709.0,indra
2022-02-04,9.13,9.13,8.955,9.035,9.035,357365.0,indra
2022-02-07,9.1,9.1,8.915,8.94,8.94,426241.0,indra
2022-02-08,8.92,8.93,8.7,8.805,8.805,574645.0,indra
2022-02-09,8.85,9.205,8.85,9.165,9.165,429548.0,indra
2022-02-10,9.21,9.285,9.115,9.195,9.195,444765.0,indra
2022-02-11,9.105,9.29,9.055,9.21,9.21,367691.0,indra
2022-02-14,8.95,8.955,8.66,8.84,8.84,1125134.0,indra
2022-02-15,8.855,9.105,8.8,9.065,9.065,462861.0,indra
2022-02-16,9.17,9.235,9.055,9.185,9.185,348110.0,indra
2022-02-17,9.16,9.32,9.025,9.045,9.045,395785.0,indra
2022-02-18,9.01,9.155,8.9,9.065,9.065,482667.0,indra
2022-02-21,9.135,9.375,9.105,9.275,9.275,1019115.0,indra
2022-02-22,8.935,9.395,8.89,9.25,9.25,608379.0,indra
2022-02-23,9.4,9.4,8.325,8.38,8.38,4415836.0,indra
2022-02-24,8.385,9.39,8.15,9.39,9.39,3599400.0,indra
2022-02-25,9.465,9.73,9.345,9.71,9.71,1775851.0,indra
2022-02-28,9.71,10.89,9.63,10.28,10.28,2463592.0,indra
2022-03-01,10.45,10.46,10.0,10.08,10.08,1361496.0,indra
2022-03-02,10.08,10.17,9.82,9.9,9.9,1335072.0,indra
2022-03-03,9.9,10.09,9.46,9.51,9.51,1066013.0,indra
2022-03-04,9.375,9.45,8.815,8.815,8.815,864193.0,indra
2022-03-07,8.57,8.71,8.39,8.4,8.4,1175252.0,indra
2022-03-08,8.27,8.645,8.19,8.21,8.21,1961651.0,indra
2022-03-09,8.52,8.865,8.375,8.855,8.855,1194425.0,indra
2022-03-10,8.95,9.21,8.755,8.825,8.825,986757.0,indra
2022-03-11,8.985,9.275,8.86,9.04,9.04,844986.0,indra
2022-03-14,9.06,9.63,9.06,9.57,9.57,1021669.0,indra
2022-03-15,9.47,9.795,9.45,9.625,9.625,799166.0,indra
2022-03-16,9.8,9.975,9.735,9.975,9.975,1009709.0,indra
2022-03-17,10.0,10.11,9.735,9.925,9.925,1183732.0,indra
2022-03-18,10.0,10.17,9.795,10.17,10.17,610422.0,indra
2022-03-21,10.16,10.2,10.0,10.05,10.05,732841.0,indra
2022-03-22,10.07,10.26,10.01,10.24,10.24,1053652.0,indra
2022-03-23,10.35,10.35,9.855,9.985,9.985,695631.0,indra
2022-03-24,9.82,10.03,9.8,9.985,9.985,387487.0,indra
2022-03-25,10.26,10.46,10.11,10.28,10.28,806344.0,indra
2022-03-28,10.2,10.21,9.625,9.98,9.98,1178301.0,indra
2022-03-29,10.01,10.33,10.01,10.23,10.23,751632.0,indra
2022-03-30,10.09,10.33,10.09,10.26,10.26,756792.0,indra
2022-03-31,10.32,10.41,10.1,10.1,10.1,1153042.0,indra
2022-04-01,10.18,10.18,9.475,9.5,9.5,2141548.0,indra
2022-04-04,9.6,9.73,9.445,9.635,9.635,855119.0,indra
2022-04-05,9.62,9.67,9.44,9.51,9.51,2716165.0,indra
2022-04-06,9.58,9.625,9.225,9.245,9.245,959070.0,indra
2022-04-07,9.335,9.38,9.22,9.235,9.235,847068.0,indra
2022-04-08,9.3,9.35,9.155,9.275,9.275,510767.0,indra
2022-04-11,9.24,9.295,9.105,9.105,9.105,1215047.0,indra
2022-04-12,9.06,9.21,8.99,9.075,9.075,902587.0,indra
2022-04-13,9.07,9.095,8.91,9.055,9.055,579366.0,indra
2022-04-14,9.14,9.285,9.09,9.19,9.19,449227.0,indra
2022-04-19,9.19,9.245,9.085,9.155,9.155,475858.0,indra
2022-04-20,9.1,9.43,9.1,9.42,9.42,530177.0,indra
2022-04-21,9.45,9.61,9.42,9.42,9.42,3418656.0,indra
2022-04-22,9.11,9.32,9.085,9.25,9.25,815633.0,indra
2022-04-25,9.11,9.45,9.1,9.2,9.2,541770.0,indra
2022-04-26,9.3,9.365,9.135,9.165,9.165,486575.0,indra
