2017-04-27,3.299,3.325,3.256,3.301,2.4023689999999998,6655524.0,mapfre
2017-04-28,3.278,3.349,3.204,3.204,2.3317759999999996,11077324.0,mapfre
2017-05-02,3.205,3.224,3.135,3.159,2.299026,7457676.0,mapfre
2017-05-03,3.15,3.168,3.127,3.152,2.293931,4948951.0,mapfre
2017-05-04,3.165,3.228,3.16,3.209,2.335414,6498147.0,mapfre
2017-05-05,3.2,3.28,3.2,3.28,2.387086,10172900.0,mapfre
2017-05-08,3.29,3.306,3.253,3.267,2.377625,4614262.0,mapfre
2017-05-09,3.277,3.287,3.218,3.228,2.349241,4355763.0,mapfre
2017-05-10,3.22,3.272,3.215,3.26,2.37253,5387451.0,mapfre
2017-05-11,3.276,3.29,3.236,3.287,2.3921799999999998,6964344.0,mapfre
2017-05-12,3.289,3.313,3.278,3.297,2.399458,5344954.0,mapfre
2017-05-15,3.318,3.347,3.314,3.336,2.427841,4800775.0,mapfre
2017-05-16,3.326,3.345,3.308,3.309,2.408191,6773150.0,mapfre
2017-05-17,3.288,3.321,3.22,3.221,2.344147,4302756.0,mapfre
2017-05-18,3.21,3.21,3.037,3.065,2.2306150000000002,14347942.0,mapfre
2017-05-19,3.075,3.115,3.07,3.115,2.267004,6557902.0,mapfre
2017-05-22,3.12,3.127,3.086,3.106,2.260454,3999462.0,mapfre
2017-05-23,3.098,3.136,3.092,3.115,2.267004,4483558.0,mapfre
2017-05-24,3.112,3.13,3.105,3.123,2.272826,3373211.0,mapfre
2017-05-25,3.154,3.154,3.112,3.124,2.2735540000000003,2983262.0,mapfre
2017-05-26,3.125,3.142,3.105,3.133,2.280104,2636031.0,mapfre
2017-05-29,3.118,3.16,3.103,3.158,2.298298,4292708.0,mapfre
2017-05-30,3.148,3.16,3.123,3.142,2.286654,3789741.0,mapfre
2017-05-31,3.147,3.209,3.139,3.166,2.30412,9601762.0,mapfre
2017-06-01,3.173,3.199,3.159,3.192,2.3230419999999996,4345896.0,mapfre
2017-06-02,3.208,3.242,3.187,3.193,2.32377,4300292.0,mapfre
2017-06-05,3.193,3.2,3.162,3.178,2.312853,2224047.0,mapfre
2017-06-06,3.151,3.167,3.125,3.141,2.285926,5551833.0,mapfre
2017-06-07,3.127,3.204,3.102,3.186,2.318676,4337302.0,mapfre
2017-06-08,3.2,3.21,3.159,3.173,2.309215,4712221.0,mapfre
2017-06-09,3.174,3.22,3.166,3.218,2.341964,6082958.0,mapfre
2017-06-12,3.226,3.226,3.178,3.216,2.3405080000000003,77040766.0,mapfre
2017-06-13,3.219,3.248,3.207,3.243,2.360159,24438891.0,mapfre
2017-06-14,3.25,3.288,3.238,3.251,2.365981,46032417.0,mapfre
2017-06-15,3.252,3.258,3.147,3.154,2.295387,10204086.0,mapfre
2017-06-16,3.099,3.119,3.052,3.09,2.311771,19968434.0,mapfre
2017-06-19,3.109,3.2,3.102,3.183,2.381349,46045505.0,mapfre
2017-06-20,3.189,3.22,3.156,3.159,2.363393,41523011.0,mapfre
2017-06-21,3.14,3.145,3.066,3.119,2.3334669999999997,46123197.0,mapfre
2017-06-22,3.12,3.12,3.078,3.101,2.320001,7580891.0,mapfre
2017-06-23,3.099,3.105,3.032,3.057,2.287082,4174370.0,mapfre
2017-06-26,3.062,3.091,3.042,3.042,2.2758599999999998,4014646.0,mapfre
2017-06-27,3.043,3.069,3.021,3.028,2.265386,7026936.0,mapfre
2017-06-28,3.021,3.114,3.005,3.103,2.321497,5890860.0,mapfre
2017-06-29,3.113,3.137,3.071,3.077,2.302046,3400398.0,mapfre
2017-06-30,3.075,3.102,3.049,3.058,2.287831,3940817.0,mapfre
2017-07-03,3.069,3.133,3.069,3.12,2.334216,3520733.0,mapfre
2017-07-04,3.11,3.162,3.098,3.141,2.349926,3606691.0,mapfre
2017-07-05,3.124,3.193,3.124,3.149,2.355912,5503821.0,mapfre
2017-07-06,3.145,3.172,3.14,3.172,2.373119,5839081.0,mapfre
2017-07-07,3.18,3.18,3.138,3.174,2.374616,2833281.0,mapfre
2017-07-10,3.18,3.202,3.154,3.198,2.392571,4195156.0,mapfre
2017-07-11,3.193,3.215,3.141,3.141,2.349926,5385263.0,mapfre
2017-07-12,3.144,3.167,3.137,3.15,2.3566599999999998,4420086.0,mapfre
2017-07-13,3.17,3.24,3.168,3.24,2.423993,5575408.0,mapfre
2017-07-14,3.23,3.241,3.199,3.209,2.400801,3122390.0,mapfre
2017-07-17,3.223,3.233,3.203,3.216,2.406037,2421325.0,mapfre
2017-07-18,3.21,3.215,3.145,3.155,2.360401,4360507.0,mapfre
2017-07-19,3.181,3.187,3.131,3.184,2.382097,3677869.0,mapfre
2017-07-20,3.19,3.199,3.158,3.172,2.373119,2985632.0,mapfre
2017-07-21,3.172,3.186,3.127,3.142,2.350675,2018306.0,mapfre
2017-07-24,3.142,3.187,3.112,3.178,2.3776080000000004,3865542.0,mapfre
2017-07-25,3.178,3.23,3.174,3.202,2.395564,4494963.0,mapfre
2017-07-26,3.16,3.16,3.103,3.139,2.34843,6154857.0,mapfre
2017-07-27,3.14,3.165,3.115,3.163,2.366386,6482077.0,mapfre
2017-07-28,3.143,3.185,3.133,3.185,2.382845,5209380.0,mapfre
2017-07-31,3.178,3.19,3.122,3.151,2.3574080000000004,5254218.0,mapfre
2017-08-01,3.173,3.194,3.158,3.17,2.371623,4051677.0,mapfre
2017-08-02,3.175,3.187,3.146,3.15,2.3566599999999998,3788466.0,mapfre
2017-08-03,3.142,3.173,3.112,3.151,2.3574080000000004,4239469.0,mapfre
2017-08-04,3.136,3.183,3.131,3.167,2.369379,3804359.0,mapfre
2017-08-07,3.176,3.181,3.154,3.175,2.375363,2796999.0,mapfre
2017-08-08,3.167,3.198,3.165,3.18,2.379104,2415748.0,mapfre
2017-08-09,3.155,3.178,3.096,3.141,2.349926,4596801.0,mapfre
2017-08-10,3.145,3.155,3.101,3.114,2.329727,3683037.0,mapfre
2017-08-11,3.09,3.09,3.032,3.06,2.289327,3671838.0,mapfre
2017-08-14,3.075,3.113,3.07,3.088,2.310275,2897264.0,mapfre
2017-08-15,3.101,3.107,3.06,3.06,2.289327,2628186.0,mapfre
2017-08-16,3.065,3.102,3.055,3.098,2.317757,3823101.0,mapfre
2017-08-17,3.092,3.092,3.026,3.043,2.276608,8344628.0,mapfre
2017-08-18,3.02,3.037,3.01,3.027,2.264638,3526118.0,mapfre
2017-08-21,3.02,3.05,3.007,3.018,2.257905,3020652.0,mapfre
2017-08-22,3.042,3.051,3.016,3.051,2.282594,3238324.0,mapfre
2017-08-23,3.05,3.058,3.016,3.018,2.257905,2725461.0,mapfre
2017-08-24,3.026,3.044,3.017,3.035,2.270623,2514848.0,mapfre
2017-08-25,3.042,3.045,3.02,3.023,2.261646,2237216.0,mapfre
2017-08-28,3.021,3.022,2.99,2.99,2.236957,2144913.0,mapfre
2017-08-29,2.969,2.969,2.905,2.922,2.186083,5609862.0,mapfre
2017-08-30,2.947,2.97,2.937,2.963,2.216757,3257821.0,mapfre
2017-08-31,2.958,2.975,2.92,2.973,2.224238,7283309.0,mapfre
2017-09-01,2.963,2.99,2.96,2.97,2.221994,2854114.0,mapfre
2017-09-04,2.95,2.971,2.944,2.946,2.204039,1762382.0,mapfre
2017-09-05,2.938,2.954,2.903,2.903,2.171868,2821549.0,mapfre
2017-09-06,2.891,2.891,2.843,2.858,2.138201,4687851.0,mapfre
2017-09-07,2.871,2.878,2.842,2.85,2.132216,3929599.0,mapfre
2017-09-08,2.843,2.849,2.804,2.825,2.113513,4102355.0,mapfre
2017-09-11,2.852,2.916,2.85,2.914,2.180098,3799358.0,mapfre
2017-09-12,2.92,2.955,2.911,2.94,2.199549,9268985.0,mapfre
2017-09-13,2.934,2.949,2.92,2.92,2.184587,4061917.0,mapfre
2017-09-14,2.92,2.92,2.884,2.896,2.166631,3033558.0,mapfre
2017-09-15,2.89,2.905,2.864,2.873,2.1494240000000002,4302919.0,mapfre
2017-09-18,2.895,2.913,2.88,2.882,2.156157,3398400.0,mapfre
2017-09-19,2.884,2.9,2.875,2.881,2.155409,4565837.0,mapfre
2017-09-20,2.869,2.885,2.839,2.847,2.129972,4713450.0,mapfre
2017-09-21,2.86,2.885,2.819,2.819,2.109023,3695702.0,mapfre
2017-09-22,2.817,2.851,2.807,2.843,2.126979,2717676.0,mapfre
2017-09-25,2.826,2.84,2.753,2.753,2.059646,5355662.0,mapfre
2017-09-26,2.75,2.75,2.675,2.682,2.006527,7806618.0,mapfre
2017-09-27,2.714,2.827,2.711,2.821,2.11052,6723151.0,mapfre
2017-09-28,2.77,2.77,2.727,2.736,2.046927,8923763.0,mapfre
2017-09-29,2.745,2.764,2.726,2.754,2.060395,6387406.0,mapfre
2017-10-02,2.73,2.74,2.703,2.722,2.036453,4643109.0,mapfre
2017-10-03,2.715,2.729,2.675,2.691,2.013261,4758884.0,mapfre
2017-10-04,2.69,2.691,2.647,2.677,2.002787,8973351.0,mapfre
2017-10-05,2.68,2.755,2.667,2.751,2.05815,6400916.0,mapfre
2017-10-06,2.76,2.765,2.727,2.765,2.0686240000000002,4067558.0,mapfre
2017-10-09,2.768,2.795,2.726,2.74,2.04992,7185017.0,mapfre
2017-10-10,2.726,2.747,2.709,2.747,2.055157,4597183.0,mapfre
2017-10-11,2.779,2.79,2.73,2.73,2.042439,10659008.0,mapfre
2017-10-12,2.733,2.737,2.67,2.67,1.99755,7180544.0,mapfre
2017-10-13,2.667,2.692,2.641,2.641,1.975854,5466834.0,mapfre
2017-10-16,2.65,2.651,2.624,2.645,1.9788459999999999,3979839.0,mapfre
2017-10-17,2.644,2.669,2.623,2.627,1.96538,5876657.0,mapfre
2017-10-18,2.621,2.665,2.621,2.655,1.9863279999999999,9362590.0,mapfre
2017-10-19,2.65,2.689,2.65,2.664,1.993061,5398125.0,mapfre
2017-10-20,2.663,2.698,2.66,2.69,2.012513,4133995.0,mapfre
2017-10-23,2.679,2.691,2.652,2.652,1.9840830000000003,4111640.0,mapfre
2017-10-24,2.651,2.733,2.65,2.71,2.027476,9187983.0,mapfre
2017-10-25,2.698,2.702,2.661,2.662,1.9915650000000003,5937893.0,mapfre
2017-10-26,2.66,2.828,2.64,2.753,2.059646,12342104.0,mapfre
2017-10-27,2.763,2.77,2.67,2.685,2.008772,6707093.0,mapfre
2017-10-30,2.736,2.825,2.728,2.774,2.075357,9186194.0,mapfre
2017-10-31,2.8,2.846,2.747,2.809,2.101542,8026760.0,mapfre
2017-11-01,2.826,2.85,2.812,2.812,2.103787,6927896.0,mapfre
2017-11-02,2.81,2.829,2.801,2.808,2.100794,4655587.0,mapfre
2017-11-03,2.808,2.808,2.731,2.738,2.0484240000000002,4951550.0,mapfre
2017-11-06,2.745,2.76,2.709,2.723,2.037202,4697676.0,mapfre
2017-11-07,2.736,2.76,2.69,2.697,2.01775,5748681.0,mapfre
2017-11-08,2.702,2.702,2.658,2.681,2.00578,9532581.0,mapfre
2017-11-09,2.682,2.753,2.682,2.732,2.043935,9547036.0,mapfre
2017-11-10,2.731,2.744,2.706,2.722,2.036453,7785098.0,mapfre
2017-11-13,2.725,2.725,2.69,2.705,2.023735,5754627.0,mapfre
2017-11-14,2.709,2.722,2.673,2.706,2.024483,5816646.0,mapfre
2017-11-15,2.688,2.74,2.662,2.735,2.046179,5689073.0,mapfre
2017-11-16,2.753,2.776,2.724,2.762,2.06638,6480825.0,mapfre
2017-11-17,2.77,2.786,2.751,2.757,2.062639,7489483.0,mapfre
2017-11-20,2.75,2.764,2.729,2.756,2.061891,4606055.0,mapfre
2017-11-21,2.757,2.77,2.726,2.726,2.039446,4548690.0,mapfre
2017-11-22,2.734,2.769,2.732,2.738,2.0484240000000002,4204320.0,mapfre
2017-11-23,2.734,2.736,2.704,2.726,2.039446,3317722.0,mapfre
2017-11-24,2.721,2.757,2.694,2.754,2.060395,5770871.0,mapfre
2017-11-27,2.755,2.838,2.755,2.813,2.104535,6907772.0,mapfre
2017-11-28,2.818,2.831,2.793,2.818,2.108276,5977299.0,mapfre
2017-11-29,2.841,2.875,2.824,2.856,2.136705,13104325.0,mapfre
2017-11-30,2.867,2.868,2.816,2.826,2.114261,8508214.0,mapfre
2017-12-01,2.85,2.851,2.778,2.788,2.085831,9546559.0,mapfre
2017-12-04,2.818,2.832,2.789,2.814,2.105283,4843133.0,mapfre
2017-12-05,2.816,2.82,2.777,2.78,2.079846,21995812.0,mapfre
2017-12-06,2.761,2.765,2.715,2.742,2.051416,63114061.0,mapfre
2017-12-07,2.742,2.749,2.703,2.715,2.031216,45913109.0,mapfre
2017-12-08,2.73,2.755,2.715,2.719,2.034209,6263789.0,mapfre
2017-12-11,2.732,2.732,2.671,2.703,2.022239,11085054.0,mapfre
2017-12-12,2.666,2.68,2.652,2.661,2.036396,20862681.0,mapfre
2017-12-13,2.671,2.678,2.65,2.65,2.027978,43792918.0,mapfre
2017-12-14,2.642,2.698,2.635,2.666,2.040223,33314926.0,mapfre
2017-12-15,2.659,2.688,2.635,2.657,2.0333349999999997,26800647.0,mapfre
2017-12-18,2.664,2.743,2.664,2.728,2.087669,9160274.0,mapfre
2017-12-19,2.723,2.738,2.712,2.712,2.075425,6857772.0,mapfre
2017-12-20,2.707,2.721,2.664,2.664,2.0386919999999997,6940867.0,mapfre
2017-12-21,2.663,2.706,2.647,2.706,2.070834,5771227.0,mapfre
2017-12-22,2.66,2.706,2.66,2.689,2.057824,2595017.0,mapfre
2017-12-27,2.684,2.7,2.68,2.69,2.058589,2031849.0,mapfre
2017-12-28,2.696,2.698,2.671,2.684,2.053998,2191338.0,mapfre
2017-12-29,2.685,2.69,2.661,2.678,2.0494060000000003,2693085.0,mapfre
2018-01-02,2.688,2.713,2.665,2.708,2.072364,4243833.0,mapfre
2018-01-03,2.718,2.722,2.68,2.702,2.067773,4135998.0,mapfre
2018-01-04,2.71,2.768,2.71,2.751,2.105271,4964812.0,mapfre
2018-01-05,2.767,2.819,2.767,2.81,2.1504220000000003,7656609.0,mapfre
2018-01-08,2.824,2.829,2.787,2.793,2.137413,4673893.0,mapfre
2018-01-09,2.797,2.857,2.797,2.84,2.173381,6818700.0,mapfre
2018-01-10,2.843,2.87,2.824,2.854,2.184095,5154136.0,mapfre
2018-01-11,2.853,2.868,2.832,2.849,2.180268,8904559.0,mapfre
2018-01-12,2.86,2.892,2.85,2.865,2.192512,4554698.0,mapfre
2018-01-15,2.873,2.877,2.859,2.859,2.187921,2439671.0,mapfre
2018-01-16,2.858,2.912,2.855,2.87,2.196339,4133475.0,mapfre
2018-01-17,2.854,2.868,2.83,2.844,2.1764419999999998,6926063.0,mapfre
2018-01-18,2.848,2.869,2.841,2.854,2.184095,3370011.0,mapfre
2018-01-19,2.854,2.885,2.849,2.867,2.194043,4419909.0,mapfre
2018-01-22,2.868,2.911,2.858,2.906,2.223889,3767938.0,mapfre
2018-01-23,2.92,2.93,2.892,2.917,2.232307,9967807.0,mapfre
2018-01-24,2.92,2.938,2.893,2.895,2.215471,4921182.0,mapfre
2018-01-25,2.899,2.95,2.898,2.933,2.244551,6409454.0,mapfre
2018-01-26,2.933,2.955,2.906,2.93,2.242255,5870245.0,mapfre
2018-01-29,2.936,2.939,2.92,2.922,2.236133,3596289.0,mapfre
2018-01-30,2.909,2.918,2.844,2.859,2.187921,6713109.0,mapfre
2018-01-31,2.851,2.876,2.841,2.861,2.189451,5641540.0,mapfre
2018-02-01,2.876,2.906,2.854,2.879,2.203226,3426619.0,mapfre
2018-02-02,2.876,2.896,2.848,2.877,2.201695,3579203.0,mapfre
2018-02-05,2.859,2.859,2.811,2.819,2.15731,4161829.0,mapfre
2018-02-06,2.733,2.762,2.68,2.71,2.0738950000000003,6685044.0,mapfre
2018-02-07,2.76,2.772,2.715,2.755,2.108332,5270090.0,mapfre
2018-02-08,2.785,2.82,2.717,2.727,2.086905,8494576.0,mapfre
2018-02-09,2.721,2.734,2.677,2.716,2.078487,5039989.0,mapfre
2018-02-12,2.751,2.765,2.73,2.732,2.0907310000000003,7903177.0,mapfre
2018-02-13,2.733,2.742,2.713,2.726,2.0861389999999997,4555815.0,mapfre
2018-02-14,2.743,2.76,2.701,2.71,2.0738950000000003,4535672.0,mapfre
2018-02-15,2.74,2.747,2.695,2.714,2.076956,4473343.0,mapfre
2018-02-16,2.738,2.758,2.726,2.755,2.108332,6924711.0,mapfre
2018-02-19,2.77,2.784,2.747,2.748,2.102975,3553518.0,mapfre
2018-02-20,2.75,2.778,2.75,2.77,2.119811,3025843.0,mapfre
2018-02-21,2.767,2.781,2.751,2.775,2.123638,3818475.0,mapfre
2018-02-22,2.758,2.78,2.753,2.772,2.121342,2507589.0,mapfre
2018-02-23,2.777,2.783,2.759,2.772,2.121342,2399695.0,mapfre
2018-02-26,2.783,2.792,2.766,2.781,2.128229,5043233.0,mapfre
2018-02-27,2.789,2.802,2.774,2.778,2.125934,3078909.0,mapfre
2018-02-28,2.77,2.795,2.764,2.77,2.119811,4752678.0,mapfre
2018-03-01,2.76,2.76,2.715,2.72,2.081548,5204707.0,mapfre
2018-03-02,2.704,2.704,2.636,2.647,2.0256819999999998,5321242.0,mapfre
2018-03-05,2.644,2.656,2.623,2.647,2.0256819999999998,4276144.0,mapfre
2018-03-06,2.675,2.685,2.656,2.656,2.03257,2989016.0,mapfre
2018-03-07,2.65,2.681,2.642,2.681,2.051702,4246226.0,mapfre
2018-03-08,2.684,2.699,2.656,2.697,2.063946,3648463.0,mapfre
2018-03-09,2.7,2.735,2.685,2.724,2.084609,3512331.0,mapfre
2018-03-12,2.741,2.776,2.737,2.775,2.123638,3437572.0,mapfre
2018-03-13,2.78,2.794,2.748,2.762,2.113689,4286987.0,mapfre
2018-03-14,2.765,2.789,2.757,2.765,2.115985,3865604.0,mapfre
2018-03-15,2.77,2.788,2.733,2.778,2.125934,4457553.0,mapfre
2018-03-16,2.777,2.793,2.763,2.764,2.1152189999999997,5013409.0,mapfre
2018-03-19,2.763,2.771,2.717,2.721,2.082313,2579793.0,mapfre
2018-03-20,2.731,2.741,2.712,2.73,2.0892,5227780.0,mapfre
2018-03-21,2.74,2.745,2.716,2.723,2.083843,3232481.0,mapfre
2018-03-22,2.713,2.726,2.655,2.674,2.046345,3314573.0,mapfre
2018-03-23,2.65,2.654,2.607,2.65,2.027978,5075814.0,mapfre
2018-03-26,2.653,2.667,2.631,2.651,2.0287439999999997,2709586.0,mapfre
2018-03-27,2.686,2.697,2.657,2.657,2.0333349999999997,6748638.0,mapfre
2018-03-28,2.643,2.702,2.62,2.702,2.067773,2869244.0,mapfre
2018-03-29,2.711,2.746,2.701,2.701,2.067008,2719273.0,mapfre
2018-04-03,2.684,2.718,2.673,2.7,2.066242,3157423.0,mapfre
2018-04-04,2.698,2.708,2.655,2.697,2.063946,3378099.0,mapfre
2018-04-05,2.728,2.757,2.721,2.74,2.096853,2414235.0,mapfre
2018-04-06,2.724,2.767,2.718,2.753,2.106802,2934651.0,mapfre
2018-04-09,2.759,2.778,2.733,2.738,2.095322,2866556.0,mapfre
2018-04-10,2.75,2.774,2.733,2.742,2.098384,3020238.0,mapfre
2018-04-11,2.733,2.744,2.719,2.722,2.083078,2033470.0,mapfre
2018-04-12,2.735,2.779,2.725,2.769,2.119046,2984017.0,mapfre
2018-04-13,2.773,2.784,2.761,2.768,2.118281,2386376.0,mapfre
2018-04-16,2.767,2.785,2.754,2.771,2.120577,2071786.0,mapfre
2018-04-17,2.779,2.809,2.772,2.801,2.143535,4080057.0,mapfre
2018-04-18,2.805,2.81,2.786,2.797,2.140474,2459801.0,mapfre
2018-04-19,2.792,2.823,2.785,2.8,2.14277,3505184.0,mapfre
2018-04-20,2.807,2.831,2.797,2.822,2.159606,2494007.0,mapfre
2018-04-23,2.85,2.89,2.838,2.882,2.205522,3834685.0,mapfre
2018-04-24,2.883,2.906,2.862,2.898,2.217766,6049999.0,mapfre
2018-04-25,2.88,2.886,2.845,2.869,2.195574,3815279.0,mapfre
2018-04-26,2.867,2.893,2.848,2.874,2.1994,2554076.0,mapfre
2018-04-27,2.888,2.903,2.83,2.861,2.189451,4531552.0,mapfre
2018-04-30,2.858,2.898,2.857,2.884,2.2070529999999997,4319536.0,mapfre
2018-05-02,2.877,2.92,2.869,2.909,2.226184,3160551.0,mapfre
2018-05-03,2.9,2.92,2.868,2.904,2.2223580000000003,4883817.0,mapfre
2018-05-04,2.906,2.92,2.889,2.906,2.223889,4080155.0,mapfre
2018-05-07,2.913,2.92,2.89,2.891,2.2124099999999998,5147044.0,mapfre
2018-05-08,2.89,2.906,2.868,2.898,2.217766,3114026.0,mapfre
2018-05-09,2.894,2.915,2.892,2.91,2.22695,2611042.0,mapfre
2018-05-10,2.92,2.92,2.897,2.903,2.221593,2111195.0,mapfre
2018-05-11,2.9,2.933,2.9,2.922,2.236133,3217579.0,mapfre
2018-05-14,2.92,2.933,2.889,2.896,2.216236,2122664.0,mapfre
2018-05-15,2.899,2.906,2.882,2.885,2.207818,3982866.0,mapfre
2018-05-16,2.889,2.9,2.877,2.884,2.2070529999999997,4875057.0,mapfre
2018-05-17,2.892,2.908,2.878,2.908,2.225419,4029888.0,mapfre
2018-05-18,2.91,2.914,2.889,2.899,2.218532,4364786.0,mapfre
2018-05-21,2.912,2.912,2.858,2.858,2.1871560000000003,6332002.0,mapfre
2018-05-22,2.861,2.898,2.852,2.888,2.210114,2885328.0,mapfre
2018-05-23,2.889,2.889,2.83,2.833,2.168024,5563404.0,mapfre
2018-05-24,2.829,2.868,2.815,2.815,2.154248,3273550.0,mapfre
2018-05-25,2.828,2.856,2.75,2.779,2.1266979999999998,5985070.0,mapfre
2018-05-28,2.8,2.819,2.741,2.741,2.097619,5646515.0,mapfre
2018-05-29,2.721,2.725,2.627,2.631,2.0134380000000003,8607143.0,mapfre
2018-05-30,2.636,2.665,2.593,2.621,2.005785,13025489.0,mapfre
2018-05-31,2.631,2.655,2.571,2.592,1.983593,8517999.0,mapfre
2018-06-01,2.62,2.678,2.605,2.664,2.0386919999999997,8386796.0,mapfre
2018-06-04,2.69,2.698,2.658,2.662,2.037162,6245051.0,mapfre
2018-06-05,2.662,2.668,2.626,2.629,2.011907,12528966.0,mapfre
2018-06-06,2.635,2.64,2.6,2.628,2.011142,62687654.0,mapfre
2018-06-07,2.646,2.676,2.639,2.64,2.020325,66662781.0,mapfre
2018-06-08,2.615,2.617,2.581,2.603,1.9920099999999998,12663171.0,mapfre
2018-06-11,2.634,2.659,2.619,2.646,2.024917,5294113.0,mapfre
2018-06-12,2.591,2.612,2.57,2.583,2.042871,24491293.0,mapfre
2018-06-13,2.58,2.583,2.552,2.556,2.021517,59673039.0,mapfre
2018-06-14,2.551,2.593,2.542,2.583,2.042871,68802591.0,mapfre
2018-06-15,2.585,2.588,2.517,2.542,2.0104439999999997,16782997.0,mapfre
2018-06-18,2.539,2.575,2.523,2.56,2.02468,5451051.0,mapfre
2018-06-19,2.535,2.575,2.521,2.563,2.027053,5378592.0,mapfre
2018-06-20,2.581,2.593,2.556,2.556,2.021517,4720346.0,mapfre
2018-06-21,2.57,2.594,2.525,2.537,2.0064900000000003,6222498.0,mapfre
2018-06-22,2.548,2.601,2.542,2.601,2.057106,12153045.0,mapfre
2018-06-25,2.59,2.59,2.551,2.554,2.019935,3524806.0,mapfre
2018-06-26,2.572,2.581,2.538,2.546,2.013608,4701179.0,mapfre
2018-06-27,2.543,2.585,2.498,2.565,2.028635,6670874.0,mapfre
2018-06-28,2.552,2.575,2.54,2.567,2.030216,3961944.0,mapfre
2018-06-29,2.588,2.62,2.573,2.585,2.044452,5047507.0,mapfre
2018-07-02,2.557,2.571,2.529,2.569,2.0317979999999998,5775729.0,mapfre
2018-07-03,2.585,2.628,2.569,2.626,2.076879,6000994.0,mapfre
2018-07-04,2.62,2.657,2.615,2.648,2.0942790000000002,4897251.0,mapfre
2018-07-05,2.645,2.688,2.644,2.665,2.107723,5538465.0,mapfre
2018-07-06,2.664,2.664,2.619,2.646,2.092696,7523797.0,mapfre
2018-07-09,2.665,2.678,2.649,2.676,2.116423,5385628.0,mapfre
2018-07-10,2.68,2.689,2.651,2.678,2.118005,5359454.0,mapfre
2018-07-11,2.662,2.662,2.62,2.634,2.083206,4089625.0,mapfre
2018-07-12,2.642,2.659,2.619,2.635,2.083997,4820077.0,mapfre
2018-07-13,2.64,2.646,2.611,2.621,2.072924,3377211.0,mapfre
2018-07-16,2.619,2.639,2.606,2.606,2.061061,4293685.0,mapfre
2018-07-17,2.606,2.641,2.603,2.632,2.081624,7881830.0,mapfre
2018-07-18,2.638,2.668,2.617,2.66,2.103769,4045370.0,mapfre
2018-07-19,2.657,2.679,2.631,2.633,2.082415,7093004.0,mapfre
2018-07-20,2.633,2.634,2.571,2.593,2.050779,9467886.0,mapfre
2018-07-23,2.59,2.614,2.574,2.614,2.0673880000000002,3680816.0,mapfre
2018-07-24,2.631,2.666,2.62,2.655,2.099815,8563018.0,mapfre
2018-07-25,2.645,2.665,2.611,2.614,2.0673880000000002,4201088.0,mapfre
2018-07-26,2.615,2.644,2.597,2.64,2.087951,4520661.0,mapfre
2018-07-27,2.637,2.644,2.603,2.607,2.061852,5523299.0,mapfre
2018-07-30,2.63,2.695,2.625,2.671,2.112469,5885782.0,mapfre
2018-07-31,2.664,2.695,2.658,2.689,2.126705,3735208.0,mapfre
2018-08-01,2.686,2.69,2.667,2.676,2.116423,2718171.0,mapfre
2018-08-02,2.665,2.671,2.62,2.626,2.076879,5562108.0,mapfre
2018-08-03,2.636,2.655,2.622,2.628,2.078461,4521614.0,mapfre
2018-08-06,2.634,2.649,2.62,2.639,2.08716,3235278.0,mapfre
2018-08-07,2.643,2.689,2.643,2.673,2.114051,4371764.0,mapfre
2018-08-08,2.674,2.675,2.646,2.672,2.113259,2469333.0,mapfre
2018-08-09,2.672,2.695,2.655,2.69,2.127496,4670107.0,mapfre
2018-08-10,2.67,2.681,2.631,2.644,2.0911150000000003,5177202.0,mapfre
2018-08-13,2.628,2.63,2.603,2.607,2.061852,4852371.0,mapfre
2018-08-14,2.62,2.633,2.574,2.59,2.048407,5182503.0,mapfre
2018-08-15,2.6,2.6,2.524,2.534,2.004117,4116061.0,mapfre
2018-08-16,2.55,2.572,2.539,2.558,2.023098,3304709.0,mapfre
2018-08-17,2.565,2.565,2.52,2.529,2.000162,3252808.0,mapfre
2018-08-20,2.539,2.561,2.525,2.527,1.9985810000000002,4128351.0,mapfre
2018-08-21,2.528,2.581,2.522,2.566,2.029425,3710129.0,mapfre
2018-08-22,2.56,2.591,2.554,2.589,2.047616,2901392.0,mapfre
2018-08-23,2.59,2.594,2.57,2.583,2.042871,3653243.0,mapfre
2018-08-24,2.58,2.602,2.564,2.572,2.0341709999999997,2813982.0,mapfre
2018-08-27,2.57,2.604,2.562,2.603,2.058688,2068854.0,mapfre
2018-08-28,2.601,2.612,2.572,2.579,2.039707,3560828.0,mapfre
2018-08-29,2.586,2.592,2.556,2.574,2.0357529999999997,3250589.0,mapfre
2018-08-30,2.573,2.588,2.562,2.578,2.038916,3416768.0,mapfre
2018-08-31,2.58,2.58,2.53,2.539,2.0080709999999997,5930603.0,mapfre
2018-09-03,2.54,2.549,2.534,2.536,2.0056990000000003,2775669.0,mapfre
2018-09-04,2.538,2.548,2.513,2.537,2.0064900000000003,3215349.0,mapfre
2018-09-05,2.533,2.57,2.527,2.55,2.016771,3066981.0,mapfre
2018-09-06,2.541,2.558,2.526,2.54,2.0088619999999997,2276476.0,mapfre
2018-09-07,2.551,2.551,2.5,2.5,1.977226,3324993.0,mapfre
2018-09-10,2.5,2.548,2.492,2.542,2.0104439999999997,4548990.0,mapfre
2018-09-11,2.54,2.549,2.51,2.548,2.01519,3430924.0,mapfre
2018-09-12,2.555,2.555,2.526,2.539,2.0080709999999997,2340825.0,mapfre
2018-09-13,2.538,2.573,2.537,2.537,2.0064900000000003,2807879.0,mapfre
2018-09-14,2.54,2.551,2.531,2.538,2.0072810000000003,2419918.0,mapfre
2018-09-17,2.539,2.565,2.531,2.539,2.0080709999999997,2681220.0,mapfre
2018-09-18,2.539,2.559,2.532,2.557,2.022307,3062180.0,mapfre
2018-09-19,2.56,2.593,2.56,2.59,2.048407,3676029.0,mapfre
2018-09-20,,,,,,,mapfre
2018-09-21,2.632,2.691,2.632,2.662,2.1053509999999998,8825684.0,mapfre
2018-09-24,2.659,2.689,2.659,2.671,2.112469,3670092.0,mapfre
2018-09-25,2.67,2.71,2.67,2.696,2.132241,2619061.0,mapfre
2018-09-26,2.701,2.724,2.691,2.724,2.154386,3828262.0,mapfre
2018-09-27,2.712,2.767,2.691,2.748,2.173368,4581525.0,mapfre
2018-09-28,2.726,2.733,2.653,2.702,2.1369860000000003,5114855.0,mapfre
2018-10-01,2.709,2.728,2.68,2.68,2.119587,3690085.0,mapfre
2018-10-02,2.669,2.673,2.581,2.595,2.052361,7593949.0,mapfre
2018-10-03,2.601,2.646,2.6,2.632,2.081624,2806374.0,mapfre
2018-10-04,2.627,2.694,2.627,2.673,2.114051,3035320.0,mapfre
2018-10-05,2.674,2.68,2.653,2.654,2.099024,2642537.0,mapfre
2018-10-08,2.65,2.661,2.642,2.651,2.096651,2736579.0,mapfre
2018-10-09,2.663,2.696,2.653,2.691,2.128287,4024658.0,mapfre
2018-10-10,2.698,2.737,2.687,2.696,2.132241,4928070.0,mapfre
2018-10-11,2.654,2.66,2.59,2.59,2.048407,4115455.0,mapfre
2018-10-12,2.62,2.628,2.576,2.578,2.038916,3626235.0,mapfre
2018-10-15,2.564,2.586,2.55,2.574,2.0357529999999997,2591865.0,mapfre
2018-10-16,2.578,2.599,2.561,2.599,2.055525,2611233.0,mapfre
2018-10-17,2.616,2.621,2.577,2.58,2.040498,2554815.0,mapfre
2018-10-18,2.573,2.621,2.572,2.58,2.040498,3556323.0,mapfre
2018-10-19,2.571,2.581,2.503,2.537,2.0064900000000003,5807964.0,mapfre
2018-10-22,2.571,2.584,2.518,2.525,1.9969990000000002,3405388.0,mapfre
2018-10-23,2.506,2.524,2.477,2.512,1.9867169999999998,4837614.0,mapfre
2018-10-24,2.517,2.56,2.506,2.514,1.9882990000000003,6184298.0,mapfre
2018-10-25,2.505,2.558,2.505,2.53,2.000953,4550904.0,mapfre
2018-10-26,2.508,2.514,2.472,2.505,1.981181,4296236.0,mapfre
2018-10-29,2.519,2.585,2.519,2.553,2.019144,3822063.0,mapfre
2018-10-30,2.563,2.62,2.55,2.605,2.06027,4341124.0,mapfre
2018-10-31,2.62,2.662,2.602,2.644,2.0911150000000003,7530131.0,mapfre
2018-11-01,2.643,2.656,2.609,2.62,2.072133,2574738.0,mapfre
2018-11-02,2.652,2.669,2.634,2.644,2.0911150000000003,5910566.0,mapfre
2018-11-05,2.64,2.673,2.634,2.647,2.0934880000000002,2889048.0,mapfre
2018-11-06,2.64,2.646,2.599,2.617,2.069761,2695578.0,mapfre
2018-11-07,2.629,2.661,2.629,2.636,2.084788,3617994.0,mapfre
2018-11-08,2.63,2.632,2.532,2.55,2.016771,6611381.0,mapfre
2018-11-09,2.57,2.57,2.522,2.548,2.01519,5133270.0,mapfre
2018-11-12,2.552,2.576,2.543,2.555,2.020725,2749802.0,mapfre
2018-11-13,2.559,2.569,2.54,2.569,2.0317979999999998,3668434.0,mapfre
2018-11-14,2.552,2.578,2.523,2.56,2.02468,3653584.0,mapfre
2018-11-15,2.565,2.586,2.522,2.548,2.01519,4924407.0,mapfre
2018-11-16,2.559,2.564,2.532,2.54,2.0088619999999997,3612290.0,mapfre
2018-11-19,2.541,2.566,2.531,2.533,2.003326,2669182.0,mapfre
2018-11-20,2.535,2.537,2.48,2.491,1.9701080000000002,5160934.0,mapfre
2018-11-21,2.505,2.523,2.496,2.512,1.9867169999999998,2348220.0,mapfre
2018-11-22,2.51,2.51,2.48,2.481,1.9622,2207391.0,mapfre
2018-11-23,2.481,2.504,2.472,2.495,1.9732720000000001,2334200.0,mapfre
2018-11-26,2.51,2.55,2.502,2.54,2.0088619999999997,2788461.0,mapfre
2018-11-27,2.545,2.556,2.525,2.532,2.002535,2752682.0,mapfre
2018-11-28,2.534,2.545,2.508,2.515,1.9890900000000002,2836915.0,mapfre
2018-11-29,2.528,2.54,2.505,2.524,1.9962080000000002,3672231.0,mapfre
2018-11-30,2.524,2.533,2.496,2.525,1.9969990000000002,6655816.0,mapfre
2018-12-03,2.559,2.565,2.533,2.533,2.003326,4331471.0,mapfre
2018-12-04,2.533,2.544,2.502,2.503,1.979599,5928845.0,mapfre
2018-12-05,2.491,2.51,2.478,2.485,1.9653630000000002,3644324.0,mapfre
2018-12-06,2.478,2.481,2.41,2.425,1.9179099999999998,5460262.0,mapfre
2018-12-07,2.44,2.453,2.408,2.408,1.904465,4017882.0,mapfre
2018-12-10,2.404,2.41,2.36,2.365,1.8704560000000001,3766082.0,mapfre
2018-12-11,2.38,2.415,2.362,2.39,1.8902290000000002,3259465.0,mapfre
2018-12-12,2.397,2.43,2.397,2.413,1.9084189999999999,4874824.0,mapfre
2018-12-13,2.423,2.43,2.383,2.392,1.8918099999999998,5082378.0,mapfre
2018-12-14,2.388,2.399,2.353,2.381,1.883111,4652760.0,mapfre
2018-12-17,2.376,2.404,2.372,2.393,1.8926009999999998,3929454.0,mapfre
2018-12-18,2.353,2.369,2.336,2.35,1.9068009999999997,7313796.0,mapfre
2018-12-19,2.352,2.373,2.343,2.363,1.9173490000000002,3559922.0,mapfre
2018-12-20,2.334,2.365,2.326,2.363,1.9173490000000002,5356497.0,mapfre
2018-12-21,2.355,2.361,2.321,2.342,1.90031,8630200.0,mapfre
2018-12-24,2.321,2.338,2.306,2.307,1.87191,1495920.0,mapfre
2018-12-27,2.323,2.354,2.267,2.292,1.859739,5533714.0,mapfre
2018-12-28,2.3,2.351,2.295,2.35,1.9068009999999997,3262327.0,mapfre
2018-12-31,2.349,2.361,2.315,2.32,1.882459,1890536.0,mapfre
2019-01-02,2.31,2.319,2.252,2.295,1.8621740000000002,4014328.0,mapfre
2019-01-03,2.292,2.318,2.281,2.306,1.871099,4965524.0,mapfre
2019-01-04,2.32,2.373,2.312,2.371,1.9238400000000002,3943996.0,mapfre
2019-01-07,2.38,2.398,2.364,2.37,1.923029,2918356.0,mapfre
2019-01-08,2.358,2.373,2.333,2.367,1.920595,5603813.0,mapfre
2019-01-09,2.375,2.385,2.345,2.356,1.9116689999999998,4030886.0,mapfre
2019-01-10,2.349,2.388,2.343,2.388,1.937634,3490551.0,mapfre
2019-01-11,2.395,2.427,2.392,2.414,1.9587310000000002,5826070.0,mapfre
2019-01-14,2.415,2.424,2.387,2.424,1.9668450000000002,4275961.0,mapfre
2019-01-15,2.444,2.457,2.423,2.438,1.978204,3213433.0,mapfre
2019-01-16,2.44,2.459,2.44,2.459,1.9952439999999998,4107347.0,mapfre
2019-01-17,2.445,2.465,2.432,2.438,1.978204,5713303.0,mapfre
2019-01-18,2.459,2.474,2.448,2.464,1.9993009999999998,4355955.0,mapfre
2019-01-21,2.47,2.478,2.455,2.475,2.0082259999999996,2832784.0,mapfre
2019-01-22,2.471,2.485,2.44,2.45,1.9879419999999999,5058220.0,mapfre
2019-01-23,2.449,2.48,2.438,2.473,2.0066040000000003,3855194.0,mapfre
2019-01-24,2.48,2.506,2.472,2.501,2.0293229999999998,4910669.0,mapfre
2019-01-25,2.515,2.52,2.489,2.489,2.019586,3221508.0,mapfre
2019-01-28,2.486,2.492,2.467,2.479,2.011472,2850329.0,mapfre
2019-01-29,2.47,2.494,2.464,2.479,2.011472,3008698.0,mapfre
2019-01-30,2.477,2.481,2.461,2.481,2.013095,2153610.0,mapfre
2019-01-31,2.482,2.489,2.421,2.428,1.9700900000000001,4759468.0,mapfre
2019-02-01,2.439,2.473,2.432,2.467,2.001735,3366479.0,mapfre
2019-02-04,2.467,2.477,2.445,2.461,1.9968669999999997,4259158.0,mapfre
2019-02-05,2.469,2.483,2.453,2.477,2.009849,3741932.0,mapfre
2019-02-06,2.479,2.487,2.47,2.474,2.007415,3114282.0,mapfre
2019-02-07,2.471,2.477,2.38,2.4,1.947371,5442750.0,mapfre
2019-02-08,2.4,2.415,2.385,2.404,1.9506169999999998,4725683.0,mapfre
2019-02-11,2.37,2.404,2.36,2.384,1.934389,4513957.0,mapfre
2019-02-12,2.396,2.406,2.384,2.389,1.938446,2663733.0,mapfre
2019-02-13,2.389,2.425,2.389,2.425,1.967656,4890069.0,mapfre
2019-02-14,2.425,2.449,2.408,2.409,1.9546740000000002,4656022.0,mapfre
2019-02-15,2.41,2.471,2.39,2.45,1.9879419999999999,4039219.0,mapfre
2019-02-18,2.46,2.464,2.435,2.438,1.978204,2524968.0,mapfre
2019-02-19,2.441,2.456,2.43,2.456,1.9928099999999997,4115246.0,mapfre
2019-02-20,2.457,2.483,2.451,2.475,2.0082259999999996,2704547.0,mapfre
2019-02-21,2.478,2.49,2.473,2.474,2.007415,2736271.0,mapfre
2019-02-22,2.473,2.49,2.47,2.489,2.019586,2759495.0,mapfre
2019-02-25,2.494,2.5,2.467,2.481,2.013095,3244959.0,mapfre
2019-02-26,2.474,2.49,2.457,2.478,2.0106610000000003,3006115.0,mapfre
2019-02-27,2.475,2.481,2.462,2.467,2.001735,3300929.0,mapfre
2019-02-28,2.46,2.494,2.453,2.484,2.015529,5879916.0,mapfre
2019-03-01,2.493,2.511,2.487,2.495,2.024454,4717318.0,mapfre
2019-03-04,2.501,2.515,2.495,2.496,2.025266,2582438.0,mapfre
2019-03-05,2.496,2.501,2.471,2.48,2.012283,2833414.0,mapfre
2019-03-06,2.481,2.512,2.471,2.501,2.0293229999999998,4347753.0,mapfre
2019-03-07,2.499,2.511,2.465,2.466,2.0009240000000004,3434550.0,mapfre
2019-03-08,2.456,2.459,2.429,2.44,1.979827,3114947.0,mapfre
2019-03-11,2.45,2.454,2.425,2.428,1.9700900000000001,2955842.0,mapfre
2019-03-12,2.439,2.45,2.422,2.439,1.9790159999999999,2420459.0,mapfre
2019-03-13,2.45,2.473,2.442,2.463,1.998489,4958009.0,mapfre
2019-03-14,2.463,2.5,2.463,2.481,2.013095,5769813.0,mapfre
2019-03-15,2.483,2.517,2.483,2.517,2.042305,8337401.0,mapfre
2019-03-18,2.52,2.566,2.518,2.548,2.067459,5140903.0,mapfre
2019-03-19,2.555,2.592,2.551,2.59,2.101538,4910360.0,mapfre
2019-03-20,2.585,2.596,2.534,2.534,2.056099,3582412.0,mapfre
2019-03-21,2.525,2.538,2.509,2.529,2.0520419999999997,2518962.0,mapfre
2019-03-22,2.534,2.544,2.492,2.492,2.02202,5716786.0,mapfre
2019-03-25,2.49,2.507,2.475,2.477,2.009849,6230406.0,mapfre
2019-03-26,2.486,2.487,2.435,2.437,1.977393,4631014.0,mapfre
2019-03-27,2.449,2.473,2.433,2.447,1.985507,4458468.0,mapfre
2019-03-28,2.445,2.46,2.429,2.431,1.972525,3123139.0,mapfre
2019-03-29,2.444,2.466,2.441,2.456,1.9928099999999997,4798785.0,mapfre
2019-04-01,2.47,2.499,2.468,2.498,2.026889,3920875.0,mapfre
2019-04-02,2.497,2.527,2.497,2.527,2.0504189999999998,4285184.0,mapfre
2019-04-03,2.54,2.571,2.54,2.571,2.086121,4162891.0,mapfre
2019-04-04,2.568,2.592,2.562,2.582,2.095047,5187790.0,mapfre
2019-04-05,2.583,2.6,2.581,2.589,2.100727,5627979.0,mapfre
2019-04-08,2.592,2.598,2.569,2.573,2.087744,3431375.0,mapfre
2019-04-09,2.569,2.596,2.553,2.553,2.071516,3774269.0,mapfre
2019-04-10,2.552,2.562,2.541,2.552,2.070704,4164359.0,mapfre
2019-04-11,2.564,2.59,2.546,2.574,2.088556,4504199.0,mapfre
2019-04-12,2.581,2.593,2.551,2.592,2.103161,4121606.0,mapfre
2019-04-15,2.59,2.609,2.587,2.6,2.109652,5310778.0,mapfre
2019-04-16,2.6,2.618,2.594,2.613,2.1202,3883470.0,mapfre
2019-04-17,2.615,2.682,2.615,2.654,2.153468,6177989.0,mapfre
2019-04-18,2.66,2.677,2.637,2.669,2.165639,2449017.0,mapfre
2019-04-23,2.69,2.69,2.631,2.663,2.160771,3901782.0,mapfre
2019-04-24,2.65,2.652,2.613,2.613,2.1202,4184642.0,mapfre
2019-04-25,2.606,2.623,2.593,2.622,2.127503,4314360.0,mapfre
2019-04-26,2.636,2.636,2.61,2.632,2.135617,2307918.0,mapfre
2019-04-29,2.616,2.666,2.612,2.666,2.163205,4469154.0,mapfre
2019-04-30,2.66,2.69,2.632,2.675,2.170507,6143151.0,mapfre
2019-05-02,2.67,2.726,2.66,2.692,2.184301,4644848.0,mapfre
2019-05-03,2.684,2.69,2.664,2.677,2.17213,2541304.0,mapfre
2019-05-06,2.63,2.639,2.602,2.627,2.13156,2499547.0,mapfre
2019-05-07,2.673,2.7,2.638,2.646,2.146976,4469488.0,mapfre
2019-05-08,2.67,2.67,2.622,2.645,2.1461650000000003,3669058.0,mapfre
2019-05-09,2.64,2.64,2.591,2.602,2.111275,4313027.0,mapfre
2019-05-10,2.616,2.637,2.608,2.62,2.12588,2017387.0,mapfre
2019-05-13,2.628,2.629,2.576,2.576,2.090178,2776966.0,mapfre
2019-05-14,2.579,2.619,2.577,2.619,2.125069,3663498.0,mapfre
2019-05-15,2.62,2.634,2.599,2.634,2.1372400000000003,2782435.0,mapfre
2019-05-16,2.637,2.696,2.625,2.692,2.184301,4920195.0,mapfre
2019-05-17,2.692,2.692,2.639,2.678,2.172941,5267731.0,mapfre
2019-05-20,2.688,2.69,2.618,2.645,2.1461650000000003,4695673.0,mapfre
2019-05-21,2.65,2.671,2.632,2.662,2.159959,2925519.0,mapfre
2019-05-22,2.655,2.67,2.641,2.656,2.155091,3048548.0,mapfre
2019-05-23,2.643,2.656,2.607,2.607,2.115332,2850517.0,mapfre
2019-05-24,2.634,2.654,2.62,2.654,2.153468,3045972.0,mapfre
2019-05-27,2.661,2.686,2.657,2.675,2.170507,1070037.0,mapfre
2019-05-28,2.665,2.681,2.654,2.666,2.163205,5781953.0,mapfre
2019-05-29,2.656,2.662,2.613,2.613,2.1202,4913685.0,mapfre
2019-05-30,2.632,2.66,2.614,2.654,2.153468,1668753.0,mapfre
2019-05-31,2.629,2.636,2.608,2.628,2.132371,3951313.0,mapfre
2019-06-03,2.603,2.613,2.586,2.608,2.116143,3163406.0,mapfre
2019-06-04,2.596,2.662,2.59,2.657,2.155902,5097023.0,mapfre
2019-06-05,2.669,2.669,2.627,2.637,2.1396740000000003,5844685.0,mapfre
2019-06-06,2.64,2.655,2.623,2.632,2.135617,3153465.0,mapfre
2019-06-07,2.649,2.668,2.64,2.666,2.163205,2653505.0,mapfre
2019-06-10,2.68,2.684,2.662,2.671,2.167262,1470946.0,mapfre
2019-06-11,2.675,2.696,2.675,2.685,2.1786220000000003,2869145.0,mapfre
2019-06-12,2.671,2.68,2.661,2.668,2.164827,22687123.0,mapfre
2019-06-13,2.664,2.679,2.655,2.662,2.159959,4271374.0,mapfre
2019-06-14,2.661,2.662,2.63,2.637,2.1396740000000003,6250321.0,mapfre
2019-06-17,2.651,2.663,2.641,2.643,2.144542,14523618.0,mapfre
2019-06-18,2.643,2.685,2.623,2.681,2.175376,3622446.0,mapfre
2019-06-19,2.68,2.731,2.675,2.728,2.2135119999999997,6214579.0,mapfre
2019-06-20,2.748,2.749,2.703,2.705,2.194849,6194430.0,mapfre
2019-06-21,2.63,2.659,2.603,2.627,2.201302,8094307.0,mapfre
2019-06-24,2.642,2.657,2.625,2.637,2.2096810000000002,2797819.0,mapfre
2019-06-25,2.637,2.642,2.619,2.635,2.208005,4001759.0,mapfre
2019-06-26,2.63,2.653,2.62,2.621,2.1962740000000003,24098883.0,mapfre
2019-06-27,2.64,2.642,2.577,2.583,2.164432,4380554.0,mapfre
2019-06-28,2.58,2.583,2.551,2.571,2.154377,7197848.0,mapfre
2019-07-01,2.6,2.623,2.595,2.609,2.186219,16068582.0,mapfre
2019-07-02,2.62,2.644,2.61,2.644,2.215547,3857996.0,mapfre
2019-07-03,2.648,2.669,2.638,2.662,2.23063,3217231.0,mapfre
2019-07-04,2.67,2.695,2.668,2.683,2.248227,1993882.0,mapfre
2019-07-05,2.688,2.696,2.668,2.68,2.2457130000000003,4189012.0,mapfre
2019-07-08,2.68,2.686,2.662,2.676,2.242362,3176963.0,mapfre
2019-07-09,2.665,2.681,2.648,2.681,2.2465509999999997,2460922.0,mapfre
2019-07-10,2.678,2.699,2.669,2.67,2.237334,2343306.0,mapfre
2019-07-11,2.684,2.694,2.671,2.689,2.253255,2053314.0,mapfre
2019-07-12,2.682,2.698,2.67,2.68,2.2457130000000003,3026422.0,mapfre
2019-07-15,2.68,2.716,2.68,2.7,2.2624720000000003,4774883.0,mapfre
2019-07-16,2.706,2.715,2.69,2.705,2.2666619999999997,4141269.0,mapfre
2019-07-17,2.709,2.74,2.687,2.723,2.281745,3727264.0,mapfre
2019-07-18,2.705,2.737,2.701,2.726,2.284259,2689474.0,mapfre
2019-07-19,2.728,2.743,2.708,2.731,2.288449,3059855.0,mapfre
2019-07-22,2.729,2.731,2.695,2.699,2.261634,2483116.0,mapfre
2019-07-23,2.714,2.741,2.709,2.723,2.281745,4047632.0,mapfre
2019-07-24,2.718,2.727,2.709,2.716,2.275879,3371288.0,mapfre
2019-07-25,2.73,2.739,2.635,2.635,2.208005,4381112.0,mapfre
2019-07-26,2.63,2.63,2.581,2.596,2.175325,3975979.0,mapfre
2019-07-29,2.589,2.595,2.537,2.564,2.148511,6183887.0,mapfre
2019-07-30,2.567,2.567,2.493,2.498,2.0932060000000003,4484682.0,mapfre
2019-07-31,2.501,2.516,2.48,2.493,2.089016,4823104.0,mapfre
2019-08-01,2.484,2.499,2.473,2.487,2.083988,3165837.0,mapfre
2019-08-02,2.453,2.476,2.426,2.445,2.048794,4511191.0,mapfre
2019-08-05,2.432,2.452,2.408,2.435,2.0404150000000003,4796343.0,mapfre
2019-08-06,2.431,2.445,2.398,2.398,2.009411,4205316.0,mapfre
2019-08-07,2.412,2.428,2.385,2.395,2.006897,4634370.0,mapfre
2019-08-08,2.42,2.45,2.415,2.45,2.052984,3159554.0,mapfre
2019-08-09,2.45,2.456,2.408,2.408,2.01779,8502561.0,mapfre
2019-08-12,2.434,2.44,2.389,2.395,2.006897,3529806.0,mapfre
2019-08-13,2.385,2.422,2.367,2.394,2.006059,3745251.0,mapfre
2019-08-14,2.391,2.402,2.325,2.332,1.9541060000000001,3860550.0,mapfre
2019-08-15,2.352,2.352,2.31,2.332,1.9541060000000001,2640296.0,mapfre
2019-08-16,2.328,2.365,2.328,2.36,1.977568,2960433.0,mapfre
2019-08-19,2.373,2.394,2.365,2.383,1.996841,2577207.0,mapfre
2019-08-20,2.38,2.38,2.352,2.361,1.978406,2753140.0,mapfre
2019-08-21,2.363,2.385,2.362,2.378,1.992652,2053228.0,mapfre
2019-08-22,2.362,2.394,2.36,2.394,2.006059,4308417.0,mapfre
2019-08-23,2.4,2.405,2.379,2.389,2.0018689999999997,4363125.0,mapfre
2019-08-26,2.385,2.406,2.378,2.396,2.007735,1191379.0,mapfre
2019-08-27,2.393,2.418,2.376,2.418,2.02617,4121383.0,mapfre
2019-08-28,2.415,2.415,2.378,2.394,2.006059,4813984.0,mapfre
2019-08-29,2.386,2.408,2.382,2.4,2.011086,1971567.0,mapfre
2019-08-30,2.395,2.401,2.358,2.368,1.984272,4041427.0,mapfre
2019-09-02,2.368,2.4,2.368,2.392,2.0043830000000002,2774421.0,mapfre
2019-09-03,2.394,2.408,2.384,2.388,2.0010310000000002,3871872.0,mapfre
2019-09-04,2.403,2.439,2.395,2.399,2.010249,3391352.0,mapfre
2019-09-05,2.415,2.445,2.415,2.44,2.044605,3882832.0,mapfre
2019-09-06,2.436,2.464,2.431,2.464,2.064715,2608227.0,mapfre
2019-09-09,2.466,2.501,2.466,2.493,2.089016,3748044.0,mapfre
2019-09-10,2.49,2.536,2.486,2.529,2.119183,3422297.0,mapfre
2019-09-11,2.54,2.562,2.519,2.541,2.129237,4103871.0,mapfre
2019-09-12,2.55,2.55,2.507,2.536,2.125048,5247377.0,mapfre
2019-09-13,2.536,2.577,2.523,2.577,2.159404,3270088.0,mapfre
2019-09-16,2.545,2.551,2.479,2.517,2.109127,4500038.0,mapfre
2019-09-17,2.502,2.508,2.454,2.487,2.083988,5665088.0,mapfre
2019-09-18,2.49,2.499,2.462,2.467,2.067229,5571855.0,mapfre
2019-09-19,2.468,2.502,2.459,2.499,2.094044,2830447.0,mapfre
2019-09-20,2.483,2.511,2.483,2.496,2.09153,7840888.0,mapfre
2019-09-23,2.482,2.495,2.461,2.486,2.08315,4218175.0,mapfre
2019-09-24,2.499,2.499,2.462,2.48,2.078123,4719700.0,mapfre
2019-09-25,2.477,2.488,2.43,2.454,2.056336,4104585.0,mapfre
2019-09-26,2.449,2.474,2.449,2.461,2.062201,2818376.0,mapfre
2019-09-27,2.464,2.475,2.447,2.475,2.0739330000000002,2511812.0,mapfre
2019-09-30,2.462,2.484,2.462,2.471,2.0705810000000002,4146364.0,mapfre
2019-10-01,2.478,2.491,2.45,2.461,2.062201,2777980.0,mapfre
2019-10-02,2.446,2.452,2.416,2.416,2.024494,3600302.0,mapfre
2019-10-03,2.412,2.412,2.372,2.388,2.0010310000000002,6835983.0,mapfre
2019-10-04,2.402,2.402,2.377,2.391,2.003545,3574239.0,mapfre
2019-10-07,2.4,2.433,2.386,2.427,2.0337110000000003,3316352.0,mapfre
2019-10-08,2.43,2.432,2.388,2.388,2.0010310000000002,4872492.0,mapfre
2019-10-09,2.39,2.408,2.382,2.391,2.003545,4620883.0,mapfre
2019-10-10,2.399,2.431,2.393,2.431,2.0370630000000003,3262356.0,mapfre
2019-10-11,2.427,2.493,2.427,2.493,2.089016,3693663.0,mapfre
2019-10-14,2.472,2.477,2.447,2.472,2.0714189999999997,2114846.0,mapfre
2019-10-15,2.48,2.511,2.478,2.511,2.104099,2865064.0,mapfre
2019-10-16,2.503,2.527,2.493,2.527,2.117507,3102037.0,mapfre
2019-10-17,2.517,2.572,2.517,2.534,2.1233720000000003,4706627.0,mapfre
2019-10-18,2.529,2.55,2.52,2.548,2.135104,3724912.0,mapfre
2019-10-21,2.546,2.584,2.544,2.578,2.1602419999999998,4942879.0,mapfre
2019-10-22,2.568,2.587,2.555,2.579,2.16108,2879038.0,mapfre
2019-10-23,2.565,2.597,2.56,2.594,2.17365,1918559.0,mapfre
2019-10-24,2.6,2.618,2.592,2.606,2.183705,3198846.0,mapfre
2019-10-25,2.591,2.606,2.577,2.592,2.171973,2529664.0,mapfre
2019-10-28,2.585,2.622,2.585,2.62,2.195436,2776177.0,mapfre
2019-10-29,2.614,2.639,2.603,2.636,2.208843,3126244.0,mapfre
2019-10-30,2.637,2.637,2.602,2.618,2.1937599999999997,2636569.0,mapfre
2019-10-31,2.598,2.598,2.455,2.5,2.094882,7045351.0,mapfre
2019-11-01,2.515,2.543,2.497,2.531,2.120858,2800093.0,mapfre
2019-11-04,2.537,2.557,2.536,2.549,2.135941,2962068.0,mapfre
2019-11-05,2.55,2.566,2.543,2.556,2.141807,3397341.0,mapfre
2019-11-06,2.55,2.568,2.541,2.541,2.129237,2409687.0,mapfre
2019-11-07,2.545,2.578,2.54,2.576,2.158566,3313413.0,mapfre
2019-11-08,2.566,2.593,2.556,2.566,2.150187,2338472.0,mapfre
2019-11-11,2.563,2.586,2.548,2.576,2.158566,3689161.0,mapfre
2019-11-12,2.584,2.589,2.566,2.579,2.16108,3771186.0,mapfre
2019-11-13,2.571,2.571,2.509,2.52,2.11164,4279020.0,mapfre
2019-11-14,2.523,2.53,2.5,2.519,2.1108029999999998,3805210.0,mapfre
2019-11-15,2.52,2.539,2.514,2.53,2.1200200000000002,2699416.0,mapfre
2019-11-18,2.53,2.542,2.512,2.517,2.109127,1776601.0,mapfre
2019-11-19,2.52,2.567,2.518,2.52,2.11164,8424870.0,mapfre
2019-11-20,2.508,2.508,2.476,2.5,2.094882,3776617.0,mapfre
2019-11-21,2.498,2.498,2.474,2.481,2.078961,3100776.0,mapfre
2019-11-22,2.499,2.525,2.497,2.5,2.094882,3319832.0,mapfre
2019-11-25,2.518,2.528,2.507,2.509,2.102423,2750202.0,mapfre
2019-11-26,2.507,2.522,2.5,2.52,2.11164,7792083.0,mapfre
2019-11-27,2.527,2.573,2.524,2.562,2.146835,4514415.0,mapfre
2019-11-28,2.552,2.577,2.552,2.577,2.159404,1841055.0,mapfre
2019-11-29,2.559,2.579,2.552,2.559,2.1443209999999997,3732676.0,mapfre
2019-12-02,2.575,2.582,2.54,2.54,2.1284,3505136.0,mapfre
2019-12-03,2.549,2.554,2.48,2.48,2.078123,4869723.0,mapfre
2019-12-04,2.472,2.534,2.472,2.534,2.1233720000000003,3004965.0,mapfre
2019-12-05,2.531,2.558,2.522,2.526,2.116669,24061739.0,mapfre
2019-12-06,2.534,2.595,2.53,2.595,2.174487,27230284.0,mapfre
2019-12-09,2.595,2.614,2.58,2.595,2.174487,14009760.0,mapfre
2019-12-10,2.596,2.599,2.554,2.57,2.153538,11950792.0,mapfre
2019-12-11,2.574,2.574,2.55,2.55,2.136779,3375971.0,mapfre
2019-12-12,2.552,2.573,2.503,2.566,2.150187,4048346.0,mapfre
2019-12-13,2.6,2.617,2.567,2.567,2.151025,13173959.0,mapfre
2019-12-16,2.56,2.564,2.446,2.471,2.0705810000000002,10307857.0,mapfre
2019-12-17,2.476,2.497,2.461,2.465,2.065553,5969042.0,mapfre
2019-12-18,2.462,2.482,2.46,2.466,2.066392,3994833.0,mapfre
2019-12-19,2.43,2.43,2.359,2.359,2.0265310000000003,28414600.0,mapfre
2019-12-20,2.369,2.429,2.362,2.429,2.086665,31050843.0,mapfre
2019-12-23,2.423,2.431,2.4,2.424,2.08237,25105583.0,mapfre
2019-12-24,2.42,2.42,2.401,2.401,2.062612,951796.0,mapfre
2019-12-25,2.401,2.401,2.401,2.401,2.062612,0.0,mapfre
2019-12-27,2.405,2.42,2.402,2.42,2.078934,12656715.0,mapfre
2019-12-30,2.409,2.42,2.393,2.393,2.055739,2632142.0,mapfre
2019-12-31,2.382,2.402,2.36,2.36,2.02739,1876403.0,mapfre
2020-01-02,2.403,2.419,2.385,2.414,2.073779,5079865.0,mapfre
2020-01-03,2.402,2.403,2.367,2.397,2.059175,3442884.0,mapfre
2020-01-06,2.38,2.402,2.356,2.402,2.063471,3093285.0,mapfre
2020-01-07,2.407,2.425,2.396,2.4,2.061753,5869726.0,mapfre
2020-01-08,2.394,2.412,2.381,2.4,2.061753,2595017.0,mapfre
2020-01-09,2.417,2.424,2.394,2.413,2.07292,2414757.0,mapfre
2020-01-10,2.418,2.418,2.397,2.4,2.061753,2603899.0,mapfre
2020-01-13,2.403,2.429,2.395,2.407,2.0677659999999998,2332059.0,mapfre
2020-01-14,2.416,2.419,2.387,2.419,2.078074,5641121.0,mapfre
2020-01-15,2.405,2.41,2.357,2.384,2.048007,5153168.0,mapfre
2020-01-16,2.384,2.402,2.361,2.392,2.05488,3107148.0,mapfre
2020-01-17,2.398,2.434,2.396,2.424,2.08237,4772275.0,mapfre
2020-01-20,2.424,2.44,2.414,2.414,2.073779,1415199.0,mapfre
2020-01-21,2.4,2.422,2.397,2.422,2.080652,4619647.0,mapfre
2020-01-22,2.422,2.432,2.409,2.411,2.071202,4650155.0,mapfre
2020-01-23,2.411,2.418,2.362,2.368,2.034262,2854584.0,mapfre
2020-01-24,2.383,2.41,2.38,2.39,2.053162,2100181.0,mapfre
2020-01-27,2.365,2.37,2.34,2.341,2.011068,5036689.0,mapfre
2020-01-28,2.354,2.378,2.341,2.375,2.040276,2036353.0,mapfre
2020-01-29,2.368,2.392,2.365,2.38,2.044571,3281143.0,mapfre
2020-01-30,2.362,2.373,2.35,2.358,2.025672,2286677.0,mapfre
2020-01-31,2.37,2.37,2.312,2.312,1.986155,5419479.0,mapfre
2020-02-03,2.32,2.336,2.31,2.324,1.996464,2315540.0,mapfre
2020-02-04,2.325,2.364,2.325,2.352,2.020517,3430395.0,mapfre
2020-02-05,2.347,2.392,2.347,2.391,2.054021,3464517.0,mapfre
2020-02-06,2.397,2.42,2.382,2.382,2.046289,4211609.0,mapfre
2020-02-07,2.383,2.397,2.369,2.393,2.055739,2574704.0,mapfre
2020-02-10,2.39,2.401,2.379,2.385,2.048867,2423100.0,mapfre
2020-02-11,2.4,2.412,2.372,2.404,2.065189,3044108.0,mapfre
2020-02-12,2.421,2.445,2.398,2.434,2.090961,4283306.0,mapfre
2020-02-13,2.423,2.436,2.385,2.42,2.078934,2927463.0,mapfre
2020-02-14,2.423,2.429,2.414,2.419,2.078074,2692259.0,mapfre
2020-02-17,2.42,2.425,2.388,2.388,2.051444,2557987.0,mapfre
2020-02-18,2.383,2.396,2.371,2.381,2.04543,2158104.0,mapfre
2020-02-19,2.388,2.405,2.365,2.403,2.06433,3145874.0,mapfre
2020-02-20,2.406,2.421,2.375,2.375,2.040276,4295474.0,mapfre
2020-02-21,2.377,2.379,2.346,2.348,2.017081,3584976.0,mapfre
2020-02-24,2.318,2.318,2.247,2.254,1.9363290000000002,7211052.0,mapfre
2020-02-25,2.269,2.269,2.191,2.191,1.882208,6967269.0,mapfre
2020-02-26,2.19,2.197,2.133,2.183,1.8753360000000001,5813945.0,mapfre
2020-02-27,2.163,2.165,2.076,2.088,1.793725,7663606.0,mapfre
2020-02-28,2.06,2.066,2.004,2.025,1.7396040000000002,12196628.0,mapfre
2020-03-02,2.07,2.072,1.9575,1.9785,1.699657,9039220.0,mapfre
2020-03-03,2.022,2.047,1.987,1.987,1.7069590000000001,10343774.0,mapfre
2020-03-04,2.006,2.023,1.9775,2.0,1.718127,6142994.0,mapfre
2020-03-05,2.011,2.016,1.9,1.913,1.643389,9555587.0,mapfre
2020-03-06,1.9,1.9185,1.855,1.8805,1.615469,7040838.0,mapfre
2020-03-09,1.81,1.81,1.673,1.673,1.4372129999999999,13358642.0,mapfre
2020-03-10,1.7215,1.787,1.6545,1.6995,1.459978,17030523.0,mapfre
2020-03-11,1.7145,1.753,1.6125,1.63,1.400274,11612932.0,mapfre
2020-03-12,1.6,1.61,1.4595,1.4595,1.253803,18414999.0,mapfre
2020-03-13,1.451,1.668,1.431,1.478,1.269696,13245742.0,mapfre
2020-03-16,1.43,1.456,1.3155,1.3695,1.176487,17762318.0,mapfre
2020-03-17,1.44,1.677,1.325,1.643,1.411441,8960581.0,mapfre
2020-03-18,1.599,1.738,1.51,1.5885,1.364622,10990620.0,mapfre
2020-03-19,1.626,1.72,1.5005,1.5005,1.289025,9763451.0,mapfre
2020-03-20,1.6,1.6,1.412,1.436,1.233615,16979601.0,mapfre
2020-03-23,1.4,1.4545,1.37,1.396,1.1992530000000001,7281216.0,mapfre
2020-03-24,1.4645,1.565,1.4585,1.5385,1.321669,8343808.0,mapfre
2020-03-25,1.6195,1.6865,1.5535,1.608,1.3813739999999999,8919562.0,mapfre
2020-03-26,1.6155,1.648,1.5885,1.5885,1.364622,8777668.0,mapfre
2020-03-27,1.5995,1.626,1.565,1.5665,1.345723,6475982.0,mapfre
2020-03-30,1.5665,1.575,1.5175,1.5595,1.33971,4671740.0,mapfre
2020-03-31,1.59,1.6225,1.54,1.5565,1.337132,6489250.0,mapfre
2020-04-01,1.54,1.628,1.533,1.568,1.347012,5067599.0,mapfre
2020-04-02,1.586,1.62,1.556,1.58,1.35732,4933379.0,mapfre
2020-04-03,1.587,1.606,1.529,1.542,1.324676,4773359.0,mapfre
2020-04-06,1.599,1.649,1.564,1.644,1.4123,4422034.0,mapfre
2020-04-07,1.69,1.78,1.655,1.729,1.485321,6795099.0,mapfre
2020-04-08,1.695,1.701,1.662,1.695,1.456113,15559631.0,mapfre
2020-04-09,1.72,1.76,1.703,1.752,1.505079,5844715.0,mapfre
2020-04-14,1.789,1.789,1.743,1.748,1.501643,5774954.0,mapfre
2020-04-15,1.75,1.751,1.698,1.704,1.4638440000000001,5291364.0,mapfre
2020-04-16,1.737,1.744,1.655,1.674,1.438072,3316853.0,mapfre
2020-04-17,1.74,1.745,1.663,1.725,1.4818850000000001,3541984.0,mapfre
2020-04-20,1.74,1.74,1.661,1.674,1.438072,3980507.0,mapfre
2020-04-21,1.7,1.7,1.616,1.621,1.392542,5456911.0,mapfre
2020-04-22,1.662,1.662,1.621,1.642,1.410582,3558913.0,mapfre
2020-04-23,1.645,1.656,1.621,1.631,1.401133,2583320.0,mapfre
2020-04-24,1.644,1.644,1.579,1.579,1.3564610000000001,4338494.0,mapfre
2020-04-27,1.635,1.635,1.58,1.602,1.37622,1921574.0,mapfre
2020-04-28,1.562,1.661,1.56,1.646,1.4140190000000001,3022554.0,mapfre
2020-04-29,1.667,1.729,1.653,1.71,1.468999,2943566.0,mapfre
2020-04-30,1.736,1.75,1.654,1.671,1.435495,5969479.0,mapfre
2020-05-04,1.635,1.668,1.605,1.625,1.3959780000000002,3040379.0,mapfre
2020-05-05,1.638,1.65,1.6,1.639,1.408005,2590206.0,mapfre
2020-05-06,1.61,1.625,1.59,1.596,1.371065,4240925.0,mapfre
2020-05-07,1.59,1.64,1.59,1.638,1.407146,2209042.0,mapfre
2020-05-08,1.648,1.648,1.613,1.616,1.388247,1388847.0,mapfre
2020-05-11,1.639,1.645,1.577,1.582,1.359038,2421057.0,mapfre
2020-05-12,1.582,1.601,1.577,1.588,1.364193,4065873.0,mapfre
2020-05-13,1.576,1.587,1.55,1.55,1.331548,3323574.0,mapfre
2020-05-14,1.548,1.554,1.49,1.526,1.3109309999999998,4353303.0,mapfre
2020-05-15,1.553,1.58,1.506,1.522,1.307495,2131356.0,mapfre
2020-05-18,1.575,1.581,1.54,1.574,1.352166,2314597.0,mapfre
2020-05-19,1.594,1.594,1.454,1.475,1.267119,10368015.0,mapfre
2020-05-20,1.48,1.488,1.405,1.486,1.276568,7142932.0,mapfre
2020-05-21,1.47,1.517,1.457,1.485,1.275709,6248367.0,mapfre
2020-05-22,1.48,1.53,1.466,1.509,1.296327,5908119.0,mapfre
2020-05-25,1.52,1.545,1.513,1.545,1.327253,2567604.0,mapfre
2020-05-26,1.55,1.624,1.55,1.608,1.3813739999999999,6235653.0,mapfre
2020-05-27,1.625,1.71,1.612,1.67,1.434636,7793015.0,mapfre
2020-05-28,1.697,1.704,1.641,1.658,1.4243270000000001,6614364.0,mapfre
2020-05-29,1.641,1.642,1.575,1.583,1.359897,10347905.0,mapfre
2020-06-01,1.611,1.65,1.603,1.625,1.3959780000000002,5363627.0,mapfre
2020-06-02,1.663,1.694,1.636,1.686,1.448381,8623052.0,mapfre
2020-06-03,1.704,1.816,1.702,1.816,1.560059,9169021.0,mapfre
2020-06-04,1.812,1.846,1.76,1.808,1.553187,12436852.0,mapfre
2020-06-05,1.845,1.882,1.826,1.875,1.610744,14027923.0,mapfre
2020-06-08,1.888,1.929,1.864,1.91,1.640811,7927458.0,mapfre
2020-06-09,1.85,1.885,1.792,1.818,1.561777,14615628.0,mapfre
2020-06-10,1.832,1.865,1.771,1.782,1.530851,18608744.0,mapfre
2020-06-11,1.739,1.742,1.701,1.703,1.462985,46169226.0,mapfre
2020-06-12,1.7,1.758,1.67,1.712,1.470717,26640838.0,mapfre
2020-06-15,1.677,1.749,1.651,1.735,1.490475,10239871.0,mapfre
2020-06-16,1.792,1.807,1.748,1.771,1.5214020000000001,7843407.0,mapfre
2020-06-17,1.781,1.803,1.75,1.753,1.505938,6595373.0,mapfre
2020-06-18,1.755,1.788,1.738,1.765,1.516247,7705856.0,mapfre
2020-06-19,1.773,1.799,1.752,1.775,1.524838,12766041.0,mapfre
2020-06-22,1.88,1.88,1.735,1.743,1.497348,9005331.0,mapfre
2020-06-23,1.682,1.695,1.633,1.65,1.490842,13720085.0,mapfre
2020-06-24,1.645,1.663,1.601,1.611,1.4556040000000001,20620378.0,mapfre
2020-06-25,1.59,1.61,1.545,1.588,1.434823,38305531.0,mapfre
2020-06-26,1.58,1.619,1.57,1.572,1.420366,21421844.0,mapfre
2020-06-29,1.568,1.616,1.552,1.598,1.443858,4657570.0,mapfre
2020-06-30,1.594,1.6,1.559,1.584,1.431208,6079200.0,mapfre
2020-07-01,1.591,1.595,1.551,1.569,1.4176549999999999,3646177.0,mapfre
2020-07-02,1.57,1.642,1.569,1.631,1.473675,6265442.0,mapfre
2020-07-03,1.634,1.637,1.591,1.609,1.453797,7029834.0,mapfre
2020-07-06,1.641,1.67,1.623,1.639,1.480903,4095384.0,mapfre
2020-07-07,1.62,1.644,1.613,1.628,1.470964,3827982.0,mapfre
2020-07-08,1.604,1.619,1.573,1.576,1.42398,8611444.0,mapfre
2020-07-09,1.587,1.605,1.563,1.571,1.419462,4301705.0,mapfre
2020-07-10,1.571,1.614,1.558,1.605,1.450183,4254322.0,mapfre
2020-07-13,1.639,1.654,1.615,1.633,1.475482,3885631.0,mapfre
2020-07-14,1.627,1.654,1.612,1.649,1.489939,4769100.0,mapfre
2020-07-15,1.658,1.665,1.619,1.649,1.489939,7519663.0,mapfre
2020-07-16,1.64,1.674,1.639,1.674,1.512527,3226810.0,mapfre
2020-07-17,1.671,1.68,1.628,1.636,1.478193,8005985.0,mapfre
2020-07-20,1.626,1.665,1.611,1.662,1.501685,2536896.0,mapfre
2020-07-21,1.68,1.68,1.63,1.646,1.487228,4691296.0,mapfre
2020-07-22,1.646,1.663,1.631,1.663,1.5025879999999998,3839912.0,mapfre
2020-07-23,1.664,1.669,1.615,1.628,1.470964,4824677.0,mapfre
2020-07-24,1.6,1.651,1.597,1.64,1.4818069999999999,4357044.0,mapfre
2020-07-27,1.63,1.635,1.535,1.566,1.4149450000000001,8760426.0,mapfre
2020-07-28,1.581,1.604,1.565,1.603,1.448376,4478563.0,mapfre
2020-07-29,1.61,1.61,1.581,1.59,1.4366299999999999,2925123.0,mapfre
2020-07-30,1.603,1.603,1.517,1.54,1.391453,3929248.0,mapfre
2020-07-31,1.557,1.564,1.526,1.526,1.378803,3985001.0,mapfre
2020-08-03,1.531,1.588,1.508,1.586,1.433016,4793345.0,mapfre
2020-08-04,1.592,1.621,1.58,1.599,1.444762,3685498.0,mapfre
2020-08-05,1.603,1.617,1.596,1.617,1.461025,4216369.0,mapfre
2020-08-06,1.612,1.622,1.584,1.594,1.440244,3344288.0,mapfre
2020-08-07,1.585,1.596,1.566,1.589,1.435726,2680400.0,mapfre
2020-08-10,1.607,1.623,1.589,1.62,1.4637360000000001,5111142.0,mapfre
2020-08-11,1.628,1.685,1.628,1.669,1.508009,6438052.0,mapfre
2020-08-12,1.658,1.685,1.649,1.67,1.508913,3478790.0,mapfre
2020-08-13,1.662,1.68,1.649,1.655,1.49536,3157834.0,mapfre
2020-08-14,1.656,1.656,1.604,1.64,1.4818069999999999,2128515.0,mapfre
2020-08-17,1.629,1.642,1.58,1.591,1.437533,3950622.0,mapfre
2020-08-18,1.578,1.586,1.559,1.569,1.4176549999999999,4167573.0,mapfre
2020-08-19,1.564,1.578,1.541,1.578,1.4257870000000001,2805401.0,mapfre
2020-08-20,1.55,1.566,1.542,1.543,1.3941629999999998,2956655.0,mapfre
2020-08-21,1.551,1.552,1.519,1.538,1.389646,3373335.0,mapfre
2020-08-24,1.54,1.571,1.538,1.565,1.4140409999999999,3244917.0,mapfre
2020-08-25,1.58,1.63,1.576,1.591,1.437533,4891206.0,mapfre
2020-08-26,1.6,1.622,1.583,1.588,1.434823,6808766.0,mapfre
2020-08-27,1.585,1.612,1.562,1.602,1.4474719999999999,3311958.0,mapfre
2020-08-28,1.61,1.654,1.61,1.636,1.478193,4182635.0,mapfre
2020-08-31,1.64,1.642,1.588,1.588,1.434823,3915697.0,mapfre
2020-09-01,1.632,1.632,1.536,1.561,1.410427,4828563.0,mapfre
2020-09-02,1.56,1.579,1.536,1.548,1.3986809999999998,4776818.0,mapfre
2020-09-03,1.571,1.601,1.538,1.549,1.399585,6062938.0,mapfre
2020-09-04,1.558,1.583,1.545,1.561,1.410427,5834681.0,mapfre
2020-09-07,1.556,1.571,1.538,1.548,1.3986809999999998,3738846.0,mapfre
2020-09-08,1.546,1.565,1.512,1.52,1.3733819999999999,3748574.0,mapfre
2020-09-09,1.52,1.594,1.519,1.591,1.437533,5435263.0,mapfre
2020-09-10,1.592,1.599,1.563,1.568,1.416752,3132779.0,mapfre
2020-09-11,1.561,1.569,1.543,1.558,1.407717,3681669.0,mapfre
2020-09-14,1.566,1.568,1.542,1.546,1.396874,3688169.0,mapfre
2020-09-15,1.54,1.55,1.524,1.533,1.3851280000000001,4526785.0,mapfre
2020-09-16,1.528,1.528,1.479,1.504,1.358925,5226741.0,mapfre
2020-09-17,1.492,1.509,1.478,1.504,1.358925,4306222.0,mapfre
2020-09-18,1.504,1.506,1.443,1.443,1.303809,16582268.0,mapfre
2020-09-21,1.44,1.442,1.35,1.367,1.23514,8950229.0,mapfre
2020-09-22,1.378,1.378,1.305,1.305,1.1791209999999999,10759905.0,mapfre
2020-09-23,1.318,1.33,1.285,1.285,1.16105,11392562.0,mapfre
2020-09-24,1.28,1.328,1.261,1.311,1.184542,8033457.0,mapfre
2020-09-25,1.311,1.353,1.301,1.313,1.1863489999999999,6699031.0,mapfre
2020-09-28,1.324,1.355,1.316,1.355,1.2242979999999999,4875429.0,mapfre
2020-09-29,1.35,1.35,1.301,1.306,1.180024,6083888.0,mapfre
2020-09-30,1.3,1.358,1.287,1.337,1.208034,9306146.0,mapfre
2020-10-01,1.348,1.351,1.295,1.297,1.171892,4797738.0,mapfre
2020-10-02,1.284,1.303,1.272,1.291,1.1664709999999998,5552758.0,mapfre
2020-10-05,1.305,1.335,1.292,1.334,1.205323,5315897.0,mapfre
2020-10-06,1.332,1.376,1.32,1.376,1.243272,7399841.0,mapfre
2020-10-07,1.365,1.389,1.351,1.388,1.2541149999999999,7349114.0,mapfre
2020-10-08,1.393,1.399,1.368,1.368,1.2360440000000001,5925831.0,mapfre
2020-10-09,1.365,1.382,1.353,1.36,1.228815,3766459.0,mapfre
2020-10-12,1.365,1.373,1.348,1.363,1.2315260000000001,3409524.0,mapfre
2020-10-13,1.37,1.371,1.34,1.345,1.215262,5807444.0,mapfre
2020-10-14,1.34,1.357,1.322,1.349,1.218876,4818249.0,mapfre
2020-10-15,1.329,1.332,1.305,1.331,1.202613,4140440.0,mapfre
2020-10-16,1.334,1.342,1.305,1.337,1.208034,3772033.0,mapfre
2020-10-19,1.34,1.359,1.307,1.322,1.194481,5014985.0,mapfre
2020-10-20,1.323,1.347,1.312,1.321,1.193577,10936957.0,mapfre
2020-10-21,1.335,1.336,1.287,1.296,1.1709889999999998,5107829.0,mapfre
2020-10-22,1.288,1.329,1.276,1.329,1.200806,5102276.0,mapfre
2020-10-23,1.335,1.367,1.333,1.349,1.218876,4908819.0,mapfre
2020-10-26,1.33,1.355,1.313,1.34,1.2107450000000002,3774506.0,mapfre
2020-10-27,1.35,1.35,1.283,1.29,1.165568,6950343.0,mapfre
2020-10-28,1.274,1.288,1.232,1.28,1.156532,9482233.0,mapfre
2020-10-29,1.276,1.293,1.24,1.283,1.159243,9028621.0,mapfre
2020-10-30,1.25,1.299,1.243,1.294,1.169182,7018585.0,mapfre
2020-11-02,1.309,1.343,1.292,1.322,1.194481,7795320.0,mapfre
2020-11-03,1.321,1.382,1.318,1.375,1.2423680000000001,8486550.0,mapfre
2020-11-04,1.345,1.375,1.294,1.351,1.220683,8395882.0,mapfre
2020-11-05,1.359,1.39,1.34,1.381,1.24779,13498832.0,mapfre
2020-11-06,1.375,1.399,1.36,1.364,1.23243,8954403.0,mapfre
2020-11-09,1.349,1.533,1.342,1.528,1.3806100000000001,13588634.0,mapfre
2020-11-10,1.511,1.619,1.509,1.606,1.451086,15521627.0,mapfre
2020-11-11,1.61,1.626,1.552,1.564,1.413138,10331645.0,mapfre
2020-11-12,1.556,1.588,1.53,1.578,1.4257870000000001,7972756.0,mapfre
2020-11-13,1.57,1.6,1.56,1.578,1.4257870000000001,6840073.0,mapfre
2020-11-16,1.604,1.639,1.579,1.614,1.458315,9679997.0,mapfre
2020-11-17,1.611,1.632,1.577,1.632,1.4745780000000002,6871506.0,mapfre
2020-11-18,1.621,1.656,1.605,1.644,1.4854209999999999,10122719.0,mapfre
2020-11-19,1.632,1.636,1.58,1.58,1.427594,7440876.0,mapfre
2020-11-20,1.586,1.599,1.58,1.585,1.432112,7591939.0,mapfre
2020-11-23,1.603,1.616,1.577,1.588,1.434823,8495972.0,mapfre
2020-11-24,1.598,1.643,1.585,1.637,1.479096,9258859.0,mapfre
2020-11-25,1.653,1.66,1.601,1.608,1.452893,11292056.0,mapfre
2020-11-26,1.617,1.617,1.58,1.603,1.448376,6988658.0,mapfre
2020-11-27,1.576,1.602,1.552,1.579,1.426691,11892096.0,mapfre
2020-11-30,1.579,1.631,1.559,1.607,1.45199,99004876.0,mapfre
2020-12-01,1.613,1.702,1.606,1.702,1.537826,14469669.0,mapfre
2020-12-02,1.7,1.742,1.684,1.742,1.573968,9549123.0,mapfre
2020-12-03,1.745,1.748,1.698,1.701,1.536923,11841848.0,mapfre
2020-12-04,1.702,1.737,1.69,1.71,1.5450549999999998,19153493.0,mapfre
2020-12-07,1.732,1.757,1.69,1.73,1.563125,24366231.0,mapfre
2020-12-08,1.737,1.748,1.712,1.712,1.5468620000000002,15268118.0,mapfre
2020-12-09,1.727,1.74,1.718,1.718,1.552283,5366481.0,mapfre
2020-12-10,1.728,1.736,1.675,1.686,1.5233700000000001,7276809.0,mapfre
2020-12-11,1.686,1.699,1.652,1.674,1.512527,11017197.0,mapfre
2020-12-14,1.7,1.723,1.672,1.672,1.51072,6160324.0,mapfre
2020-12-15,1.68,1.691,1.669,1.685,1.5224659999999999,7647680.0,mapfre
2020-12-16,1.694,1.727,1.686,1.709,1.544151,5958223.0,mapfre
2020-12-17,1.718,1.76,1.715,1.758,1.588425,11004383.0,mapfre
2020-12-18,1.71,1.726,1.638,1.638,1.523771,12824774.0,mapfre
2020-12-21,1.606,1.62,1.571,1.599,1.487491,21709384.0,mapfre
2020-12-22,1.6,1.631,1.6,1.63,1.516329,13351859.0,mapfre
2020-12-23,1.63,1.651,1.593,1.632,1.51819,16568715.0,mapfre
2020-12-24,1.64,1.641,1.616,1.621,1.507957,1815763.0,mapfre
2020-12-28,1.645,1.649,1.613,1.621,1.507957,3377652.0,mapfre
2020-12-29,1.617,1.633,1.606,1.614,1.5014450000000001,3933139.0,mapfre
2020-12-30,1.617,1.625,1.602,1.608,1.495863,3064692.0,mapfre
2020-12-31,1.605,1.605,1.576,1.593,1.481909,2289418.0,mapfre
2021-01-04,1.607,1.624,1.573,1.585,1.474467,13800036.0,mapfre
2021-01-05,1.58,1.612,1.575,1.599,1.487491,4281209.0,mapfre
2021-01-06,1.615,1.654,1.606,1.643,1.5284229999999999,5857946.0,mapfre
2021-01-07,1.653,1.653,1.626,1.647,1.532144,14141131.0,mapfre
2021-01-08,1.658,1.663,1.637,1.644,1.529353,20083689.0,mapfre
2021-01-11,1.639,1.644,1.619,1.631,1.517259,4516853.0,mapfre
2021-01-12,1.645,1.658,1.635,1.641,1.526562,2921098.0,mapfre
2021-01-13,1.639,1.645,1.618,1.634,1.52005,4536855.0,mapfre
2021-01-14,1.64,1.643,1.616,1.623,1.509817,17309244.0,mapfre
2021-01-15,1.615,1.624,1.576,1.595,1.48377,5536687.0,mapfre
2021-01-18,1.59,1.592,1.577,1.585,1.474467,2097064.0,mapfre
2021-01-19,1.614,1.614,1.569,1.569,1.459583,3652122.0,mapfre
2021-01-20,1.58,1.596,1.578,1.59,1.479119,3151810.0,mapfre
2021-01-21,1.589,1.601,1.553,1.553,1.444699,3860404.0,mapfre
2021-01-22,1.55,1.558,1.525,1.529,1.4223729999999999,3737804.0,mapfre
2021-01-25,1.533,1.546,1.501,1.515,1.409349,5648890.0,mapfre
2021-01-26,1.507,1.548,1.507,1.541,1.4335360000000001,4185846.0,mapfre
2021-01-27,1.543,1.586,1.531,1.55,1.441908,5107048.0,mapfre
2021-01-28,1.53,1.568,1.518,1.558,1.44935,4535641.0,mapfre
2021-01-29,1.552,1.552,1.511,1.514,1.408419,6352197.0,mapfre
2021-02-01,1.526,1.553,1.517,1.541,1.4335360000000001,4411830.0,mapfre
2021-02-02,1.547,1.574,1.541,1.562,1.453071,3278433.0,mapfre
2021-02-03,1.58,1.6,1.566,1.585,1.474467,4667022.0,mapfre
2021-02-04,1.59,1.604,1.572,1.6,1.488421,3259455.0,mapfre
2021-02-05,1.606,1.617,1.595,1.61,1.497724,5192671.0,mapfre
2021-02-08,1.622,1.659,1.618,1.628,1.514469,4586597.0,mapfre
2021-02-09,1.627,1.64,1.609,1.64,1.5256319999999999,3516594.0,mapfre
2021-02-10,1.642,1.646,1.624,1.641,1.526562,3801699.0,mapfre
2021-02-11,1.649,1.649,1.563,1.58,1.469816,7963955.0,mapfre
2021-02-12,1.588,1.588,1.533,1.552,1.443769,6418708.0,mapfre
2021-02-15,1.57,1.583,1.55,1.562,1.453071,4680764.0,mapfre
2021-02-16,1.569,1.569,1.525,1.541,1.4335360000000001,8075515.0,mapfre
2021-02-17,1.544,1.553,1.531,1.541,1.4335360000000001,4404651.0,mapfre
2021-02-18,1.544,1.554,1.528,1.528,1.421442,3086831.0,mapfre
2021-02-19,1.532,1.549,1.525,1.531,1.424233,3440811.0,mapfre
2021-02-22,1.529,1.529,1.508,1.519,1.41307,5350813.0,mapfre
2021-02-23,1.532,1.566,1.521,1.555,1.446559,6942241.0,mapfre
2021-02-24,1.561,1.57,1.55,1.553,1.444699,5693727.0,mapfre
2021-02-25,1.57,1.594,1.562,1.592,1.480979,6157089.0,mapfre
2021-02-26,1.565,1.601,1.558,1.572,1.462374,7029915.0,mapfre
2021-03-01,1.588,1.629,1.585,1.628,1.514469,4866190.0,mapfre
2021-03-02,1.615,1.636,1.607,1.607,1.494933,4236724.0,mapfre
2021-03-03,1.615,1.64,1.609,1.628,1.514469,4002263.0,mapfre
2021-03-04,1.619,1.63,1.606,1.612,1.499584,3573431.0,mapfre
2021-03-05,1.612,1.619,1.601,1.614,1.5014450000000001,2841200.0,mapfre
2021-03-08,1.629,1.66,1.629,1.659,1.543307,5800702.0,mapfre
2021-03-09,1.665,1.683,1.636,1.648,1.533074,5722561.0,mapfre
2021-03-10,1.65,1.686,1.645,1.685,1.567494,5027879.0,mapfre
2021-03-11,1.68,1.685,1.639,1.641,1.526562,4896074.0,mapfre
2021-03-12,1.64,1.688,1.633,1.685,1.567494,4806022.0,mapfre
2021-03-15,1.697,1.734,1.691,1.712,1.592611,12482192.0,mapfre
2021-03-16,1.725,1.736,1.701,1.709,1.58982,8765592.0,mapfre
2021-03-17,1.717,1.738,1.711,1.738,1.616798,4030133.0,mapfre
2021-03-18,1.746,1.799,1.739,1.784,1.6595900000000001,7677524.0,mapfre
2021-03-19,1.776,1.837,1.765,1.794,1.6688919999999998,11445744.0,mapfre
2021-03-22,1.8,1.807,1.774,1.784,1.6595900000000001,6141136.0,mapfre
2021-03-23,1.784,1.784,1.726,1.731,1.610286,12882059.0,mapfre
2021-03-24,1.718,1.762,1.707,1.762,1.6391240000000002,4003279.0,mapfre
2021-03-25,1.763,1.77,1.734,1.766,1.642845,3285936.0,mapfre
2021-03-26,1.78,1.79,1.76,1.769,1.645636,4099908.0,mapfre
2021-03-29,1.78,1.802,1.77,1.795,1.669823,4483195.0,mapfre
2021-03-30,1.808,1.825,1.8,1.816,1.6893580000000001,4582129.0,mapfre
2021-03-31,1.817,1.827,1.775,1.776,1.652148,5140654.0,mapfre
2021-04-01,1.778,1.7815,1.758,1.767,1.643775,2782234.0,mapfre
2021-04-06,1.819,1.838,1.8035,1.8105,1.6842419999999998,5950181.0,mapfre
2021-04-07,1.814,1.835,1.8105,1.8225,1.6954049999999998,3194790.0,mapfre
2021-04-08,1.835,1.835,1.7915,1.7945,1.669357,3318126.0,mapfre
2021-04-09,1.799,1.799,1.771,1.771,1.6474959999999998,3132827.0,mapfre
2021-04-12,1.78,1.798,1.768,1.796,1.670753,2813040.0,mapfre
2021-04-13,1.801,1.802,1.7605,1.774,1.6502869999999998,3509674.0,mapfre
2021-04-14,1.7795,1.7805,1.7595,1.778,1.6540080000000001,2577760.0,mapfre
2021-04-15,1.783,1.783,1.751,1.755,1.6326120000000002,3360284.0,mapfre
2021-04-16,1.77,1.7725,1.757,1.7705,1.6470310000000001,2945205.0,mapfre
2021-04-19,1.77,1.8065,1.7695,1.804,1.678195,6521186.0,mapfre
2021-04-20,1.804,1.805,1.731,1.738,1.616798,5212446.0,mapfre
2021-04-21,1.74,1.7585,1.721,1.742,1.620519,3367571.0,mapfre
2021-04-22,1.744,1.7465,1.718,1.737,1.615867,3974075.0,mapfre
2021-04-23,1.727,1.7545,1.7225,1.749,1.62703,2743689.0,mapfre
2021-04-26,1.7475,1.7845,1.7345,1.772,1.648427,4646686.0,mapfre
2021-04-27,1.763,1.7665,1.7315,1.7525,1.6302860000000001,3572314.0,mapfre
2021-04-28,1.7645,1.78,1.7565,1.779,1.654938,3505697.0,mapfre
2021-04-29,1.784,1.798,1.752,1.776,1.652148,4843503.0,mapfre
2021-04-30,1.7755,1.8125,1.7755,1.7905,1.6656360000000001,8035268.0,mapfre
2021-05-03,1.803,1.81,1.7825,1.7975,1.672148,3214254.0,mapfre
2021-05-04,1.8,1.8355,1.788,1.8115,1.6851720000000001,5354340.0,mapfre
2021-05-05,1.819,1.829,1.807,1.828,1.700521,3293714.0,mapfre
2021-05-06,1.832,1.863,1.832,1.856,1.7265689999999998,9754516.0,mapfre
2021-05-07,1.87,1.882,1.8505,1.86,1.73029,3795384.0,mapfre
2021-05-10,1.88,1.928,1.88,1.9145,1.780989,8537180.0,mapfre
2021-05-11,1.9115,1.914,1.8675,1.8755,1.744709,11842216.0,mapfre
2021-05-12,1.8755,1.9115,1.8645,1.9035,1.7707560000000002,16527155.0,mapfre
2021-05-13,1.89,1.9085,1.8525,1.903,1.770291,5238410.0,mapfre
2021-05-14,1.916,1.9265,1.902,1.916,1.7823849999999999,3311524.0,mapfre
2021-05-17,1.9325,1.9455,1.9235,1.9265,1.792152,12082319.0,mapfre
2021-05-18,1.94,1.944,1.91,1.9175,1.78378,8445434.0,mapfre
2021-05-19,1.9165,1.922,1.881,1.911,1.7777330000000002,5902571.0,mapfre
2021-05-20,1.866,1.866,1.821,1.8585,1.8002049999999998,4189102.0,mapfre
2021-05-21,1.8535,1.8635,1.8315,1.8565,1.798268,3435885.0,mapfre
2021-05-24,1.868,1.8735,1.8475,1.872,1.813282,5095585.0,mapfre
2021-05-25,1.875,1.88,1.8375,1.8375,1.779864,3131831.0,mapfre
2021-05-26,1.84,1.847,1.826,1.8295,1.772115,14007189.0,mapfre
2021-05-27,1.8345,1.8635,1.823,1.8465,1.788582,5316517.0,mapfre
2021-05-28,1.856,1.885,1.847,1.878,1.8190939999999998,7162896.0,mapfre
2021-05-31,1.89,1.8945,1.8605,1.8635,1.8050490000000001,6972189.0,mapfre
2021-06-01,1.8655,1.892,1.8655,1.886,1.826843,6089776.0,mapfre
2021-06-02,1.8885,1.89,1.865,1.8765,1.817641,2356848.0,mapfre
2021-06-03,1.877,1.892,1.8665,1.888,1.8287799999999999,2026416.0,mapfre
2021-06-04,1.889,1.889,1.8595,1.8635,1.8050490000000001,2062656.0,mapfre
2021-06-07,1.87,1.8765,1.8585,1.8735,1.8147349999999998,1401678.0,mapfre
2021-06-08,1.8675,1.872,1.8255,1.8405,1.78277,4264731.0,mapfre
2021-06-09,1.8415,1.844,1.816,1.8285,1.7711459999999999,4004277.0,mapfre
2021-06-10,1.8265,1.8435,1.815,1.8265,1.769209,3225666.0,mapfre
2021-06-11,1.83,1.843,1.8105,1.84,1.782286,2553713.0,mapfre
2021-06-14,1.845,1.86,1.8405,1.855,1.796815,2951248.0,mapfre
2021-06-15,1.857,1.8755,1.8485,1.871,1.812313,3146118.0,mapfre
2021-06-16,1.879,1.8875,1.8675,1.8725,1.813766,3080374.0,mapfre
2021-06-17,1.866,1.875,1.8245,1.8245,1.7672720000000002,3401437.0,mapfre
2021-06-18,1.828,1.8285,1.793,1.8115,1.75468,6158865.0,mapfre
2021-06-21,1.8,1.8085,1.767,1.8035,1.7469310000000002,3315529.0,mapfre
2021-06-22,1.809,1.809,1.7765,1.783,1.7270740000000002,2583343.0,mapfre
2021-06-23,1.779,1.7885,1.76,1.76,1.704795,2907290.0,mapfre
2021-06-24,1.788,1.7925,1.764,1.7805,1.724652,7461679.0,mapfre
2021-06-25,1.758,1.789,1.7545,1.7835,1.7275580000000001,2796750.0,mapfre
2021-06-28,1.78,1.79,1.7655,1.7655,1.7101220000000001,2604780.0,mapfre
2021-06-29,1.763,1.7915,1.763,1.771,1.71545,2796893.0,mapfre
2021-06-30,1.77,1.787,1.747,1.7825,1.726589,4210480.0,mapfre
2021-07-01,1.79,1.8,1.764,1.777,1.7212619999999998,2489780.0,mapfre
2021-07-02,1.7815,1.7955,1.772,1.776,1.720293,2387474.0,mapfre
2021-07-05,1.778,1.819,1.773,1.8155,1.7585540000000002,1806975.0,mapfre
2021-07-06,1.8155,1.8155,1.7675,1.773,1.717387,1680884.0,mapfre
2021-07-07,1.77,1.786,1.765,1.778,1.72223,1665487.0,mapfre
2021-07-08,1.7615,1.766,1.726,1.733,1.6786419999999997,3305933.0,mapfre
2021-07-09,1.74,1.78,1.735,1.779,1.7231990000000001,1863350.0,mapfre
2021-07-12,1.783,1.796,1.746,1.765,1.709638,1588096.0,mapfre
2021-07-13,1.7785,1.7785,1.7525,1.753,1.698015,1374014.0,mapfre
2021-07-14,1.778,1.778,1.745,1.7525,1.69753,2374197.0,mapfre
2021-07-15,1.741,1.7635,1.738,1.7555,1.700436,1513766.0,mapfre
2021-07-16,1.7585,1.7745,1.734,1.743,1.6883279999999998,2315089.0,mapfre
2021-07-19,1.7415,1.7415,1.677,1.687,1.634085,3363470.0,mapfre
2021-07-20,1.691,1.7195,1.6795,1.7075,1.6539419999999998,2212390.0,mapfre
2021-07-21,1.7585,1.7785,1.7185,1.769,1.713513,2619895.0,mapfre
2021-07-22,1.768,1.7935,1.7485,1.7485,1.693656,1913528.0,mapfre
2021-07-23,1.751,1.779,1.75,1.7655,1.7101220000000001,2382635.0,mapfre
2021-07-26,1.761,1.8025,1.7375,1.789,1.7328849999999998,4992063.0,mapfre
2021-07-27,1.7865,1.7865,1.7525,1.778,1.72223,1924763.0,mapfre
2021-07-28,1.78,1.787,1.7615,1.763,1.707701,1296982.0,mapfre
2021-07-29,1.7545,1.784,1.7515,1.756,1.700921,2555287.0,mapfre
2021-07-30,1.752,1.7535,1.725,1.737,1.682516,3339399.0,mapfre
2021-08-02,1.737,1.774,1.736,1.7565,1.7014049999999998,2346339.0,mapfre
2021-08-03,1.773,1.7855,1.7525,1.7705,1.714966,1509265.0,mapfre
2021-08-04,1.785,1.7875,1.7585,1.7785,1.7227150000000002,1558461.0,mapfre
2021-08-05,1.786,1.791,1.768,1.786,1.7299799999999999,1686377.0,mapfre
2021-08-06,1.7885,1.7985,1.769,1.797,1.740635,1792517.0,mapfre
2021-08-09,1.7905,1.8095,1.788,1.8065,1.7498360000000002,1109725.0,mapfre
2021-08-10,1.794,1.809,1.781,1.801,1.744509,1312951.0,mapfre
2021-08-11,1.814,1.819,1.791,1.813,1.7561330000000002,1652413.0,mapfre
2021-08-12,1.814,1.832,1.81,1.826,1.768725,1885577.0,mapfre
2021-08-13,1.821,1.8315,1.811,1.8255,1.768241,1322775.0,mapfre
2021-08-16,1.8135,1.8245,1.803,1.8205,1.763397,1599629.0,mapfre
2021-08-17,1.807,1.8275,1.8045,1.8215,1.7643659999999999,1478931.0,mapfre
2021-08-18,1.8115,1.867,1.8115,1.865,1.806502,3326228.0,mapfre
2021-08-19,1.8345,1.853,1.8195,1.84,1.782286,4005722.0,mapfre
2021-08-20,1.836,1.84,1.794,1.8175,1.760491,2122359.0,mapfre
2021-08-23,1.823,1.8345,1.8175,1.8305,1.773084,1039912.0,mapfre
2021-08-24,1.8375,1.8375,1.8115,1.819,1.761944,3542729.0,mapfre
2021-08-25,1.814,1.8435,1.808,1.8425,1.784707,8817265.0,mapfre
2021-08-26,1.84,1.8465,1.8265,1.834,1.776474,1151364.0,mapfre
2021-08-27,1.8385,1.8385,1.808,1.836,1.778411,2121776.0,mapfre
2021-08-30,1.835,1.842,1.815,1.834,1.776474,1351272.0,mapfre
2021-08-31,1.8305,1.8305,1.801,1.826,1.768725,4161940.0,mapfre
2021-09-01,1.832,1.873,1.832,1.8435,1.7856759999999998,3307819.0,mapfre
2021-09-02,1.8435,1.8475,1.8325,1.8465,1.788582,2168652.0,mapfre
2021-09-03,1.846,1.846,1.817,1.8215,1.7643659999999999,3151396.0,mapfre
2021-09-06,1.818,1.84,1.818,1.838,1.7803490000000002,1248471.0,mapfre
2021-09-07,1.8395,1.8455,1.827,1.8455,1.7876130000000001,1578893.0,mapfre
2021-09-08,1.851,1.8565,1.8065,1.839,1.7813169999999998,2674969.0,mapfre
2021-09-09,1.82,1.8285,1.809,1.8215,1.7643659999999999,1904244.0,mapfre
2021-09-10,1.83,1.83,1.792,1.793,1.7367599999999999,2651115.0,mapfre
2021-09-13,1.8045,1.837,1.8045,1.833,1.7755049999999999,1787739.0,mapfre
2021-09-14,1.8345,1.8425,1.816,1.816,1.759038,1618768.0,mapfre
2021-09-15,1.808,1.8255,1.7975,1.7985,1.742087,1732899.0,mapfre
2021-09-16,1.8025,1.824,1.8025,1.815,1.75807,2157257.0,mapfre
2021-09-17,1.83,1.845,1.8225,1.832,1.7745369999999998,3927260.0,mapfre
2021-09-20,1.803,1.803,1.758,1.76,1.704795,4046801.0,mapfre
2021-09-21,1.776,1.801,1.767,1.774,1.7183560000000002,5830869.0,mapfre
2021-09-22,1.795,1.8095,1.785,1.801,1.744509,2533516.0,mapfre
2021-09-23,1.8185,1.831,1.81,1.828,1.770662,1797708.0,mapfre
2021-09-24,1.822,1.864,1.822,1.86,1.8016580000000002,3744011.0,mapfre
2021-09-27,1.86,1.8945,1.857,1.889,1.829749,3321411.0,mapfre
2021-09-28,1.8985,1.9235,1.8545,1.8545,1.7963310000000001,4430318.0,mapfre
2021-09-29,1.862,1.8985,1.8575,1.892,1.832655,2148332.0,mapfre
2021-09-30,1.9025,1.914,1.881,1.885,1.8258740000000002,2829232.0,mapfre
2021-10-01,1.8615,1.902,1.8525,1.8855,1.8263580000000001,2225627.0,mapfre
2021-10-04,1.88,1.89,1.851,1.851,1.792941,9834612.0,mapfre
2021-10-05,1.8555,1.885,1.851,1.88,1.821031,2299487.0,mapfre
2021-10-06,1.875,1.875,1.835,1.844,1.7861599999999997,2966648.0,mapfre
2021-10-07,1.862,1.867,1.838,1.838,1.7803490000000002,3499836.0,mapfre
2021-10-08,1.838,1.849,1.829,1.8325,1.775021,3700592.0,mapfre
2021-10-11,1.825,1.8535,1.8185,1.83,1.7725990000000003,2621147.0,mapfre
2021-10-12,1.818,1.853,1.8045,1.8515,1.793425,3562587.0,mapfre
2021-10-13,1.85,1.85,1.7855,1.799,1.742572,5274395.0,mapfre
2021-10-14,1.817,1.8175,1.7955,1.796,1.739666,1899202.0,mapfre
2021-10-15,1.81,1.8115,1.7935,1.7935,1.7372439999999998,2569136.0,mapfre
2021-10-18,1.804,1.804,1.779,1.78,1.724168,2848247.0,mapfre
2021-10-19,1.78,1.7945,1.765,1.7895,1.73337,2361019.0,mapfre
2021-10-20,1.798,1.819,1.792,1.811,1.7541950000000002,2205009.0,mapfre
2021-10-21,1.8,1.8065,1.7845,1.7845,1.7285270000000001,1854446.0,mapfre
2021-10-22,1.7965,1.817,1.776,1.8125,1.7556479999999999,3534684.0,mapfre
2021-10-25,1.8215,1.849,1.808,1.8435,1.7856759999999998,4269891.0,mapfre
2021-10-26,1.8465,1.857,1.8065,1.813,1.7561330000000002,3225549.0,mapfre
2021-10-27,1.8245,1.833,1.8085,1.822,1.76485,2675347.0,mapfre
2021-10-28,1.818,1.83,1.8075,1.816,1.759038,1658278.0,mapfre
2021-10-29,1.8315,1.8385,1.8125,1.8305,1.773084,4182273.0,mapfre
2021-11-01,1.865,1.9835,1.859,1.97,1.9082080000000001,13032193.0,mapfre
2021-11-02,1.967,1.9745,1.921,1.967,1.905302,4190495.0,mapfre
2021-11-03,1.957,1.9605,1.915,1.935,1.874306,4343333.0,mapfre
2021-11-04,1.951,1.951,1.8815,1.914,1.853965,14052342.0,mapfre
2021-11-05,1.914,1.9525,1.895,1.943,1.882055,2830986.0,mapfre
2021-11-08,1.94,1.94,1.9165,1.917,1.856871,3361773.0,mapfre
2021-11-09,1.915,1.943,1.9075,1.937,1.876243,2874520.0,mapfre
2021-11-10,1.928,1.949,1.92,1.949,1.8878669999999997,2349953.0,mapfre
2021-11-11,1.947,1.9655,1.9435,1.9585,1.897069,3209408.0,mapfre
2021-11-12,1.963,1.963,1.9395,1.943,1.882055,1668277.0,mapfre
2021-11-15,1.948,1.9845,1.9255,1.98,1.9178939999999998,3407713.0,mapfre
2021-11-16,1.9715,1.9815,1.964,1.97,1.9082080000000001,2793720.0,mapfre
2021-11-17,1.964,1.9725,1.949,1.954,1.89271,4010359.0,mapfre
2021-11-18,1.953,1.9635,1.9255,1.926,1.865588,2743517.0,mapfre
2021-11-19,1.9425,1.943,1.8875,1.9085,1.8486369999999999,5489908.0,mapfre
2021-11-22,1.9135,1.941,1.9125,1.9405,1.879633,2915989.0,mapfre
2021-11-23,1.94,1.957,1.913,1.9355,1.8747900000000002,4638245.0,mapfre
2021-11-24,1.96,1.9665,1.9225,1.9225,1.862198,4322084.0,mapfre
2021-11-25,1.938,1.944,1.919,1.932,1.8714,2973385.0,mapfre
2021-11-26,1.843,1.849,1.8055,1.8255,1.8255,7021424.0,mapfre
2021-11-29,1.841,1.8585,1.8245,1.8265,1.8265,3581238.0,mapfre
2021-11-30,1.8115,1.832,1.788,1.809,1.809,5626300.0,mapfre
2021-12-01,1.81,1.843,1.81,1.836,1.836,2712293.0,mapfre
2021-12-02,1.8175,1.834,1.8105,1.8155,1.8155,2123703.0,mapfre
2021-12-03,1.817,1.833,1.7875,1.7915,1.7915,2836298.0,mapfre
2021-12-06,1.8115,1.8265,1.799,1.82,1.82,1821095.0,mapfre
2021-12-07,1.843,1.843,1.8235,1.83,1.83,2010880.0,mapfre
2021-12-08,1.8285,1.8385,1.806,1.8105,1.8105,1542573.0,mapfre
2021-12-09,1.8155,1.818,1.8015,1.8045,1.8045,1449009.0,mapfre
2021-12-10,1.801,1.81,1.7915,1.8015,1.8015,2049517.0,mapfre
2021-12-13,1.8025,1.812,1.7775,1.7775,1.7775,2064975.0,mapfre
2021-12-14,1.7865,1.8025,1.7715,1.79,1.79,2702179.0,mapfre
2021-12-15,1.7895,1.793,1.7705,1.7775,1.7775,1626740.0,mapfre
2021-12-16,1.795,1.795,1.7725,1.778,1.778,2246349.0,mapfre
2021-12-17,1.77,1.7785,1.745,1.756,1.756,3484203.0,mapfre
2021-12-20,1.7185,1.74,1.708,1.73,1.73,2397334.0,mapfre
2021-12-21,1.7405,1.776,1.7365,1.769,1.769,2167021.0,mapfre
2021-12-22,1.772,1.7765,1.7625,1.775,1.775,1894165.0,mapfre
2021-12-23,1.777,1.805,1.7745,1.8035,1.8035,2338148.0,mapfre
2021-12-27,1.7935,1.8195,1.7935,1.817,1.817,2201037.0,mapfre
2021-12-28,1.815,1.8345,1.812,1.8225,1.8225,1906273.0,mapfre
2021-12-29,1.825,1.831,1.8105,1.821,1.821,1711196.0,mapfre
2021-12-30,1.8135,1.815,1.794,1.8055,1.8055,3508030.0,mapfre
2022-01-03,1.8135,1.8385,1.81,1.8315,1.8315,1624347.0,mapfre
2022-01-04,1.84,1.855,1.832,1.85,1.85,3703426.0,mapfre
2022-01-05,1.848,1.86,1.835,1.851,1.851,2500077.0,mapfre
2022-01-06,1.83,1.8615,1.8185,1.8615,1.8615,2298269.0,mapfre
2022-01-07,1.871,1.8865,1.869,1.8865,1.8865,2617048.0,mapfre
2022-01-10,1.8965,1.8965,1.851,1.8645,1.8645,2842333.0,mapfre
2022-01-11,1.87,1.8805,1.855,1.865,1.865,2077144.0,mapfre
2022-01-12,1.875,1.8965,1.8645,1.8955,1.8955,2071430.0,mapfre
2022-01-13,1.9,1.906,1.8865,1.9015,1.9015,2429215.0,mapfre
2022-01-14,1.9,1.9165,1.8945,1.9165,1.9165,2602408.0,mapfre
2022-01-17,1.92,1.922,1.894,1.9,1.9,2683934.0,mapfre
2022-01-18,1.895,1.9595,1.887,1.9445,1.9445,4599674.0,mapfre
2022-01-19,1.9325,1.9645,1.9225,1.944,1.944,3814882.0,mapfre
2022-01-20,1.94,1.9405,1.901,1.92,1.92,2290018.0,mapfre
2022-01-21,1.9,1.9,1.862,1.8675,1.8675,4337462.0,mapfre
2022-01-24,1.8675,1.8785,1.8285,1.842,1.842,3856678.0,mapfre
2022-01-25,1.8535,1.9105,1.851,1.8935,1.8935,3851724.0,mapfre
2022-01-26,1.907,1.936,1.907,1.9315,1.9315,4527308.0,mapfre
2022-01-27,1.92,1.9635,1.912,1.942,1.942,3927727.0,mapfre
2022-01-28,1.9475,1.9475,1.911,1.925,1.925,1831061.0,mapfre
2022-01-31,1.9345,1.942,1.9105,1.9215,1.9215,4720068.0,mapfre
2022-02-01,1.9385,1.9575,1.9325,1.952,1.952,3421800.0,mapfre
2022-02-02,1.962,1.962,1.9415,1.9415,1.9415,2112699.0,mapfre
2022-02-03,1.9405,1.9445,1.9285,1.933,1.933,2267616.0,mapfre
2022-02-04,1.933,1.948,1.9065,1.9075,1.9075,2521423.0,mapfre
2022-02-07,1.9235,1.927,1.905,1.9105,1.9105,3879907.0,mapfre
2022-02-08,1.9185,1.9495,1.9175,1.9455,1.9455,3074948.0,mapfre
2022-02-09,1.95,1.965,1.934,1.9615,1.9615,2757302.0,mapfre
2022-02-10,1.97,2.0,1.946,1.986,1.986,6486491.0,mapfre
2022-02-11,1.97,2.013,1.9665,2.005,2.005,4166583.0,mapfre
2022-02-14,1.956,1.967,1.9055,1.943,1.943,7590583.0,mapfre
2022-02-15,1.939,1.967,1.93,1.9645,1.9645,3280659.0,mapfre
2022-02-16,1.974,1.9755,1.9355,1.9405,1.9405,2569340.0,mapfre
2022-02-17,1.948,1.948,1.9035,1.9085,1.9085,3740532.0,mapfre
2022-02-18,1.9195,1.925,1.887,1.895,1.895,5169709.0,mapfre
2022-02-21,1.9,1.9265,1.8665,1.875,1.875,4537018.0,mapfre
2022-02-22,1.84,1.873,1.8155,1.854,1.854,3379895.0,mapfre
2022-02-23,1.854,1.875,1.8305,1.8305,1.8305,3463342.0,mapfre
2022-02-24,1.771,1.808,1.7375,1.7505,1.7505,9064810.0,mapfre
2022-02-25,1.772,1.7985,1.738,1.798,1.798,6532802.0,mapfre
2022-02-28,1.76,1.772,1.734,1.7615,1.7615,6931273.0,mapfre
2022-03-01,1.762,1.785,1.7115,1.7125,1.7125,5717163.0,mapfre
2022-03-02,1.705,1.766,1.6935,1.752,1.752,6404196.0,mapfre
2022-03-03,1.756,1.768,1.693,1.6955,1.6955,6221923.0,mapfre
2022-03-04,1.687,1.6875,1.6375,1.658,1.658,8126774.0,mapfre
2022-03-07,1.61,1.6745,1.5755,1.64,1.64,8414059.0,mapfre
2022-03-08,1.626,1.719,1.617,1.672,1.672,5740356.0,mapfre
2022-03-09,1.7235,1.757,1.718,1.7415,1.7415,6589729.0,mapfre
2022-03-10,1.76,1.7705,1.719,1.7535,1.7535,3928877.0,mapfre
2022-03-11,1.773,1.826,1.7685,1.77,1.77,7039291.0,mapfre
2022-03-14,1.8,1.8225,1.787,1.807,1.807,4979838.0,mapfre
2022-03-15,1.795,1.8125,1.766,1.806,1.806,4679182.0,mapfre
2022-03-16,1.83,1.8575,1.8295,1.857,1.857,3933283.0,mapfre
2022-03-17,1.8675,1.874,1.84,1.8535,1.8535,3174356.0,mapfre
2022-03-18,1.86,1.8625,1.837,1.8535,1.8535,4345697.0,mapfre
2022-03-21,1.86,1.88,1.85,1.8665,1.8665,2232664.0,mapfre
2022-03-22,1.88,1.905,1.87,1.886,1.886,6057533.0,mapfre
2022-03-23,1.89,1.897,1.858,1.858,1.858,6923310.0,mapfre
2022-03-24,1.8615,1.876,1.8575,1.864,1.864,1687783.0,mapfre
2022-03-25,1.869,1.8855,1.851,1.883,1.883,1967704.0,mapfre
2022-03-28,1.8935,1.929,1.88,1.89,1.89,3110090.0,mapfre
2022-03-29,1.9,1.93,1.9,1.93,1.93,2866547.0,mapfre
2022-03-30,1.93,1.93,1.907,1.9195,1.9195,2257842.0,mapfre
2022-03-31,1.9155,1.93,1.9,1.9,1.9,2661490.0,mapfre
2022-04-01,1.914,1.92,1.902,1.907,1.907,5891072.0,mapfre
2022-04-04,1.916,1.916,1.855,1.859,1.859,3095205.0,mapfre
2022-04-05,1.863,1.893,1.859,1.891,1.891,8247948.0,mapfre
2022-04-06,1.892,1.914,1.861,1.863,1.863,3746717.0,mapfre
2022-04-07,1.866,1.91,1.866,1.873,1.873,2868407.0,mapfre
2022-04-08,1.896,1.901,1.885,1.888,1.888,2075534.0,mapfre
2022-04-11,1.89,1.919,1.86,1.866,1.866,3556350.0,mapfre
2022-04-12,1.86,1.882,1.835,1.871,1.871,4611056.0,mapfre
2022-04-13,1.872,1.875,1.857,1.869,1.869,4015677.0,mapfre
2022-04-14,1.885,1.897,1.853,1.884,1.884,3062240.0,mapfre
2022-04-19,1.884,1.914,1.879,1.911,1.911,5601028.0,mapfre
2022-04-20,1.92,1.937,1.898,1.937,1.937,3197040.0,mapfre
2022-04-21,1.946,1.958,1.937,1.94,1.94,3289216.0,mapfre
2022-04-22,1.93,1.944,1.9,1.9,1.9,3282265.0,mapfre
2022-04-25,1.89,1.893,1.872,1.872,1.872,3116341.0,mapfre
2022-04-26,1.909,1.91,1.865,1.865,1.865,2664869.0,mapfre
