2017-04-27,10.795,10.86,10.73,10.815,9.169884,1459335.0,merlin
2017-04-28,10.82,10.865,10.745,10.865,9.212277,1684501.0,merlin
2017-05-02,10.91,10.94,10.83,10.92,9.258911,1323801.0,merlin
2017-05-03,10.905,10.94,10.865,10.915,9.254671,854422.0,merlin
2017-05-04,10.89,10.975,10.875,10.935,9.27163,2360643.0,merlin
2017-05-05,10.945,11.045,10.895,11.005,9.330982,1617873.0,merlin
2017-05-08,11.01,11.085,11.0,11.005,9.330982,1321304.0,merlin
2017-05-09,11.005,11.225,10.975,11.18,9.479363000000001,2194145.0,merlin
2017-05-10,11.125,11.16,11.025,11.14,9.445447,1765033.0,merlin
2017-05-11,11.155,11.155,10.915,11.01,9.335219,1880352.0,merlin
2017-05-12,10.78,11.075,10.65,10.995,9.322503,2105864.0,merlin
2017-05-15,11.05,11.075,10.98,11.005,9.330982,704471.0,merlin
2017-05-16,11.02,11.05,10.85,10.98,9.309785,1291879.0,merlin
2017-05-17,10.945,10.97,10.785,10.87,9.216517,1093256.0,merlin
2017-05-18,10.75,10.92,10.7,10.88,9.224996,15009165.0,merlin
2017-05-19,10.91,11.09,10.865,11.05,9.369137,2445773.0,merlin
2017-05-22,11.1,11.24,11.035,11.215,9.509037,2691556.0,merlin
2017-05-23,11.22,11.245,11.105,11.125,9.432728,1731037.0,merlin
2017-05-24,11.165,11.2,11.13,11.19,9.487843,922883.0,merlin
2017-05-25,11.205,11.315,11.205,11.25,9.538713000000001,891633.0,merlin
2017-05-26,11.275,11.335,11.25,11.335,9.610783999999999,1240891.0,merlin
2017-05-29,11.345,11.385,11.275,11.3,9.581106,1795785.0,merlin
2017-05-30,11.305,11.34,11.21,11.275,9.559911,842581.0,merlin
2017-05-31,11.305,11.35,11.23,11.29,9.572628,1481756.0,merlin
2017-06-01,11.325,11.415,11.27,11.405,9.670136,2510937.0,merlin
2017-06-02,11.45,11.5,11.4,11.475,9.729488,1411768.0,merlin
2017-06-05,11.425,11.505,11.415,11.46,9.716769000000001,657837.0,merlin
2017-06-06,11.47,11.5,11.38,11.465,9.72101,1065467.0,merlin
2017-06-07,11.45,11.585,11.41,11.55,9.79308,1272573.0,merlin
2017-06-08,11.585,11.625,11.51,11.52,9.767643,3388319.0,merlin
2017-06-09,11.55,11.635,11.5,11.53,9.776122,2007976.0,merlin
2017-06-12,11.495,11.55,11.02,11.4,9.665896,1576409.0,merlin
2017-06-13,11.445,11.53,11.39,11.45,9.708291000000001,814554.0,merlin
2017-06-14,11.44,11.555,11.44,11.49,9.742206,1088209.0,merlin
2017-06-15,11.45,11.53,11.335,11.415,9.678614999999999,1178750.0,merlin
2017-06-16,11.455,11.52,11.39,11.44,9.699811,1976928.0,merlin
2017-06-19,11.48,11.51,11.435,11.465,9.72101,662214.0,merlin
2017-06-20,11.465,11.48,11.325,11.385,9.653178,988728.0,merlin
2017-06-21,11.39,11.39,11.265,11.38,9.648939,679055.0,merlin
2017-06-22,11.34,11.355,11.215,11.295,9.576867,989785.0,merlin
2017-06-23,11.3,11.36,11.25,11.315,9.593826,566198.0,merlin
2017-06-26,11.32,11.45,11.2,11.39,9.657417,1103457.0,merlin
2017-06-27,11.37,11.405,11.185,11.245,9.534475,1382860.0,merlin
2017-06-28,11.195,11.275,11.115,11.2,9.496319,945720.0,merlin
2017-06-29,11.22,11.25,10.98,11.115,9.424249,1257436.0,merlin
2017-06-30,11.085,11.1,11.0,11.06,9.377616,1977143.0,merlin
2017-07-03,11.085,11.17,11.03,11.045,9.364896,926223.0,merlin
2017-07-04,11.095,11.095,10.995,11.025,9.347938000000001,1117022.0,merlin
2017-07-05,11.09,11.15,10.995,11.1,9.411531,1103729.0,merlin
2017-07-06,11.08,11.14,10.95,11.09,9.403052,1724511.0,merlin
2017-07-07,11.12,11.12,11.0,11.08,9.394572,1081354.0,merlin
2017-07-10,11.175,11.22,11.11,11.19,9.487843,1131832.0,merlin
2017-07-11,11.28,11.305,11.07,11.145,9.449686,1063837.0,merlin
2017-07-12,11.2,11.35,11.16,11.26,9.547191999999999,1277281.0,merlin
2017-07-13,11.28,11.415,11.23,11.375,9.644699000000001,1578075.0,merlin
2017-07-14,11.4,11.47,11.37,11.44,9.699811,838492.0,merlin
2017-07-17,11.445,11.49,11.4,11.465,9.72101,655594.0,merlin
2017-07-18,11.4,11.53,11.4,11.465,9.72101,1213337.0,merlin
2017-07-19,11.4,11.53,11.395,11.51,9.759163000000001,963644.0,merlin
2017-07-20,11.525,11.595,11.45,11.5,9.750685,1384077.0,merlin
2017-07-21,11.5,11.575,11.475,11.515,9.763403,1827522.0,merlin
2017-07-24,11.58,11.58,11.465,11.485,9.737967,1130653.0,merlin
2017-07-25,11.425,11.59,11.31,11.5,9.750685,920339.0,merlin
2017-07-26,11.44,11.49,11.37,11.46,9.716769000000001,741992.0,merlin
2017-07-27,11.465,11.52,11.43,11.52,9.767643,807294.0,merlin
2017-07-28,11.485,11.51,11.345,11.425,9.687092999999999,1064850.0,merlin
2017-07-31,11.415,11.505,11.345,11.38,9.648939,1132159.0,merlin
2017-08-01,11.43,11.44,11.36,11.39,9.657417,1256896.0,merlin
2017-08-02,11.42,11.48,11.38,11.42,9.682853999999999,1042891.0,merlin
2017-08-03,11.42,11.49,11.39,11.45,9.708291000000001,1033997.0,merlin
2017-08-04,11.445,11.62,11.44,11.57,9.810037,1141221.0,merlin
2017-08-07,11.605,11.695,11.55,11.635,9.86515,1069505.0,merlin
2017-08-08,11.655,11.68,11.6,11.675,9.899065,561210.0,merlin
2017-08-09,11.63,11.665,11.515,11.605,9.839713,1469780.0,merlin
2017-08-10,11.595,11.62,11.49,11.535,9.78036,779658.0,merlin
2017-08-11,11.515,11.515,11.395,11.425,9.687092999999999,1291098.0,merlin
2017-08-14,11.465,11.585,11.43,11.5,9.750685,2141377.0,merlin
2017-08-15,11.54,11.56,11.49,11.53,9.776122,518298.0,merlin
2017-08-16,11.56,11.685,11.555,11.575,9.814276,823676.0,merlin
2017-08-17,11.615,11.63,11.54,11.565,9.805799,494065.0,merlin
2017-08-18,11.515,11.535,11.42,11.535,9.78036,919792.0,merlin
2017-08-21,11.545,11.55,11.48,11.53,9.776122,700923.0,merlin
2017-08-22,11.65,11.74,11.65,11.725,9.941460000000001,1508787.0,merlin
2017-08-23,11.75,11.75,11.65,11.715,9.932981,564730.0,merlin
2017-08-24,11.73,11.775,11.675,11.675,9.899065,906031.0,merlin
2017-08-25,11.71,11.71,11.57,11.61,9.843950999999999,1071515.0,merlin
2017-08-28,11.635,11.64,11.545,11.61,9.843950999999999,553102.0,merlin
2017-08-29,11.555,11.575,11.455,11.55,9.79308,852841.0,merlin
2017-08-30,11.6,11.63,11.56,11.57,9.810037,846603.0,merlin
2017-08-31,11.64,11.67,11.525,11.575,9.814276,1906358.0,merlin
2017-09-01,11.63,11.645,11.59,11.6,9.835474000000001,934701.0,merlin
2017-09-04,11.62,11.62,11.505,11.6,9.835474000000001,1014705.0,merlin
2017-09-05,11.595,11.625,11.435,11.475,9.729488,941376.0,merlin
2017-09-06,11.475,11.525,11.21,11.485,9.737967,1010671.0,merlin
2017-09-07,11.53,11.585,11.485,11.535,9.78036,1707957.0,merlin
2017-09-08,11.535,11.575,11.48,11.57,9.810037,804747.0,merlin
2017-09-11,11.6,11.71,11.57,11.67,9.894827000000001,1632829.0,merlin
2017-09-12,11.72,11.74,11.605,11.62,9.852431,950954.0,merlin
2017-09-13,11.6,11.75,11.555,11.725,9.941460000000001,1743287.0,merlin
2017-09-14,11.675,11.75,11.6,11.75,9.962655999999999,1389769.0,merlin
2017-09-15,11.75,11.89,11.715,11.83,10.030486999999999,3608211.0,merlin
2017-09-18,11.75,11.87,11.705,11.75,9.962655999999999,1209936.0,merlin
2017-09-19,11.7,11.84,11.665,11.75,9.962655999999999,1240073.0,merlin
2017-09-20,11.725,11.755,11.675,11.7,9.920261,1959307.0,merlin
2017-09-21,11.59,11.815,11.55,11.72,9.937222,1815475.0,merlin
2017-09-22,11.85,11.85,11.65,11.73,9.945699000000001,1107265.0,merlin
2017-09-25,11.78,11.78,11.605,11.635,9.86515,1870221.0,merlin
2017-09-26,11.655,11.745,11.63,11.67,9.894827000000001,1071501.0,merlin
2017-09-27,11.725,11.82,11.685,11.765,9.975375,1375749.0,merlin
2017-09-28,11.8,11.875,11.695,11.725,9.941460000000001,1173808.0,merlin
2017-09-29,11.765,11.8,11.65,11.72,9.937222,2650656.0,merlin
2017-10-02,11.65,11.675,11.525,11.58,9.818515,4754277.0,merlin
2017-10-03,11.565,11.57,11.465,11.48,9.733728,1865328.0,merlin
2017-10-04,11.485,11.485,10.98,11.015,9.339459,5153941.0,merlin
2017-10-05,11.015,11.095,10.79,11.095,9.407291,5518090.0,merlin
2017-10-06,11.075,11.12,10.98,11.04,9.360658,2210042.0,merlin
2017-10-09,11.04,11.2,11.035,11.18,9.479363000000001,4452957.0,merlin
2017-10-10,11.21,11.21,11.03,11.08,9.394572,2888056.0,merlin
2017-10-11,11.15,11.315,11.135,11.19,9.487843,2663703.0,merlin
2017-10-12,11.225,11.235,11.165,11.22,9.513277,1753444.0,merlin
2017-10-13,11.225,11.225,11.105,11.12,9.428489,2382920.0,merlin
2017-10-16,11.14,11.21,11.11,11.19,9.487843,1972215.0,merlin
2017-10-17,11.005,11.085,10.97,11.03,9.522373,1701856.0,merlin
2017-10-18,11.095,11.095,11.02,11.09,9.574173,1508274.0,merlin
2017-10-19,11.055,11.08,10.9,10.96,9.461941,2036794.0,merlin
2017-10-20,10.905,10.92,10.785,10.825,9.345392,2011518.0,merlin
2017-10-23,10.805,10.89,10.675,10.86,9.375608,1048992.0,merlin
2017-10-24,10.84,10.94,10.74,10.74,9.272013000000001,1253533.0,merlin
2017-10-25,10.785,10.785,10.585,10.6,9.151149,1406857.0,merlin
2017-10-26,10.6,10.94,10.6,10.89,9.40151,2405863.0,merlin
2017-10-27,10.935,10.94,10.67,10.72,9.254745,1568212.0,merlin
2017-10-30,10.76,11.18,10.76,11.125,9.604387,2948962.0,merlin
2017-10-31,11.175,11.405,11.165,11.33,9.781367,2705031.0,merlin
2017-11-01,11.345,11.39,11.12,11.19,9.660503,1709959.0,merlin
2017-11-02,11.18,11.25,11.015,11.06,9.548273,1532633.0,merlin
2017-11-03,11.06,11.17,10.995,11.09,9.574173,1557064.0,merlin
2017-11-06,11.09,11.1,10.995,11.0,9.496474000000001,973969.0,merlin
2017-11-07,11.04,11.045,10.93,10.945,9.448992,1102175.0,merlin
2017-11-08,10.95,11.02,10.875,11.02,9.513741,1283494.0,merlin
2017-11-09,11.005,11.045,10.915,10.95,9.453308999999999,1112106.0,merlin
2017-11-10,10.93,10.96,10.83,10.935,9.440358999999999,1182106.0,merlin
2017-11-13,10.94,11.03,10.855,11.01,9.505105,1722223.0,merlin
2017-11-14,11.06,11.065,10.96,11.02,9.513741,2115735.0,merlin
2017-11-15,11.05,11.19,10.945,11.095,9.578486999999999,1526908.0,merlin
2017-11-16,11.17,11.275,11.13,11.215,9.682087,1648064.0,merlin
2017-11-17,11.24,11.24,11.15,11.17,9.643237,1340904.0,merlin
2017-11-20,11.16,11.23,11.09,11.145,9.621655,1954778.0,merlin
2017-11-21,11.18,11.18,11.075,11.145,9.621655,1225219.0,merlin
2017-11-22,11.105,11.2,11.065,11.11,9.591436999999999,1334616.0,merlin
2017-11-23,11.07,11.165,11.01,11.11,9.591436999999999,830210.0,merlin
2017-11-24,11.11,11.155,11.07,11.105,9.587123,969350.0,merlin
2017-11-27,11.075,11.2,11.055,11.115,9.595755,1464893.0,merlin
2017-11-28,11.06,11.125,10.98,11.05,9.539639999999999,2889716.0,merlin
2017-11-29,11.09,11.14,10.95,10.975,9.474892,1596162.0,merlin
2017-11-30,11.0,11.07,10.925,11.05,9.539639999999999,1323619.0,merlin
2017-12-01,11.09,11.095,10.98,11.005,9.500791,1115852.0,merlin
2017-12-04,11.1,11.1,10.995,11.05,9.539639999999999,851358.0,merlin
2017-12-05,11.04,11.155,11.02,11.135,9.613022,1389025.0,merlin
2017-12-06,11.07,11.145,11.01,11.11,9.591436999999999,1083504.0,merlin
2017-12-07,11.165,11.205,11.14,11.18,9.651871,1266659.0,merlin
2017-12-08,11.25,11.31,11.235,11.235,9.699352000000001,1293475.0,merlin
2017-12-11,11.285,11.29,11.18,11.235,9.699352000000001,1152153.0,merlin
2017-12-12,11.28,11.28,11.185,11.27,9.729569,4690308.0,merlin
2017-12-13,11.21,11.305,11.17,11.245,9.707986,4839613.0,merlin
2017-12-14,11.2,11.295,11.2,11.24,9.703669,5872751.0,merlin
2017-12-15,11.22,11.25,11.14,11.22,9.686404,5473093.0,merlin
2017-12-18,11.285,11.395,11.265,11.35,9.798635,2212931.0,merlin
2017-12-19,11.35,11.42,11.33,11.4,9.8418,5563737.0,merlin
2017-12-20,11.33,11.44,11.33,11.39,9.833167,8212016.0,merlin
2017-12-21,11.4,11.48,11.34,11.47,9.902232000000001,4253208.0,merlin
2017-12-22,11.25,11.365,11.115,11.265,9.725253,1881865.0,merlin
2017-12-27,11.255,11.325,11.23,11.325,9.777051,639243.0,merlin
2017-12-28,11.285,11.39,11.265,11.3,9.755469,525267.0,merlin
2017-12-29,11.275,11.355,11.225,11.3,9.755469,503562.0,merlin
2018-01-02,11.325,11.35,11.165,11.305,9.759786,860278.0,merlin
2018-01-03,11.34,11.42,11.26,11.355,9.80295,1132438.0,merlin
2018-01-04,11.33,11.425,11.26,11.38,9.824533,1391547.0,merlin
2018-01-05,11.4,11.5,11.4,11.45,9.884967,2023993.0,merlin
2018-01-08,11.48,11.565,11.48,11.515,9.941081,1421841.0,merlin
2018-01-09,11.515,11.56,11.505,11.52,9.945397999999999,770096.0,merlin
2018-01-10,11.5,11.51,11.33,11.37,9.8159,1417744.0,merlin
2018-01-11,11.405,11.405,11.275,11.325,9.777051,1369023.0,merlin
2018-01-12,11.4,11.46,11.315,11.33,9.781367,1248681.0,merlin
2018-01-15,11.345,11.395,11.265,11.345,9.794317,3722052.0,merlin
2018-01-16,11.39,11.52,11.355,11.45,9.884967,3711350.0,merlin
2018-01-17,11.45,11.605,11.43,11.56,9.979931,1999182.0,merlin
2018-01-18,11.595,11.595,11.48,11.525,9.949715,1072748.0,merlin
2018-01-19,11.49,11.635,11.46,11.595,10.010147,1113217.0,merlin
2018-01-22,11.62,11.635,11.555,11.58,9.997196,623282.0,merlin
2018-01-23,11.645,11.685,11.605,11.665,10.07058,6859812.0,merlin
2018-01-24,11.68,11.7,11.625,11.625,10.036045,1287097.0,merlin
2018-01-25,11.62,11.69,11.555,11.59,10.00583,1242919.0,merlin
2018-01-26,11.59,11.685,11.58,11.645,10.053313000000001,1683380.0,merlin
2018-01-29,11.68,11.695,11.545,11.545,9.96698,803479.0,merlin
2018-01-30,11.51,11.55,11.455,11.47,9.902232000000001,1180612.0,merlin
2018-01-31,11.45,11.59,11.39,11.59,10.00583,2170938.0,merlin
2018-02-01,11.605,11.66,11.525,11.58,9.997196,1724783.0,merlin
2018-02-02,11.605,11.605,11.46,11.495,9.923814,1032047.0,merlin
2018-02-05,11.415,11.415,11.32,11.35,9.798635,2476991.0,merlin
2018-02-06,11.12,11.29,10.94,11.165,9.638921,1781014.0,merlin
2018-02-07,11.17,11.265,11.07,11.265,9.725253,1645709.0,merlin
2018-02-08,11.23,11.23,11.075,11.105,9.587123,1801625.0,merlin
2018-02-09,11.04,11.15,10.97,11.105,9.587123,1983332.0,merlin
2018-02-12,11.13,11.22,11.125,11.13,9.608706,1409976.0,merlin
2018-02-13,11.145,11.165,10.98,11.04,9.531006,1505787.0,merlin
2018-02-14,11.105,11.15,10.95,11.0,9.496474000000001,1233827.0,merlin
2018-02-15,11.075,11.08,10.95,11.01,9.505105,1261771.0,merlin
2018-02-16,11.045,11.255,11.03,11.24,9.703669,2662123.0,merlin
2018-02-19,11.27,11.295,11.19,11.24,9.703669,988380.0,merlin
2018-02-20,11.27,11.33,11.235,11.33,9.781367,1022547.0,merlin
2018-02-21,11.295,11.305,11.215,11.27,9.729569,1248243.0,merlin
2018-02-22,11.195,11.225,11.1,11.215,9.682087,1163668.0,merlin
2018-02-23,11.31,11.495,11.255,11.495,9.923814,2006156.0,merlin
2018-02-26,11.54,11.57,11.38,11.44,9.876331,1390364.0,merlin
2018-02-27,11.465,11.475,11.295,11.355,9.80295,2062664.0,merlin
2018-02-28,11.375,11.795,11.335,11.765,10.156911000000001,3306382.0,merlin
2018-03-01,11.78,11.835,11.635,11.765,10.156911000000001,6474127.0,merlin
2018-03-02,11.76,11.795,11.67,11.735,10.131011,1600702.0,merlin
2018-03-05,11.725,11.89,11.67,11.85,10.230293,1585797.0,merlin
2018-03-06,11.92,11.95,11.79,11.79,10.178493,2050393.0,merlin
2018-03-07,11.79,11.99,11.77,11.885,10.260508999999999,1490968.0,merlin
2018-03-08,11.88,11.965,11.835,11.95,10.316624000000001,1399417.0,merlin
2018-03-09,11.96,12.0,11.88,11.93,10.299357,2765440.0,merlin
2018-03-12,11.96,11.995,11.93,11.965,10.329574000000001,4748034.0,merlin
2018-03-13,11.94,12.13,11.94,11.995,10.355473,1224242.0,merlin
2018-03-14,11.975,12.12,11.95,12.115,10.45907,988798.0,merlin
2018-03-15,12.15,12.25,12.06,12.245,10.571301,6891879.0,merlin
2018-03-16,12.3,12.31,12.125,12.175,10.510869999999999,4254106.0,merlin
2018-03-19,12.185,12.25,12.085,12.115,10.45907,1103834.0,merlin
2018-03-20,12.1,12.235,12.04,12.185,10.519503,2150869.0,merlin
2018-03-21,12.185,12.205,12.11,12.11,10.454753,952512.0,merlin
2018-03-22,12.1,12.18,12.06,12.145,10.484971,1450215.0,merlin
2018-03-23,12.055,12.11,11.945,12.07,10.420221000000002,899204.0,merlin
2018-03-26,12.06,12.15,11.965,12.07,10.420221000000002,927902.0,merlin
2018-03-27,12.19,12.2,12.08,12.185,10.519503,1345725.0,merlin
2018-03-28,12.13,12.35,12.1,12.35,10.661951,1433440.0,merlin
2018-03-29,12.41,12.505,12.395,12.44,10.739647999999999,1736953.0,merlin
2018-04-03,12.44,12.5,12.355,12.5,10.791447,1249971.0,merlin
2018-04-04,12.51,12.54,12.4,12.45,10.748281,1068319.0,merlin
2018-04-05,12.52,12.54,12.41,12.475,10.769864,1346949.0,merlin
2018-04-06,12.46,12.49,12.315,12.33,10.644684,1193074.0,merlin
2018-04-09,12.375,12.49,12.375,12.43,10.731016,2556328.0,merlin
2018-04-10,12.48,12.48,12.325,12.325,10.640366,884943.0,merlin
2018-04-11,12.34,12.425,12.3,12.4,10.705115,1112955.0,merlin
2018-04-12,12.385,12.49,12.36,12.49,10.782814,1412456.0,merlin
2018-04-13,12.515,12.525,12.41,12.47,10.765547999999999,1340880.0,merlin
2018-04-16,12.45,12.53,12.415,12.5,10.791447,2312379.0,merlin
2018-04-17,12.555,12.575,12.47,12.5,10.791447,1989839.0,merlin
2018-04-18,12.52,12.535,12.35,12.38,10.68785,1151245.0,merlin
2018-04-19,12.38,12.475,12.3,12.39,10.696483,917292.0,merlin
2018-04-20,12.395,12.48,12.33,12.4,10.705115,2432741.0,merlin
2018-04-23,12.42,12.55,12.41,12.505,10.795764,2246464.0,merlin
2018-04-24,12.52,12.66,12.52,12.58,10.860514,1102275.0,merlin
2018-04-25,12.52,12.615,12.52,12.55,10.834614,887354.0,merlin
2018-04-26,12.585,12.77,12.575,12.735,10.994327,959881.0,merlin
2018-04-27,12.76,12.835,12.72,12.78,11.033175,722130.0,merlin
2018-04-30,12.805,12.88,12.735,12.8,11.050443,871882.0,merlin
2018-05-02,12.75,12.89,12.75,12.885,11.123823,1068967.0,merlin
2018-05-03,12.88,12.905,12.735,12.8,11.050443,813923.0,merlin
2018-05-04,12.76,12.825,12.67,12.825,11.072025,841876.0,merlin
2018-05-07,12.875,12.995,12.85,12.92,11.154039,732036.0,merlin
2018-05-08,12.915,12.92,12.8,12.875,11.11519,925051.0,merlin
2018-05-09,12.88,12.93,12.81,12.9,11.136774,886037.0,merlin
2018-05-10,12.955,13.09,12.92,12.95,11.17994,4816799.0,merlin
2018-05-11,13.0,13.03,12.775,12.775,11.028858999999999,1216391.0,merlin
2018-05-14,12.755,12.825,12.515,12.68,10.946845,1331384.0,merlin
2018-05-15,12.68,12.73,12.545,12.565,10.847564,1045039.0,merlin
2018-05-16,12.34,12.445,12.075,12.39,10.922495,1558950.0,merlin
2018-05-17,12.415,12.45,12.25,12.28,10.825524,2439686.0,merlin
2018-05-18,12.29,12.415,12.285,12.4,10.93131,1634048.0,merlin
2018-05-21,12.45,12.475,12.35,12.35,10.887234,486252.0,merlin
2018-05-22,12.385,12.45,12.315,12.435,10.962166,667047.0,merlin
2018-05-23,12.44,12.44,12.275,12.345,10.882825,2010269.0,merlin
2018-05-24,12.31,12.345,11.89,12.235,10.785853999999999,1270922.0,merlin
2018-05-25,12.3,12.415,12.105,12.23,10.781446,2509338.0,merlin
2018-05-28,12.22,12.315,12.16,12.295,10.838747,824634.0,merlin
2018-05-29,12.26,12.26,11.895,11.91,10.499347,1253121.0,merlin
2018-05-30,11.9,11.975,11.71,11.8,10.402376,2072153.0,merlin
2018-05-31,11.82,11.935,11.72,11.785,10.389153,2063378.0,merlin
2018-06-01,11.875,11.955,11.83,11.865,10.459678,1201928.0,merlin
2018-06-04,11.895,12.105,11.895,11.99,10.569871000000001,1625035.0,merlin
2018-06-05,12.01,12.145,11.98,12.05,10.622766,922417.0,merlin
2018-06-06,12.105,12.36,12.085,12.28,10.825524,2208483.0,merlin
2018-06-07,12.3,12.355,12.125,12.14,10.702105,865050.0,merlin
2018-06-08,12.115,12.15,12.03,12.095,10.662436,626592.0,merlin
2018-06-11,12.125,12.17,12.08,12.15,10.710921,577943.0,merlin
2018-06-12,12.18,12.23,12.115,12.2,10.754999,645346.0,merlin
2018-06-13,12.215,12.23,11.96,12.04,10.613949,852621.0,merlin
2018-06-14,12.02,12.11,11.9,12.06,10.631581,1186887.0,merlin
2018-06-15,12.065,12.215,12.06,12.17,10.728552,2342477.0,merlin
2018-06-18,12.14,12.175,12.01,12.12,10.684476,669344.0,merlin
2018-06-19,12.04,12.135,11.985,12.12,10.684476,993731.0,merlin
2018-06-20,12.195,12.52,12.195,12.5,11.019465,2183815.0,merlin
2018-06-21,12.535,12.565,12.36,12.435,10.962166,1130700.0,merlin
2018-06-22,12.52,12.58,12.445,12.55,11.063544,1361228.0,merlin
2018-06-25,12.51,12.58,12.48,12.5,11.019465,798908.0,merlin
2018-06-26,12.5,12.51,12.425,12.495,11.015058999999999,1813726.0,merlin
2018-06-27,12.37,12.505,12.315,12.395,10.926903999999999,920549.0,merlin
2018-06-28,12.36,12.45,12.335,12.39,10.922495,459975.0,merlin
2018-06-29,12.45,12.495,12.385,12.455,10.979795,799723.0,merlin
2018-07-02,12.39,12.515,12.34,12.395,10.926903999999999,1420780.0,merlin
2018-07-03,12.395,12.44,12.28,12.29,10.834339,1226394.0,merlin
2018-07-04,12.285,12.515,12.28,12.495,11.015058999999999,1633811.0,merlin
2018-07-05,12.485,12.52,12.375,12.41,10.940125,814687.0,merlin
2018-07-06,12.45,12.555,12.43,12.48,11.001833999999999,999564.0,merlin
2018-07-09,12.54,12.63,12.48,12.48,11.001833999999999,1275138.0,merlin
2018-07-10,12.5,12.705,12.47,12.675,11.173738,846781.0,merlin
2018-07-11,12.615,12.645,12.555,12.575,11.085583,573960.0,merlin
2018-07-12,12.575,12.62,12.545,12.545,11.059136,662588.0,merlin
2018-07-13,12.58,12.585,12.465,12.47,10.993019,384899.0,merlin
2018-07-16,12.47,12.51,12.34,12.375,10.909271,551631.0,merlin
2018-07-17,12.365,12.39,12.24,12.355,10.891639999999999,492330.0,merlin
2018-07-18,12.355,12.375,12.275,12.32,10.860785,785941.0,merlin
2018-07-19,12.27,12.32,12.185,12.265,10.812301,407598.0,merlin
2018-07-20,12.3,12.415,12.165,12.39,10.922495,1649474.0,merlin
2018-07-23,12.405,12.445,12.305,12.305,10.847563000000001,532693.0,merlin
2018-07-24,12.31,12.45,12.275,12.445,10.97098,801311.0,merlin
2018-07-25,12.48,12.6,12.44,12.57,11.081174,1210858.0,merlin
2018-07-26,12.575,12.64,12.505,12.635,11.138475999999999,622961.0,merlin
2018-07-27,12.62,12.735,12.585,12.7,11.195778,940687.0,merlin
2018-07-30,12.65,12.675,12.44,12.535,11.050321,557074.0,merlin
2018-07-31,12.59,12.81,12.505,12.65,11.1517,948845.0,merlin
2018-08-01,12.655,12.655,12.385,12.395,10.926903999999999,588443.0,merlin
2018-08-02,12.39,12.425,12.29,12.335,10.874009,2190508.0,merlin
2018-08-03,12.39,12.465,12.34,12.43,10.957758,645263.0,merlin
2018-08-06,12.445,12.495,12.34,12.405,10.935718,699931.0,merlin
2018-08-07,12.455,12.46,12.3,12.33,10.869601,878226.0,merlin
2018-08-08,12.33,12.33,12.105,12.16,10.719736,764176.0,merlin
2018-08-09,12.115,12.275,12.105,12.275,10.821114999999999,568337.0,merlin
2018-08-10,12.175,12.22,12.095,12.14,10.702105,610063.0,merlin
2018-08-13,12.07,12.145,11.98,12.12,10.684476,378045.0,merlin
2018-08-14,12.1,12.13,11.785,11.91,10.499347,1031200.0,merlin
2018-08-15,11.99,12.055,11.835,11.9,10.490530999999999,667209.0,merlin
2018-08-16,11.91,12.055,11.885,11.995,10.574278999999999,741695.0,merlin
2018-08-17,12.015,12.025,11.895,11.955,10.539017,603931.0,merlin
2018-08-20,11.99,12.085,11.96,11.985,10.565464,336199.0,merlin
2018-08-21,12.015,12.045,11.975,12.0,10.578687,597347.0,merlin
2018-08-22,12.0,12.105,11.97,12.105,10.67125,603850.0,merlin
2018-08-23,12.105,12.155,12.05,12.08,10.649213,647440.0,merlin
2018-08-24,12.05,12.1,11.995,12.025,10.600725,448356.0,merlin
2018-08-27,12.08,12.16,12.065,12.135,10.697697999999999,311906.0,merlin
2018-08-28,12.2,12.2,12.04,12.05,10.622766,482190.0,merlin
2018-08-29,12.095,12.135,12.055,12.13,10.69329,618494.0,merlin
2018-08-30,12.15,12.15,11.995,12.085,10.65362,843437.0,merlin
2018-08-31,12.13,12.135,12.0,12.025,10.600725,737182.0,merlin
2018-09-03,11.975,12.035,11.835,11.855,10.45086,860045.0,merlin
2018-09-04,11.85,11.89,11.725,11.825,10.424414,746273.0,merlin
2018-09-05,11.8,11.845,11.75,11.8,10.402376,867453.0,merlin
2018-09-06,11.8,11.885,11.745,11.83,10.428822,1430940.0,merlin
2018-09-07,11.81,11.855,11.75,11.8,10.402376,1294902.0,merlin
2018-09-10,11.81,11.895,11.75,11.835,10.433231,607215.0,merlin
2018-09-11,11.825,11.855,11.605,11.82,10.420008000000001,2039769.0,merlin
2018-09-12,11.84,12.0,11.81,11.945,10.530202000000001,813998.0,merlin
2018-09-13,11.95,12.02,11.765,11.765,10.371522,575246.0,merlin
2018-09-14,11.83,11.925,11.76,11.81,10.411192,598402.0,merlin
2018-09-17,11.82,12.075,11.74,11.95,10.53461,838782.0,merlin
2018-09-18,12.11,12.175,11.96,12.015,10.59191,753542.0,merlin
2018-09-19,12.015,12.065,11.955,12.025,10.600725,1162384.0,merlin
2018-09-20,,,,,,,merlin
2018-09-21,12.075,12.125,12.02,12.045,10.618358,1723832.0,merlin
2018-09-24,12.04,12.23,12.01,12.06,10.631581,650639.0,merlin
2018-09-25,12.05,12.105,11.81,11.835,10.433231,818578.0,merlin
2018-09-26,11.885,11.91,11.745,11.775,10.380336,1649236.0,merlin
2018-09-27,11.75,11.78,11.705,11.765,10.371522,555289.0,merlin
2018-09-28,11.74,11.74,11.615,11.685,10.300998,789755.0,merlin
2018-10-01,11.69,11.77,11.685,11.71,10.323035,631018.0,merlin
2018-10-02,11.675,11.715,11.575,11.575,10.204025,1296166.0,merlin
2018-10-03,11.575,11.67,11.53,11.595,10.221657,427224.0,merlin
2018-10-04,11.595,11.66,11.345,11.41,10.058569,926558.0,merlin
2018-10-05,11.4,11.44,11.22,11.4,10.049752,1333430.0,merlin
2018-10-08,11.4,11.495,11.32,11.435,10.080608,1015925.0,merlin
2018-10-09,11.465,11.71,11.445,11.655,10.274549,1010447.0,merlin
2018-10-10,11.645,11.645,11.465,11.465,10.107054,4072279.0,merlin
2018-10-11,11.355,11.475,11.23,11.23,9.899887,2099712.0,merlin
2018-10-12,11.3,11.37,11.02,11.02,9.714763,1467080.0,merlin
2018-10-15,11.035,11.065,10.925,11.02,9.714763,905256.0,merlin
2018-10-16,11.06,11.325,11.04,11.325,9.983636,735251.0,merlin
2018-10-17,11.21,11.355,11.14,11.26,10.104786,3903422.0,merlin
2018-10-18,11.285,11.435,11.25,11.41,10.239396000000001,1107505.0,merlin
2018-10-19,11.41,11.41,11.21,11.215,10.064403,1453119.0,merlin
2018-10-22,11.345,11.365,11.025,11.045,9.911843,1031036.0,merlin
2018-10-23,10.965,11.08,10.92,11.03,9.898381,861771.0,merlin
2018-10-24,11.05,11.335,11.045,11.205,10.055429,1581260.0,merlin
2018-10-25,11.16,11.39,11.15,11.35,10.185552000000001,2283801.0,merlin
2018-10-26,11.285,11.32,11.18,11.265,10.109273,1186461.0,merlin
2018-10-29,11.3,11.36,11.17,11.2,10.050941,946982.0,merlin
2018-10-30,11.265,11.29,11.04,11.08,9.943253,810611.0,merlin
2018-10-31,11.09,11.225,11.08,11.08,9.943253,1945394.0,merlin
2018-11-01,11.06,11.135,11.0,11.04,9.907357000000001,716091.0,merlin
2018-11-02,11.1,11.165,11.03,11.035,9.90287,1307289.0,merlin
2018-11-05,11.035,11.1,10.915,10.915,9.79518,1073823.0,merlin
2018-11-06,10.915,11.03,10.905,11.0,9.871459,702384.0,merlin
2018-11-07,11.0,11.185,11.0,11.125,9.983636,665119.0,merlin
2018-11-08,11.13,11.315,11.065,11.275,10.118247,1194863.0,merlin
2018-11-09,11.275,11.415,11.225,11.415,10.243884,832859.0,merlin
2018-11-12,11.42,11.43,11.23,11.37,10.2035,568108.0,merlin
2018-11-13,11.42,11.43,11.305,11.395,10.225935,441968.0,merlin
2018-11-14,11.395,11.415,11.26,11.3,10.140680999999999,749272.0,merlin
2018-11-15,11.305,11.44,11.305,11.375,10.207987,1220458.0,merlin
2018-11-16,11.365,11.37,11.125,11.275,10.118247,1580683.0,merlin
2018-11-19,11.275,11.475,11.16,11.18,10.032993,2403511.0,merlin
2018-11-20,11.145,11.205,10.725,10.74,9.638135,1831545.0,merlin
2018-11-21,10.755,10.855,10.63,10.765,9.660571000000001,1502084.0,merlin
2018-11-22,10.775,10.945,10.68,10.875,9.759285,1104066.0,merlin
2018-11-23,10.885,11.1,10.885,11.025,9.893894,891819.0,merlin
2018-11-26,11.105,11.19,11.04,11.12,9.979149000000001,987463.0,merlin
2018-11-27,11.145,11.225,11.125,11.18,10.032993,1047480.0,merlin
2018-11-28,11.235,11.32,11.215,11.3,10.140680999999999,1625268.0,merlin
2018-11-29,11.35,11.385,11.24,11.265,10.109273,1420664.0,merlin
2018-11-30,11.335,11.335,11.135,11.155,10.010558,1163864.0,merlin
2018-12-03,11.3,11.435,11.105,11.105,9.965688,1156980.0,merlin
2018-12-04,11.145,11.21,10.99,11.07,9.934277999999999,1356329.0,merlin
2018-12-05,10.98,11.155,10.965,11.04,9.907357000000001,776781.0,merlin
2018-12-06,10.96,11.125,10.95,11.1,9.961200999999999,1556629.0,merlin
2018-12-07,11.12,11.305,11.085,11.22,10.06889,948647.0,merlin
2018-12-10,11.2,11.255,11.04,11.04,9.907357000000001,1154927.0,merlin
2018-12-11,11.08,11.16,10.905,11.1,9.961200999999999,1329007.0,merlin
2018-12-12,11.16,11.375,11.16,11.265,10.109273,1034697.0,merlin
2018-12-13,11.325,11.325,11.045,11.055,9.920817999999999,927609.0,merlin
2018-12-14,11.04,11.135,10.85,11.1,9.961200999999999,851961.0,merlin
2018-12-17,11.135,11.175,10.98,10.98,9.853511,942345.0,merlin
2018-12-18,10.9,10.96,10.665,10.665,9.570829,1766519.0,merlin
2018-12-19,10.68,10.805,10.585,10.745,9.642621,3218790.0,merlin
2018-12-20,10.575,10.72,10.51,10.69,9.593264999999999,2847055.0,merlin
2018-12-21,10.605,10.775,10.545,10.775,9.669542999999999,3124790.0,merlin
2018-12-24,10.795,11.2,10.735,11.2,10.050941,478037.0,merlin
2018-12-27,11.11,11.175,10.55,10.605,9.516985,2430446.0,merlin
2018-12-28,10.63,10.745,10.5,10.615,9.525958000000001,1169549.0,merlin
2018-12-31,10.785,10.855,10.675,10.785,9.678517999999999,525111.0,merlin
2019-01-02,10.755,10.795,10.525,10.77,9.665057000000001,884292.0,merlin
2019-01-03,10.705,10.74,10.57,10.68,9.58429,1467146.0,merlin
2019-01-04,10.795,10.895,10.67,10.795,9.687492,1061484.0,merlin
2019-01-07,10.79,10.85,10.755,10.81,9.700953,714000.0,merlin
2019-01-08,10.81,11.11,10.8,11.06,9.925303999999999,970865.0,merlin
2019-01-09,11.065,11.105,10.86,10.9,9.781719,1357772.0,merlin
2019-01-10,10.895,11.04,10.87,10.875,9.759285,1114882.0,merlin
2019-01-11,10.91,11.09,10.89,11.06,9.925303999999999,708484.0,merlin
2019-01-14,10.97,11.04,10.935,11.03,9.898381,1157387.0,merlin
2019-01-15,11.09,11.11,10.97,10.99,9.862487,1691239.0,merlin
2019-01-16,11.055,11.24,10.985,11.155,10.010558,1437352.0,merlin
2019-01-17,11.17,11.44,11.1,11.38,10.212474,1697757.0,merlin
2019-01-18,11.51,11.595,11.47,11.515,10.333625,816331.0,merlin
2019-01-21,11.53,11.58,11.455,11.54,10.356058,478783.0,merlin
2019-01-22,11.55,11.7,11.55,11.585,10.396442,651712.0,merlin
2019-01-23,11.58,11.74,11.58,11.675,10.477209,769851.0,merlin
2019-01-24,11.71,11.825,11.69,11.8,10.589385,919532.0,merlin
2019-01-25,11.6,11.67,11.255,11.605,10.414391,2304059.0,merlin
2019-01-28,11.615,11.73,11.5,11.665,10.468235,1648835.0,merlin
2019-01-29,11.65,11.74,11.61,11.715,10.513105,1084152.0,merlin
2019-01-30,11.7,11.74,11.665,11.74,10.53554,827451.0,merlin
2019-01-31,11.72,11.74,11.595,11.71,10.508617999999998,1146326.0,merlin
2019-02-01,11.67,11.725,11.55,11.55,10.365034,871059.0,merlin
2019-02-04,11.58,11.68,11.5,11.585,10.396442,1414196.0,merlin
2019-02-05,11.52,11.535,11.31,11.42,10.248371,958461.0,merlin
2019-02-06,11.425,11.5,11.4,11.42,10.248371,776856.0,merlin
2019-02-07,11.375,11.485,11.35,11.42,10.248371,881306.0,merlin
2019-02-08,11.405,11.525,11.325,11.33,10.167603,943178.0,merlin
2019-02-11,11.4,11.465,11.3,11.305,10.14517,603453.0,merlin
2019-02-12,11.305,11.4,11.255,11.255,10.100299,700494.0,merlin
2019-02-13,11.26,11.33,11.18,11.18,10.032993,668058.0,merlin
2019-02-14,11.25,11.27,11.14,11.145,10.001585,857161.0,merlin
2019-02-15,11.125,11.32,11.075,11.255,10.100299,1002023.0,merlin
2019-02-18,11.31,11.325,11.25,11.31,10.149656,583661.0,merlin
2019-02-19,11.31,11.44,11.29,11.345,10.181066,878790.0,merlin
2019-02-20,11.345,11.555,11.295,11.47,10.293242,1690092.0,merlin
2019-02-21,11.485,11.54,11.32,11.32,10.15863,1911683.0,merlin
2019-02-22,11.32,11.335,11.17,11.25,10.095811999999999,1171276.0,merlin
2019-02-25,11.235,11.355,11.22,11.235,10.08235,793400.0,merlin
2019-02-26,11.205,11.315,11.155,11.3,10.140680999999999,653243.0,merlin
2019-02-27,11.39,11.395,11.155,11.155,10.010558,2176176.0,merlin
2019-02-28,11.15,11.465,11.1,11.41,10.239396000000001,1080830.0,merlin
2019-03-01,11.51,11.54,11.285,11.285,10.127221,1091323.0,merlin
2019-03-04,11.29,11.355,11.16,11.175,10.028506,875403.0,merlin
2019-03-05,11.22,11.34,11.16,11.34,10.176578999999998,798935.0,merlin
2019-03-06,11.345,11.395,11.255,11.31,10.149656,1148590.0,merlin
2019-03-07,11.33,11.4,11.26,11.35,10.185552000000001,733173.0,merlin
2019-03-08,11.34,11.43,11.265,11.35,10.185552000000001,885031.0,merlin
2019-03-11,11.375,11.415,11.315,11.415,10.243884,875904.0,merlin
2019-03-12,11.435,11.535,11.37,11.405,10.234910000000001,845301.0,merlin
2019-03-13,11.435,11.535,11.425,11.535,10.351572,1283499.0,merlin
2019-03-14,11.55,11.75,11.515,11.65,10.454773,1279359.0,merlin
2019-03-15,11.645,11.72,11.545,11.59,10.400929,2345301.0,merlin
2019-03-18,11.61,11.64,11.51,11.6,10.409904,644221.0,merlin
2019-03-19,11.625,11.695,11.575,11.645,10.450288,1181808.0,merlin
2019-03-20,11.6,11.67,11.575,11.615,10.423364999999999,1187161.0,merlin
2019-03-21,11.58,11.69,11.54,11.615,10.423364999999999,1389457.0,merlin
2019-03-22,11.61,11.68,11.445,11.47,10.293242,669474.0,merlin
2019-03-25,11.42,11.535,11.41,11.48,10.302214999999999,836647.0,merlin
2019-03-26,11.46,11.61,11.46,11.6,10.409904,740005.0,merlin
2019-03-27,11.6,11.68,11.585,11.68,10.481696000000001,1106113.0,merlin
2019-03-28,11.64,11.7,11.595,11.645,10.450288,742254.0,merlin
2019-03-29,11.67,11.72,11.6,11.665,10.468235,1048054.0,merlin
2019-04-01,11.67,11.79,11.6,11.72,10.517592,1006557.0,merlin
2019-04-02,11.74,11.83,11.71,11.79,10.58041,1168377.0,merlin
2019-04-03,11.81,11.97,11.77,11.97,10.741944,841739.0,merlin
2019-04-04,12.0,12.05,11.93,11.96,10.73297,1838294.0,merlin
2019-04-05,12.0,12.0,11.81,11.81,10.598358000000001,932018.0,merlin
2019-04-08,11.8,11.9,11.73,11.74,10.53554,802403.0,merlin
2019-04-09,11.74,11.87,11.64,11.64,10.4458,838774.0,merlin
2019-04-10,11.62,11.92,11.62,11.88,10.661177,951540.0,merlin
2019-04-11,11.89,11.95,11.85,11.91,10.688099000000001,973798.0,merlin
2019-04-12,11.95,11.95,11.8,11.89,10.670150999999999,827381.0,merlin
2019-04-15,11.91,11.98,11.89,11.94,10.715019999999999,991904.0,merlin
2019-04-16,12.0,12.06,11.89,12.05,10.813736,1364710.0,merlin
2019-04-17,12.08,12.08,11.93,12.0,10.768866000000001,1622710.0,merlin
2019-04-18,12.03,12.08,11.95,12.04,10.804763000000001,689026.0,merlin
2019-04-23,12.09,12.1,11.98,12.05,10.813736,1075721.0,merlin
2019-04-24,12.07,12.29,12.03,12.29,11.029113,1590213.0,merlin
2019-04-25,12.28,12.33,12.19,12.19,10.939372,1119230.0,merlin
2019-04-26,12.27,12.28,12.12,12.24,10.984242,1796656.0,merlin
2019-04-29,12.0,12.18,11.94,12.0,11.039439999999999,786601.0,merlin
2019-04-30,11.97,12.18,11.96,12.15,11.177433,1214468.0,merlin
2019-05-02,12.1,12.17,11.98,12.03,11.067039,1351804.0,merlin
2019-05-03,12.06,12.2,11.99,12.2,11.223432,1704638.0,merlin
2019-05-06,12.07,12.28,11.98,12.23,11.251028999999999,1054422.0,merlin
2019-05-07,12.23,12.4,12.17,12.27,11.287827,2177621.0,merlin
2019-05-08,12.3,12.3,12.13,12.13,11.159034,760472.0,merlin
2019-05-09,12.05,12.12,12.01,12.05,11.085438,990004.0,merlin
2019-05-10,12.06,12.17,12.05,12.15,11.177433,2127693.0,merlin
2019-05-13,12.1,12.15,12.0,12.08,11.113036,920059.0,merlin
2019-05-14,12.05,12.14,11.95,12.03,11.067039,973492.0,merlin
2019-05-15,12.01,12.11,12.0,12.05,11.085438,686687.0,merlin
2019-05-16,12.01,12.14,11.95,12.08,11.113036,1078803.0,merlin
2019-05-17,12.1,12.1,11.94,12.03,11.067039,890148.0,merlin
2019-05-20,12.03,12.1,11.91,11.95,10.993443,862301.0,merlin
2019-05-21,11.95,12.04,11.91,12.01,11.048639999999999,1357226.0,merlin
2019-05-22,12.04,12.08,12.0,12.03,11.067039,979664.0,merlin
2019-05-23,12.0,12.04,11.83,11.83,10.883047999999999,677730.0,merlin
2019-05-24,11.9,12.08,11.83,12.08,11.113036,777543.0,merlin
2019-05-27,12.06,12.18,12.02,12.05,11.085438,498278.0,merlin
2019-05-28,12.06,12.1,11.87,11.93,10.975044,1181978.0,merlin
2019-05-29,11.92,11.95,11.81,11.94,10.984241,1503744.0,merlin
2019-05-30,11.93,11.98,11.84,11.92,10.965844,613626.0,merlin
2019-05-31,11.87,11.96,11.8,11.91,10.956644,919304.0,merlin
2019-06-03,11.88,11.89,11.73,11.86,10.910645,1190643.0,merlin
2019-06-04,11.83,11.95,11.76,11.76,10.818651,1133174.0,merlin
2019-06-05,11.75,11.88,11.66,11.87,10.919847,803742.0,merlin
2019-06-06,11.9,11.97,11.84,11.94,10.984241,924687.0,merlin
2019-06-07,11.94,12.15,11.9,12.15,11.177433,1452932.0,merlin
2019-06-10,12.2,12.2,12.1,12.15,11.177433,413587.0,merlin
2019-06-11,12.2,12.26,12.11,12.19,11.214231,669332.0,merlin
2019-06-12,12.13,12.25,12.12,12.19,11.214231,750468.0,merlin
2019-06-13,12.2,12.39,12.19,12.28,11.297028,891055.0,merlin
2019-06-14,12.27,12.28,12.2,12.24,11.260228,725777.0,merlin
2019-06-17,12.28,12.3,12.18,12.2,11.223432,1032238.0,merlin
2019-06-18,12.22,12.32,12.18,12.27,11.287827,1040275.0,merlin
2019-06-19,12.24,12.24,12.11,12.16,11.186632000000001,1943770.0,merlin
2019-06-20,12.24,12.37,12.15,12.24,11.260228,964488.0,merlin
2019-06-21,12.27,12.36,12.23,12.36,11.370624000000001,2233372.0,merlin
2019-06-24,12.35,12.42,12.32,12.35,11.361424000000001,975355.0,merlin
2019-06-25,12.31,12.34,12.23,12.29,11.306225999999999,715731.0,merlin
2019-06-26,12.29,12.29,12.06,12.07,11.103837,845284.0,merlin
2019-06-27,12.1,12.1,11.86,11.91,10.956644,875874.0,merlin
2019-06-28,11.89,12.2,11.88,12.2,11.223432,1194439.0,merlin
2019-07-01,12.27,12.27,12.13,12.24,11.260228,814485.0,merlin
2019-07-02,12.21,12.35,12.15,12.35,11.361424000000001,692918.0,merlin
2019-07-03,12.35,12.54,12.35,12.5,11.499417,1054747.0,merlin
2019-07-04,12.54,12.64,12.45,12.58,11.573013000000001,891996.0,merlin
2019-07-05,12.58,12.63,12.44,12.48,11.481017,477583.0,merlin
2019-07-08,12.48,12.55,12.44,12.53,11.527016,1176816.0,merlin
2019-07-09,12.49,12.6,12.49,12.6,11.591413000000001,802356.0,merlin
2019-07-10,12.58,12.58,12.39,12.43,11.43502,468105.0,merlin
2019-07-11,12.46,12.55,12.36,12.43,11.43502,445220.0,merlin
2019-07-12,12.4,12.49,12.35,12.39,11.398223,693494.0,merlin
2019-07-15,12.47,12.52,12.37,12.5,11.499417,469864.0,merlin
2019-07-16,12.48,12.48,12.35,12.42,11.42582,583470.0,merlin
2019-07-17,12.4,12.57,12.4,12.53,11.527016,545017.0,merlin
2019-07-18,12.43,12.5,12.37,12.46,11.462619,679763.0,merlin
2019-07-19,12.53,12.55,12.4,12.44,11.44422,526867.0,merlin
2019-07-22,12.43,12.43,12.11,12.28,11.297028,573145.0,merlin
2019-07-23,12.31,12.43,12.24,12.4,11.407421000000001,699419.0,merlin
2019-07-24,12.36,12.54,12.36,12.52,11.517816999999999,726202.0,merlin
2019-07-25,12.55,12.63,12.44,12.52,11.517816999999999,551249.0,merlin
2019-07-26,12.55,12.55,12.33,12.41,11.416621000000001,630734.0,merlin
2019-07-29,12.41,12.49,12.39,12.45,11.453419,571955.0,merlin
2019-07-30,12.49,12.51,12.25,12.34,11.352224,604409.0,merlin
2019-07-31,12.38,12.44,12.27,12.35,11.361424000000001,851775.0,merlin
2019-08-01,12.37,12.47,12.28,12.43,11.43502,790101.0,merlin
2019-08-02,12.35,12.56,12.19,12.19,11.214231,1128424.0,merlin
2019-08-05,12.12,12.14,11.7,11.84,10.892247,1065933.0,merlin
2019-08-06,11.85,11.95,11.71,11.71,10.772654,878776.0,merlin
2019-08-07,11.74,11.87,11.74,11.85,10.901448,607283.0,merlin
2019-08-08,11.88,11.99,11.82,11.93,10.975044,601404.0,merlin
2019-08-09,11.9,12.11,11.86,12.11,11.140635000000001,1109212.0,merlin
2019-08-12,12.15,12.22,12.02,12.05,11.085438,612845.0,merlin
2019-08-13,12.01,12.13,11.95,12.08,11.113036,748214.0,merlin
2019-08-14,12.1,12.13,12.02,12.11,11.140635000000001,719413.0,merlin
2019-08-15,12.14,12.23,11.98,12.08,11.113036,550219.0,merlin
2019-08-16,12.06,12.16,12.06,12.15,11.177433,554055.0,merlin
2019-08-19,12.24,12.28,12.19,12.27,11.287827,454839.0,merlin
2019-08-20,12.28,12.34,12.15,12.19,11.214231,439979.0,merlin
2019-08-21,12.22,12.27,12.07,12.17,11.195833,397398.0,merlin
2019-08-22,12.11,12.25,12.07,12.25,11.269428999999999,765015.0,merlin
2019-08-23,12.27,12.38,12.17,12.24,11.260228,594642.0,merlin
2019-08-26,12.14,12.4,12.13,12.34,11.352224,390904.0,merlin
2019-08-27,12.3,12.39,12.22,12.38,11.389023,946536.0,merlin
2019-08-28,12.24,12.3,12.2,12.21,11.23263,990399.0,merlin
2019-08-29,12.24,12.31,12.07,12.09,11.122236000000001,679208.0,merlin
2019-08-30,12.02,12.22,12.02,12.16,11.186632000000001,815971.0,merlin
2019-09-02,12.15,12.19,12.06,12.09,11.122236000000001,941503.0,merlin
2019-09-03,12.05,12.18,12.05,12.06,11.094638,701435.0,merlin
2019-09-04,12.2,12.23,12.09,12.12,11.149836,603933.0,merlin
2019-09-05,12.19,12.21,12.01,12.09,11.122236000000001,728451.0,merlin
2019-09-06,12.07,12.13,12.03,12.04,11.076239,601518.0,merlin
2019-09-09,12.08,12.14,12.02,12.06,11.094638,489331.0,merlin
2019-09-10,12.09,12.1,11.86,11.94,10.984241,1161386.0,merlin
2019-09-11,12.0,12.0,11.81,11.9,10.947445,1041403.0,merlin
2019-09-12,11.94,12.02,11.77,11.92,10.965844,1087617.0,merlin
2019-09-13,11.94,11.96,11.85,11.96,11.002642999999999,715189.0,merlin
2019-09-16,11.93,12.04,11.89,11.93,10.975044,694936.0,merlin
2019-09-17,11.97,12.2,11.92,12.2,11.223432,1148895.0,merlin
2019-09-18,12.2,12.59,12.2,12.58,11.573013000000001,1619077.0,merlin
2019-09-19,12.6,12.73,12.54,12.68,11.665009,874922.0,merlin
2019-09-20,12.7,12.82,12.63,12.77,11.747805,1907703.0,merlin
2019-09-23,12.74,12.79,12.65,12.79,11.766204,689585.0,merlin
2019-09-24,12.83,12.83,12.64,12.69,11.674208,1042124.0,merlin
2019-09-25,12.67,12.7,12.54,12.63,11.619012,700610.0,merlin
2019-09-26,12.62,12.92,12.6,12.89,11.858198,1027529.0,merlin
2019-09-27,12.93,12.93,12.71,12.8,11.775403,656468.0,merlin
2019-09-30,12.81,12.87,12.7,12.81,11.784603,802505.0,merlin
2019-10-01,12.88,12.91,12.77,12.88,11.848999000000001,1438167.0,merlin
2019-10-02,12.85,12.85,12.64,12.65,11.637410000000001,719089.0,merlin
2019-10-03,12.64,12.88,12.61,12.7,11.683408,516845.0,merlin
2019-10-04,12.78,12.86,12.67,12.85,11.821401,852280.0,merlin
2019-10-07,12.9,12.9,12.72,12.86,11.8306,706621.0,merlin
2019-10-08,12.91,12.98,12.84,12.95,11.913396,1032360.0,merlin
2019-10-09,12.95,13.0,12.78,12.85,11.821401,1394568.0,merlin
2019-10-10,12.9,12.93,12.74,12.93,11.894997,1135306.0,merlin
2019-10-11,12.92,13.21,12.88,13.21,12.152583,1361962.0,merlin
2019-10-14,13.19,13.25,13.07,13.25,12.189383,951585.0,merlin
2019-10-15,13.26,13.35,13.2,13.28,12.21698,996201.0,merlin
2019-10-16,13.26,13.42,13.24,13.37,12.299775,886148.0,merlin
2019-10-17,13.39,13.57,13.29,13.32,12.253778,1064596.0,merlin
2019-10-18,13.13,13.27,13.07,13.2,12.328497,841819.0,merlin
2019-10-21,13.22,13.22,13.04,13.19,12.319156,1257144.0,merlin
2019-10-22,13.11,13.2,13.08,13.12,12.253778,1001735.0,merlin
2019-10-23,13.12,13.22,13.05,13.2,12.328497,720802.0,merlin
2019-10-24,13.2,13.28,13.12,13.18,12.309817,762885.0,merlin
2019-10-25,13.18,13.23,12.96,13.07,12.207079,688884.0,merlin
2019-10-28,13.01,13.07,13.0,13.04,12.17906,628348.0,merlin
2019-10-29,13.03,13.08,13.0,13.08,12.216419,2143021.0,merlin
2019-10-30,13.07,13.18,13.01,13.18,12.309817,805394.0,merlin
2019-10-31,13.2,13.3,13.19,13.2,12.328497,950882.0,merlin
2019-11-01,13.26,13.32,13.12,13.13,12.263117999999999,468875.0,merlin
2019-11-04,13.2,13.27,13.04,13.18,12.309817,914885.0,merlin
2019-11-05,13.15,13.18,13.09,13.11,12.244438,689534.0,merlin
2019-11-06,13.15,13.19,13.06,13.12,12.253778,693767.0,merlin
2019-11-07,13.15,13.17,12.97,13.0,12.141702,847550.0,merlin
2019-11-08,13.0,13.09,12.93,12.95,12.095003,677202.0,merlin
2019-11-11,12.89,13.02,12.73,12.95,12.095003,1143102.0,merlin
2019-11-12,13.0,13.08,12.8,12.84,11.992265,1136922.0,merlin
2019-11-13,12.73,12.92,12.57,12.85,12.001605,1679947.0,merlin
2019-11-14,12.85,13.09,12.8,12.86,12.010944,2301075.0,merlin
2019-11-15,12.86,13.32,12.85,13.29,12.412555000000001,1927274.0,merlin
2019-11-18,13.28,13.35,13.12,13.34,12.459253,1470091.0,merlin
2019-11-19,13.36,13.42,13.33,13.41,12.524632,835304.0,merlin
2019-11-20,13.39,13.43,13.09,13.1,12.235099,1191528.0,merlin
2019-11-21,13.1,13.1,12.79,12.79,11.945566,1200402.0,merlin
2019-11-22,12.83,12.89,12.64,12.65,11.814809,1366333.0,merlin
2019-11-25,12.65,12.73,12.6,12.65,11.814809,1080079.0,merlin
2019-11-26,12.64,12.8,12.6,12.73,11.889527000000001,1288842.0,merlin
2019-11-27,12.73,12.92,12.73,12.78,11.936226,850250.0,merlin
2019-11-28,12.72,12.85,12.72,12.82,11.973585,507913.0,merlin
2019-11-29,12.84,13.13,12.81,12.97,12.113682,711793.0,merlin
2019-12-02,12.99,13.04,12.74,12.79,11.945566,928144.0,merlin
2019-12-03,12.79,12.97,12.79,12.85,12.001605,743241.0,merlin
2019-12-04,12.87,12.95,12.82,12.94,12.085662,1094023.0,merlin
2019-12-05,12.92,13.01,12.78,12.81,11.964246000000001,1277505.0,merlin
2019-12-06,12.82,13.02,12.82,12.97,12.113682,1089543.0,merlin
2019-12-09,12.98,12.98,12.81,12.9,12.048304,486647.0,merlin
2019-12-10,12.92,13.03,12.81,12.91,12.057642999999999,684576.0,merlin
2019-12-11,12.89,12.92,12.68,12.8,11.954906,580789.0,merlin
2019-12-12,12.84,12.84,12.59,12.59,11.75877,589194.0,merlin
2019-12-13,12.7,12.74,12.62,12.65,11.814809,2343675.0,merlin
2019-12-16,12.75,12.78,12.65,12.69,11.852167,1077139.0,merlin
2019-12-17,12.7,12.73,12.59,12.6,11.76811,966540.0,merlin
2019-12-18,12.63,12.74,12.59,12.74,11.898867,719494.0,merlin
2019-12-19,12.75,12.78,12.68,12.76,11.917547,697910.0,merlin
2019-12-20,12.78,12.85,12.71,12.84,11.992265,1575678.0,merlin
2019-12-23,12.83,12.84,12.76,12.8,11.954906,1075123.0,merlin
2019-12-24,12.8,12.83,12.71,12.79,11.945566,163230.0,merlin
2019-12-25,12.79,12.79,12.79,12.79,11.945566,0.0,merlin
2019-12-27,13.0,13.0,12.84,12.9,12.048304,570891.0,merlin
2019-12-30,12.92,12.92,12.72,12.78,11.936226,576457.0,merlin
2019-12-31,12.65,12.79,12.56,12.79,11.945566,199986.0,merlin
2020-01-02,12.89,12.89,12.76,12.81,11.964246000000001,460980.0,merlin
2020-01-03,12.75,12.82,12.71,12.82,11.973585,1432326.0,merlin
2020-01-06,12.71,12.82,12.62,12.78,11.936226,532601.0,merlin
2020-01-07,12.82,12.84,12.63,12.71,11.870847999999999,653971.0,merlin
2020-01-08,12.66,12.69,12.55,12.57,11.740089999999999,966373.0,merlin
2020-01-09,12.66,12.66,12.47,12.55,11.721411999999999,1108999.0,merlin
2020-01-10,12.59,12.6,12.37,12.38,11.562635,904418.0,merlin
2020-01-13,12.42,12.46,12.28,12.41,11.590653999999999,1175123.0,merlin
2020-01-14,12.4,12.49,12.34,12.37,11.553295,812490.0,merlin
2020-01-15,12.39,12.41,12.15,12.29,11.478578,1707303.0,merlin
2020-01-16,12.26,12.59,12.26,12.59,11.75877,839750.0,merlin
2020-01-17,12.61,12.77,12.6,12.68,11.842829,826513.0,merlin
2020-01-20,12.7,12.72,12.6,12.65,11.814809,444023.0,merlin
2020-01-21,12.56,12.69,12.55,12.69,11.852167,762468.0,merlin
2020-01-22,12.67,12.71,12.6,12.65,11.814809,734611.0,merlin
2020-01-23,12.6,12.75,12.57,12.73,11.889527000000001,799806.0,merlin
2020-01-24,12.75,13.05,12.75,13.02,12.160381,905830.0,merlin
2020-01-27,12.89,13.0,12.76,12.76,11.917547,698936.0,merlin
2020-01-28,12.8,12.91,12.8,12.85,12.001605,546160.0,merlin
2020-01-29,12.9,13.08,12.9,13.01,12.151042,1471157.0,merlin
2020-01-30,12.99,13.04,12.81,12.85,12.001605,766194.0,merlin
2020-01-31,12.87,12.89,12.69,12.8,11.954906,678645.0,merlin
2020-02-03,12.8,12.93,12.78,12.88,12.029624,753445.0,merlin
2020-02-04,12.95,13.01,12.9,12.9,12.048304,1236185.0,merlin
2020-02-05,12.89,12.93,12.82,12.91,12.057642999999999,566398.0,merlin
2020-02-06,12.96,12.97,12.84,12.9,12.048304,1152489.0,merlin
2020-02-07,12.96,13.0,12.88,12.91,12.057642999999999,803106.0,merlin
2020-02-10,12.93,12.98,12.84,12.98,12.123022,279820.0,merlin
2020-02-11,13.04,13.18,12.94,13.16,12.291136999999999,599801.0,merlin
2020-02-12,13.2,13.3,13.13,13.3,12.421895,1206605.0,merlin
2020-02-13,13.25,13.3,13.03,13.15,12.281797000000001,757544.0,merlin
2020-02-14,13.2,13.34,13.19,13.33,12.449914,805430.0,merlin
2020-02-17,13.36,13.36,13.27,13.3,12.421895,411074.0,merlin
2020-02-18,13.26,13.38,13.13,13.13,12.263117999999999,600847.0,merlin
2020-02-19,13.25,13.37,13.23,13.3,12.421895,638379.0,merlin
2020-02-20,13.3,13.35,13.17,13.26,12.384536,519072.0,merlin
2020-02-21,13.23,13.32,13.17,13.26,12.384536,793494.0,merlin
2020-02-24,13.04,13.09,12.8,12.93,12.076324000000001,1007667.0,merlin
2020-02-25,12.99,13.06,12.65,12.65,11.814809,1107811.0,merlin
2020-02-26,12.61,12.69,12.47,12.66,11.824148,1354978.0,merlin
2020-02-27,12.52,12.63,12.23,12.29,11.478578,1624375.0,merlin
2020-02-28,12.0,12.07,11.53,11.65,10.880832,3305600.0,merlin
2020-03-02,11.85,11.86,11.3,11.41,10.656677,2182514.0,merlin
2020-03-03,11.59,11.84,11.52,11.71,10.936871,1868400.0,merlin
2020-03-04,11.73,11.91,11.57,11.88,11.095647,1669225.0,merlin
2020-03-05,11.92,11.92,11.43,11.43,10.675358000000001,2318916.0,merlin
2020-03-06,11.3,11.35,11.05,11.28,10.535260000000001,3086176.0,merlin
2020-03-09,11.01,11.22,10.76,11.16,10.423182,5054011.0,merlin
2020-03-10,11.28,11.5,10.1,10.7,9.993554,3528662.0,merlin
2020-03-11,10.91,11.05,10.67,10.7,9.993554,3220384.0,merlin
2020-03-12,10.5,10.5,9.2,9.425,8.802734,7807170.0,merlin
2020-03-13,9.585,10.33,9.515,9.8,9.152975,5259975.0,merlin
2020-03-16,9.39,9.51,8.66,9.29,8.676646,7745632.0,merlin
2020-03-17,9.3,9.635,8.65,8.85,8.265697,6350619.0,merlin
2020-03-18,8.515,9.15,7.94,8.25,7.705310000000001,2619323.0,merlin
2020-03-19,8.33,8.37,7.17,7.8,7.285021,4325196.0,merlin
2020-03-20,7.9,8.16,7.415,7.415,6.925439,4434386.0,merlin
2020-03-23,7.54,7.62,6.68,6.705,6.262316,3638887.0,merlin
2020-03-24,7.02,7.34,6.74,7.285,6.804022,3557602.0,merlin
2020-03-25,7.5,7.57,6.955,7.1,6.631237,3409945.0,merlin
2020-03-26,7.125,7.37,6.9,7.34,6.855391,2609432.0,merlin
2020-03-27,7.275,7.275,6.9,7.0,6.537839,2640979.0,merlin
2020-03-30,7.1,7.105,6.73,6.73,6.285666,1983337.0,merlin
2020-03-31,6.9,7.05,6.81,6.87,6.416422,3368642.0,merlin
2020-04-01,6.8,7.23,6.78,7.14,6.668596000000001,2072741.0,merlin
2020-04-02,7.24,7.29,6.935,6.96,6.5004800000000005,2545293.0,merlin
2020-04-03,7.06,7.27,6.98,7.1,6.631237,2238753.0,merlin
2020-04-06,7.545,7.545,7.055,7.07,6.603217999999999,2028191.0,merlin
2020-04-07,7.355,8.29,7.195,8.085,7.551203999999999,3671561.0,merlin
2020-04-08,8.07,8.145,7.81,7.92,7.397098,2066667.0,merlin
2020-04-09,8.05,8.4,7.91,8.32,7.770688000000001,2128883.0,merlin
2020-04-14,8.42,8.45,7.94,7.97,7.443797,2858232.0,merlin
2020-04-15,8.075,8.075,7.55,7.66,7.1542639999999995,1869692.0,merlin
2020-04-16,7.77,7.99,7.53,7.58,7.0795449999999995,2040212.0,merlin
2020-04-17,7.79,7.99,7.44,7.525,7.028177,1592150.0,merlin
2020-04-20,7.76,7.76,7.35,7.385,6.897419999999999,878503.0,merlin
2020-04-21,7.275,7.35,7.13,7.21,6.733974000000001,1193056.0,merlin
2020-04-22,7.5,7.5,7.26,7.38,6.892751,858351.0,merlin
2020-04-23,7.2,7.51,7.165,7.42,6.930110000000001,961284.0,merlin
2020-04-24,7.41,7.41,7.16,7.255,6.7760039999999995,1548822.0,merlin
2020-04-27,7.475,7.475,7.255,7.255,6.7760039999999995,729546.0,merlin
2020-04-28,7.36,7.75,7.35,7.615,7.112235000000001,645228.0,merlin
2020-04-29,7.65,7.93,7.59,7.9,7.378417999999999,790334.0,merlin
2020-04-30,8.14,8.47,8.01,8.46,7.901446000000001,3517599.0,merlin
2020-05-04,8.5,8.5,7.62,7.76,7.247661999999999,2549343.0,merlin
2020-05-05,7.93,7.99,7.565,7.57,7.070206,1604952.0,merlin
2020-05-06,7.53,7.735,7.41,7.6,7.098225,1040019.0,merlin
2020-05-07,7.55,7.66,7.485,7.55,7.051527,1031284.0,merlin
2020-05-08,7.61,7.725,7.545,7.72,7.210302,452289.0,merlin
2020-05-11,7.75,7.82,7.415,7.48,6.986148,883374.0,merlin
2020-05-12,7.4,7.47,7.24,7.24,6.7619929999999995,1057019.0,merlin
2020-05-13,7.24,7.28,7.005,7.005,6.54251,1101046.0,merlin
2020-05-14,7.005,7.1,6.86,7.025,6.5611880000000005,2329703.0,merlin
2020-05-15,7.09,7.215,6.98,6.99,6.5285,1141810.0,merlin
2020-05-18,7.07,7.26,7.055,7.22,6.743314,1544870.0,merlin
2020-05-19,7.23,7.33,7.06,7.19,6.715294999999999,2104482.0,merlin
2020-05-20,7.19,7.19,6.75,7.05,6.584538,1907984.0,merlin
2020-05-21,7.0,7.12,6.815,7.0,6.537839,2192831.0,merlin
2020-05-22,6.96,7.23,6.88,7.09,6.621897,1010343.0,merlin
2020-05-25,7.16,7.315,7.12,7.27,6.790013,813915.0,merlin
2020-05-26,7.345,7.82,7.33,7.7,7.191623,2199712.0,merlin
2020-05-27,7.78,7.95,7.43,7.48,6.986148,2438685.0,merlin
2020-05-28,7.6,7.67,7.42,7.66,7.1542639999999995,5078446.0,merlin
2020-05-29,7.6,7.63,7.365,7.55,7.051527,1882755.0,merlin
2020-06-01,7.675,7.84,7.605,7.82,7.3037,1247453.0,merlin
2020-06-02,7.89,8.34,7.83,8.315,7.766017999999999,3318392.0,merlin
2020-06-03,8.43,8.535,8.175,8.535,7.971493,3330069.0,merlin
2020-06-04,8.47,8.555,8.295,8.45,7.892106,2809169.0,merlin
2020-06-05,8.6,8.975,8.55,8.865,8.279706,4901099.0,merlin
2020-06-08,8.815,8.9,8.55,8.69,8.11626,2733531.0,merlin
2020-06-09,8.72,8.775,8.385,8.53,7.966824000000001,2320528.0,merlin
2020-06-10,8.585,8.77,8.38,8.435,7.878096,2282573.0,merlin
2020-06-11,8.17,8.32,7.86,8.055,7.523185000000001,2883059.0,merlin
2020-06-12,8.005,8.23,7.86,8.05,7.518515,1578753.0,merlin
2020-06-15,7.9,8.095,7.625,8.055,7.523185000000001,1193690.0,merlin
2020-06-16,8.2,8.38,8.07,8.19,7.649271000000001,1830753.0,merlin
2020-06-17,8.155,8.38,8.08,8.185,7.644602000000001,1051830.0,merlin
2020-06-18,8.15,8.195,7.935,7.985,7.457807000000001,1848865.0,merlin
2020-06-19,8.125,8.155,7.72,7.795,7.280351,4953489.0,merlin
2020-06-22,7.77,7.805,7.57,7.725,7.214972,1944593.0,merlin
2020-06-23,7.84,7.9,7.66,7.715,7.205633,1420627.0,merlin
2020-06-24,7.72,7.77,7.515,7.555,7.056196000000001,1208634.0,merlin
2020-06-25,7.5,7.715,7.32,7.55,7.191856,2321837.0,merlin
2020-06-26,7.545,7.63,7.43,7.47,7.115651,928116.0,merlin
2020-06-29,7.465,7.615,7.385,7.61,7.249011,1362085.0,merlin
2020-06-30,7.65,7.655,7.335,7.38,7.029921000000001,1373046.0,merlin
2020-07-01,7.52,7.56,7.27,7.535,7.177567999999999,1087666.0,merlin
2020-07-02,7.535,7.85,7.535,7.68,7.315689999999999,1712532.0,merlin
2020-07-03,7.7,7.765,7.505,7.56,7.201382000000001,843921.0,merlin
2020-07-06,7.655,7.815,7.63,7.74,7.372843,839087.0,merlin
2020-07-07,7.7,7.7,7.48,7.505,7.1489910000000005,880245.0,merlin
2020-07-08,7.415,7.49,7.34,7.435,7.082312,906520.0,merlin
2020-07-09,7.515,7.535,7.25,7.27,6.9251380000000005,962572.0,merlin
2020-07-10,7.225,7.33,7.18,7.31,6.963241,582734.0,merlin
2020-07-13,7.455,7.6,7.38,7.46,7.106126,590664.0,merlin
2020-07-14,7.42,7.58,7.235,7.275,6.929902,883596.0,merlin
2020-07-15,7.375,7.375,7.13,7.28,6.934664,1350436.0,merlin
2020-07-16,7.235,7.365,7.15,7.15,6.810830999999999,939969.0,merlin
2020-07-17,7.16,7.23,7.05,7.12,6.782253999999999,1117740.0,merlin
2020-07-20,7.1,7.175,7.075,7.08,6.744152000000001,657467.0,merlin
2020-07-21,7.19,7.41,7.175,7.2,6.858459,1107063.0,merlin
2020-07-22,7.25,7.29,7.03,7.1,6.763203,832133.0,merlin
2020-07-23,7.135,7.135,6.96,6.985,6.653658,1509405.0,merlin
2020-07-24,6.95,7.025,6.865,6.88,6.5536389999999995,1487166.0,merlin
2020-07-27,6.88,6.88,6.485,6.52,6.210716000000001,2575978.0,merlin
2020-07-28,6.595,6.775,6.53,6.765,6.444094000000001,2886881.0,merlin
2020-07-29,6.82,6.95,6.725,6.84,6.515536,2431344.0,merlin
2020-07-30,6.98,6.98,6.755,6.89,6.5631639999999996,1598186.0,merlin
2020-07-31,6.97,7.1,6.85,6.99,6.658421000000001,1604130.0,merlin
2020-08-03,6.985,6.99,6.73,6.945,6.615556,1710924.0,merlin
2020-08-04,7.9,7.99,7.58,7.63,7.268062,2835980.0,merlin
2020-08-05,7.7,7.88,7.6,7.8,7.429997999999999,2241981.0,merlin
2020-08-06,7.785,7.785,7.515,7.75,7.382369000000001,1677360.0,merlin
2020-08-07,7.7,7.79,7.615,7.72,7.353791999999999,1316533.0,merlin
2020-08-10,7.68,7.8,7.57,7.785,7.415709,987406.0,merlin
2020-08-11,7.8,7.995,7.8,7.83,7.4585740000000005,1271717.0,merlin
2020-08-12,7.785,7.815,7.67,7.715,7.34903,963681.0,merlin
2020-08-13,7.675,7.76,7.635,7.655,7.291875999999999,1212144.0,merlin
2020-08-14,7.69,7.69,7.41,7.65,7.287113000000001,975569.0,merlin
2020-08-17,7.65,7.65,7.265,7.3,6.953714999999999,985550.0,merlin
2020-08-18,7.275,7.47,7.24,7.275,6.929902,988152.0,merlin
2020-08-19,7.275,7.3,7.165,7.2,6.858459,872927.0,merlin
2020-08-20,7.16,7.505,7.145,7.495,7.1394649999999995,1312079.0,merlin
2020-08-21,7.505,7.58,7.42,7.57,7.210907000000001,977268.0,merlin
2020-08-24,7.62,7.66,7.48,7.595,7.2347220000000005,767075.0,merlin
2020-08-25,7.7,7.74,7.56,7.57,7.210907000000001,1136547.0,merlin
2020-08-26,7.585,7.85,7.535,7.805,7.434760000000001,1933751.0,merlin
2020-08-27,7.78,7.78,7.535,7.6,7.239484,699831.0,merlin
2020-08-28,7.745,7.75,7.605,7.68,7.315689999999999,659064.0,merlin
2020-08-31,7.75,7.75,7.48,7.52,7.16328,786817.0,merlin
2020-09-01,7.485,7.5,7.345,7.435,7.082312,1046920.0,merlin
2020-09-02,7.46,7.56,7.32,7.425,7.072786,975191.0,merlin
2020-09-03,7.28,7.495,7.26,7.3,6.953714999999999,876089.0,merlin
2020-09-04,7.265,7.265,7.08,7.11,6.772728,1295957.0,merlin
2020-09-07,7.11,7.22,7.09,7.155,6.815594,930103.0,merlin
2020-09-08,7.13,7.245,6.975,7.02,6.686998,892578.0,merlin
2020-09-09,7.02,7.155,7.0,7.095,6.758439999999999,877359.0,merlin
2020-09-10,7.09,7.135,7.015,7.02,6.686998,739312.0,merlin
2020-09-11,7.03,7.11,7.0,7.0,6.667946000000001,590758.0,merlin
2020-09-14,7.01,7.045,6.88,6.94,6.610792999999999,1100990.0,merlin
2020-09-15,6.92,7.09,6.915,7.055,6.720337,850591.0,merlin
2020-09-16,7.085,7.25,7.055,7.205,6.863222,1428396.0,merlin
2020-09-17,7.125,7.165,7.055,7.095,6.758439999999999,1073776.0,merlin
2020-09-18,7.06,7.08,6.94,7.08,6.744152000000001,3569732.0,merlin
2020-09-21,7.0,7.01,6.64,6.65,6.334549,2589792.0,merlin
2020-09-22,6.7,6.725,6.64,6.685,6.367889,2082340.0,merlin
2020-09-23,6.725,6.725,6.595,6.595,6.282158,2115407.0,merlin
2020-09-24,6.625,6.9,6.58,6.805,6.482196,1176802.0,merlin
2020-09-25,6.83,6.93,6.81,6.87,6.544112999999999,1770118.0,merlin
2020-09-28,6.95,7.165,6.94,7.165,6.825119,772261.0,merlin
2020-09-29,7.1,7.1,6.98,6.98,6.6488949999999996,745054.0,merlin
2020-09-30,6.955,7.175,6.86,7.125,6.787017,1049849.0,merlin
2020-10-01,7.125,7.215,7.09,7.2,6.858459,1180941.0,merlin
2020-10-02,7.095,7.19,7.04,7.19,6.848934,1186266.0,merlin
2020-10-05,7.235,7.31,7.21,7.255,6.91085,1316378.0,merlin
2020-10-06,7.27,7.325,7.185,7.315,6.968004,797375.0,merlin
2020-10-07,7.37,7.37,7.025,7.03,6.696523,1258509.0,merlin
2020-10-08,7.05,7.125,6.94,6.94,6.610792999999999,1587439.0,merlin
2020-10-09,6.95,6.995,6.84,6.865,6.53935,882931.0,merlin
2020-10-12,6.86,6.89,6.78,6.825,6.501247,1427509.0,merlin
2020-10-13,6.78,6.84,6.64,6.66,6.344075,920325.0,merlin
2020-10-14,6.62,6.685,6.6,6.615,6.301209,731681.0,merlin
2020-10-15,6.6,6.685,6.49,6.655,6.3393120000000005,1193219.0,merlin
2020-10-16,6.655,6.67,6.42,6.42,6.1154589999999995,1530308.0,merlin
2020-10-19,6.445,6.515,6.21,6.355,6.053543,1086821.0,merlin
2020-10-20,6.35,6.54,6.235,6.46,6.153562,1109385.0,merlin
2020-10-21,6.485,6.485,6.255,6.275,5.977338,922300.0,merlin
2020-10-22,6.25,6.37,6.16,6.19,5.89637,1471224.0,merlin
2020-10-23,6.235,6.335,6.225,6.27,5.972575,938828.0,merlin
2020-10-26,6.165,6.165,6.01,6.04,5.7534849999999995,2386138.0,merlin
2020-10-27,6.08,6.08,5.9,5.945,5.662992,1295016.0,merlin
2020-10-28,5.85,5.85,5.65,5.73,5.45819,2267214.0,merlin
2020-10-29,5.725,5.815,5.54,5.745,5.472479,1355328.0,merlin
2020-10-30,5.69,5.79,5.625,5.775,5.501056,1220089.0,merlin
2020-11-02,5.775,5.865,5.7,5.815,5.539159,926194.0,merlin
2020-11-03,5.815,5.98,5.785,5.93,5.648703,1515868.0,merlin
2020-11-04,5.94,5.97,5.835,5.915,5.634415,1985197.0,merlin
2020-11-05,6.01,6.11,5.96,6.025,5.739197,1291347.0,merlin
2020-11-06,6.005,6.105,5.975,6.055,5.767774,745517.0,merlin
2020-11-09,6.12,7.14,6.095,7.085,6.748914,3768841.0,merlin
2020-11-10,7.02,7.28,6.945,7.265,6.920375999999999,3159405.0,merlin
2020-11-11,7.26,7.335,7.125,7.33,6.982292,1627875.0,merlin
2020-11-12,7.35,7.42,7.265,7.4,7.048972,2569032.0,merlin
2020-11-13,7.28,7.55,7.28,7.54,7.182331,1933360.0,merlin
2020-11-16,7.7,8.255,7.625,8.185,7.796735000000001,4101382.0,merlin
2020-11-17,8.19,8.205,7.885,8.04,7.658613000000001,3065581.0,merlin
2020-11-18,8.03,8.03,7.8,7.945,7.568119,1882129.0,merlin
2020-11-19,7.91,7.915,7.785,7.85,7.477625,1661893.0,merlin
2020-11-20,7.85,7.865,7.73,7.77,7.401421000000001,2796829.0,merlin
2020-11-23,7.82,8.0,7.795,7.895,7.520491000000001,1013481.0,merlin
2020-11-24,7.88,8.195,7.845,8.195,7.806260000000001,943881.0,merlin
2020-11-25,8.2,8.23,8.015,8.07,7.687189999999999,2211777.0,merlin
2020-11-26,8.085,8.15,8.005,8.065,7.6824259999999995,906954.0,merlin
2020-11-27,8.06,8.075,7.935,7.935,7.558594,1168206.0,merlin
2020-11-30,7.925,7.925,7.705,7.705,7.339503999999999,1764569.0,merlin
2020-12-01,7.775,7.935,7.775,7.92,7.5443050000000005,2423595.0,merlin
2020-12-02,7.92,8.065,7.825,7.895,7.520491000000001,823805.0,merlin
2020-12-03,7.9,7.95,7.755,7.815,7.444286,706956.0,merlin
2020-12-04,7.815,8.055,7.78,7.935,7.558594,1373696.0,merlin
2020-12-07,7.9,8.065,7.84,7.98,7.601458999999999,3192340.0,merlin
2020-12-08,7.99,7.99,7.835,7.87,7.496676,688714.0,merlin
2020-12-09,7.84,7.985,7.84,7.955,7.5776449999999995,964026.0,merlin
2020-12-10,7.97,7.985,7.795,7.93,7.5538300000000005,849607.0,merlin
2020-12-11,7.94,7.965,7.735,7.785,7.415709,853546.0,merlin
2020-12-14,7.785,7.87,7.73,7.755,7.387132000000001,652158.0,merlin
2020-12-15,7.775,7.775,7.635,7.74,7.372843,801358.0,merlin
2020-12-16,7.8,7.92,7.73,7.775,7.406183,937978.0,merlin
2020-12-17,7.82,7.89,7.735,7.89,7.515728,1056514.0,merlin
2020-12-18,7.84,7.86,7.56,7.64,7.277587,2100457.0,merlin
2020-12-21,7.55,7.58,7.14,7.34,6.991817999999999,1800919.0,merlin
2020-12-22,7.345,7.535,7.345,7.485,7.1299399999999995,683475.0,merlin
2020-12-23,7.53,7.79,7.525,7.725,7.358555,2183801.0,merlin
2020-12-24,7.615,7.85,7.615,7.85,7.477625,250826.0,merlin
2020-12-28,7.85,7.85,7.655,7.68,7.315689999999999,2168165.0,merlin
2020-12-29,7.725,7.89,7.725,7.785,7.415709,660390.0,merlin
2020-12-30,7.8,7.82,7.7,7.75,7.382369000000001,498069.0,merlin
2020-12-31,7.65,7.78,7.595,7.78,7.410946000000001,323928.0,merlin
2021-01-04,7.79,7.91,7.545,7.56,7.201382000000001,1084339.0,merlin
2021-01-05,7.575,7.735,7.505,7.71,7.344266999999999,906461.0,merlin
2021-01-06,7.715,7.785,7.67,7.695,7.329978,653545.0,merlin
2021-01-07,7.78,7.8,7.64,7.765,7.396657,1571183.0,merlin
2021-01-08,7.8,7.815,7.68,7.705,7.339503999999999,694566.0,merlin
2021-01-11,7.64,7.855,7.58,7.615,7.253773,941365.0,merlin
2021-01-12,7.64,7.725,7.56,7.635,7.272825,560289.0,merlin
2021-01-13,7.67,7.755,7.63,7.745,7.377606,682227.0,merlin
2021-01-14,7.8,8.07,7.76,7.98,7.601458999999999,1344277.0,merlin
2021-01-15,7.98,8.025,7.83,7.875,7.50144,1355944.0,merlin
2021-01-18,8.04,8.23,7.985,8.115,7.730055,1427391.0,merlin
2021-01-19,8.155,8.18,7.74,7.8,7.429997999999999,1248208.0,merlin
2021-01-20,7.85,8.04,7.81,8.02,7.639562,822843.0,merlin
2021-01-21,8.02,8.06,7.7,7.7,7.334741,1725327.0,merlin
2021-01-22,7.7,7.755,7.65,7.68,7.315689999999999,653921.0,merlin
2021-01-25,7.725,7.74,7.305,7.355,7.006106,1088627.0,merlin
2021-01-26,7.4,7.68,7.385,7.63,7.268062,659861.0,merlin
2021-01-27,7.69,7.96,7.63,7.92,7.5443050000000005,1498092.0,merlin
2021-01-28,7.83,7.97,7.71,7.95,7.572882000000001,1714833.0,merlin
2021-01-29,7.89,7.95,7.745,7.91,7.5347789999999994,2039406.0,merlin
2021-02-01,7.965,7.995,7.86,7.915,7.539542,656742.0,merlin
2021-02-02,7.945,8.09,7.92,7.985,7.606222,741913.0,merlin
2021-02-03,8.045,8.18,8.045,8.115,7.730055,1939619.0,merlin
2021-02-04,8.15,8.15,8.0,8.1,7.715767,604279.0,merlin
2021-02-05,8.115,8.175,8.05,8.105,7.720528999999999,1027813.0,merlin
2021-02-08,8.055,8.195,8.025,8.105,7.720528999999999,743720.0,merlin
2021-02-09,8.1,8.21,8.035,8.155,7.768157,1023293.0,merlin
2021-02-10,8.21,8.215,7.97,8.03,7.649087,795937.0,merlin
2021-02-11,8.0,8.0,7.77,7.8,7.429997999999999,830894.0,merlin
2021-02-12,7.78,7.86,7.74,7.81,7.439522999999999,1251000.0,merlin
2021-02-15,7.89,8.01,7.795,7.97,7.591933,934978.0,merlin
2021-02-16,7.99,8.055,7.89,7.94,7.563356,975841.0,merlin
2021-02-17,8.015,8.015,7.895,7.925,7.549067999999999,771368.0,merlin
2021-02-18,7.9,8.09,7.875,7.97,7.591933,838188.0,merlin
2021-02-19,8.0,8.03,7.925,8.0,7.62051,1062354.0,merlin
2021-02-22,8.0,8.115,7.955,8.1,7.715767,642682.0,merlin
2021-02-23,8.125,8.62,8.125,8.61,8.201573,2758136.0,merlin
2021-02-24,8.67,8.74,8.485,8.635,8.225389,921847.0,merlin
2021-02-25,8.65,8.865,8.62,8.75,8.334933,1504801.0,merlin
2021-02-26,8.715,8.805,8.4,8.585,8.177760000000001,1577754.0,merlin
2021-03-01,8.69,9.0,8.63,8.915,8.492106,1228383.0,merlin
2021-03-02,8.9,9.02,8.82,8.87,8.449241,856447.0,merlin
2021-03-03,8.91,8.95,8.635,8.695,8.282541,948099.0,merlin
2021-03-04,8.68,8.83,8.58,8.775,8.358747,632338.0,merlin
2021-03-05,8.74,8.805,8.61,8.765,8.349222,862405.0,merlin
2021-03-08,8.865,9.195,8.77,9.155,8.720721000000001,1430814.0,merlin
2021-03-09,9.15,9.37,9.13,9.265,8.825503,1354565.0,merlin
2021-03-10,9.255,9.315,9.06,9.06,8.630228,884104.0,merlin
2021-03-11,9.135,9.185,8.825,8.935,8.511157,1091132.0,merlin
2021-03-12,8.925,9.12,8.78,9.12,8.687382000000001,1086927.0,merlin
2021-03-15,9.185,9.195,9.03,9.03,8.60165,957514.0,merlin
2021-03-16,9.1,9.17,9.055,9.09,8.658805000000001,809267.0,merlin
2021-03-17,9.115,9.115,8.965,9.005,8.577836999999999,930719.0,merlin
2021-03-18,9.005,9.08,8.965,8.965,8.539734,822649.0,merlin
2021-03-19,8.95,9.075,8.82,8.855,8.434952000000001,2009045.0,merlin
2021-03-22,8.86,8.86,8.6,8.66,8.249203,728343.0,merlin
2021-03-23,8.615,8.8,8.61,8.76,8.344459,589096.0,merlin
2021-03-24,8.715,8.935,8.66,8.935,8.511157,1116431.0,merlin
2021-03-25,8.885,8.885,8.485,8.665,8.253964,1027900.0,merlin
2021-03-26,8.7,8.75,8.65,8.69,8.27778,1022708.0,merlin
2021-03-29,8.7,8.77,8.605,8.695,8.282541,770633.0,merlin
2021-03-30,8.805,8.88,8.75,8.79,8.373035,862746.0,merlin
2021-03-31,8.815,8.9,8.72,8.72,8.306356,990901.0,merlin
2021-04-01,8.75,9.066,8.736,8.9,8.477818,730541.0,merlin
2021-04-06,9.1,9.146,8.916,8.996,8.569263000000001,840002.0,merlin
2021-04-07,8.964,9.096,8.95,9.018,8.59022,759163.0,merlin
2021-04-08,9.1,9.132,8.944,9.078,8.647374000000001,739093.0,merlin
2021-04-09,9.072,9.072,8.88,8.88,8.458767,578863.0,merlin
2021-04-12,8.892,8.916,8.786,8.858,8.437809,715511.0,merlin
2021-04-13,8.86,8.974,8.83,8.91,8.487343,719687.0,merlin
2021-04-14,8.982,9.102,8.92,9.046,8.616892,573190.0,merlin
2021-04-15,9.028,9.13,9.002,9.018,8.59022,523220.0,merlin
2021-04-16,9.024,9.124,9.014,9.124,8.691192,701007.0,merlin
2021-04-19,9.14,9.198,9.076,9.164,8.729294,564587.0,merlin
2021-04-20,9.178,9.198,9.0,9.136,8.702622,948491.0,merlin
2021-04-21,9.1,9.172,8.874,8.906,8.483533,585641.0,merlin
2021-04-22,8.9,9.044,8.842,9.042,8.613081,768595.0,merlin
2021-04-23,8.992,9.042,8.97,9.006,8.578789,488135.0,merlin
2021-04-26,9.012,9.28,9.0,9.184,8.748346000000002,733808.0,merlin
2021-04-27,9.196,9.23,9.09,9.2,8.763587,524984.0,merlin
2021-04-28,9.256,9.298,9.198,9.232,8.794068,1119775.0,merlin
2021-04-29,9.264,9.322,9.172,9.262,8.822645,674943.0,merlin
2021-04-30,9.3,9.314,9.144,9.194,8.757872,732915.0,merlin
2021-05-03,9.222,9.3,9.164,9.3,8.858844,384427.0,merlin
2021-05-04,9.266,9.438,9.264,9.28,8.839791,839639.0,merlin
2021-05-05,9.3,9.358,9.054,9.096,8.664519,836849.0,merlin
2021-05-06,8.95,9.118,8.902,9.016,8.881231,915109.0,merlin
2021-05-07,9.05,9.076,8.912,9.018,8.883202,887945.0,merlin
2021-05-10,9.1,9.37,9.07,9.33,9.190536999999999,755418.0,merlin
2021-05-11,9.3,9.318,9.118,9.132,8.995498,745245.0,merlin
2021-05-12,9.274,9.28,9.08,9.174,9.036869,513723.0,merlin
2021-05-13,9.2,9.204,8.918,9.04,8.904873,545972.0,merlin
2021-05-14,9.094,9.2,8.902,8.998,8.863501,935576.0,merlin
2021-05-17,9.03,9.092,8.852,8.87,8.737413,777967.0,merlin
2021-05-18,8.92,8.966,8.796,8.934,8.800457000000002,1609233.0,merlin
2021-05-19,8.942,9.074,8.878,8.958,8.824099,720337.0,merlin
2021-05-20,9.094,9.094,8.82,8.884,8.751204,643787.0,merlin
2021-05-21,8.874,8.914,8.782,8.898,8.764994999999999,1439442.0,merlin
2021-05-24,8.918,9.04,8.884,9.038,8.902903,244967.0,merlin
2021-05-25,9.046,9.132,8.972,9.0,8.865471000000001,458068.0,merlin
2021-05-26,9.032,9.072,8.91,8.986,8.85168,674656.0,merlin
2021-05-27,9.03,9.338,9.02,9.286,9.147196000000001,2022653.0,merlin
2021-05-28,9.356,9.578,9.29,9.462,9.320564,1255913.0,merlin
2021-05-31,9.55,9.55,9.454,9.486,9.344206,578841.0,merlin
2021-06-01,9.49,9.574,9.402,9.57,9.42695,588519.0,merlin
2021-06-02,9.59,9.626,9.444,9.524,9.381639,726345.0,merlin
2021-06-03,9.512,9.534,9.27,9.466,9.324505,756732.0,merlin
2021-06-04,9.46,9.48,9.334,9.418,9.277223,598988.0,merlin
2021-06-07,9.45,9.646,9.388,9.622,9.478173,534264.0,merlin
2021-06-08,9.606,9.678,9.502,9.66,9.515605,428248.0,merlin
2021-06-09,9.5,9.694,9.47,9.672,9.527426,575386.0,merlin
2021-06-10,9.646,9.666,9.454,9.496,9.354056,528849.0,merlin
2021-06-11,9.488,9.548,9.306,9.502,9.359966,807299.0,merlin
2021-06-14,9.536,9.64,9.51,9.572,9.42892,354284.0,merlin
2021-06-15,9.586,9.586,9.39,9.426,9.285103,526810.0,merlin
2021-06-16,9.452,9.508,9.354,9.358,9.218119,560680.0,merlin
2021-06-17,9.35,9.37,9.182,9.2,9.062481,616690.0,merlin
2021-06-18,9.2,9.298,9.096,9.108,8.971855999999999,2259599.0,merlin
2021-06-21,9.11,9.188,8.988,9.152,9.015199,839885.0,merlin
2021-06-22,9.182,9.336,9.146,9.248,9.109764,439592.0,merlin
2021-06-23,9.25,9.3,9.102,9.102,8.965946,607676.0,merlin
2021-06-24,9.13,9.144,8.982,9.09,8.954125,859211.0,merlin
2021-06-25,9.104,9.154,8.974,9.016,8.881231,590878.0,merlin
2021-06-28,9.024,9.034,8.706,8.74,8.609357000000001,941313.0,merlin
2021-06-29,8.75,8.86,8.716,8.8,8.668460000000001,619048.0,merlin
2021-06-30,8.916,8.916,8.728,8.736,8.605417,491609.0,merlin
2021-07-01,8.768,8.95,8.752,8.928,8.794547,587119.0,merlin
2021-07-02,9.04,9.064,8.926,9.052,8.916694,565789.0,merlin
2021-07-05,9.042,9.17,9.006,9.164,9.027019000000001,456564.0,merlin
2021-07-06,9.14,9.264,9.062,9.124,8.987617,507627.0,merlin
2021-07-07,9.098,9.204,9.058,9.146,9.009288,328630.0,merlin
2021-07-08,9.144,9.144,8.944,9.008,8.873351,527359.0,merlin
2021-07-09,9.012,9.29,9.002,9.26,9.121584,539674.0,merlin
2021-07-12,9.25,9.596,9.248,9.568,9.42498,1157116.0,merlin
2021-07-13,9.348,9.504,9.256,9.274,9.135375,748870.0,merlin
2021-07-14,9.252,9.258,9.034,9.102,8.965946,704805.0,merlin
2021-07-15,9.02,9.034,8.88,8.984,8.84971,551373.0,merlin
2021-07-16,9.032,9.192,9.0,9.128,8.991557,634615.0,merlin
2021-07-19,9.084,9.084,8.734,8.906,8.772876,1068230.0,merlin
2021-07-20,8.946,9.2,8.912,9.132,8.995498,603068.0,merlin
2021-07-21,9.142,9.428,9.122,9.416,9.275252,458941.0,merlin
2021-07-22,9.396,9.5,9.226,9.254,9.115674,551008.0,merlin
2021-07-23,9.332,9.462,9.274,9.402,9.261462,686925.0,merlin
2021-07-26,9.13,9.464,8.926,9.45,9.308743,963990.0,merlin
2021-07-27,9.522,9.522,9.34,9.43,9.289043,343189.0,merlin
2021-07-28,9.47,9.61,9.432,9.468,9.326475,834219.0,merlin
2021-07-29,9.582,9.582,9.362,9.42,9.279193,486309.0,merlin
2021-07-30,9.512,9.534,9.384,9.46,9.318595,669131.0,merlin
2021-08-02,9.62,9.672,9.486,9.566,9.423010000000001,836396.0,merlin
2021-08-03,9.542,9.596,9.364,9.394,9.253581,1531355.0,merlin
2021-08-04,9.408,9.536,9.382,9.536,9.393459,381983.0,merlin
2021-08-05,9.532,9.716,9.506,9.7,9.555007000000002,548542.0,merlin
2021-08-06,9.714,9.84,9.618,9.84,9.692915,533955.0,merlin
2021-08-09,9.774,9.79,9.654,9.7,9.555007000000002,484854.0,merlin
2021-08-10,9.738,9.772,9.576,9.65,9.505754,464415.0,merlin
2021-08-11,9.65,9.712,9.558,9.7,9.555007000000002,367136.0,merlin
2021-08-12,9.732,9.88,9.71,9.82,9.673213,581671.0,merlin
2021-08-13,9.8,9.97,9.754,9.868,9.720496,401139.0,merlin
2021-08-16,9.92,9.97,9.834,9.92,9.771719000000001,454053.0,merlin
2021-08-17,9.902,9.902,9.688,9.756,9.610169,518301.0,merlin
2021-08-18,9.58,9.9,9.56,9.876,9.728375999999999,372111.0,merlin
2021-08-19,9.734,9.9,9.69,9.824,9.677154,920070.0,merlin
2021-08-20,9.73,9.894,9.664,9.714,9.568798,526293.0,merlin
2021-08-23,9.698,9.738,9.62,9.734,9.588499,302308.0,merlin
2021-08-24,9.8,9.802,9.586,9.646,9.501814,323269.0,merlin
2021-08-25,9.696,9.756,9.542,9.57,9.42695,910234.0,merlin
2021-08-26,9.564,9.59,9.258,9.574,9.430891,474205.0,merlin
2021-08-27,9.64,9.804,9.578,9.804,9.657453,234705.0,merlin
2021-08-30,9.732,9.872,9.732,9.86,9.712615,306485.0,merlin
2021-08-31,9.898,9.93,9.708,9.894,9.746107,819726.0,merlin
2021-09-01,9.95,10.2,9.944,10.2,10.047533,1106922.0,merlin
2021-09-02,10.2,10.2,9.938,10.0,9.850522999999999,1548305.0,merlin
2021-09-03,10.0,10.01,9.802,9.83,9.683064,746088.0,merlin
2021-09-06,9.88,9.88,9.754,9.838,9.690945,209350.0,merlin
2021-09-07,9.85,9.942,9.702,9.75,9.604258999999999,853824.0,merlin
2021-09-08,9.736,9.736,9.214,9.294,9.155076,1386458.0,merlin
2021-09-09,9.3,9.468,9.29,9.418,9.277223,854195.0,merlin
2021-09-10,9.416,9.422,9.068,9.162,9.025049000000001,1087699.0,merlin
2021-09-13,9.16,9.286,9.07,9.278,9.139315,563329.0,merlin
2021-09-14,9.27,9.53,9.226,9.348,9.208267999999999,1099925.0,merlin
2021-09-15,9.3,9.342,9.164,9.216,9.078241,648361.0,merlin
2021-09-16,9.134,9.31,9.134,9.302,9.162956,727107.0,merlin
2021-09-17,9.17,9.434,9.146,9.146,9.009288,6261892.0,merlin
2021-09-20,9.1,9.192,9.01,9.162,9.025049000000001,616823.0,merlin
2021-09-21,9.246,9.408,9.186,9.344,9.204329,483361.0,merlin
2021-09-22,9.438,9.466,9.29,9.29,9.151135,1045000.0,merlin
2021-09-23,9.49,9.494,9.326,9.384,9.243731,519482.0,merlin
2021-09-24,9.344,9.422,9.22,9.306,9.166897,375192.0,merlin
2021-09-27,9.424,9.472,9.284,9.42,9.279193,921267.0,merlin
2021-09-28,9.44,9.5,9.076,9.076,8.940334,838279.0,merlin
2021-09-29,9.05,9.244,8.968,9.026,8.891082,934806.0,merlin
2021-09-30,9.256,9.258,8.872,8.872,8.739384,962440.0,merlin
2021-10-01,8.854,9.16,8.752,9.108,8.971855999999999,644960.0,merlin
2021-10-04,9.076,9.15,8.982,9.004,8.869411,640646.0,merlin
2021-10-05,9.0,9.108,8.958,9.092,8.956096,592238.0,merlin
2021-10-06,9.058,9.06,8.904,8.982,8.84774,466322.0,merlin
2021-10-07,8.93,9.174,8.93,9.158,9.021109,427728.0,merlin
2021-10-08,9.048,9.22,9.048,9.156,9.019139,497279.0,merlin
2021-10-11,9.078,9.188,9.04,9.188,9.05066,849188.0,merlin
2021-10-12,9.06,9.28,9.028,9.28,9.141285,573919.0,merlin
2021-10-13,9.248,9.43,9.19,9.41,9.269341,808197.0,merlin
2021-10-14,9.48,9.506,9.396,9.412,9.271312,576769.0,merlin
2021-10-15,9.5,9.516,9.394,9.508,9.365877000000001,667652.0,merlin
2021-10-18,9.402,9.424,9.364,9.4,9.259491,264887.0,merlin
2021-10-19,9.344,9.46,9.2,9.396,9.255550999999999,571987.0,merlin
2021-10-20,9.328,9.374,9.22,9.306,9.166897,513132.0,merlin
2021-10-21,9.284,9.412,9.192,9.352,9.21221,401846.0,merlin
2021-10-22,9.394,9.398,9.316,9.35,9.210239,382739.0,merlin
2021-10-25,9.386,9.398,9.264,9.288,9.149166000000001,334451.0,merlin
2021-10-26,9.2,9.44,9.142,9.36,9.220089,501836.0,merlin
2021-10-27,9.456,9.456,9.336,9.44,9.298893,613057.0,merlin
2021-10-28,9.376,9.464,9.332,9.448,9.306774,624232.0,merlin
2021-10-29,9.42,9.508,9.36,9.368,9.22797,693927.0,merlin
2021-11-01,9.452,9.514,9.344,9.388,9.24767,389099.0,merlin
2021-11-02,9.278,9.436,9.226,9.358,9.218119,505923.0,merlin
2021-11-03,9.334,9.364,9.222,9.288,9.149166000000001,536476.0,merlin
2021-11-04,9.33,9.56,9.298,9.472,9.330416,507785.0,merlin
2021-11-05,9.484,9.81,9.442,9.81,9.663363,921289.0,merlin
2021-11-08,9.82,9.85,9.588,9.594,9.450591000000001,698863.0,merlin
2021-11-09,9.58,9.716,9.56,9.656,9.511664999999999,228018.0,merlin
2021-11-10,9.616,9.706,9.586,9.6,9.456502,377136.0,merlin
2021-11-11,9.562,9.606,9.53,9.538,9.395429,493378.0,merlin
2021-11-12,9.542,9.8,9.418,9.712,9.566828,754574.0,merlin
2021-11-15,9.83,10.14,9.736,10.075,9.924401,1069785.0,merlin
2021-11-16,9.962,10.24,9.902,10.24,10.086935,1071565.0,merlin
2021-11-17,10.27,10.27,10.14,10.205,10.052458999999999,1639289.0,merlin
2021-11-18,10.15,10.165,9.844,10.035,9.884999,893590.0,merlin
2021-11-19,9.942,9.95,9.668,9.856,9.856,1301622.0,merlin
2021-11-22,9.868,10.0,9.782,9.874,9.874,680116.0,merlin
2021-11-23,9.99,10.015,9.8,9.816,9.816,841492.0,merlin
2021-11-24,9.82,10.03,9.804,10.015,10.015,616118.0,merlin
2021-11-25,9.958,10.285,9.958,10.26,10.26,1012430.0,merlin
2021-11-26,10.115,10.115,9.8,9.826,9.826,805732.0,merlin
2021-11-29,9.908,10.115,9.82,9.93,9.93,813255.0,merlin
2021-11-30,9.868,10.025,9.716,9.84,9.84,1300625.0,merlin
2021-12-01,9.722,9.798,9.596,9.678,9.678,1036131.0,merlin
2021-12-02,9.58,9.672,9.47,9.566,9.566,1470529.0,merlin
2021-12-03,9.7,9.78,9.498,9.56,9.56,884612.0,merlin
2021-12-06,9.666,9.672,9.492,9.6,9.6,1090946.0,merlin
2021-12-07,9.724,9.724,9.508,9.594,9.594,545133.0,merlin
2021-12-08,9.564,9.856,9.552,9.694,9.694,1110198.0,merlin
2021-12-09,9.762,9.908,9.734,9.776,9.776,1113145.0,merlin
2021-12-10,9.76,9.852,9.736,9.824,9.824,526106.0,merlin
2021-12-13,9.84,9.85,9.468,9.558,9.558,593936.0,merlin
2021-12-14,9.596,9.654,9.492,9.546,9.546,541351.0,merlin
2021-12-15,9.602,9.616,9.488,9.586,9.586,600108.0,merlin
2021-12-16,9.6,9.654,9.53,9.542,9.542,550241.0,merlin
2021-12-17,9.542,9.612,9.462,9.562,9.562,1662448.0,merlin
2021-12-20,9.33,9.356,8.95,8.956,8.956,1477724.0,merlin
2021-12-21,9.106,9.38,9.064,9.336,9.336,1381396.0,merlin
2021-12-22,9.352,9.494,9.25,9.306,9.306,526170.0,merlin
2021-12-23,9.276,9.402,9.276,9.35,9.35,555661.0,merlin
2021-12-27,9.268,9.432,9.268,9.358,9.358,781133.0,merlin
2021-12-28,9.368,9.516,9.322,9.48,9.48,601762.0,merlin
2021-12-29,9.48,9.602,9.434,9.5,9.5,655711.0,merlin
2021-12-30,9.474,9.57,9.426,9.57,9.57,610224.0,merlin
2022-01-03,9.706,9.808,9.638,9.706,9.706,1025473.0,merlin
2022-01-04,9.762,9.792,9.7,9.736,9.736,470233.0,merlin
2022-01-05,9.744,9.808,9.682,9.754,9.754,674697.0,merlin
2022-01-06,9.65,9.912,9.61,9.872,9.872,605076.0,merlin
2022-01-07,9.934,9.948,9.634,9.644,9.644,422020.0,merlin
2022-01-10,9.676,9.732,9.52,9.732,9.732,669792.0,merlin
2022-01-11,9.84,9.85,9.684,9.782,9.782,719659.0,merlin
2022-01-12,9.88,9.92,9.724,9.786,9.786,476626.0,merlin
2022-01-13,9.728,9.846,9.71,9.782,9.782,302200.0,merlin
2022-01-14,9.85,10.065,9.8,10.01,10.01,950463.0,merlin
2022-01-17,10.085,10.12,9.938,10.08,10.08,438599.0,merlin
2022-01-18,10.12,10.12,9.926,10.015,10.015,521217.0,merlin
2022-01-19,10.01,10.215,9.954,10.07,10.07,973552.0,merlin
2022-01-20,10.16,10.16,10.01,10.085,10.085,640161.0,merlin
2022-01-21,9.978,10.005,9.852,9.952,9.952,735468.0,merlin
2022-01-24,9.95,9.97,9.548,9.594,9.594,1288125.0,merlin
2022-01-25,9.546,9.75,9.51,9.648,9.648,853077.0,merlin
2022-01-26,9.8,10.07,9.796,10.01,10.01,5061176.0,merlin
2022-01-27,9.9,10.075,9.838,9.95,9.95,1048647.0,merlin
2022-01-28,10.0,10.0,9.816,9.88,9.88,669258.0,merlin
2022-01-31,9.992,10.095,9.854,10.03,10.03,872376.0,merlin
2022-02-01,10.1,10.23,10.035,10.135,10.135,707004.0,merlin
2022-02-02,10.08,10.185,10.03,10.05,10.05,497541.0,merlin
2022-02-03,10.02,10.135,9.986,10.015,10.015,428366.0,merlin
2022-02-04,10.07,10.07,9.614,9.614,9.614,906127.0,merlin
2022-02-07,9.708,9.712,9.54,9.676,9.676,844013.0,merlin
2022-02-08,9.666,9.804,9.636,9.754,9.754,440010.0,merlin
2022-02-09,9.778,10.085,9.772,10.085,10.085,1164428.0,merlin
2022-02-10,10.16,10.315,10.13,10.29,10.29,652191.0,merlin
2022-02-11,10.18,10.27,9.98,10.26,10.26,675994.0,merlin
2022-02-14,10.13,10.175,9.942,10.04,10.04,549942.0,merlin
2022-02-15,9.962,10.24,9.932,10.185,10.185,559798.0,merlin
2022-02-16,10.23,10.445,10.175,10.405,10.405,753514.0,merlin
2022-02-17,10.32,10.425,10.265,10.305,10.305,546666.0,merlin
2022-02-18,10.33,10.39,10.2,10.2,10.2,788749.0,merlin
2022-02-21,10.24,10.33,10.045,10.135,10.135,642521.0,merlin
2022-02-22,9.9,10.135,9.8,10.005,10.005,780025.0,merlin
2022-02-23,10.0,10.18,9.938,9.966,9.966,712235.0,merlin
2022-02-24,9.74,9.964,9.5,9.74,9.74,1547480.0,merlin
2022-02-25,9.856,10.26,9.814,10.19,10.19,1702617.0,merlin
2022-02-28,10.08,10.195,9.772,10.02,10.02,1234523.0,merlin
2022-03-01,9.8,9.986,9.666,9.68,9.68,662101.0,merlin
2022-03-02,9.68,9.944,9.55,9.898,9.898,716733.0,merlin
2022-03-03,9.898,9.926,9.506,9.52,9.52,910947.0,merlin
2022-03-04,9.5,9.502,8.93,8.938,8.938,1127363.0,merlin
2022-03-07,8.8,9.106,8.37,8.892,8.892,1668840.0,merlin
2022-03-08,8.702,9.222,8.702,8.94,8.94,894279.0,merlin
2022-03-09,9.22,9.498,9.128,9.444,9.444,1161629.0,merlin
2022-03-10,9.462,9.606,9.366,9.488,9.488,736469.0,merlin
2022-03-11,9.53,9.78,9.472,9.64,9.64,959872.0,merlin
2022-03-14,9.8,10.02,9.72,9.806,9.806,769763.0,merlin
2022-03-15,9.688,9.882,9.688,9.85,9.85,838697.0,merlin
2022-03-16,10.02,10.38,9.968,10.15,10.15,1595486.0,merlin
2022-03-17,10.165,10.335,10.105,10.295,10.295,1232280.0,merlin
2022-03-18,10.34,10.35,9.924,10.26,10.26,1532018.0,merlin
2022-03-21,10.365,10.4,10.205,10.205,10.205,580463.0,merlin
2022-03-22,10.315,10.48,10.2,10.465,10.465,755554.0,merlin
2022-03-23,10.32,10.465,10.09,10.09,10.09,888657.0,merlin
2022-03-24,10.045,10.19,10.01,10.155,10.155,722871.0,merlin
2022-03-25,10.345,10.7,10.185,10.65,10.65,1069436.0,merlin
2022-03-28,10.75,10.855,10.665,10.725,10.725,746259.0,merlin
2022-03-29,10.75,10.81,10.595,10.76,10.76,953240.0,merlin
2022-03-30,10.7,10.8,10.65,10.76,10.76,593229.0,merlin
2022-03-31,10.745,10.81,10.565,10.585,10.585,1189078.0,merlin
2022-04-01,10.66,10.73,10.61,10.62,10.62,629137.0,merlin
2022-04-04,10.9,11.11,10.7,10.77,10.77,1672642.0,merlin
2022-04-05,10.79,10.84,10.68,10.77,10.77,1667852.0,merlin
2022-04-06,10.71,10.71,10.38,10.39,10.39,960313.0,merlin
2022-04-07,10.3,10.63,10.22,10.44,10.44,1561644.0,merlin
2022-04-08,10.6,10.68,10.5,10.59,10.59,657552.0,merlin
2022-04-11,10.54,10.67,10.5,10.6,10.6,1577785.0,merlin
2022-04-12,10.55,10.6,10.43,10.5,10.5,828890.0,merlin
2022-04-13,10.48,10.75,10.48,10.75,10.75,451254.0,merlin
2022-04-14,10.8,10.91,10.66,10.83,10.83,1078696.0,merlin
2022-04-19,10.81,10.87,10.56,10.6,10.6,966847.0,merlin
2022-04-20,10.69,10.88,10.66,10.85,10.85,1726510.0,merlin
2022-04-21,10.85,10.93,10.8,10.85,10.85,1179581.0,merlin
2022-04-22,10.72,10.95,10.65,10.82,10.82,1383421.0,merlin
2022-04-25,10.86,10.9,10.68,10.82,10.82,1362231.0,merlin
2022-04-26,10.88,10.95,10.71,10.74,10.74,911783.0,merlin
