2017-04-27,6.49,6.51,6.44,6.45,5.657645,7532900,santander
2017-04-28,6.59,6.6,6.52,6.52,5.7190449999999995,6753300,santander
2017-05-01,6.55,6.59,6.53,6.56,5.754132,4737800,santander
2017-05-02,6.56,6.61,6.53,6.61,5.79799,5633200,santander
2017-05-03,6.59,6.65,6.57,6.63,5.8155339999999995,6336900,santander
2017-05-04,6.71,6.77,6.69,6.75,5.920792,8494000,santander
2017-05-05,6.86,6.99,6.84,6.99,6.131309,9429800,santander
2017-05-08,6.81,6.85,6.8,6.83,5.990963,5777400,santander
2017-05-09,6.8,6.82,6.67,6.69,5.868162,6440400,santander
2017-05-10,6.66,6.72,6.66,6.72,5.894476,6682800,santander
2017-05-11,6.6,6.63,6.55,6.61,5.79799,4916500,santander
2017-05-12,6.61,6.63,6.58,6.63,5.8155339999999995,8107300,santander
2017-05-15,6.71,6.76,6.7,6.74,5.91202,12002700,santander
2017-05-16,6.8,6.81,6.75,6.81,5.973421,4966600,santander
2017-05-17,6.67,6.73,6.56,6.57,5.762904,8210300,santander
2017-05-18,6.31,6.45,6.31,6.42,5.631330999999999,10411100,santander
2017-05-19,6.49,6.59,6.49,6.57,5.762904,8331800,santander
2017-05-22,6.49,6.52,6.42,6.45,5.657645,5498500,santander
2017-05-23,6.55,6.6,6.5,6.58,5.771675,11643600,santander
2017-05-24,6.6,6.64,6.56,6.61,5.79799,3616300,santander
2017-05-25,6.64,6.65,6.58,6.62,5.806761,9384100,santander
2017-05-26,6.53,6.6,6.51,6.59,5.780447000000001,5381800,santander
2017-05-30,6.56,6.58,6.48,6.49,5.692731,5798400,santander
2017-05-31,6.54,6.58,6.47,6.54,5.736587999999999,4958500,santander
2017-06-01,6.47,6.57,6.44,6.56,5.754132,5081000,santander
2017-06-02,6.57,6.6,6.53,6.55,5.74536,8137100,santander
2017-06-05,6.53,6.58,6.52,6.56,5.754132,6550800,santander
2017-06-06,6.53,6.58,6.34,6.36,5.578701000000001,20334700,santander
2017-06-07,6.5,6.55,6.45,6.52,5.7190449999999995,13859400,santander
2017-06-08,6.69,6.85,6.65,6.79,5.955877,16935900,santander
2017-06-09,6.81,6.87,6.76,6.84,5.999735,15077300,santander
2017-06-12,6.81,6.83,6.76,6.83,5.990963,12487600,santander
2017-06-13,6.87,6.89,6.8,6.83,5.990963,8625600,santander
2017-06-14,6.78,6.79,6.67,6.71,5.885705000000001,10598300,santander
2017-06-15,6.53,6.61,6.5,6.59,5.780447000000001,6953500,santander
2017-06-16,6.56,6.61,6.53,6.6,5.789218,7212600,santander
2017-06-19,6.66,6.69,6.64,6.66,5.8418470000000005,6063000,santander
2017-06-20,6.58,6.58,6.49,6.51,5.710275,6996200,santander
2017-06-21,6.53,6.57,6.51,6.54,5.736587999999999,6983700,santander
2017-06-22,6.53,6.57,6.5,6.51,5.710275,5495900,santander
2017-06-23,6.49,6.52,6.47,6.49,5.692731,4047400,santander
2017-06-26,6.59,6.64,6.55,6.56,5.754132,6159300,santander
2017-06-27,6.64,6.7,6.61,6.66,5.8418470000000005,8027800,santander
2017-06-28,6.72,6.88,6.72,6.85,6.008506,13192700,santander
2017-06-29,6.9,6.93,6.71,6.78,5.947107,10390600,santander
2017-06-30,6.72,6.74,6.6,6.69,5.868162,8375900,santander
2017-07-03,6.79,6.85,6.76,6.79,5.955877,5396600,santander
2017-07-05,6.76,6.79,6.72,6.79,5.955877,10649800,santander
2017-07-06,6.74,6.88,6.74,6.83,5.990963,5055200,santander
2017-07-07,6.76,6.8,6.73,6.77,5.938333999999999,2790600,santander
2017-07-10,6.71,6.79,6.69,6.75,5.920792,4794000,santander
2017-07-11,6.72,6.75,6.68,6.75,5.920792,5007300,santander
2017-07-12,6.73,6.76,6.71,6.74,5.91202,5633200,santander
2017-07-13,6.81,6.82,6.76,6.81,5.973421,3502000,santander
2017-07-14,6.75,6.8,6.74,6.76,5.929563,3754200,santander
2017-07-17,6.71,6.71,6.67,6.69,5.868162,3369400,santander
2017-07-18,6.61,6.63,6.58,6.62,5.806761,5318300,santander
2017-07-19,6.51,6.57,6.5,6.55,5.74536,11833500,santander
2017-07-20,6.64,6.69,6.62,6.67,5.850619,5351500,santander
2017-07-21,6.58,6.61,6.56,6.61,5.79799,6977900,santander
2017-07-24,6.65,6.71,6.62,6.71,5.885705000000001,6944000,santander
2017-07-25,6.8,6.84,6.77,6.78,5.947107,6354000,santander
2017-07-26,6.76,6.8,6.72,6.75,5.920792,6644500,santander
2017-07-27,6.77,6.79,6.67,6.73,5.9032480000000005,6776800,santander
2017-07-28,6.78,6.85,6.74,6.84,5.999735,4727800,santander
2017-07-31,6.86,6.87,6.77,6.82,5.982193,4620700,santander
2017-08-01,6.85,6.86,6.8,6.83,6.052196,4545700,santander
2017-08-02,6.79,6.81,6.76,6.79,6.01675,3273500,santander
2017-08-03,6.77,6.86,6.76,6.82,6.043334,4570000,santander
2017-08-04,6.9,6.91,6.83,6.86,6.078779,5241500,santander
2017-08-07,6.87,6.89,6.86,6.89,6.105362,2923600,santander
2017-08-08,6.89,6.91,6.83,6.83,6.052196,4089600,santander
2017-08-09,6.72,6.77,6.71,6.77,5.999028,6191200,santander
2017-08-10,6.64,6.64,6.51,6.52,5.7774980000000005,9544200,santander
2017-08-11,6.52,6.54,6.43,6.47,5.733193,7234500,santander
2017-08-14,6.58,6.64,6.58,6.6,5.848388,4493300,santander
2017-08-15,6.58,6.6,6.54,6.59,5.839528,4394300,santander
2017-08-16,6.64,6.66,6.61,6.62,5.86611,3631900,santander
2017-08-17,6.5,6.53,6.38,6.38,5.653441,6748600,santander
2017-08-18,6.4,6.49,6.38,6.46,5.7243319999999995,4265800,santander
2017-08-21,6.46,6.46,6.41,6.44,5.706608999999999,3672400,santander
2017-08-22,6.43,6.48,6.42,6.47,5.733193,2962700,santander
2017-08-23,6.43,6.46,6.39,6.44,5.706608999999999,5231100,santander
2017-08-24,6.52,6.53,6.46,6.48,5.742054,4571100,santander
2017-08-25,6.52,6.57,6.51,6.53,5.786359,3570700,santander
2017-08-28,6.57,6.57,6.5,6.5,5.7597760000000005,2454800,santander
2017-08-29,6.46,6.51,6.45,6.5,5.7597760000000005,4602900,santander
2017-08-30,6.48,6.49,6.43,6.44,5.706608999999999,2850600,santander
2017-08-31,6.53,6.55,6.49,6.51,5.768637,3761800,santander
2017-09-01,6.52,6.54,6.49,6.51,5.768637,2849300,santander
2017-09-05,6.43,6.44,6.29,6.33,5.609135,6611200,santander
2017-09-06,6.35,6.39,6.34,6.36,5.63572,6363100,santander
2017-09-07,6.4,6.41,6.34,6.39,5.662303,8487200,santander
2017-09-08,6.44,6.48,6.41,6.41,5.680025,5948300,santander
2017-09-11,6.55,6.64,6.55,6.62,5.86611,4862900,santander
2017-09-12,6.65,6.68,6.64,6.65,5.8926940000000005,4419700,santander
2017-09-13,6.68,6.7,6.64,6.64,5.883833,2590900,santander
2017-09-14,6.68,6.72,6.68,6.7,5.937,3310200,santander
2017-09-15,6.64,6.69,6.64,6.66,5.901555,3917200,santander
2017-09-18,6.73,6.75,6.7,6.71,5.945861,4527600,santander
2017-09-19,6.78,6.8,6.76,6.79,6.01675,5391600,santander
2017-09-20,6.71,6.75,6.67,6.74,5.972445,5441200,santander
2017-09-21,6.8,6.8,6.76,6.79,6.01675,3001500,santander
2017-09-22,6.82,6.85,6.81,6.83,6.052196,3958600,santander
2017-09-25,6.77,6.77,6.64,6.68,5.919277,4529300,santander
2017-09-26,6.68,6.68,6.61,6.63,5.8749720000000005,2893000,santander
2017-09-27,6.87,6.89,6.83,6.85,6.069918,6417300,santander
2017-09-28,6.92,6.92,6.88,6.91,6.1230839999999995,4762500,santander
2017-09-29,6.89,6.94,6.89,6.94,6.149669,4828700,santander
2017-10-02,6.71,6.82,6.7,6.82,6.043334,7491900,santander
2017-10-03,6.76,6.82,6.75,6.8,6.0256110000000005,5031400,santander
2017-10-04,6.6,6.62,6.54,6.55,5.804081,12944300,santander
2017-10-05,6.67,6.83,6.66,6.7,5.937,8640300,santander
2017-10-06,6.73,6.76,6.68,6.74,5.972445,6320300,santander
2017-10-09,6.78,6.8,6.73,6.76,5.990168,5256300,santander
2017-10-10,6.61,6.83,6.58,6.82,6.043334,19443300,santander
2017-10-11,6.66,6.71,6.66,6.7,5.937,5156100,santander
2017-10-12,6.67,6.68,6.63,6.64,5.883833,3542700,santander
2017-10-13,6.59,6.64,6.57,6.58,5.830666000000001,3889200,santander
2017-10-16,6.51,6.53,6.47,6.52,5.824412000000001,3838200,santander
2017-10-17,6.59,6.62,6.55,6.55,5.8512129999999996,3392100,santander
2017-10-18,6.57,6.64,6.57,6.61,5.9048099999999994,3296800,santander
2017-10-19,6.56,6.61,6.55,6.58,5.878011,3111400,santander
2017-10-20,6.6,6.62,6.56,6.56,5.860144999999999,3231600,santander
2017-10-23,6.52,6.53,6.45,6.46,5.7708129999999995,3613100,santander
2017-10-24,6.56,6.62,6.54,6.59,5.886945,3601400,santander
2017-10-25,6.66,6.68,6.59,6.63,5.922677999999999,5196000,santander
2017-10-26,6.84,6.85,6.7,6.74,6.020942,7788700,santander
2017-10-27,6.56,6.64,6.52,6.53,5.833346,12701500,santander
2017-10-30,6.74,6.77,6.73,6.73,6.012008,10173500,santander
2017-10-31,6.77,6.8,6.73,6.74,6.020942,4609200,santander
2017-11-01,6.75,6.78,6.73,6.77,6.047741,4339200,santander
2017-11-02,6.7,6.77,6.69,6.77,6.047741,5580200,santander
2017-11-03,6.61,6.62,6.55,6.6,5.895878,5565200,santander
2017-11-06,6.52,6.56,6.5,6.56,5.860144999999999,3409900,santander
2017-11-07,6.55,6.55,6.45,6.46,5.7708129999999995,4171600,santander
2017-11-08,6.45,6.49,6.42,6.48,5.78868,2685600,santander
2017-11-09,6.47,6.48,6.4,6.46,5.7708129999999995,3905500,santander
2017-11-10,6.51,6.54,6.45,6.46,5.7708129999999995,2640000,santander
2017-11-13,6.41,6.45,6.4,6.42,5.735082,2929800,santander
2017-11-14,6.43,6.44,6.39,6.39,5.708282,2978800,santander
2017-11-15,6.38,6.51,6.37,6.49,5.797613,2835000,santander
2017-11-16,6.53,6.54,6.49,6.5,5.806546,1747600,santander
2017-11-17,6.49,6.49,6.44,6.45,5.761880000000001,2476200,santander
2017-11-20,6.45,6.45,6.39,6.42,5.735082,2975800,santander
2017-11-21,6.42,6.45,6.4,6.4,5.717215,2581700,santander
2017-11-22,6.48,6.5,6.44,6.46,5.7708129999999995,2747400,santander
2017-11-24,6.62,6.63,6.58,6.59,5.886945,3021600,santander
2017-11-27,6.62,6.67,6.6,6.61,5.9048099999999994,2881000,santander
2017-11-28,6.62,6.66,6.58,6.65,5.940544,3342400,santander
2017-11-29,6.71,6.77,6.7,6.73,6.012008,5290400,santander
2017-11-30,6.77,6.78,6.68,6.69,5.976275,4879900,santander
2017-12-01,6.66,6.66,6.51,6.59,5.886945,6176000,santander
2017-12-04,6.6,6.6,6.56,6.57,5.869079,4227100,santander
2017-12-05,6.55,6.59,6.5,6.5,5.806546,3415600,santander
2017-12-06,6.43,6.46,6.41,6.43,5.744014,3838100,santander
2017-12-07,6.45,6.53,6.45,6.48,5.78868,4804400,santander
2017-12-08,6.62,6.64,6.58,6.61,5.9048099999999994,3956700,santander
2017-12-11,6.62,6.65,6.61,6.63,5.922677999999999,2617800,santander
2017-12-12,6.62,6.66,6.59,6.65,5.940544,3983200,santander
2017-12-13,6.64,6.65,6.59,6.59,5.886945,4068500,santander
2017-12-14,6.65,6.68,6.56,6.56,5.860144999999999,3802600,santander
2017-12-15,6.61,6.62,6.55,6.56,5.860144999999999,4383900,santander
2017-12-18,6.63,6.66,6.62,6.63,5.922677999999999,3805900,santander
2017-12-19,6.67,6.69,6.65,6.67,5.95841,3054900,santander
2017-12-20,6.64,6.69,6.63,6.65,5.940544,3275800,santander
2017-12-21,6.67,6.76,6.67,6.69,5.976275,4692600,santander
2017-12-22,6.61,6.63,6.58,6.61,5.9048099999999994,3077500,santander
2017-12-26,6.6,6.62,6.59,6.61,5.9048099999999994,1489900,santander
2017-12-27,6.59,6.6,6.56,6.57,5.869079,3036500,santander
2017-12-28,6.56,6.59,6.54,6.55,5.8512129999999996,3645000,santander
2017-12-29,6.56,6.56,6.52,6.54,5.842278,2804800,santander
2018-01-02,6.55,6.57,6.53,6.55,5.8512129999999996,3013400,santander
2018-01-03,6.51,6.53,6.48,6.53,5.833346,3396600,santander
2018-01-04,6.72,6.77,6.7,6.75,6.0298739999999995,5481900,santander
2018-01-05,6.78,6.81,6.74,6.79,6.065607,3553400,santander
2018-01-08,6.79,6.82,6.76,6.77,6.047741,2622300,santander
2018-01-09,6.76,6.78,6.74,6.76,6.038808,3417300,santander
2018-01-10,6.96,6.97,6.93,6.94,6.199605,6035500,santander
2018-01-11,7.12,7.16,7.09,7.11,6.351468,8355500,santander
2018-01-12,7.17,7.2,7.12,7.17,6.405067,5368100,santander
2018-01-16,7.2,7.24,7.17,7.18,6.414001,5176900,santander
2018-01-17,7.17,7.22,7.13,7.2,6.431866,4181500,santander
2018-01-18,7.2,7.22,7.17,7.19,6.422934,2658600,santander
2018-01-19,7.22,7.25,7.2,7.25,6.476532,3945800,santander
2018-01-22,7.36,7.42,7.34,7.42,6.628396,5994700,santander
2018-01-23,7.32,7.37,7.3,7.36,6.574797,5149900,santander
2018-01-24,7.42,7.43,7.35,7.42,6.628396,5100800,santander
2018-01-25,7.53,7.57,7.49,7.52,6.717727,7293100,santander
2018-01-26,7.5,7.55,7.49,7.55,6.744526,3505300,santander
2018-01-29,7.46,7.48,7.43,7.46,6.664128,4993700,santander
2018-01-30,7.35,7.37,7.31,7.35,6.6298509999999995,4840900,santander
2018-01-31,7.39,7.42,7.37,7.41,6.683973,5015800,santander
2018-02-01,7.36,7.42,7.34,7.42,6.6929929999999995,5253700,santander
2018-02-02,7.3,7.32,7.16,7.16,6.458468,6415300,santander
2018-02-05,7.14,7.2,6.87,6.91,6.232962000000001,9733800,santander
2018-02-06,6.89,7.06,6.87,7.05,6.359246,11341100,santander
2018-02-07,6.96,7.05,6.95,6.96,6.2780629999999995,7453900,santander
2018-02-08,6.95,6.95,6.72,6.73,6.070599,7797500,santander
2018-02-09,6.71,6.78,6.51,6.76,6.097659999999999,14570900,santander
2018-02-12,6.79,6.91,6.79,6.88,6.205902,9886300,santander
2018-02-13,6.78,6.81,6.75,6.8,6.1337410000000006,5265400,santander
2018-02-14,6.69,6.93,6.69,6.92,6.241982,7201800,santander
2018-02-15,6.94,6.94,6.85,6.92,6.241982,4660600,santander
2018-02-16,6.94,7.02,6.94,6.98,6.296104,8275800,santander
2018-02-20,6.98,7.02,6.97,6.99,6.305124,8041400,santander
2018-02-21,6.98,7.03,6.9,6.92,6.241982,9719800,santander
2018-02-22,6.97,7.02,6.93,6.95,6.269044,37092900,santander
2018-02-23,6.95,7.04,6.94,7.03,6.341206,20358400,santander
2018-02-26,7.0,7.1,6.99,7.08,6.386307,14094500,santander
2018-02-27,7.06,7.08,7.0,7.0,6.314145,9538200,santander
2018-02-28,7.01,7.02,6.87,6.87,6.196880999999999,4866300,santander
2018-03-01,6.85,6.89,6.74,6.81,6.14276,7382000,santander
2018-03-02,6.78,6.83,6.73,6.83,6.160801,5887600,santander
2018-03-05,6.76,6.83,6.72,6.81,6.14276,7236000,santander
2018-03-06,6.85,6.87,6.79,6.83,6.160801,6311100,santander
2018-03-07,6.77,6.84,6.75,6.82,6.151781,5201500,santander
2018-03-08,6.82,6.86,6.73,6.77,6.10668,5259400,santander
2018-03-09,6.75,6.8,6.72,6.78,6.1157010000000005,6180300,santander
2018-03-12,6.76,6.79,6.75,6.77,6.10668,5558600,santander
2018-03-13,6.8,6.83,6.71,6.73,6.070599,4670700,santander
2018-03-14,6.72,6.72,6.61,6.62,5.9713769999999995,6515600,santander
2018-03-15,6.59,6.61,6.56,6.57,5.9262760000000005,6018700,santander
2018-03-16,6.69,6.74,6.66,6.67,6.016478,4496000,santander
2018-03-19,6.7,6.7,6.57,6.64,5.9894169999999995,6327300,santander
2018-03-20,6.6,6.64,6.58,6.62,5.9713769999999995,14446300,santander
2018-03-21,6.56,6.62,6.51,6.56,5.917255,7242000,santander
2018-03-22,6.43,6.44,6.33,6.35,5.727831,14786100,santander
2018-03-23,6.41,6.45,6.33,6.34,5.718812000000001,12380300,santander
2018-03-26,6.54,6.56,6.47,6.56,5.917255,8544500,santander
2018-03-27,6.53,6.57,6.41,6.44,5.809012999999999,9801700,santander
2018-03-28,6.44,6.53,6.41,6.47,5.836074,10818800,santander
2018-03-29,6.56,6.59,6.52,6.55,5.9082360000000005,6642600,santander
2018-04-02,6.55,6.55,6.39,6.43,5.799993,5460300,santander
2018-04-03,6.44,6.48,6.4,6.46,5.827053,5431500,santander
2018-04-04,6.35,6.46,6.35,6.46,5.827053,6831100,santander
2018-04-05,6.58,6.64,6.55,6.6,5.953336,7190000,santander
2018-04-06,6.6,6.61,6.5,6.52,5.881175,6153300,santander
2018-04-09,6.6,6.65,6.55,6.55,5.9082360000000005,6144300,santander
2018-04-10,6.63,6.66,6.59,6.63,5.980397,11099800,santander
2018-04-11,6.62,6.64,6.58,6.58,5.935296,3316600,santander
2018-04-12,6.6,6.64,6.59,6.6,5.953336,3655600,santander
2018-04-13,6.74,6.74,6.59,6.61,5.962356,8224000,santander
2018-04-16,6.67,6.72,6.66,6.71,6.052559,6420600,santander
2018-04-17,6.7,6.71,6.66,6.68,6.0254970000000005,3771000,santander
2018-04-18,6.78,6.8,6.74,6.76,6.097659999999999,6027000,santander
2018-04-19,6.78,6.81,6.76,6.8,6.1337410000000006,5513900,santander
2018-04-20,6.78,6.79,6.74,6.78,6.1157010000000005,3243700,santander
2018-04-23,6.78,6.82,6.76,6.79,6.12472,3546100,santander
2018-04-24,6.58,6.61,6.52,6.54,5.899214,8475800,santander
2018-04-25,6.51,6.59,6.48,6.57,5.9262760000000005,4842000,santander
2018-04-26,6.55,6.55,6.48,6.51,5.872154,3205100,santander
2018-04-27,6.5,6.55,6.48,6.53,5.890194999999999,4449000,santander
2018-04-30,6.54,6.57,6.52,6.52,5.881175,2444700,santander
2018-05-01,6.51,6.51,6.4,6.46,5.827053,3660000,santander
2018-05-02,6.48,6.5,6.44,6.45,5.884530000000001,3070400,santander
2018-05-03,6.4,6.43,6.36,6.39,5.82979,4231500,santander
2018-05-04,6.34,6.46,6.33,6.44,5.875407,2999200,santander
2018-05-07,6.42,6.44,6.39,6.39,5.82979,3033500,santander
2018-05-08,6.36,6.39,6.34,6.37,5.8115440000000005,3729700,santander
2018-05-09,6.44,6.5,6.42,6.49,5.921023,3103000,santander
2018-05-10,6.5,6.56,6.48,6.55,5.975764,3318900,santander
2018-05-11,6.6,6.62,6.57,6.58,6.003133,3580200,santander
2018-05-14,6.6,6.6,6.55,6.57,5.994008999999999,3601300,santander
2018-05-15,6.47,6.51,6.43,6.48,5.9119,4046300,santander
2018-05-16,6.34,6.37,6.27,6.31,5.756804,8611100,santander
2018-05-17,6.31,6.33,6.29,6.3,5.74768,3058100,santander
2018-05-18,6.17,6.18,6.11,6.13,5.5925839999999996,5915400,santander
2018-05-21,6.1,6.11,6.07,6.08,5.546968,4533000,santander
2018-05-22,6.21,6.21,6.17,6.19,5.647324,9819800,santander
2018-05-23,6.04,6.07,6.0,6.06,5.528722,8165300,santander
2018-05-24,6.03,6.05,5.97,6.01,5.483105,4507900,santander
2018-05-25,5.78,5.84,5.74,5.84,5.328009,8532400,santander
2018-05-29,5.35,5.43,5.25,5.31,4.844474,28305000,santander
2018-05-30,5.44,5.51,5.4,5.47,4.9904470000000005,12193100,santander
2018-05-31,5.42,5.47,5.31,5.46,4.981324,16064100,santander
2018-06-01,5.57,5.62,5.51,5.57,5.08168,15080000,santander
2018-06-04,5.62,5.64,5.58,5.6,5.109049,7675000,santander
2018-06-05,5.58,5.58,5.48,5.51,5.02694,6843400,santander
2018-06-06,5.56,5.67,5.54,5.67,5.172912999999999,7823600,santander
2018-06-07,5.66,5.68,5.56,5.59,5.099927,8100000,santander
2018-06-08,5.55,5.56,5.5,5.55,5.063433,7065200,santander
2018-06-11,5.62,5.74,5.61,5.73,5.227653,12361800,santander
2018-06-12,5.72,5.73,5.63,5.64,5.145542,6325700,santander
2018-06-13,5.64,5.67,5.59,5.63,5.136419,8092700,santander
2018-06-14,5.58,5.61,5.55,5.56,5.072556,6791900,santander
2018-06-15,5.4,5.49,5.39,5.45,4.9722,10949800,santander
2018-06-18,5.4,5.44,5.38,5.43,4.953953,6893100,santander
2018-06-19,5.39,5.44,5.35,5.43,4.953953,6209900,santander
2018-06-20,5.54,5.56,5.48,5.49,5.008693,6249100,santander
2018-06-21,5.47,5.5,5.4,5.46,4.981324,8588100,santander
2018-06-22,5.54,5.55,5.48,5.49,5.008693,7691600,santander
2018-06-25,5.43,5.45,5.37,5.42,4.944831,6388100,santander
2018-06-26,5.42,5.43,5.37,5.41,4.935706,5437300,santander
2018-06-27,5.33,5.39,5.26,5.27,4.807981,9503400,santander
2018-06-28,5.31,5.34,5.28,5.32,4.853597,6848700,santander
2018-06-29,5.38,5.41,5.33,5.34,4.871844,8515100,santander
2018-07-02,5.3,5.34,5.27,5.32,4.853597,6382800,santander
2018-07-03,5.37,5.4,5.36,5.36,4.89009,4646200,santander
2018-07-05,5.55,5.58,5.53,5.55,5.063433,10509000,santander
2018-07-06,5.54,5.61,5.53,5.59,5.099927,3867200,santander
2018-07-09,5.64,5.66,5.63,5.65,5.154666000000001,7427200,santander
2018-07-10,5.58,5.62,5.55,5.6,5.109049,4791400,santander
2018-07-11,5.49,5.51,5.41,5.44,4.963076,8364600,santander
2018-07-12,5.44,5.49,5.43,5.47,4.9904470000000005,5601400,santander
2018-07-13,5.41,5.42,5.37,5.42,4.944831,5907200,santander
2018-07-16,5.43,5.49,5.43,5.47,4.9904470000000005,7299600,santander
2018-07-17,5.41,5.42,5.31,5.33,4.8627199999999995,51044100,santander
2018-07-18,5.33,5.41,5.33,5.39,4.91746,13921300,santander
2018-07-19,5.35,5.44,5.33,5.41,4.935706,18997900,santander
2018-07-20,5.4,5.45,5.37,5.43,4.953953,10217400,santander
2018-07-23,5.43,5.49,5.42,5.47,4.9904470000000005,8120100,santander
2018-07-24,5.54,5.55,5.51,5.52,5.0360629999999995,10322900,santander
2018-07-25,5.55,5.56,5.47,5.53,5.045186,7196600,santander
2018-07-26,5.54,5.56,5.51,5.55,5.063433,8878900,santander
2018-07-27,5.57,5.64,5.57,5.6,5.109049,6781600,santander
2018-07-30,5.55,5.59,5.54,5.58,5.159909,4204600,santander
2018-07-31,5.65,5.66,5.58,5.59,5.169157,4867900,santander
2018-08-01,5.57,5.58,5.5,5.52,5.104426,5113900,santander
2018-08-02,5.42,5.45,5.39,5.42,5.011955,8040300,santander
2018-08-03,5.41,5.44,5.38,5.44,5.030449,4507600,santander
2018-08-06,5.38,5.4,5.36,5.39,4.984213,6649400,santander
2018-08-07,5.47,5.49,5.44,5.44,5.030449,5896500,santander
2018-08-08,5.41,5.45,5.39,5.43,5.0212010000000005,3731900,santander
2018-08-09,5.39,5.4,5.36,5.37,4.965719,3858800,santander
2018-08-10,5.15,5.2,5.13,5.19,4.79927,17258800,santander
2018-08-13,5.07,5.13,5.04,5.04,4.660563,14479900,santander
2018-08-14,5.04,5.09,5.01,5.06,4.679057,8178800,santander
2018-08-15,4.91,4.98,4.88,4.95,4.577339,10055000,santander
2018-08-16,5.0,5.03,4.98,4.99,4.614326999999999,9111100,santander
2018-08-17,4.96,5.01,4.93,5.0,4.623575,6486800,santander
2018-08-20,4.99,5.02,4.98,4.99,4.614326999999999,2890200,santander
2018-08-21,5.1,5.14,5.08,5.1,4.7160459999999995,6207000,santander
2018-08-22,5.06,5.09,5.06,5.08,4.697551,5857800,santander
2018-08-23,5.04,5.07,5.01,5.01,4.632822,6372400,santander
2018-08-24,5.07,5.09,5.06,5.06,4.679057,3503500,santander
2018-08-27,5.09,5.14,5.08,5.13,4.743787,3239400,santander
2018-08-28,5.15,5.15,5.09,5.09,4.706799,4396400,santander
2018-08-29,5.06,5.13,5.05,5.12,4.73454,4668500,santander
2018-08-30,5.03,5.03,4.98,5.0,4.623575,4862300,santander
2018-08-31,4.99,5.01,4.95,4.99,4.614326999999999,6361500,santander
2018-09-04,4.92,4.99,4.89,4.98,4.60508,6991100,santander
2018-09-05,5.0,5.02,4.96,4.99,4.614326999999999,4101700,santander
2018-09-06,4.97,4.99,4.9,4.93,4.558845,4425800,santander
2018-09-07,4.82,4.87,4.82,4.85,4.4848669999999995,7324400,santander
2018-09-10,4.98,4.99,4.92,4.92,4.549597,8346300,santander
2018-09-11,4.87,4.93,4.87,4.93,4.558845,3479300,santander
2018-09-12,4.89,4.95,4.89,4.91,4.54035,3313100,santander
2018-09-13,5.03,5.06,4.97,4.99,4.614326999999999,5570000,santander
2018-09-14,4.98,5.0,4.96,4.98,4.60508,5353300,santander
2018-09-17,5.04,5.09,5.04,5.05,4.66981,3921200,santander
2018-09-18,5.1,5.17,5.09,5.14,4.7530339999999995,11564900,santander
2018-09-19,5.21,5.25,5.19,5.25,4.854753,8400200,santander
2018-09-20,5.4,5.43,5.35,5.41,5.002707,10401000,santander
2018-09-21,5.35,5.39,5.33,5.37,4.965719,4650000,santander
2018-09-24,5.33,5.34,5.27,5.27,4.873247,4358600,santander
2018-09-25,5.29,5.33,5.27,5.32,4.919484,4814500,santander
2018-09-26,5.28,5.29,5.25,5.25,4.854753,7212400,santander
2018-09-27,5.2,5.25,5.18,5.2,4.808517,8422100,santander
2018-09-28,5.02,5.07,5.0,5.0,4.623575,6338900,santander
2018-10-01,5.03,5.05,4.94,4.97,4.595833,6664700,santander
2018-10-02,4.94,4.95,4.9,4.92,4.549597,8678800,santander
2018-10-03,5.04,5.07,5.01,5.03,4.6513160000000005,7054400,santander
2018-10-04,5.06,5.08,5.0,5.03,4.6513160000000005,4303300,santander
2018-10-05,5.01,5.01,4.95,4.98,4.60508,4559400,santander
2018-10-08,4.98,5.05,4.96,5.04,4.660563,7255300,santander
2018-10-09,5.02,5.06,4.98,5.04,4.660563,6496900,santander
2018-10-10,5.08,5.09,4.98,4.99,4.614326999999999,8132000,santander
2018-10-11,5.0,5.01,4.88,4.91,4.54035,9818800,santander
2018-10-12,4.96,4.97,4.82,4.89,4.521855,6767200,santander
2018-10-15,4.9,4.96,4.88,4.92,4.549597,10489100,santander
2018-10-16,4.97,5.0,4.94,4.97,4.633503,6526600,santander
2018-10-17,4.91,4.94,4.86,4.9,4.568243,6166300,santander
2018-10-18,4.8,4.83,4.68,4.7,4.381784,8660600,santander
2018-10-19,4.71,4.82,4.71,4.77,4.447044,12789300,santander
2018-10-22,4.72,4.73,4.68,4.68,4.363137999999999,6346300,santander
2018-10-23,4.66,4.76,4.65,4.72,4.40043,21633400,santander
2018-10-24,4.6,4.61,4.5,4.5,4.195325,16777500,santander
2018-10-25,4.63,4.69,4.6,4.65,4.3351690000000005,15014600,santander
2018-10-26,4.57,4.64,4.51,4.62,4.3072,12853100,santander
2018-10-29,4.73,4.75,4.63,4.68,4.363137999999999,7769300,santander
2018-10-30,4.72,4.74,4.68,4.71,4.391107,10717500,santander
2018-10-31,4.78,4.82,4.76,4.78,4.456368,10039700,santander
2018-11-01,4.84,4.89,4.82,4.88,4.549597,11460700,santander
2018-11-02,4.94,4.95,4.88,4.94,4.605535,7972700,santander
2018-11-05,4.91,4.93,4.83,4.85,4.521628,8930700,santander
2018-11-06,4.83,4.96,4.79,4.96,4.624181,16326100,santander
2018-11-07,4.97,4.99,4.92,4.96,4.624181,10167800,santander
2018-11-08,4.95,4.97,4.81,4.82,4.493659,8338500,santander
2018-11-09,4.81,4.92,4.78,4.88,4.549597,8929500,santander
2018-11-12,4.78,4.78,4.71,4.72,4.40043,16377500,santander
2018-11-13,4.8,4.89,4.8,4.86,4.530951,10698500,santander
2018-11-14,4.9,4.91,4.79,4.85,4.521628,6285900,santander
2018-11-15,4.77,4.87,4.75,4.83,4.502982,5770200,santander
2018-11-16,4.82,4.87,4.79,4.84,4.5123050000000005,4551200,santander
2018-11-19,4.84,4.87,4.79,4.83,4.502982,11947100,santander
2018-11-20,4.71,4.73,4.63,4.64,4.325846,6674300,santander
2018-11-21,4.71,4.76,4.69,4.72,4.40043,4963900,santander
2018-11-23,4.64,4.66,4.63,4.65,4.3351690000000005,3255400,santander
2018-11-26,4.79,4.82,4.76,4.78,4.456368,8605200,santander
2018-11-27,4.73,4.78,4.72,4.76,4.437722,6571100,santander
2018-11-28,4.8,4.88,4.76,4.87,4.540274,5740800,santander
2018-11-29,4.82,4.84,4.78,4.82,4.493659,4442800,santander
2018-11-30,4.76,4.77,4.73,4.76,4.437722,4183700,santander
2018-12-03,4.86,4.88,4.84,4.87,4.540274,5039100,santander
2018-12-04,4.79,4.8,4.62,4.64,4.325846,8603200,santander
2018-12-06,4.58,4.62,4.51,4.62,4.3072,10993300,santander
2018-12-07,4.59,4.63,4.51,4.52,4.213971,5697400,santander
2018-12-10,4.49,4.51,4.39,4.44,4.139387999999999,9416800,santander
2018-12-11,4.44,4.47,4.3,4.33,4.036835,15269900,santander
2018-12-12,4.5,4.59,4.49,4.54,4.232616,13075000,santander
2018-12-13,4.65,4.66,4.56,4.58,4.269908,8518600,santander
2018-12-14,4.53,4.59,4.52,4.54,4.232616,6156500,santander
2018-12-17,4.58,4.6,4.47,4.5,4.195325,13967800,santander
2018-12-18,4.52,4.56,4.48,4.49,4.186001999999999,7082900,santander
2018-12-19,4.57,4.62,4.43,4.48,4.176679,10780700,santander
2018-12-20,4.49,4.54,4.47,4.48,4.176679,9119800,santander
2018-12-21,4.43,4.47,4.32,4.36,4.0648040000000005,13184800,santander
2018-12-24,4.37,4.38,4.31,4.32,4.027512000000001,4687800,santander
2018-12-26,4.3,4.44,4.21,4.43,4.130064,9384100,santander
2018-12-27,4.35,4.42,4.29,4.41,4.1114180000000005,15627600,santander
2018-12-28,4.49,4.5,4.42,4.44,4.139387999999999,16717400,santander
2018-12-31,4.45,4.5,4.43,4.48,4.176679,8827700,santander
2019-01-02,4.4,4.53,4.4,4.51,4.204648000000001,8905500,santander
2019-01-03,4.55,4.58,4.52,4.55,4.2419400000000005,6186700,santander
2019-01-04,4.7,4.75,4.68,4.72,4.40043,6432200,santander
2019-01-07,4.75,4.82,4.73,4.78,4.456368,6737000,santander
2019-01-08,4.83,4.84,4.78,4.81,4.484336,4158600,santander
2019-01-09,4.82,4.85,4.79,4.82,4.493659,4264100,santander
2019-01-10,4.85,4.9,4.84,4.88,4.549597,5038800,santander
2019-01-11,4.87,4.93,4.85,4.9,4.568243,14537300,santander
2019-01-14,4.8,4.93,4.8,4.89,4.558919,6490800,santander
2019-01-15,4.84,4.87,4.81,4.87,4.540274,5787800,santander
2019-01-16,4.87,4.93,4.86,4.92,4.586889,4991000,santander
2019-01-17,4.86,4.91,4.83,4.87,4.540274,5018800,santander
2019-01-18,4.93,4.98,4.89,4.97,4.633503,6133100,santander
2019-01-22,4.87,4.91,4.86,4.88,4.549597,8876100,santander
2019-01-23,4.96,4.97,4.92,4.94,4.605535,5515800,santander
2019-01-24,4.91,4.94,4.87,4.93,4.596211,3732600,santander
2019-01-25,4.96,5.03,4.96,5.02,4.680118,4231700,santander
2019-01-28,4.96,5.01,4.94,4.98,4.642827,5820200,santander
2019-01-29,4.96,4.99,4.93,4.95,4.614857,3862900,santander
2019-01-30,4.79,4.85,4.76,4.8,4.54386,6021600,santander
2019-01-31,4.7,4.75,4.68,4.74,4.487061,8136500,santander
2019-02-01,4.65,4.7,4.63,4.66,4.41133,7364000,santander
2019-02-04,4.59,4.67,4.58,4.65,4.401864,8306000,santander
2019-02-05,4.69,4.72,4.65,4.71,4.458663,8438600,santander
2019-02-06,4.69,4.73,4.68,4.7,4.449196,5518400,santander
2019-02-07,4.61,4.62,4.53,4.56,4.316667,8576900,santander
2019-02-08,4.52,4.54,4.47,4.53,4.288268,8787800,santander
2019-02-11,4.54,4.55,4.51,4.52,4.2788010000000005,14384100,santander
2019-02-12,4.57,4.6,4.51,4.54,4.297733999999999,12159300,santander
2019-02-13,4.54,4.57,4.52,4.53,4.288268,5152900,santander
2019-02-14,4.51,4.56,4.49,4.52,4.2788010000000005,5538000,santander
2019-02-15,4.61,4.66,4.59,4.64,4.392398,5252300,santander
2019-02-19,4.63,4.71,4.62,4.68,4.430263,10530100,santander
2019-02-20,4.68,4.73,4.66,4.71,4.458663,6846900,santander
2019-02-21,4.72,4.74,4.66,4.66,4.41133,11924000,santander
2019-02-22,4.71,4.73,4.66,4.68,4.430263,4933200,santander
2019-02-25,4.75,4.77,4.73,4.74,4.487061,7090800,santander
2019-02-26,4.71,4.79,4.71,4.75,4.496528,6809500,santander
2019-02-27,4.74,4.81,4.74,4.79,4.534393,8507400,santander
2019-02-28,4.86,4.89,4.84,4.86,4.600658,8256800,santander
2019-03-01,4.89,4.93,4.83,4.86,4.600658,8763500,santander
2019-03-04,4.81,4.83,4.76,4.79,4.534393,8742800,santander
2019-03-05,4.79,4.85,4.75,4.8,4.54386,7256600,santander
2019-03-06,4.88,4.9,4.84,4.86,4.600658,9070700,santander
2019-03-07,4.71,4.72,4.61,4.62,4.373465,10615800,santander
2019-03-08,4.55,4.61,4.54,4.6,4.354532,6782800,santander
2019-03-11,4.61,4.67,4.61,4.66,4.41133,5721100,santander
2019-03-12,4.67,4.72,4.64,4.69,4.439729,7047000,santander
2019-03-13,4.8,4.83,4.79,4.82,4.562793,9894300,santander
2019-03-14,4.87,4.89,4.83,4.84,4.581726000000001,6203900,santander
2019-03-15,4.88,4.95,4.87,4.93,4.666923000000001,8505400,santander
2019-03-18,5.02,5.04,4.97,5.01,4.742653,6101600,santander
2019-03-19,5.11,5.12,5.02,5.04,4.771053,7654900,santander
2019-03-20,5.03,5.06,4.98,4.98,4.714254,6252200,santander
2019-03-21,4.93,4.94,4.87,4.89,4.6290569999999995,7664300,santander
2019-03-22,4.71,4.72,4.62,4.65,4.401864,12840300,santander
2019-03-25,4.67,4.7,4.62,4.65,4.401864,8201000,santander
2019-03-26,4.6,4.62,4.56,4.6,4.354532,9644600,santander
2019-03-27,4.72,4.73,4.62,4.67,4.420797,9622600,santander
2019-03-28,4.61,4.62,4.57,4.61,4.363999,5711700,santander
2019-03-29,4.63,4.65,4.57,4.63,4.382931,6088100,santander
2019-04-01,4.72,4.8,4.71,4.8,4.54386,6915400,santander
2019-04-02,4.77,4.81,4.74,4.78,4.524927,5658200,santander
2019-04-03,4.88,4.9,4.84,4.85,4.591191,6012400,santander
2019-04-04,4.87,4.92,4.87,4.9,4.638523999999999,5333000,santander
2019-04-05,4.89,4.93,4.87,4.91,4.64799,4210300,santander
2019-04-08,4.9,4.93,4.89,4.93,4.666923000000001,3274200,santander
2019-04-09,4.91,4.93,4.88,4.88,4.619591000000001,4773500,santander
2019-04-10,4.91,4.93,4.86,4.91,4.64799,6108300,santander
2019-04-11,4.98,5.05,4.97,5.01,4.742653,6922400,santander
2019-04-12,5.16,5.18,5.06,5.09,4.818385,30606700,santander
2019-04-15,5.11,5.12,5.07,5.09,4.818385,14056200,santander
2019-04-16,5.1,5.13,5.08,5.12,4.846783,13459600,santander
2019-04-17,5.24,5.25,5.18,5.22,4.941447,11401400,santander
2019-04-18,5.13,5.17,5.09,5.14,4.865716,8229000,santander
2019-04-22,5.12,5.16,5.11,5.13,4.85625,4216100,santander
2019-04-23,5.06,5.08,5.03,5.06,4.789985,6614300,santander
2019-04-24,5.0,5.0,4.92,4.93,4.666923000000001,7315200,santander
2019-04-25,4.93,4.97,4.9,4.91,4.64799,12018100,santander
2019-04-26,4.96,4.99,4.94,4.96,4.695322,6743300,santander
2019-04-29,4.95,5.02,4.94,5.0,4.80389,15622800,santander
2019-04-30,5.0,5.03,4.96,4.99,4.794282,10971800,santander
2019-05-01,4.98,5.02,4.91,4.92,4.727028,10640800,santander
2019-05-02,4.94,4.96,4.86,4.88,4.688597,29873700,santander
2019-05-03,4.89,4.91,4.85,4.9,4.7078120000000006,10002700,santander
2019-05-06,4.81,4.86,4.8,4.84,4.6501660000000005,7406400,santander
2019-05-07,4.75,4.76,4.67,4.69,4.506048000000001,10227200,santander
2019-05-08,4.68,4.75,4.68,4.7,4.515656,6106900,santander
2019-05-09,4.62,4.68,4.61,4.65,4.467618,8435800,santander
2019-05-10,4.62,4.69,4.58,4.67,4.486833,8432100,santander
2019-05-13,4.57,4.57,4.52,4.52,4.342716,9403900,santander
2019-05-14,4.53,4.58,4.52,4.54,4.361932,5797900,santander
2019-05-15,4.49,4.58,4.48,4.56,4.3811480000000005,6585500,santander
2019-05-16,4.6,4.65,4.59,4.62,4.438794000000001,6502600,santander
2019-05-17,4.57,4.62,4.55,4.56,4.3811480000000005,7583600,santander
2019-05-20,4.56,4.58,4.53,4.54,4.361932,6861400,santander
2019-05-21,4.54,4.58,4.51,4.57,4.390755,7275900,santander
2019-05-22,4.5,4.51,4.47,4.5,4.323501,10887100,santander
2019-05-23,4.45,4.48,4.43,4.45,4.275462,7042000,santander
2019-05-24,4.5,4.51,4.46,4.49,4.313893,5078500,santander
2019-05-28,4.48,4.49,4.41,4.41,4.237031,5286200,santander
2019-05-29,4.41,4.45,4.39,4.43,4.256247,8156800,santander
2019-05-30,4.46,4.51,4.45,4.49,4.313893,7316400,santander
2019-05-31,4.37,4.41,4.33,4.33,4.160168,44617900,santander
2019-06-03,4.35,4.39,4.33,4.37,4.198599,17700800,santander
2019-06-04,4.49,4.5,4.46,4.49,4.313893,20714700,santander
2019-06-05,4.46,4.48,4.43,4.45,4.275462,14736600,santander
2019-06-06,4.46,4.48,4.39,4.44,4.265854,17765200,santander
2019-06-07,4.45,4.47,4.44,4.44,4.265854,9719600,santander
2019-06-10,4.5,4.54,4.48,4.49,4.313893,5793700,santander
2019-06-11,4.54,4.54,4.49,4.51,4.333108999999999,8551000,santander
2019-06-12,4.46,4.48,4.45,4.45,4.275462,5245300,santander
2019-06-13,4.43,4.46,4.42,4.44,4.265854,6313800,santander
2019-06-14,4.42,4.42,4.38,4.4,4.227423,4316500,santander
2019-06-17,4.41,4.44,4.38,4.38,4.208208,3488000,santander
2019-06-18,4.4,4.46,4.39,4.42,4.246639,6270700,santander
2019-06-19,4.51,4.53,4.48,4.48,4.304285,6147000,santander
2019-06-20,4.52,4.54,4.48,4.52,4.342716,8157900,santander
2019-06-21,4.5,4.52,4.47,4.49,4.313893,19268300,santander
2019-06-24,4.51,4.54,4.48,4.48,4.304285,6792300,santander
2019-06-25,4.49,4.51,4.47,4.48,4.304285,6882400,santander
2019-06-26,4.54,4.57,4.51,4.54,4.361932,7889100,santander
2019-06-27,4.55,4.57,4.54,4.55,4.37154,6959000,santander
2019-06-28,4.56,4.6,4.55,4.58,4.400363,5383000,santander
2019-07-01,4.67,4.68,4.57,4.58,4.400363,6991800,santander
2019-07-02,4.59,4.61,4.57,4.58,4.400363,6881600,santander
2019-07-03,4.64,4.67,4.64,4.65,4.467618,6278100,santander
2019-07-05,4.72,4.74,4.67,4.69,4.506048000000001,8938800,santander
2019-07-08,4.64,4.67,4.62,4.62,4.438794000000001,7987900,santander
2019-07-09,4.59,4.62,4.55,4.58,4.400363,8232600,santander
2019-07-10,4.66,4.69,4.62,4.63,4.448402,12359300,santander
2019-07-11,4.68,4.72,4.67,4.7,4.515656,8019600,santander
2019-07-12,4.69,4.7,4.67,4.67,4.486833,3954700,santander
2019-07-15,4.68,4.68,4.64,4.64,4.45801,8421000,santander
2019-07-16,4.66,4.7,4.64,4.65,4.467618,9447200,santander
2019-07-17,4.61,4.61,4.54,4.55,4.37154,8784400,santander
2019-07-18,4.51,4.54,4.49,4.5,4.323501,11528900,santander
2019-07-19,4.46,4.46,4.41,4.43,4.256247,13869800,santander
2019-07-22,4.43,4.44,4.4,4.41,4.237031,8677200,santander
2019-07-23,4.55,4.58,4.54,4.54,4.361932,14153000,santander
2019-07-24,4.55,4.58,4.55,4.57,4.390755,8401900,santander
2019-07-25,4.57,4.58,4.48,4.5,4.323501,6278500,santander
2019-07-26,4.49,4.5,4.46,4.46,4.285069,8302900,santander
2019-07-29,4.45,4.46,4.43,4.43,4.256247,10073500,santander
2019-07-30,4.31,4.32,4.27,4.28,4.1121300000000005,9804200,santander
2019-07-31,4.27,4.28,4.21,4.24,4.073698,10258000,santander
2019-08-01,4.22,4.25,4.14,4.17,4.006444,14419200,santander
2019-08-02,4.17,4.17,4.1,4.14,3.977621,9106500,santander
2019-08-05,4.11,4.12,4.02,4.06,3.900759,10505600,santander
2019-08-06,4.08,4.09,4.01,4.05,3.8911510000000002,12778700,santander
2019-08-07,3.99,4.02,3.96,4.0,3.843112,14603300,santander
2019-08-08,4.06,4.1,4.03,4.06,3.900759,16522700,santander
2019-08-09,4.02,4.04,3.99,4.02,3.8623269999999996,12290000,santander
2019-08-12,3.96,3.97,3.91,3.91,3.756642,10434500,santander
2019-08-13,3.94,4.02,3.92,3.97,3.814289,34640400,santander
2019-08-14,3.88,3.88,3.8,3.8,3.650956,50237500,santander
2019-08-15,3.87,3.89,3.8,3.82,3.670172,9714800,santander
2019-08-16,3.86,3.95,3.86,3.93,3.775857,9177000,santander
2019-08-19,3.95,3.95,3.86,3.88,3.727818,8109500,santander
2019-08-20,3.85,3.87,3.79,3.79,3.6413480000000003,14686200,santander
2019-08-21,3.85,3.86,3.79,3.79,3.6413480000000003,8570800,santander
2019-08-22,3.88,3.9,3.83,3.86,3.708603,11657400,santander
2019-08-23,3.85,3.88,3.77,3.77,3.6221330000000003,15280600,santander
2019-08-26,3.83,3.85,3.81,3.83,3.6797800000000005,16678100,santander
2019-08-27,3.84,3.85,3.76,3.78,3.6317410000000003,14135400,santander
2019-08-28,3.78,3.8,3.75,3.75,3.6029169999999997,18747100,santander
2019-08-29,3.8,3.8,3.75,3.78,3.6317410000000003,33515500,santander
2019-08-30,3.79,3.8,3.73,3.75,3.6029169999999997,10494000,santander
2019-09-03,3.69,3.72,3.65,3.67,3.5260550000000004,20788100,santander
2019-09-04,3.74,3.76,3.68,3.72,3.574094,22352500,santander
2019-09-05,3.82,3.86,3.81,3.84,3.6893870000000004,17276800,santander
2019-09-06,3.86,3.87,3.84,3.87,3.71821,9552100,santander
2019-09-09,3.94,3.97,3.91,3.94,3.7854650000000003,22534400,santander
2019-09-10,4.03,4.1,4.01,4.09,3.929582,17681800,santander
2019-09-11,4.03,4.05,3.99,4.04,3.881543,8912900,santander
2019-09-12,4.03,4.12,4.01,4.1,3.93919,16125600,santander
2019-09-13,4.17,4.19,4.14,4.16,3.996836,12041500,santander
2019-09-16,4.1,4.12,4.09,4.1,3.93919,8759500,santander
2019-09-17,4.01,4.03,4.0,4.0,3.843112,10094200,santander
2019-09-18,3.97,3.99,3.95,3.99,3.833504,11843000,santander
2019-09-19,4.06,4.07,4.01,4.02,3.8623269999999996,20687300,santander
2019-09-20,4.07,4.1,4.04,4.04,3.881543,16988200,santander
2019-09-23,3.98,3.99,3.94,3.98,3.823896,9934300,santander
2019-09-24,3.98,3.99,3.9,3.91,3.756642,9738800,santander
2019-09-25,3.89,3.97,3.87,3.95,3.7950730000000004,11789100,santander
2019-09-26,3.92,3.95,3.91,3.93,3.775857,6901300,santander
2019-09-27,3.97,4.0,3.96,3.99,3.833504,7109900,santander
2019-09-30,4.01,4.03,3.99,4.02,3.8623269999999996,11106800,santander
2019-10-01,4.02,4.03,3.94,3.94,3.7854650000000003,8133900,santander
2019-10-02,3.89,3.9,3.8,3.82,3.670172,11499200,santander
2019-10-03,3.83,3.85,3.77,3.84,3.6893870000000004,13115200,santander
2019-10-04,3.8,3.85,3.78,3.84,3.6893870000000004,7140600,santander
2019-10-07,3.83,3.88,3.82,3.86,3.708603,7768400,santander
2019-10-08,3.8,3.83,3.77,3.81,3.660564,9121600,santander
2019-10-09,3.84,3.88,3.82,3.85,3.6989949999999996,5228700,santander
2019-10-10,3.9,3.96,3.9,3.95,3.7950730000000004,7271300,santander
2019-10-11,4.09,4.15,4.08,4.1,3.93919,12900200,santander
2019-10-14,4.05,4.1,4.05,4.07,3.9103660000000002,4744400,santander
2019-10-15,4.11,4.28,4.1,4.25,4.083305999999999,13227000,santander
2019-10-16,4.28,4.31,4.26,4.26,4.092914,9125700,santander
2019-10-17,4.3,4.31,4.21,4.24,4.073698,5494200,santander
2019-10-18,4.26,4.3,4.24,4.3,4.131346,8232700,santander
2019-10-21,4.37,4.39,4.35,4.35,4.179384,6697200,santander
2019-10-22,4.34,4.41,4.32,4.36,4.188992,10266100,santander
2019-10-23,4.38,4.4,4.36,4.4,4.227423,6683100,santander
2019-10-24,4.4,4.42,4.31,4.35,4.179384,9486000,santander
2019-10-25,4.36,4.38,4.34,4.37,4.198599,5930700,santander
2019-10-28,4.38,4.39,4.34,4.37,4.198599,6053400,santander
2019-10-29,4.35,4.37,4.33,4.34,4.169776000000001,7384500,santander
2019-10-30,4.07,4.11,4.04,4.09,4.030817,22278000,santander
2019-10-31,3.98,3.99,3.91,3.96,3.9026980000000004,12041200,santander
2019-11-01,3.99,4.03,3.97,4.01,3.951974,9929500,santander
2019-11-04,4.11,4.12,4.09,4.12,4.060382,5802900,santander
2019-11-05,4.16,4.18,4.13,4.16,4.099803,6851800,santander
2019-11-06,4.14,4.15,4.1,4.11,4.050527,7377200,santander
2019-11-07,4.19,4.22,4.17,4.18,4.119514,6782700,santander
2019-11-08,4.13,4.14,4.08,4.12,4.060382,7803900,santander
2019-11-11,4.07,4.13,4.06,4.12,4.060382,8359300,santander
2019-11-12,4.06,4.07,4.02,4.04,3.9815400000000003,6821500,santander
2019-11-13,3.89,3.92,3.87,3.9,3.8435660000000005,10823600,santander
2019-11-14,3.91,3.91,3.86,3.9,3.8435660000000005,7072900,santander
2019-11-15,3.92,3.93,3.9,3.92,3.8632760000000004,6240300,santander
2019-11-18,3.88,3.89,3.86,3.88,3.8238550000000004,7078700,santander
2019-11-19,3.93,3.93,3.88,3.9,3.8435660000000005,6134900,santander
2019-11-20,3.86,3.89,3.85,3.87,3.814,6051000,santander
2019-11-21,3.9,3.92,3.87,3.9,3.8435660000000005,8292100,santander
2019-11-22,3.95,3.98,3.94,3.94,3.8829870000000004,6172700,santander
2019-11-25,3.97,3.99,3.96,3.99,3.932264,4036100,santander
2019-11-26,3.93,3.93,3.89,3.92,3.8632760000000004,8131000,santander
2019-11-27,3.94,3.95,3.92,3.93,3.873132,5014000,santander
2019-11-29,3.87,3.88,3.86,3.87,3.814,4441100,santander
2019-12-02,3.84,3.86,3.8,3.8,3.7450129999999997,11954800,santander
2019-12-03,3.79,3.81,3.77,3.8,3.7450129999999997,8718400,santander
2019-12-04,3.88,3.91,3.86,3.9,3.8435660000000005,6725200,santander
2019-12-05,3.91,3.93,3.86,3.89,3.833711,5688400,santander
2019-12-06,3.93,3.94,3.9,3.91,3.853421,5095400,santander
2019-12-09,3.94,3.96,3.91,3.93,3.873132,6006400,santander
2019-12-10,3.92,3.94,3.87,3.88,3.8238550000000004,12527700,santander
2019-12-11,3.91,3.92,3.89,3.89,3.833711,5270300,santander
2019-12-12,3.99,4.07,3.97,4.05,3.991395,11625500,santander
2019-12-13,4.13,4.19,4.08,4.09,4.030817,8932300,santander
2019-12-16,4.18,4.2,4.15,4.15,4.089949,6592200,santander
2019-12-17,4.17,4.18,4.14,4.16,4.099803,6794800,santander
2019-12-18,4.17,4.19,4.15,4.16,4.099803,10710600,santander
2019-12-19,4.17,4.18,4.14,4.14,4.080093,5070000,santander
2019-12-20,4.15,4.18,4.14,4.15,4.089949,6482500,santander
2019-12-23,4.14,4.16,4.12,4.14,4.080093,6726200,santander
2019-12-24,4.13,4.13,4.11,4.12,4.060382,1821600,santander
2019-12-26,4.14,4.16,4.12,4.12,4.060382,5220300,santander
2019-12-27,4.13,4.16,4.13,4.13,4.070238,5083200,santander
2019-12-30,4.15,4.16,4.13,4.13,4.070238,6090200,santander
2019-12-31,4.11,4.15,4.11,4.14,4.080093,4380400,santander
2020-01-02,4.28,4.32,4.24,4.32,4.257489,8285800,santander
2020-01-03,4.18,4.22,4.18,4.19,4.12937,6606900,santander
2020-01-06,4.16,4.21,4.15,4.21,4.1490800000000005,5867500,santander
2020-01-07,4.16,4.17,4.13,4.13,4.070238,7084600,santander
2020-01-08,4.13,4.16,4.12,4.12,4.060382,7896500,santander
2020-01-09,4.17,4.17,4.13,4.15,4.089949,7702400,santander
2020-01-10,4.13,4.13,4.08,4.09,4.030817,7573400,santander
2020-01-13,4.06,4.1,4.03,4.1,4.040672,6670700,santander
2020-01-14,3.99,4.01,3.98,3.98,3.9224080000000003,9973100,santander
2020-01-15,3.96,3.97,3.93,3.94,3.8829870000000004,11049000,santander
2020-01-16,4.01,4.04,4.0,4.03,3.971685,8555700,santander
2020-01-17,4.08,4.08,4.04,4.08,4.020961,6442700,santander
2020-01-21,4.0,4.02,3.97,3.97,3.912553,7871700,santander
2020-01-22,3.93,3.97,3.91,3.96,3.9026980000000004,9561500,santander
2020-01-23,3.96,3.97,3.91,3.96,3.9026980000000004,10291700,santander
2020-01-24,3.94,3.94,3.85,3.88,3.8238550000000004,11085200,santander
2020-01-27,3.81,3.85,3.79,3.81,3.754868,7727500,santander
2020-01-28,3.85,3.9,3.84,3.88,3.8238550000000004,9326500,santander
2020-01-29,4.06,4.08,4.03,4.05,3.991395,12985000,santander
2020-01-30,4.0,4.08,3.99,4.08,4.020961,12810700,santander
2020-01-31,3.93,3.95,3.9,3.92,3.8632760000000004,12883800,santander
2020-02-03,3.9,3.94,3.89,3.91,3.853421,7640000,santander
2020-02-04,4.02,4.04,4.01,4.01,3.951974,6576400,santander
2020-02-05,4.13,4.14,4.11,4.14,4.080093,9067800,santander
2020-02-06,4.2,4.2,4.15,4.18,4.119514,10217800,santander
2020-02-07,4.17,4.19,4.15,4.17,4.109659,7485700,santander
2020-02-10,4.14,4.16,4.12,4.15,4.089949,5633100,santander
2020-02-11,4.17,4.19,4.15,4.17,4.109659,6534000,santander
2020-02-12,4.24,4.26,4.23,4.25,4.1885010000000005,8628800,santander
2020-02-13,4.22,4.24,4.2,4.23,4.168791000000001,8197800,santander
2020-02-14,4.22,4.23,4.17,4.18,4.119514,6296100,santander
2020-02-18,4.18,4.2,4.15,4.16,4.099803,8549000,santander
2020-02-19,4.19,4.2,4.16,4.17,4.109659,4967600,santander
2020-02-20,4.16,4.17,4.1,4.14,4.080093,6714900,santander
2020-02-21,4.04,4.07,4.02,4.04,3.9815400000000003,8593800,santander
2020-02-24,3.86,3.89,3.84,3.87,3.814,10308500,santander
2020-02-25,3.84,3.84,3.7,3.73,3.6760260000000002,19060900,santander
2020-02-26,3.81,3.85,3.76,3.76,3.7055919999999998,16027800,santander
2020-02-27,3.68,3.78,3.65,3.65,3.5971830000000002,20715300,santander
2020-02-28,3.6,3.68,3.55,3.66,3.607039,21864700,santander
2020-03-02,3.58,3.67,3.52,3.66,3.607039,21305300,santander
2020-03-03,3.7,3.73,3.51,3.53,3.4789199999999996,23705700,santander
2020-03-04,3.62,3.7,3.56,3.69,3.6366050000000003,14461400,santander
2020-03-05,3.46,3.48,3.39,3.4,3.350801,19737700,santander
2020-03-06,3.39,3.45,3.34,3.4,3.350801,19321400,santander
2020-03-09,3.0,3.12,2.94,2.97,2.927023,13181900,santander
2020-03-10,3.13,3.14,2.95,3.12,3.074853,16416800,santander
2020-03-11,3.06,3.09,2.94,2.97,2.927023,22938300,santander
2020-03-12,2.72,2.72,2.49,2.52,2.483535,23908500,santander
2020-03-13,2.7,2.72,2.42,2.71,2.670786,16711600,santander
2020-03-16,2.11,2.32,2.11,2.2,2.168165,17817100,santander
2020-03-17,2.21,2.42,2.16,2.42,2.384982,12795500,santander
2020-03-18,2.23,2.26,2.04,2.16,2.1287439999999997,11017700,santander
2020-03-19,2.16,2.22,2.14,2.18,2.148455,8780500,santander
2020-03-20,2.23,2.26,2.15,2.19,2.1583099999999997,15675800,santander
2020-03-23,2.29,2.32,2.2,2.26,2.227297,10841100,santander
2020-03-24,2.45,2.52,2.38,2.48,2.444114,9094800,santander
2020-03-25,2.54,2.72,2.47,2.62,2.582088,13225500,santander
2020-03-26,2.64,2.71,2.61,2.65,2.611654,13087300,santander
2020-03-27,2.5,2.56,2.45,2.46,2.424403,9744500,santander
2020-03-30,2.35,2.48,2.33,2.46,2.424403,8618700,santander
2020-03-31,2.4,2.42,2.33,2.35,2.315995,8163800,santander
2020-04-01,2.3,2.31,2.25,2.25,2.2174419999999997,3798200,santander
2020-04-02,2.27,2.36,2.25,2.29,2.256863,4790500,santander
2020-04-03,2.25,2.25,2.2,2.23,2.197731,5057600,santander
2020-04-06,2.35,2.4,2.34,2.39,2.355416,6462200,santander
2020-04-07,2.5,2.5,2.34,2.39,2.355416,8905700,santander
2020-04-08,2.38,2.42,2.35,2.42,2.384982,4725100,santander
2020-04-09,2.41,2.42,2.33,2.33,2.296284,14561200,santander
2020-04-13,2.37,2.37,2.29,2.34,2.306139,4750400,santander
2020-04-14,2.35,2.37,2.28,2.31,2.276574,10076400,santander
2020-04-15,2.2,2.22,2.15,2.17,2.1386,7381500,santander
2020-04-16,2.16,2.16,2.1,2.11,2.079468,6599800,santander
2020-04-17,2.16,2.16,2.11,2.14,2.109034,7535700,santander
2020-04-20,2.06,2.13,2.05,2.07,2.040046,8396900,santander
2020-04-21,2.04,2.06,2.01,2.02,1.9907700000000002,12755700,santander
2020-04-22,2.08,2.09,2.05,2.05,2.020336,4357400,santander
2020-04-23,2.09,2.16,2.06,2.08,2.049902,5105500,santander
2020-04-24,2.08,2.09,2.03,2.05,2.020336,4644000,santander
2020-04-27,2.07,2.11,2.05,2.11,2.079468,5570800,santander
2020-04-28,2.24,2.25,2.16,2.18,2.148455,8678700,santander
2020-04-29,2.31,2.34,2.27,2.33,2.296284,8210100,santander
2020-04-30,2.2,2.21,2.15,2.17,2.1386,6238500,santander
2020-05-01,2.17,2.17,2.12,2.15,2.118889,4034100,santander
2020-05-04,2.13,2.16,2.1,2.12,2.089323,4225400,santander
2020-05-05,2.1,2.13,2.09,2.09,2.059757,4951700,santander
2020-05-06,2.1,2.1,2.04,2.05,2.020336,4758200,santander
2020-05-07,2.07,2.09,2.05,2.07,2.040046,5440500,santander
2020-05-08,2.14,2.14,2.11,2.13,2.0991779999999998,3831800,santander
2020-05-11,2.08,2.08,2.05,2.06,2.030191,6816900,santander
2020-05-12,2.09,2.1,2.02,2.02,1.9907700000000002,6759900,santander
2020-05-13,2.02,2.03,1.97,1.97,1.9414939999999998,7114200,santander
2020-05-14,1.9,2.01,1.9,1.99,1.9612040000000002,10177000,santander
2020-05-15,1.95,1.97,1.93,1.97,1.9414939999999998,6612000,santander
2020-05-18,2.01,2.13,1.99,2.12,2.089323,7943100,santander
2020-05-19,1.98,1.99,1.94,1.95,1.9217830000000002,20611900,santander
2020-05-20,1.98,2.04,1.97,2.02,1.9907700000000002,10723300,santander
2020-05-21,2.03,2.07,2.0,2.02,1.9907700000000002,7947800,santander
2020-05-22,2.07,2.08,2.02,2.08,2.049902,16970400,santander
2020-05-26,2.2,2.26,2.18,2.23,2.197731,18666900,santander
2020-05-27,2.35,2.39,2.31,2.38,2.345561,31507300,santander
2020-05-28,2.38,2.39,2.35,2.35,2.315995,17559500,santander
2020-05-29,2.29,2.31,2.25,2.27,2.237152,10386900,santander
2020-06-01,2.29,2.33,2.28,2.33,2.296284,6204300,santander
2020-06-02,2.42,2.46,2.4,2.41,2.375127,10037800,santander
2020-06-03,2.48,2.55,2.47,2.54,2.503245,16205000,santander
2020-06-04,2.55,2.63,2.53,2.61,2.572232,20935100,santander
2020-06-05,2.87,2.88,2.8,2.81,2.7693380000000003,16283200,santander
2020-06-08,2.93,2.95,2.82,2.9,2.8580360000000002,12027300,santander
2020-06-09,2.83,2.86,2.8,2.84,2.7989040000000003,9087200,santander
2020-06-10,2.84,2.84,2.71,2.72,2.680641,12868500,santander
2020-06-11,2.54,2.57,2.43,2.46,2.424403,16415500,santander
2020-06-12,2.53,2.55,2.46,2.51,2.47368,9950800,santander
2020-06-15,2.37,2.46,2.36,2.44,2.404693,11567100,santander
2020-06-16,2.57,2.6,2.46,2.51,2.47368,13775400,santander
2020-06-17,2.53,2.53,2.46,2.47,2.4342580000000003,9695200,santander
2020-06-18,2.4,2.46,2.39,2.41,2.375127,6438900,santander
2020-06-19,2.45,2.46,2.34,2.37,2.335705,9668700,santander
2020-06-22,2.37,2.4,2.35,2.38,2.345561,5639600,santander
2020-06-23,2.51,2.53,2.47,2.49,2.453969,7471400,santander
2020-06-24,2.43,2.44,2.38,2.39,2.355416,6505700,santander
2020-06-25,2.39,2.48,2.38,2.48,2.444114,6697500,santander
2020-06-26,2.41,2.42,2.35,2.36,2.32585,5564500,santander
2020-06-29,2.43,2.48,2.4,2.45,2.414548,7603700,santander
2020-06-30,2.37,2.43,2.36,2.41,2.375127,5968200,santander
2020-07-01,2.4,2.44,2.38,2.39,2.355416,6209200,santander
2020-07-02,2.56,2.59,2.5,2.5,2.4638240000000002,7972900,santander
2020-07-06,2.61,2.64,2.58,2.61,2.572232,5791400,santander
2020-07-07,2.55,2.56,2.5,2.51,2.47368,4648800,santander
2020-07-08,2.48,2.52,2.46,2.49,2.453969,3705000,santander
2020-07-09,2.49,2.5,2.42,2.42,2.384982,5276500,santander
2020-07-10,2.43,2.51,2.42,2.51,2.47368,5383500,santander
2020-07-13,2.53,2.55,2.47,2.48,2.444114,5893600,santander
2020-07-14,2.46,2.51,2.45,2.51,2.47368,5390700,santander
2020-07-15,2.57,2.59,2.54,2.56,2.522956,7845800,santander
2020-07-16,2.53,2.56,2.51,2.51,2.47368,6796000,santander
2020-07-17,2.5,2.51,2.47,2.49,2.453969,5332000,santander
2020-07-20,2.47,2.51,2.46,2.51,2.47368,17725200,santander
2020-07-21,2.5,2.54,2.46,2.47,2.4342580000000003,18653300,santander
2020-07-22,2.44,2.47,2.42,2.45,2.414548,20091100,santander
2020-07-23,2.42,2.43,2.4,2.4,2.365271,5384400,santander
2020-07-24,2.42,2.46,2.4,2.4,2.365271,5520200,santander
2020-07-27,2.36,2.41,2.36,2.4,2.365271,22854000,santander
2020-07-28,2.41,2.44,2.39,2.42,2.384982,5041600,santander
2020-07-29,2.3,2.38,2.28,2.38,2.345561,8086000,santander
2020-07-30,2.21,2.25,2.18,2.25,2.2174419999999997,16017600,santander
2020-07-31,2.18,2.18,2.1,2.11,2.079468,14647300,santander
2020-08-03,2.13,2.17,2.11,2.17,2.1386,9665200,santander
2020-08-04,2.19,2.26,2.18,2.25,2.2174419999999997,8163500,santander
2020-08-05,2.22,2.23,2.2,2.21,2.1780209999999998,6511100,santander
2020-08-06,2.17,2.22,2.17,2.22,2.1878759999999997,8259300,santander
2020-08-07,2.12,2.19,2.11,2.19,2.1583099999999997,8750700,santander
2020-08-10,2.19,2.23,2.19,2.23,2.197731,6082100,santander
2020-08-11,2.33,2.36,2.3,2.32,2.286429,9711100,santander
2020-08-12,2.39,2.4,2.3,2.31,2.276574,8221300,santander
2020-08-13,2.3,2.32,2.26,2.27,2.237152,4327400,santander
2020-08-14,2.22,2.27,2.22,2.24,2.2075869999999997,4868800,santander
2020-08-17,2.25,2.25,2.21,2.21,2.1780209999999998,3424400,santander
2020-08-18,2.25,2.25,2.19,2.21,2.1780209999999998,5158700,santander
2020-08-19,2.23,2.29,2.23,2.24,2.2075869999999997,7591500,santander
2020-08-20,2.18,2.2,2.17,2.19,2.1583099999999997,6548600,santander
2020-08-21,2.12,2.15,2.11,2.15,2.118889,7634200,santander
2020-08-24,2.18,2.23,2.16,2.22,2.1878759999999997,14071900,santander
2020-08-25,2.28,2.28,2.21,2.23,2.197731,5330000,santander
2020-08-26,2.24,2.26,2.23,2.24,2.2075869999999997,4359300,santander
2020-08-27,2.22,2.25,2.21,2.23,2.197731,7176500,santander
2020-08-28,2.3,2.33,2.28,2.32,2.286429,6151000,santander
2020-08-31,2.27,2.28,2.21,2.23,2.197731,11180300,santander
2020-09-01,2.2,2.24,2.18,2.2,2.168165,18361100,santander
2020-09-02,2.17,2.18,2.15,2.18,2.148455,4726600,santander
2020-09-03,2.21,2.26,2.16,2.16,2.1287439999999997,7250900,santander
2020-09-04,2.26,2.28,2.2,2.27,2.237152,8398900,santander
2020-09-08,2.21,2.21,2.17,2.18,2.148455,6483200,santander
2020-09-09,2.19,2.23,2.17,2.21,2.1780209999999998,5955000,santander
2020-09-10,2.2,2.23,2.13,2.13,2.0991779999999998,8661100,santander
2020-09-11,2.14,2.16,2.12,2.12,2.089323,10697000,santander
2020-09-14,2.14,2.16,2.13,2.15,2.118889,5586400,santander
2020-09-15,2.14,2.15,2.11,2.12,2.089323,8212000,santander
2020-09-16,2.08,2.14,2.06,2.12,2.089323,7601000,santander
2020-09-17,2.08,2.11,2.07,2.09,2.059757,6499800,santander
2020-09-18,2.03,2.04,1.99,2.02,1.9907700000000002,15293800,santander
2020-09-21,1.92,1.94,1.87,1.92,1.8922169999999998,24374300,santander
2020-09-22,1.9,1.9,1.82,1.86,1.8330849999999999,18104200,santander
2020-09-23,1.87,1.88,1.79,1.79,1.764098,16868200,santander
2020-09-24,1.8,1.85,1.78,1.82,1.793664,13736200,santander
2020-09-25,1.81,1.84,1.8,1.83,1.8035189999999999,7174000,santander
2020-09-28,1.89,1.94,1.88,1.91,1.8823619999999999,8790200,santander
2020-09-29,1.89,1.9,1.84,1.84,1.813375,8872200,santander
2020-09-30,1.87,1.9,1.85,1.85,1.82323,6831900,santander
2020-10-01,1.86,1.88,1.83,1.85,1.82323,11929800,santander
2020-10-02,1.81,1.88,1.81,1.87,1.842941,6776100,santander
2020-10-05,1.88,1.92,1.88,1.9,1.8725060000000002,7027500,santander
2020-10-06,2.03,2.04,1.96,1.96,1.9316380000000002,11722900,santander
2020-10-07,1.99,2.01,1.98,1.98,1.9513490000000002,4722800,santander
2020-10-08,2.02,2.03,2.0,2.02,1.9907700000000002,4362100,santander
2020-10-09,2.04,2.04,1.99,1.99,1.9612040000000002,7477800,santander
2020-10-12,1.98,1.98,1.96,1.97,1.9414939999999998,3697100,santander
2020-10-13,1.95,1.96,1.88,1.89,1.8626509999999998,6756300,santander
2020-10-14,1.91,1.93,1.88,1.89,1.8626509999999998,3926800,santander
2020-10-15,1.85,1.89,1.84,1.88,1.8527959999999999,5810500,santander
2020-10-16,1.9,1.95,1.89,1.92,1.8922169999999998,6837000,santander
2020-10-19,1.93,1.97,1.91,1.92,1.8922169999999998,4621400,santander
2020-10-20,2.01,2.05,1.99,2.0,1.9710590000000001,10402100,santander
2020-10-21,2.01,2.03,1.98,1.99,1.9612040000000002,5325700,santander
2020-10-22,1.98,2.02,1.97,2.02,1.9907700000000002,8345000,santander
2020-10-23,2.07,2.09,2.04,2.08,2.049902,7998900,santander
2020-10-26,2.05,2.07,2.02,2.06,2.030191,7717500,santander
2020-10-27,2.07,2.1,2.0,2.0,1.9710590000000001,8998700,santander
2020-10-28,1.95,1.98,1.91,1.91,1.8823619999999999,8230400,santander
2020-10-29,1.93,1.99,1.91,1.96,1.9316380000000002,8128400,santander
2020-10-30,1.99,2.02,1.98,2.01,1.9809150000000002,6883800,santander
2020-11-02,2.06,2.1,2.03,2.09,2.059757,9431600,santander
2020-11-03,2.13,2.18,2.12,2.17,2.1386,9008500,santander
2020-11-04,2.09,2.11,2.05,2.06,2.030191,6331900,santander
2020-11-05,2.15,2.18,2.13,2.16,2.1287439999999997,7324000,santander
2020-11-06,2.15,2.16,2.12,2.14,2.109034,5961500,santander
2020-11-09,2.54,2.55,2.43,2.5,2.4638240000000002,28525700,santander
2020-11-10,2.67,2.72,2.64,2.69,2.651075,28740100,santander
2020-11-11,2.68,2.75,2.65,2.71,2.670786,25458000,santander
2020-11-12,2.57,2.59,2.53,2.55,2.513101,17895000,santander
2020-11-13,2.64,2.68,2.64,2.67,2.631364,11654000,santander
2020-11-16,2.79,2.79,2.71,2.75,2.710207,12411800,santander
2020-11-17,2.7,2.79,2.7,2.77,2.729917,9066900,santander
2020-11-18,2.74,2.78,2.72,2.72,2.680641,6278200,santander
2020-11-19,2.71,2.78,2.7,2.77,2.729917,6012700,santander
2020-11-20,2.74,2.75,2.71,2.74,2.700351,7818900,santander
2020-11-23,2.77,2.78,2.74,2.75,2.710207,10542100,santander
2020-11-24,2.85,2.94,2.84,2.93,2.8876020000000002,10277400,santander
2020-11-25,2.88,2.91,2.85,2.91,2.867892,4949200,santander
2020-11-27,2.9,2.93,2.9,2.91,2.867892,4653700,santander
2020-11-30,2.91,2.92,2.82,2.82,2.779194,9031600,santander
2020-12-01,2.98,3.07,2.97,3.06,3.015721,16354500,santander
2020-12-02,3.11,3.22,3.1,3.2,3.153695,15129000,santander
2020-12-03,3.23,3.28,3.2,3.21,3.16355,9393700,santander
2020-12-04,3.31,3.42,3.31,3.4,3.350801,19773600,santander
2020-12-07,3.3,3.31,3.25,3.27,3.222682,8929400,santander
2020-12-08,3.3,3.34,3.29,3.31,3.2621029999999998,7112000,santander
2020-12-09,3.29,3.31,3.24,3.29,3.242393,7356000,santander
2020-12-10,3.13,3.21,3.12,3.18,3.133985,8586100,santander
2020-12-11,3.1,3.13,3.07,3.09,3.045287,13287400,santander
2020-12-14,3.19,3.21,3.12,3.13,3.084708,6165300,santander
2020-12-15,3.2,3.28,3.2,3.2,3.153695,13909500,santander
2020-12-16,3.23,3.24,3.18,3.21,3.16355,8320400,santander
2020-12-17,3.24,3.26,3.22,3.23,3.183261,5313100,santander
2020-12-18,3.19,3.2,3.1,3.12,3.074853,11136600,santander
2020-12-21,2.92,3.02,2.9,3.01,2.966444,15222600,santander
2020-12-22,3.04,3.07,3.02,3.04,2.99601,5398800,santander
2020-12-23,3.08,3.18,3.08,3.15,3.104419,7189400,santander
2020-12-24,3.17,3.2,3.16,3.19,3.14384,2932600,santander
2020-12-28,3.11,3.16,3.1,3.14,3.094563,4953900,santander
2020-12-29,3.15,3.17,3.11,3.12,3.074853,5896000,santander
2020-12-30,3.13,3.17,3.08,3.1,3.055142,6815500,santander
2020-12-31,3.07,3.09,3.05,3.05,3.005866,3029900,santander
2021-01-04,3.12,3.13,3.04,3.07,3.025576,8139200,santander
2021-01-05,3.1,3.16,3.1,3.14,3.094563,7782400,santander
2021-01-06,3.31,3.4,3.3,3.36,3.31138,15596500,santander
2021-01-07,3.34,3.4,3.34,3.36,3.31138,6605600,santander
2021-01-08,3.35,3.39,3.31,3.37,3.3212349999999997,14525600,santander
2021-01-11,3.35,3.44,3.34,3.42,3.370512,13876800,santander
2021-01-12,3.4,3.47,3.39,3.46,3.409933,11009200,santander
2021-01-13,3.45,3.46,3.42,3.42,3.370512,6163000,santander
2021-01-14,3.4,3.43,3.38,3.42,3.370512,6394900,santander
2021-01-15,3.36,3.37,3.26,3.29,3.242393,5468100,santander
2021-01-19,3.29,3.29,3.26,3.29,3.242393,5876100,santander
2021-01-20,3.25,3.27,3.23,3.27,3.222682,4305900,santander
2021-01-21,3.27,3.29,3.2,3.23,3.183261,5896800,santander
2021-01-22,3.15,3.17,3.11,3.14,3.094563,5735500,santander
2021-01-25,3.04,3.07,3.01,3.06,3.015721,5818800,santander
2021-01-26,3.1,3.13,3.08,3.09,3.045287,5901700,santander
2021-01-27,3.01,3.02,2.92,2.93,2.8876020000000002,6346200,santander
2021-01-28,2.99,3.06,2.98,3.01,2.966444,4642200,santander
2021-01-29,2.97,2.99,2.92,2.93,2.8876020000000002,6672400,santander
2021-02-01,2.97,2.97,2.92,2.95,2.9073130000000003,4215200,santander
2021-02-02,3.07,3.09,3.04,3.09,3.045287,7766400,santander
2021-02-03,3.08,3.13,3.07,3.13,3.084708,5431000,santander
2021-02-04,3.2,3.25,3.19,3.22,3.173406,4852700,santander
2021-02-05,3.35,3.36,3.31,3.35,3.3015239999999997,6403300,santander
2021-02-08,3.42,3.45,3.41,3.44,3.390222,6602500,santander
2021-02-09,3.43,3.45,3.41,3.45,3.4000779999999997,4754500,santander
2021-02-10,3.49,3.5,3.43,3.44,3.390222,5352900,santander
2021-02-11,3.38,3.44,3.35,3.43,3.3803669999999997,9732100,santander
2021-02-12,3.36,3.41,3.36,3.41,3.3606559999999996,3590800,santander
2021-02-16,3.49,3.56,3.47,3.56,3.508486,11815200,santander
2021-02-17,3.51,3.53,3.48,3.52,3.469065,13778900,santander
2021-02-18,3.5,3.52,3.44,3.51,3.4592089999999995,8572300,santander
2021-02-19,3.57,3.65,3.57,3.64,3.587328,16810700,santander
2021-02-22,3.5,3.56,3.49,3.53,3.4789199999999996,10036800,santander
2021-02-23,3.6,3.62,3.54,3.6,3.547907,7468900,santander
2021-02-24,3.57,3.61,3.56,3.6,3.547907,4434100,santander
2021-02-25,3.68,3.7,3.56,3.56,3.508486,9755600,santander
2021-02-26,3.54,3.56,3.49,3.51,3.4592089999999995,10617300,santander
2021-03-01,3.51,3.56,3.5,3.53,3.4789199999999996,6522100,santander
2021-03-02,3.53,3.55,3.5,3.53,3.4789199999999996,6538000,santander
2021-03-03,3.53,3.59,3.53,3.56,3.508486,9207000,santander
2021-03-04,3.55,3.59,3.5,3.53,3.4789199999999996,9104300,santander
2021-03-05,3.63,3.69,3.55,3.68,3.62675,10480800,santander
2021-03-08,3.63,3.66,3.6,3.64,3.587328,7996100,santander
2021-03-09,3.52,3.59,3.49,3.55,3.4986309999999996,8097300,santander
2021-03-10,3.54,3.58,3.51,3.57,3.5183410000000004,4198700,santander
2021-03-11,3.47,3.53,3.45,3.51,3.4592089999999995,3584800,santander
2021-03-12,3.53,3.6,3.52,3.6,3.547907,5183400,santander
2021-03-15,3.55,3.57,3.48,3.54,3.488775,4288500,santander
2021-03-16,3.5,3.51,3.44,3.49,3.4394989999999996,4180600,santander
2021-03-17,3.5,3.53,3.46,3.5,3.449354,3785300,santander
2021-03-18,3.55,3.62,3.51,3.52,3.469065,7055300,santander
2021-03-19,3.49,3.5,3.44,3.47,3.4197879999999996,6735600,santander
2021-03-22,3.44,3.44,3.38,3.43,3.3803669999999997,5097600,santander
2021-03-23,3.4,3.43,3.34,3.36,3.31138,5619900,santander
2021-03-24,3.37,3.42,3.36,3.37,3.3212349999999997,4730100,santander
2021-03-25,3.34,3.4,3.31,3.39,3.3409459999999997,5159600,santander
2021-03-26,3.45,3.49,3.4,3.46,3.409933,6921400,santander
2021-03-29,3.4,3.44,3.37,3.41,3.3606559999999996,4932000,santander
2021-03-30,3.44,3.48,3.43,3.47,3.4197879999999996,3758400,santander
2021-03-31,3.42,3.45,3.39,3.43,3.3803669999999997,5358100,santander
2021-04-01,3.39,3.43,3.38,3.42,3.370512,2141100,santander
2021-04-05,3.44,3.49,3.44,3.47,3.4197879999999996,2633000,santander
2021-04-06,3.46,3.49,3.45,3.48,3.429643,3570900,santander
2021-04-07,3.5,3.54,3.49,3.54,3.488775,3649300,santander
2021-04-08,3.46,3.51,3.42,3.51,3.4592089999999995,3109300,santander
2021-04-09,3.46,3.49,3.44,3.46,3.409933,7964600,santander
2021-04-12,3.47,3.5,3.45,3.47,3.4197879999999996,3406600,santander
2021-04-13,3.43,3.46,3.41,3.44,3.390222,3455000,santander
2021-04-14,3.45,3.5,3.45,3.48,3.429643,3277200,santander
2021-04-15,3.47,3.47,3.39,3.43,3.3803669999999997,4562200,santander
2021-04-16,3.44,3.47,3.43,3.46,3.409933,2807400,santander
2021-04-19,3.57,3.59,3.53,3.54,3.488775,7095200,santander
2021-04-20,3.48,3.49,3.4,3.42,3.370512,7059700,santander
2021-04-21,3.32,3.4,3.31,3.39,3.3409459999999997,4409000,santander
2021-04-22,3.39,3.41,3.36,3.37,3.3212349999999997,3804400,santander
2021-04-23,3.37,3.44,3.36,3.43,3.3803669999999997,3519200,santander
2021-04-26,3.47,3.5,3.47,3.49,3.4394989999999996,2730000,santander
2021-04-27,3.57,3.66,3.56,3.66,3.607039,7772500,santander
2021-04-28,3.72,3.78,3.71,3.78,3.7253019999999997,8097400,santander
2021-04-29,3.84,3.86,3.81,3.84,3.7844339999999996,7682300,santander
2021-04-30,3.82,3.84,3.8,3.81,3.754868,4689000,santander
2021-05-03,3.81,3.83,3.78,3.81,3.754868,5460700,santander
2021-05-04,3.79,3.82,3.73,3.79,3.735157,7697500,santander
2021-05-05,3.81,3.86,3.79,3.84,3.7844339999999996,6352200,santander
2021-05-06,3.85,3.89,3.81,3.88,3.8238550000000004,4980800,santander
2021-05-07,3.83,3.93,3.82,3.91,3.853421,5531600,santander
2021-05-10,4.0,4.04,3.95,3.96,3.9026980000000004,6402400,santander
2021-05-11,3.92,3.96,3.9,3.93,3.873132,5076300,santander
2021-05-12,3.93,3.98,3.91,3.94,3.8829870000000004,12140400,santander
2021-05-13,3.89,3.98,3.89,3.96,3.9026980000000004,4250300,santander
2021-05-14,4.02,4.1,4.02,4.1,4.040672,3893900,santander
2021-05-17,4.01,4.08,4.01,4.06,4.001251,4981300,santander
2021-05-18,4.09,4.12,4.08,4.09,4.030817,4410600,santander
2021-05-19,4.03,4.06,3.98,4.04,3.9815400000000003,4870300,santander
2021-05-20,4.03,4.07,4.0,4.05,3.991395,3574500,santander
2021-05-21,4.1,4.12,4.07,4.11,4.050527,3160700,santander
2021-05-24,4.08,4.11,4.05,4.09,4.030817,3602500,santander
2021-05-25,4.16,4.17,4.07,4.09,4.030817,5007300,santander
2021-05-26,4.05,4.11,4.02,4.09,4.030817,3542700,santander
2021-05-27,4.19,4.22,4.18,4.22,4.158935,5404600,santander
2021-05-28,4.17,4.21,4.15,4.21,4.1490800000000005,2555100,santander
2021-06-01,4.25,4.27,4.24,4.26,4.198357,3777300,santander
2021-06-02,4.23,4.26,4.21,4.25,4.1885010000000005,6005100,santander
2021-06-03,4.25,4.29,4.24,4.28,4.218068,3156200,santander
2021-06-04,4.23,4.24,4.2,4.23,4.168791000000001,1852500,santander
2021-06-07,4.21,4.25,4.21,4.24,4.178646,2674000,santander
2021-06-08,4.14,4.18,4.12,4.16,4.099803,2586000,santander
2021-06-09,4.15,4.38,4.12,4.2,4.139225,35134600,santander
2021-06-10,4.26,4.29,4.22,4.24,4.178646,21538900,santander
2021-06-11,4.2,4.24,4.18,4.22,4.158935,6657000,santander
2021-06-14,4.2,4.24,4.19,4.21,4.1490800000000005,3881000,santander
2021-06-15,4.18,4.23,4.18,4.21,4.1490800000000005,4014800,santander
2021-06-16,4.12,4.17,4.09,4.12,4.060382,6328100,santander
2021-06-17,4.16,4.16,4.0,4.03,3.971685,7531900,santander
2021-06-18,3.93,3.96,3.9,3.94,3.8829870000000004,8169400,santander
2021-06-21,3.93,4.0,3.92,3.96,3.9026980000000004,7125500,santander
2021-06-22,3.93,3.98,3.91,3.98,3.9224080000000003,3189800,santander
2021-06-23,3.98,4.0,3.94,3.95,3.892843,4130800,santander
2021-06-24,3.99,4.05,3.98,4.04,3.9815400000000003,3719100,santander
2021-06-25,4.04,4.06,4.02,4.06,4.001251,3125700,santander
2021-06-28,4.0,4.0,3.91,3.96,3.9026980000000004,10042500,santander
2021-06-29,3.94,3.97,3.9,3.93,3.873132,4533600,santander
2021-06-30,3.87,3.91,3.86,3.91,3.853421,5231500,santander
2021-07-01,3.92,3.96,3.91,3.96,3.9026980000000004,3101800,santander
2021-07-02,3.92,3.92,3.85,3.86,3.8041449999999997,3266500,santander
2021-07-06,3.87,3.87,3.75,3.76,3.7055919999999998,6697400,santander
2021-07-07,3.75,3.77,3.69,3.74,3.6858809999999997,5150400,santander
2021-07-08,3.66,3.68,3.62,3.64,3.587328,5235300,santander
2021-07-09,3.71,3.79,3.68,3.77,3.715447,4327700,santander
2021-07-12,3.7,3.79,3.69,3.76,3.7055919999999998,2899200,santander
2021-07-13,3.72,3.73,3.67,3.68,3.62675,4295100,santander
2021-07-14,3.73,3.77,3.69,3.72,3.666171,2767300,santander
2021-07-15,3.68,3.75,3.68,3.7,3.64646,5208400,santander
2021-07-16,3.67,3.69,3.55,3.58,3.528196,10074500,santander
2021-07-19,3.5,3.53,3.45,3.46,3.409933,8274600,santander
2021-07-20,3.42,3.52,3.4,3.5,3.449354,5005600,santander
2021-07-21,3.58,3.68,3.58,3.64,3.587328,4206800,santander
2021-07-22,3.69,3.7,3.62,3.62,3.567617,4698200,santander
2021-07-23,3.73,3.75,3.67,3.67,3.6168940000000003,3380200,santander
2021-07-26,3.72,3.8,3.72,3.78,3.7253019999999997,3033300,santander
2021-07-27,3.72,3.76,3.69,3.73,3.6760260000000002,2250000,santander
2021-07-28,3.64,3.68,3.61,3.66,3.607039,3720000,santander
2021-07-29,3.77,3.78,3.74,3.78,3.7253019999999997,3050600,santander
2021-07-30,3.71,3.73,3.66,3.67,3.6168940000000003,3176900,santander
2021-08-02,3.69,3.74,3.63,3.65,3.5971830000000002,4892800,santander
2021-08-03,3.7,3.75,3.65,3.74,3.6858809999999997,3952000,santander
2021-08-04,3.7,3.75,3.7,3.72,3.666171,2231300,santander
2021-08-05,3.73,3.77,3.72,3.73,3.6760260000000002,4532500,santander
2021-08-06,3.8,3.87,3.79,3.85,3.794289,5126400,santander
2021-08-09,3.82,3.85,3.79,3.82,3.7647239999999997,1848500,santander
2021-08-10,3.82,3.88,3.81,3.86,3.8041449999999997,2428100,santander
2021-08-11,3.88,3.94,3.87,3.93,3.873132,2315700,santander
2021-08-12,3.89,3.91,3.86,3.89,3.833711,2515500,santander
2021-08-13,3.9,3.91,3.86,3.87,3.814,2528400,santander
2021-08-16,3.83,3.84,3.79,3.81,3.754868,2626400,santander
2021-08-17,3.74,3.75,3.67,3.7,3.64646,3604700,santander
2021-08-18,3.68,3.74,3.68,3.7,3.64646,2816900,santander
2021-08-19,3.66,3.69,3.6,3.63,3.5774730000000003,5269300,santander
2021-08-20,3.6,3.66,3.58,3.65,3.5971830000000002,2936000,santander
2021-08-23,3.68,3.72,3.66,3.68,3.62675,2643200,santander
2021-08-24,3.67,3.73,3.67,3.69,3.6366050000000003,2690200,santander
2021-08-25,3.75,3.81,3.74,3.81,3.754868,2917000,santander
2021-08-26,3.78,3.81,3.71,3.73,3.6760260000000002,3265400,santander
2021-08-27,3.71,3.78,3.71,3.77,3.715447,2320100,santander
2021-08-30,3.75,3.76,3.68,3.69,3.6366050000000003,3446600,santander
2021-08-31,3.69,3.73,3.68,3.69,3.6366050000000003,12000600,santander
2021-09-01,3.76,3.78,3.73,3.75,3.695736,7366100,santander
2021-09-02,3.69,3.72,3.68,3.69,3.6366050000000003,2623900,santander
2021-09-03,3.67,3.68,3.62,3.65,3.5971830000000002,2405000,santander
2021-09-07,3.67,3.72,3.66,3.67,3.6168940000000003,2248000,santander
2021-09-08,3.65,3.68,3.6,3.61,3.5577620000000003,3203300,santander
2021-09-09,3.59,3.65,3.57,3.63,3.5774730000000003,5131400,santander
2021-09-10,3.61,3.63,3.58,3.58,3.528196,3180200,santander
2021-09-13,3.65,3.7,3.63,3.69,3.6366050000000003,3882500,santander
2021-09-14,3.72,3.73,3.63,3.64,3.587328,2469200,santander
2021-09-15,3.66,3.68,3.64,3.67,3.6168940000000003,2269200,santander
2021-09-16,3.71,3.71,3.65,3.7,3.64646,2905000,santander
2021-09-17,3.66,3.69,3.57,3.58,3.528196,3657000,santander
2021-09-20,3.45,3.46,3.34,3.4,3.350801,6577300,santander
2021-09-21,3.43,3.46,3.38,3.39,3.3409459999999997,4545500,santander
2021-09-22,3.47,3.53,3.47,3.48,3.429643,4330800,santander
2021-09-23,3.57,3.64,3.56,3.63,3.5774730000000003,2737600,santander
2021-09-24,3.62,3.65,3.62,3.64,3.587328,1699100,santander
2021-09-27,3.72,3.77,3.7,3.75,3.695736,3964000,santander
2021-09-28,3.71,3.73,3.62,3.63,3.5774730000000003,3812900,santander
2021-09-29,3.64,3.69,3.62,3.67,3.6168940000000003,2011400,santander
2021-09-30,3.67,3.68,3.61,3.62,3.567617,4031700,santander
2021-10-01,3.63,3.68,3.59,3.65,3.5971830000000002,4194600,santander
2021-10-04,3.68,3.72,3.64,3.65,3.5971830000000002,5201600,santander
2021-10-05,3.73,3.79,3.71,3.78,3.7253019999999997,5554800,santander
2021-10-06,3.74,3.79,3.72,3.77,3.715447,4431000,santander
2021-10-07,3.82,3.88,3.81,3.83,3.774579,4787200,santander
2021-10-08,3.87,3.89,3.85,3.88,3.8238550000000004,3542600,santander
2021-10-11,3.88,3.9,3.82,3.82,3.7647239999999997,4504900,santander
2021-10-12,3.87,3.92,3.86,3.91,3.853421,4758100,santander
2021-10-13,3.85,3.85,3.77,3.8,3.7450129999999997,3563000,santander
2021-10-14,3.87,3.88,3.8,3.83,3.774579,2389200,santander
2021-10-15,3.89,3.93,3.86,3.9,3.8435660000000005,7368300,santander
2021-10-18,3.88,3.9,3.86,3.88,3.8238550000000004,4092100,santander
2021-10-19,3.92,3.94,3.9,3.92,3.8632760000000004,2282800,santander
2021-10-20,3.9,3.96,3.89,3.95,3.892843,2352800,santander
2021-10-21,3.91,3.92,3.85,3.88,3.8238550000000004,3542900,santander
2021-10-22,3.86,3.91,3.83,3.87,3.814,2448700,santander
2021-10-25,3.88,3.9,3.87,3.88,3.8238550000000004,2403000,santander
2021-10-26,3.9,3.94,3.9,3.92,3.8632760000000004,3817300,santander
2021-10-27,3.81,3.85,3.78,3.79,3.735157,3397200,santander
2021-10-28,3.84,3.87,3.82,3.87,3.814,4335800,santander
2021-10-29,3.78,3.81,3.77,3.79,3.79,3047300,santander
2021-11-01,3.84,3.92,3.84,3.92,3.92,2877700,santander
2021-11-02,3.83,3.83,3.8,3.81,3.81,1964900,santander
2021-11-03,3.79,3.87,3.77,3.86,3.86,1917400,santander
2021-11-04,3.8,3.8,3.7,3.73,3.73,3457400,santander
2021-11-05,3.81,3.82,3.76,3.78,3.78,3166200,santander
2021-11-08,3.77,3.79,3.74,3.75,3.75,3254000,santander
2021-11-09,3.73,3.74,3.68,3.7,3.7,3469500,santander
2021-11-10,3.72,3.74,3.65,3.67,3.67,2766900,santander
2021-11-11,3.68,3.72,3.68,3.69,3.69,1915200,santander
2021-11-12,3.63,3.64,3.62,3.64,3.64,2666400,santander
2021-11-15,3.66,3.68,3.62,3.62,3.62,2470800,santander
2021-11-16,3.64,3.65,3.6,3.61,3.61,2364500,santander
2021-11-17,3.61,3.62,3.59,3.6,3.6,2310500,santander
2021-11-18,3.56,3.58,3.53,3.53,3.53,3092500,santander
2021-11-19,3.45,3.46,3.41,3.44,3.44,4680800,santander
2021-11-22,3.44,3.49,3.44,3.47,3.47,4346500,santander
2021-11-23,3.46,3.5,3.43,3.46,3.46,3978600,santander
2021-11-24,3.41,3.43,3.39,3.4,3.4,3300900,santander
2021-11-26,3.21,3.21,3.14,3.2,3.2,6276900,santander
2021-11-29,3.21,3.23,3.14,3.16,3.16,5959000,santander
2021-11-30,3.16,3.17,3.07,3.11,3.11,8889400,santander
2021-12-01,3.18,3.21,3.09,3.09,3.09,6489200,santander
2021-12-02,3.14,3.2,3.13,3.17,3.17,5263600,santander
2021-12-03,3.15,3.17,3.1,3.14,3.14,6055800,santander
2021-12-06,3.15,3.19,3.14,3.17,3.17,4557700,santander
2021-12-07,3.17,3.21,3.16,3.18,3.18,6489700,santander
2021-12-08,3.14,3.16,3.08,3.11,3.11,17407500,santander
2021-12-09,3.07,3.08,3.0,3.01,3.01,30497000,santander
2021-12-10,3.02,3.04,3.0,3.03,3.03,15100300,santander
2021-12-13,3.01,3.01,2.96,2.96,2.96,10233500,santander
2021-12-14,2.97,3.05,2.97,2.99,2.99,12114200,santander
2021-12-15,2.99,3.0,2.96,2.98,2.98,8824400,santander
2021-12-16,3.1,3.12,3.05,3.06,3.06,7913100,santander
2021-12-17,3.09,3.1,3.05,3.06,3.06,8211500,santander
2021-12-20,3.09,3.12,3.05,3.09,3.09,10932600,santander
2021-12-21,3.13,3.15,3.12,3.13,3.13,9352000,santander
2021-12-22,3.13,3.18,3.12,3.17,3.17,7384900,santander
2021-12-23,3.24,3.29,3.24,3.26,3.26,5916300,santander
2021-12-27,3.27,3.3,3.25,3.29,3.29,4277400,santander
2021-12-28,3.27,3.3,3.27,3.29,3.29,3626300,santander
2021-12-29,3.28,3.32,3.28,3.29,3.29,6857200,santander
2021-12-30,3.29,3.33,3.29,3.3,3.3,3641000,santander
2021-12-31,3.29,3.31,3.28,3.29,3.29,3117900,santander
2022-01-03,3.31,3.36,3.31,3.36,3.36,5420200,santander
2022-01-04,3.42,3.46,3.41,3.43,3.43,6220000,santander
2022-01-05,3.46,3.48,3.38,3.4,3.4,4023800,santander
2022-01-06,3.49,3.55,3.45,3.54,3.54,5543000,santander
2022-01-07,3.51,3.58,3.5,3.58,3.58,7203300,santander
2022-01-10,3.59,3.59,3.52,3.59,3.59,11876700,santander
2022-01-11,3.54,3.63,3.51,3.61,3.61,8275900,santander
2022-01-12,3.57,3.61,3.56,3.6,3.6,5875000,santander
2022-01-13,3.61,3.64,3.58,3.6,3.6,9044000,santander
2022-01-14,3.59,3.69,3.58,3.69,3.69,8919500,santander
2022-01-18,3.6,3.63,3.58,3.6,3.6,7425700,santander
2022-01-19,3.6,3.61,3.53,3.54,3.54,11189500,santander
2022-01-20,3.54,3.59,3.5,3.52,3.52,6483300,santander
2022-01-21,3.49,3.51,3.44,3.46,3.46,10898300,santander
2022-01-24,3.37,3.4,3.28,3.39,3.39,8173300,santander
2022-01-25,3.35,3.47,3.32,3.44,3.44,6849300,santander
2022-01-26,3.55,3.57,3.48,3.52,3.52,5792100,santander
2022-01-27,3.59,3.62,3.5,3.55,3.55,11383700,santander
2022-01-28,3.52,3.56,3.49,3.55,3.55,4849500,santander
2022-01-31,3.48,3.52,3.45,3.52,3.52,6732600,santander
2022-02-01,3.55,3.62,3.54,3.62,3.62,3945100,santander
2022-02-02,3.65,3.65,3.59,3.64,3.64,4174500,santander
2022-02-03,3.75,3.8,3.73,3.76,3.76,7515000,santander
2022-02-04,3.7,3.83,3.69,3.81,3.81,11106900,santander
2022-02-07,3.78,3.83,3.76,3.81,3.81,5255600,santander
2022-02-08,3.87,3.92,3.86,3.91,3.91,7795500,santander
2022-02-09,3.92,3.96,3.91,3.94,3.94,5728400,santander
2022-02-10,3.94,4.01,3.94,3.98,3.98,7673600,santander
2022-02-11,3.93,4.0,3.83,3.85,3.85,10575000,santander
2022-02-14,3.83,3.84,3.77,3.81,3.81,8085200,santander
2022-02-15,3.87,3.93,3.86,3.91,3.91,5000900,santander
2022-02-16,3.82,3.88,3.82,3.87,3.87,3534400,santander
2022-02-17,3.82,3.84,3.76,3.79,3.79,3895400,santander
2022-02-18,3.78,3.82,3.76,3.79,3.79,5038400,santander
2022-02-22,3.75,3.81,3.71,3.75,3.75,7004000,santander
2022-02-23,3.74,3.77,3.64,3.66,3.66,11433600,santander
2022-02-24,3.31,3.44,3.3,3.43,3.43,16339200,santander
2022-02-25,3.51,3.55,3.5,3.54,3.54,6859600,santander
2022-02-28,3.32,3.4,3.31,3.36,3.36,8040600,santander
2022-03-01,3.3,3.31,3.11,3.14,3.14,14953500,santander
2022-03-02,3.28,3.31,3.24,3.29,3.29,8526800,santander
2022-03-03,3.25,3.26,3.16,3.19,3.19,8177200,santander
2022-03-04,3.05,3.06,2.92,2.96,2.96,24909500,santander
2022-03-07,2.93,2.94,2.77,2.8,2.8,16456400,santander
2022-03-08,3.02,3.09,2.91,3.0,3.0,19449500,santander
2022-03-09,3.15,3.19,3.12,3.19,3.19,11059300,santander
2022-03-10,3.14,3.2,3.11,3.13,3.13,7948000,santander
2022-03-11,3.16,3.19,3.07,3.07,3.07,12302000,santander
2022-03-14,3.19,3.23,3.15,3.18,3.18,9189200,santander
2022-03-15,3.25,3.28,3.21,3.26,3.26,11408600,santander
2022-03-16,3.37,3.49,3.35,3.43,3.43,13452200,santander
2022-03-17,3.41,3.47,3.38,3.47,3.47,9779500,santander
2022-03-18,3.37,3.43,3.36,3.41,3.41,5162500,santander
2022-03-21,3.44,3.46,3.41,3.44,3.44,7639400,santander
2022-03-22,3.48,3.52,3.46,3.47,3.47,5020300,santander
2022-03-23,3.4,3.44,3.38,3.4,3.4,3613000,santander
2022-03-24,3.35,3.4,3.34,3.37,3.37,4076300,santander
2022-03-25,3.36,3.39,3.35,3.39,3.39,3291000,santander
2022-03-28,3.41,3.42,3.35,3.4,3.4,5011100,santander
2022-03-29,3.56,3.58,3.52,3.56,3.56,6591000,santander
2022-03-30,3.52,3.52,3.43,3.47,3.47,4279600,santander
2022-03-31,3.45,3.46,3.37,3.38,3.38,4276000,santander
2022-04-01,3.49,3.51,3.43,3.48,3.48,5958900,santander
2022-04-04,3.44,3.5,3.43,3.49,3.49,3985400,santander
2022-04-05,3.41,3.44,3.38,3.39,3.39,3898700,santander
2022-04-06,3.28,3.33,3.27,3.31,3.31,4629700,santander
2022-04-07,3.37,3.38,3.29,3.35,3.35,4998500,santander
2022-04-08,3.35,3.39,3.35,3.37,3.37,3170300,santander
2022-04-11,3.4,3.43,3.37,3.38,3.38,6399600,santander
2022-04-12,3.38,3.4,3.32,3.35,3.35,4544400,santander
2022-04-13,3.34,3.4,3.34,3.39,3.39,3112100,santander
2022-04-14,3.39,3.41,3.35,3.39,3.39,4206000,santander
2022-04-18,3.37,3.43,3.37,3.4,3.4,2909100,santander
2022-04-19,3.38,3.44,3.37,3.43,3.43,4691400,santander
2022-04-20,3.5,3.52,3.44,3.46,3.46,5288100,santander
2022-04-21,3.5,3.52,3.42,3.42,3.42,4071800,santander
2022-04-22,3.45,3.46,3.36,3.37,3.37,6422600,santander
2022-04-25,3.35,3.35,3.22,3.33,3.33,10913700,santander
2022-04-26,3.05,3.06,2.99,3.03,3.03,12079500,santander
