2017-04-27,1.02,1.03,1.015,1.025,1.025,197619.0,solaria
2017-04-28,1.03,1.035,1.01,1.015,1.015,174708.0,solaria
2017-05-02,1.035,1.035,1.01,1.01,1.01,99507.0,solaria
2017-05-03,1.02,1.025,1.015,1.02,1.02,25611.0,solaria
2017-05-04,1.025,1.04,1.015,1.04,1.04,83735.0,solaria
2017-05-05,1.035,1.05,1.015,1.02,1.02,133671.0,solaria
2017-05-08,1.04,1.04,1.02,1.035,1.035,84055.0,solaria
2017-05-09,1.045,1.045,1.025,1.035,1.035,82515.0,solaria
2017-05-10,1.04,1.045,1.03,1.04,1.04,83999.0,solaria
2017-05-11,1.045,1.06,1.03,1.06,1.06,341865.0,solaria
2017-05-12,1.07,1.14,1.06,1.08,1.08,1170312.0,solaria
2017-05-15,1.085,1.12,1.085,1.105,1.105,254994.0,solaria
2017-05-16,1.1,1.135,1.08,1.135,1.135,453677.0,solaria
2017-05-17,1.13,1.19,1.085,1.115,1.115,1534371.0,solaria
2017-05-18,1.085,1.105,1.065,1.09,1.09,380652.0,solaria
2017-05-19,1.115,1.12,1.08,1.105,1.105,285677.0,solaria
2017-05-22,1.1,1.125,1.085,1.095,1.095,118742.0,solaria
2017-05-23,1.095,1.11,1.095,1.1,1.1,80039.0,solaria
2017-05-24,1.11,1.12,1.1,1.12,1.12,89141.0,solaria
2017-05-25,1.125,1.225,1.11,1.225,1.225,1177913.0,solaria
2017-05-26,1.22,1.235,1.185,1.195,1.195,996411.0,solaria
2017-05-29,1.2,1.27,1.2,1.26,1.26,1169318.0,solaria
2017-05-30,1.25,1.43,1.245,1.4,1.4,3637454.0,solaria
2017-05-31,1.435,1.46,1.315,1.4,1.4,3857261.0,solaria
2017-06-01,1.41,1.43,1.345,1.355,1.355,594372.0,solaria
2017-06-02,1.355,1.46,1.355,1.4,1.4,1259511.0,solaria
2017-06-05,1.46,1.555,1.42,1.555,1.555,2048999.0,solaria
2017-06-06,1.565,1.64,1.425,1.49,1.49,4854158.0,solaria
2017-06-07,1.41,1.47,1.355,1.355,1.355,1680916.0,solaria
2017-06-08,1.35,1.42,1.265,1.42,1.42,2133877.0,solaria
2017-06-09,1.45,1.47,1.37,1.455,1.455,1247264.0,solaria
2017-06-12,1.485,1.49,1.35,1.39,1.39,1216605.0,solaria
2017-06-13,1.38,1.415,1.335,1.355,1.355,676612.0,solaria
2017-06-14,1.36,1.39,1.335,1.345,1.345,543339.0,solaria
2017-06-15,1.345,1.35,1.295,1.34,1.34,530498.0,solaria
2017-06-16,1.34,1.355,1.295,1.3,1.3,376337.0,solaria
2017-06-19,1.305,1.33,1.265,1.27,1.27,548420.0,solaria
2017-06-20,1.265,1.345,1.255,1.325,1.325,740503.0,solaria
2017-06-21,1.345,1.345,1.295,1.315,1.315,274282.0,solaria
2017-06-22,1.31,1.335,1.27,1.305,1.305,332466.0,solaria
2017-06-23,1.3,1.33,1.29,1.29,1.29,143110.0,solaria
2017-06-26,1.3,1.435,1.3,1.42,1.42,1239651.0,solaria
2017-06-27,1.43,1.47,1.385,1.415,1.415,859139.0,solaria
2017-06-28,1.415,1.415,1.365,1.37,1.37,355751.0,solaria
2017-06-29,1.39,1.41,1.335,1.34,1.34,325071.0,solaria
2017-06-30,1.34,1.385,1.325,1.365,1.365,289529.0,solaria
2017-07-03,1.365,1.455,1.33,1.43,1.43,648853.0,solaria
2017-07-04,1.425,1.48,1.42,1.42,1.42,516364.0,solaria
2017-07-05,1.435,1.45,1.4,1.41,1.41,298890.0,solaria
2017-07-06,1.42,1.42,1.38,1.41,1.41,226933.0,solaria
2017-07-07,1.425,1.43,1.36,1.385,1.385,235227.0,solaria
2017-07-10,1.415,1.43,1.405,1.41,1.41,171511.0,solaria
2017-07-11,1.415,1.43,1.35,1.35,1.35,462784.0,solaria
2017-07-12,1.34,1.41,1.34,1.405,1.405,262483.0,solaria
2017-07-13,1.4,1.415,1.37,1.385,1.385,199329.0,solaria
2017-07-14,1.385,1.415,1.37,1.4,1.4,137897.0,solaria
2017-07-17,1.4,1.415,1.385,1.405,1.405,205999.0,solaria
2017-07-18,1.41,1.44,1.39,1.415,1.415,383050.0,solaria
2017-07-19,1.435,1.52,1.43,1.475,1.475,1583977.0,solaria
2017-07-20,1.485,1.5,1.445,1.445,1.445,595994.0,solaria
2017-07-21,1.445,1.51,1.445,1.48,1.48,711340.0,solaria
2017-07-24,1.5,1.54,1.48,1.49,1.49,810428.0,solaria
2017-07-25,1.495,1.51,1.465,1.465,1.465,349372.0,solaria
2017-07-26,1.49,1.56,1.42,1.455,1.455,2242691.0,solaria
2017-07-27,1.455,1.47,1.425,1.425,1.425,354867.0,solaria
2017-07-28,1.42,1.45,1.415,1.42,1.42,272603.0,solaria
2017-07-31,1.42,1.44,1.365,1.365,1.365,452288.0,solaria
2017-08-01,1.375,1.43,1.305,1.42,1.42,694991.0,solaria
2017-08-02,1.415,1.43,1.385,1.405,1.405,111400.0,solaria
2017-08-03,1.405,1.41,1.38,1.4,1.4,81826.0,solaria
2017-08-04,1.4,1.43,1.39,1.4,1.4,112397.0,solaria
2017-08-07,1.42,1.44,1.4,1.435,1.435,191002.0,solaria
2017-08-08,1.43,1.47,1.43,1.45,1.45,252083.0,solaria
2017-08-09,1.465,1.47,1.41,1.43,1.43,230814.0,solaria
2017-08-10,1.43,1.45,1.4,1.42,1.42,135977.0,solaria
2017-08-11,1.425,1.425,1.38,1.41,1.41,214484.0,solaria
2017-08-14,1.42,1.445,1.415,1.445,1.445,125116.0,solaria
2017-08-15,1.45,1.47,1.43,1.44,1.44,64626.0,solaria
2017-08-16,1.455,1.47,1.44,1.465,1.465,124503.0,solaria
2017-08-17,1.46,1.47,1.45,1.465,1.465,96668.0,solaria
2017-08-18,1.44,1.46,1.43,1.44,1.44,65234.0,solaria
2017-08-21,1.46,1.465,1.44,1.455,1.455,56519.0,solaria
2017-08-22,1.475,1.475,1.44,1.475,1.475,83035.0,solaria
2017-08-23,1.475,1.495,1.465,1.485,1.485,214800.0,solaria
2017-08-24,1.49,1.49,1.475,1.48,1.48,88711.0,solaria
2017-08-25,1.475,1.52,1.475,1.5,1.5,354665.0,solaria
2017-08-28,1.5,1.51,1.485,1.51,1.51,74937.0,solaria
2017-08-29,1.5,1.51,1.45,1.49,1.49,168327.0,solaria
2017-08-30,1.495,1.5,1.465,1.485,1.485,112200.0,solaria
2017-08-31,1.485,1.49,1.42,1.475,1.475,315660.0,solaria
2017-09-01,1.49,1.49,1.455,1.485,1.485,98706.0,solaria
2017-09-04,1.455,1.48,1.455,1.47,1.47,136596.0,solaria
2017-09-05,1.47,1.48,1.455,1.465,1.465,99703.0,solaria
2017-09-06,1.465,1.47,1.41,1.445,1.445,345361.0,solaria
2017-09-07,1.425,1.45,1.405,1.45,1.45,263964.0,solaria
2017-09-08,1.445,1.445,1.415,1.44,1.44,103664.0,solaria
2017-09-11,1.42,1.46,1.42,1.455,1.455,163264.0,solaria
2017-09-12,1.45,1.48,1.45,1.47,1.47,183485.0,solaria
2017-09-13,1.47,1.48,1.455,1.47,1.47,36608.0,solaria
2017-09-14,1.455,1.475,1.45,1.45,1.45,184726.0,solaria
2017-09-15,1.435,1.47,1.425,1.46,1.46,174377.0,solaria
2017-09-18,1.45,1.465,1.44,1.445,1.445,111812.0,solaria
2017-09-19,1.455,1.47,1.425,1.465,1.465,213997.0,solaria
2017-09-20,1.46,1.475,1.43,1.44,1.44,177505.0,solaria
2017-09-21,1.435,1.44,1.34,1.35,1.35,953857.0,solaria
2017-09-22,1.33,1.37,1.275,1.28,1.28,880578.0,solaria
2017-09-25,1.28,1.3,1.2,1.2,1.2,1026345.0,solaria
2017-09-26,1.19,1.23,1.16,1.22,1.22,872419.0,solaria
2017-09-27,1.22,1.275,1.22,1.26,1.26,643181.0,solaria
2017-09-28,1.275,1.28,1.24,1.255,1.255,209513.0,solaria
2017-09-29,1.25,1.265,1.21,1.25,1.25,374762.0,solaria
2017-10-02,1.23,1.325,1.23,1.32,1.32,553089.0,solaria
2017-10-03,1.33,1.37,1.3,1.335,1.335,522561.0,solaria
2017-10-04,1.335,1.335,1.21,1.22,1.22,1083987.0,solaria
2017-10-05,1.2,1.27,1.19,1.265,1.265,594535.0,solaria
2017-10-06,1.31,1.31,1.235,1.235,1.235,371633.0,solaria
2017-10-09,1.275,1.28,1.225,1.26,1.26,265670.0,solaria
2017-10-10,1.26,1.27,1.195,1.22,1.22,282954.0,solaria
2017-10-11,1.28,1.28,1.235,1.255,1.255,195173.0,solaria
2017-10-12,1.29,1.34,1.265,1.315,1.315,257135.0,solaria
2017-10-13,1.35,1.39,1.33,1.35,1.35,372869.0,solaria
2017-10-16,1.36,1.36,1.31,1.32,1.32,155102.0,solaria
2017-10-17,1.32,1.35,1.32,1.345,1.345,163977.0,solaria
2017-10-18,1.355,1.365,1.33,1.355,1.355,265822.0,solaria
2017-10-19,1.37,1.375,1.36,1.365,1.365,182674.0,solaria
2017-10-20,1.38,1.45,1.38,1.41,1.41,738522.0,solaria
2017-10-23,1.43,1.43,1.365,1.42,1.42,471153.0,solaria
2017-10-24,1.44,1.44,1.39,1.435,1.435,261672.0,solaria
2017-10-25,1.435,1.435,1.405,1.405,1.405,120171.0,solaria
2017-10-26,1.405,1.43,1.39,1.4,1.4,286533.0,solaria
2017-10-27,1.41,1.42,1.34,1.36,1.36,375907.0,solaria
2017-10-30,1.39,1.415,1.39,1.415,1.415,248354.0,solaria
2017-10-31,1.42,1.43,1.395,1.425,1.425,146297.0,solaria
2017-11-01,1.44,1.48,1.425,1.48,1.48,556384.0,solaria
2017-11-02,1.48,1.515,1.425,1.44,1.44,836540.0,solaria
2017-11-03,1.44,1.46,1.39,1.425,1.425,251722.0,solaria
2017-11-06,1.435,1.45,1.415,1.45,1.45,167129.0,solaria
2017-11-07,1.45,1.46,1.43,1.435,1.435,128621.0,solaria
2017-11-08,1.425,1.46,1.425,1.455,1.455,157087.0,solaria
2017-11-09,1.47,1.47,1.375,1.415,1.415,337510.0,solaria
2017-11-10,1.44,1.44,1.39,1.39,1.39,226771.0,solaria
2017-11-13,1.39,1.44,1.355,1.375,1.375,383418.0,solaria
2017-11-14,1.385,1.41,1.37,1.38,1.38,113205.0,solaria
2017-11-15,1.42,1.475,1.41,1.43,1.43,765459.0,solaria
2017-11-16,1.45,1.46,1.405,1.46,1.46,414202.0,solaria
2017-11-17,1.47,1.54,1.465,1.54,1.54,1547087.0,solaria
2017-11-20,1.535,1.63,1.535,1.58,1.58,2221532.0,solaria
2017-11-21,1.61,1.625,1.535,1.575,1.575,1381471.0,solaria
2017-11-22,1.59,1.605,1.57,1.58,1.58,543031.0,solaria
2017-11-23,1.585,1.72,1.57,1.72,1.72,1799105.0,solaria
2017-11-24,1.72,1.755,1.67,1.7,1.7,2014388.0,solaria
2017-11-27,1.685,1.715,1.665,1.7,1.7,455886.0,solaria
2017-11-28,1.72,1.785,1.705,1.775,1.775,1412999.0,solaria
2017-11-29,1.77,1.78,1.635,1.635,1.635,2271377.0,solaria
2017-11-30,1.63,1.72,1.63,1.685,1.685,1078409.0,solaria
2017-12-01,1.71,1.72,1.65,1.665,1.665,475947.0,solaria
2017-12-04,1.72,1.72,1.68,1.71,1.71,235103.0,solaria
2017-12-05,1.72,1.73,1.67,1.685,1.685,387057.0,solaria
2017-12-06,1.685,1.685,1.665,1.665,1.665,132506.0,solaria
2017-12-07,1.7,1.71,1.67,1.67,1.67,296687.0,solaria
2017-12-08,1.695,1.695,1.67,1.69,1.69,136558.0,solaria
2017-12-11,1.695,1.72,1.675,1.68,1.68,348801.0,solaria
2017-12-12,1.685,1.69,1.65,1.65,1.65,284784.0,solaria
2017-12-13,1.655,1.665,1.63,1.665,1.665,230975.0,solaria
2017-12-14,1.67,1.675,1.635,1.65,1.65,265648.0,solaria
2017-12-15,1.67,1.67,1.64,1.66,1.66,121956.0,solaria
2017-12-18,1.655,1.66,1.64,1.655,1.655,258530.0,solaria
2017-12-19,1.655,1.685,1.655,1.655,1.655,305559.0,solaria
2017-12-20,1.66,1.66,1.605,1.62,1.62,610203.0,solaria
2017-12-21,1.615,1.67,1.615,1.65,1.65,431717.0,solaria
2017-12-22,1.62,1.67,1.62,1.66,1.66,433685.0,solaria
2017-12-27,1.66,1.665,1.625,1.66,1.66,507942.0,solaria
2017-12-28,1.66,1.695,1.655,1.66,1.66,463922.0,solaria
2017-12-29,1.66,1.67,1.63,1.63,1.63,600759.0,solaria
2018-01-02,1.68,1.68,1.635,1.66,1.66,205675.0,solaria
2018-01-03,1.67,1.928,1.67,1.92,1.92,1450106.0,solaria
2018-01-04,1.89,1.98,1.84,1.96,1.96,2371018.0,solaria
2018-01-05,1.972,2.095,1.928,2.04,2.04,2116482.0,solaria
2018-01-08,2.1,2.31,2.055,2.27,2.27,2582813.0,solaria
2018-01-09,2.325,2.35,2.18,2.23,2.23,2110911.0,solaria
2018-01-10,2.215,2.4,2.2,2.4,2.4,1447931.0,solaria
2018-01-11,2.44,2.69,2.42,2.51,2.51,4886900.0,solaria
2018-01-12,2.58,2.64,2.5,2.53,2.53,1894822.0,solaria
2018-01-15,2.53,2.6,2.21,2.44,2.44,2545488.0,solaria
2018-01-16,2.4,2.44,2.28,2.33,2.33,1472368.0,solaria
2018-01-17,2.26,2.31,2.135,2.26,2.26,2476016.0,solaria
2018-01-18,2.33,2.38,2.265,2.295,2.295,911776.0,solaria
2018-01-19,2.26,2.295,2.22,2.29,2.29,540588.0,solaria
2018-01-22,2.29,2.305,2.27,2.3,2.3,345379.0,solaria
2018-01-23,2.34,2.34,2.27,2.3,2.3,299687.0,solaria
2018-01-24,2.295,2.305,2.26,2.265,2.265,287144.0,solaria
2018-01-25,2.32,2.32,2.25,2.32,2.32,338723.0,solaria
2018-01-26,2.34,2.52,2.3,2.47,2.47,1686592.0,solaria
2018-01-29,2.51,2.52,2.4,2.41,2.41,666092.0,solaria
2018-01-30,2.405,2.405,2.315,2.33,2.33,568525.0,solaria
2018-01-31,2.37,2.41,2.32,2.35,2.35,772824.0,solaria
2018-02-01,2.365,2.41,2.335,2.375,2.375,433986.0,solaria
2018-02-02,2.38,2.39,2.28,2.305,2.305,498382.0,solaria
2018-02-05,2.265,2.315,2.23,2.315,2.315,344790.0,solaria
2018-02-06,2.21,2.29,2.18,2.25,2.25,851362.0,solaria
2018-02-07,2.32,2.32,2.28,2.305,2.305,330171.0,solaria
2018-02-08,2.32,2.44,2.29,2.37,2.37,768678.0,solaria
2018-02-09,2.34,2.44,2.28,2.3,2.3,844303.0,solaria
2018-02-12,2.39,2.4,2.33,2.385,2.385,374543.0,solaria
2018-02-13,2.4,2.41,2.35,2.35,2.35,450810.0,solaria
2018-02-14,2.42,2.62,2.365,2.57,2.57,3378265.0,solaria
2018-02-15,2.6,2.66,2.485,2.49,2.49,1997123.0,solaria
2018-02-16,2.5,2.59,2.405,2.545,2.545,1064961.0,solaria
2018-02-19,2.59,2.64,2.545,2.545,2.545,989348.0,solaria
2018-02-20,2.59,2.59,2.545,2.56,2.56,332648.0,solaria
2018-02-21,2.56,2.585,2.5,2.51,2.51,640447.0,solaria
2018-02-22,2.515,2.59,2.515,2.58,2.58,471060.0,solaria
2018-02-23,2.59,2.595,2.54,2.58,2.58,377385.0,solaria
2018-02-26,2.62,2.83,2.59,2.815,2.815,2324395.0,solaria
2018-02-27,2.8,2.975,2.74,2.91,2.91,2226018.0,solaria
2018-02-28,2.9,2.995,2.85,2.86,2.86,1661259.0,solaria
2018-03-01,2.9,2.9,2.74,2.825,2.825,988833.0,solaria
2018-03-02,2.825,2.825,2.73,2.73,2.73,735634.0,solaria
2018-03-05,2.72,2.92,2.705,2.91,2.91,1135658.0,solaria
2018-03-06,2.93,3.1,2.93,3.045,3.045,2978830.0,solaria
2018-03-07,3.06,3.37,3.01,3.29,3.29,3865128.0,solaria
2018-03-08,3.35,3.435,3.125,3.21,3.21,3790263.0,solaria
2018-03-09,3.35,3.365,3.235,3.265,3.265,1027599.0,solaria
2018-03-12,3.26,3.45,3.26,3.445,3.445,1945239.0,solaria
2018-03-13,3.47,3.575,3.03,3.18,3.18,4145563.0,solaria
2018-03-14,3.17,3.3,3.035,3.28,3.28,1885927.0,solaria
2018-03-15,3.3,3.34,3.18,3.285,3.285,1214963.0,solaria
2018-03-16,3.295,3.61,3.285,3.6,3.6,2441903.0,solaria
2018-03-19,3.62,3.88,3.61,3.795,3.795,2830916.0,solaria
2018-03-20,3.86,3.94,3.69,3.855,3.855,2071711.0,solaria
2018-03-21,3.945,4.275,3.89,4.24,4.24,3364890.0,solaria
2018-03-22,4.43,4.43,4.105,4.27,4.27,3294207.0,solaria
2018-03-23,4.165,4.25,3.92,4.25,4.25,2140240.0,solaria
2018-03-26,4.34,4.73,4.2,4.73,4.73,2697170.0,solaria
2018-03-27,4.725,5.0,4.2,4.61,4.61,4053775.0,solaria
2018-03-28,4.48,4.6,4.27,4.3,4.3,1778261.0,solaria
2018-03-29,4.32,4.405,4.21,4.29,4.29,848553.0,solaria
2018-04-03,4.21,4.25,3.865,3.865,3.865,1858657.0,solaria
2018-04-04,3.785,3.785,2.725,2.785,2.785,7975636.0,solaria
2018-04-05,2.91,3.42,2.88,3.365,3.365,5378334.0,solaria
2018-04-06,3.4,3.71,3.315,3.34,3.34,2915269.0,solaria
2018-04-09,3.5,3.595,3.45,3.53,3.53,1397009.0,solaria
2018-04-10,3.61,3.66,3.42,3.495,3.495,1268265.0,solaria
2018-04-11,3.51,3.62,3.42,3.42,3.42,953193.0,solaria
2018-04-12,3.43,3.595,3.43,3.595,3.595,803563.0,solaria
2018-04-13,3.6,3.675,3.35,3.4,3.4,1389379.0,solaria
2018-04-16,3.35,3.54,3.06,3.12,3.12,1858610.0,solaria
2018-04-17,3.14,3.29,2.9,3.165,3.165,1731112.0,solaria
2018-04-18,3.215,3.35,3.15,3.345,3.345,931053.0,solaria
2018-04-19,3.34,3.44,3.205,3.25,3.25,779527.0,solaria
2018-04-20,3.22,3.33,3.215,3.29,3.29,404255.0,solaria
2018-04-23,3.345,3.53,3.29,3.475,3.475,764397.0,solaria
2018-04-24,3.53,3.64,3.46,3.46,3.46,927732.0,solaria
2018-04-25,3.425,3.52,3.35,3.48,3.48,423590.0,solaria
2018-04-26,3.48,3.565,3.48,3.525,3.525,259165.0,solaria
2018-04-27,3.545,3.58,3.4,3.41,3.41,350771.0,solaria
2018-04-30,3.46,3.49,3.4,3.455,3.455,159405.0,solaria
2018-05-02,3.43,3.495,3.405,3.43,3.43,381482.0,solaria
2018-05-03,3.45,3.45,3.22,3.4,3.4,919757.0,solaria
2018-05-04,3.38,3.44,3.34,3.375,3.375,319792.0,solaria
2018-05-07,3.4,3.4,3.295,3.305,3.305,406001.0,solaria
2018-05-08,3.305,3.59,3.26,3.59,3.59,1043491.0,solaria
2018-05-09,3.595,3.785,3.555,3.76,3.76,1409933.0,solaria
2018-05-10,3.8,3.85,3.62,3.68,3.68,811662.0,solaria
2018-05-11,3.98,3.98,3.72,3.865,3.865,1876339.0,solaria
2018-05-14,3.92,3.975,3.78,3.945,3.945,1042295.0,solaria
2018-05-15,3.95,4.125,3.905,3.95,3.95,1183488.0,solaria
2018-05-16,3.89,3.985,3.8,3.92,3.92,854581.0,solaria
2018-05-17,3.885,4.25,3.885,4.25,4.25,1896045.0,solaria
2018-05-18,4.25,4.465,4.22,4.36,4.36,1917869.0,solaria
2018-05-21,4.435,4.65,4.42,4.64,4.64,1491939.0,solaria
2018-05-22,4.64,4.69,4.235,4.38,4.38,2665002.0,solaria
2018-05-23,4.36,4.64,4.285,4.64,4.64,1245540.0,solaria
2018-05-24,4.675,4.75,4.5,4.525,4.525,1006442.0,solaria
2018-05-25,4.57,4.575,4.295,4.295,4.295,1370557.0,solaria
2018-05-28,4.225,4.29,3.81,4.05,4.05,2799673.0,solaria
2018-05-29,3.945,4.27,3.8,4.23,4.23,1973583.0,solaria
2018-05-30,4.29,4.4,4.12,4.29,4.29,1268130.0,solaria
2018-05-31,4.275,4.32,3.91,4.05,4.05,1486785.0,solaria
2018-06-01,4.01,4.31,4.01,4.285,4.285,872369.0,solaria
2018-06-04,4.34,4.7,4.34,4.68,4.68,2465303.0,solaria
2018-06-05,4.665,5.06,4.59,4.645,4.645,3882663.0,solaria
2018-06-06,4.66,4.98,4.65,4.95,4.95,2044647.0,solaria
2018-06-07,5.25,5.34,5.03,5.28,5.28,2588693.0,solaria
2018-06-08,5.24,5.47,5.12,5.44,5.44,1969393.0,solaria
2018-06-11,5.52,5.89,5.49,5.75,5.75,2432215.0,solaria
2018-06-12,5.87,5.89,5.2,5.65,5.65,3110108.0,solaria
2018-06-13,5.78,6.29,5.62,5.92,5.92,3691586.0,solaria
2018-06-14,6.06,6.25,5.73,6.12,6.12,3223329.0,solaria
2018-06-15,6.2,6.22,5.65,5.65,5.65,2713145.0,solaria
2018-06-18,5.82,6.25,5.76,6.24,6.24,1987779.0,solaria
2018-06-19,6.22,6.72,6.05,6.63,6.63,2495010.0,solaria
2018-06-20,6.71,7.03,6.59,6.91,6.91,2667348.0,solaria
2018-06-21,7.05,7.1,6.6,6.82,6.82,2594854.0,solaria
2018-06-22,6.75,7.05,6.52,6.78,6.78,1542268.0,solaria
2018-06-25,6.77,6.77,6.32,6.37,6.37,2077654.0,solaria
2018-06-26,6.36,6.82,6.35,6.77,6.77,1306479.0,solaria
2018-06-27,6.82,6.88,6.55,6.82,6.82,1119656.0,solaria
2018-06-28,6.64,6.83,6.61,6.65,6.65,702406.0,solaria
2018-06-29,6.73,6.77,6.25,6.77,6.77,1173815.0,solaria
2018-07-02,6.66,6.78,6.42,6.75,6.75,795387.0,solaria
2018-07-03,6.8,6.85,6.65,6.75,6.75,602883.0,solaria
2018-07-04,6.76,6.8,6.62,6.78,6.78,591726.0,solaria
2018-07-05,6.79,6.93,6.72,6.77,6.77,723488.0,solaria
2018-07-06,6.77,6.85,6.66,6.85,6.85,380928.0,solaria
2018-07-09,6.83,6.85,6.73,6.77,6.77,458462.0,solaria
2018-07-10,6.73,6.77,6.37,6.7,6.7,1180072.0,solaria
2018-07-11,6.61,6.8,6.56,6.73,6.73,412313.0,solaria
2018-07-12,6.78,6.79,6.6,6.64,6.64,265608.0,solaria
2018-07-13,6.31,6.31,5.4,5.8,5.8,7130474.0,solaria
2018-07-16,5.84,6.23,5.7,5.97,5.97,1555177.0,solaria
2018-07-17,5.99,6.11,5.8,5.81,5.81,893335.0,solaria
2018-07-18,5.82,5.86,5.45,5.74,5.74,1316852.0,solaria
2018-07-19,5.74,5.78,5.53,5.55,5.55,643150.0,solaria
2018-07-20,5.48,5.64,5.47,5.57,5.57,659353.0,solaria
2018-07-23,5.62,5.96,5.52,5.65,5.65,933586.0,solaria
2018-07-24,5.71,5.71,5.13,5.2,5.2,1735730.0,solaria
2018-07-25,5.16,5.46,5.16,5.31,5.31,892933.0,solaria
2018-07-26,5.35,5.4,5.05,5.11,5.11,1380424.0,solaria
2018-07-27,5.02,5.28,5.01,5.13,5.13,605778.0,solaria
2018-07-30,5.08,5.19,4.91,4.955,4.955,764132.0,solaria
2018-07-31,4.91,5.29,4.91,5.1,5.1,940240.0,solaria
2018-08-01,5.15,5.18,4.83,4.89,4.89,958160.0,solaria
2018-08-02,4.87,5.13,4.81,4.93,4.93,1073100.0,solaria
2018-08-03,5.0,5.0,4.87,4.905,4.905,489360.0,solaria
2018-08-06,4.98,5.18,4.935,5.08,5.08,1173149.0,solaria
2018-08-07,5.16,5.56,5.08,5.44,5.44,2253360.0,solaria
2018-08-08,5.47,5.53,5.2,5.31,5.31,959232.0,solaria
2018-08-09,5.37,5.48,5.31,5.36,5.36,578454.0,solaria
2018-08-10,5.32,5.41,5.22,5.26,5.26,452819.0,solaria
2018-08-13,5.26,5.4,5.21,5.32,5.32,578930.0,solaria
2018-08-14,5.39,5.54,5.28,5.34,5.34,842294.0,solaria
2018-08-15,5.39,5.39,5.12,5.23,5.23,447327.0,solaria
2018-08-16,5.24,5.32,5.13,5.3,5.3,453203.0,solaria
2018-08-17,5.29,5.35,5.24,5.3,5.3,248289.0,solaria
2018-08-20,5.35,5.47,5.24,5.3,5.3,480358.0,solaria
2018-08-21,5.33,5.4,5.3,5.39,5.39,213462.0,solaria
2018-08-22,5.43,5.68,5.39,5.64,5.64,1125380.0,solaria
2018-08-23,5.7,5.74,5.45,5.47,5.47,504418.0,solaria
2018-08-24,5.5,5.56,5.4,5.56,5.56,392988.0,solaria
2018-08-27,5.56,5.61,5.46,5.54,5.54,227167.0,solaria
2018-08-28,5.6,5.83,5.56,5.77,5.77,1184954.0,solaria
2018-08-29,5.77,5.88,5.66,5.85,5.85,999389.0,solaria
2018-08-30,5.9,5.97,5.68,5.72,5.72,1295568.0,solaria
2018-08-31,5.75,5.88,5.53,5.86,5.86,831621.0,solaria
2018-09-03,5.91,5.91,5.67,5.77,5.77,490146.0,solaria
2018-09-04,5.83,5.84,5.63,5.78,5.78,369068.0,solaria
2018-09-05,5.75,5.75,5.4,5.53,5.53,912823.0,solaria
2018-09-06,5.53,5.62,5.4,5.45,5.45,336713.0,solaria
2018-09-07,5.4,5.59,5.4,5.57,5.57,421794.0,solaria
2018-09-10,5.64,5.69,5.54,5.58,5.58,497843.0,solaria
2018-09-11,5.64,5.76,5.43,5.5,5.5,969411.0,solaria
2018-09-12,5.52,5.61,5.45,5.59,5.59,393260.0,solaria
2018-09-13,5.59,5.72,5.56,5.65,5.65,431394.0,solaria
2018-09-14,5.62,5.64,5.54,5.58,5.58,224369.0,solaria
2018-09-17,5.6,5.6,5.4,5.42,5.42,917521.0,solaria
2018-09-18,5.35,5.36,5.04,5.3,5.3,1559014.0,solaria
2018-09-19,5.24,5.37,5.2,5.25,5.25,374696.0,solaria
2018-09-20,,,,,,,solaria
2018-09-21,5.45,5.45,5.3,5.4,5.4,356553.0,solaria
2018-09-24,5.4,5.46,5.34,5.41,5.41,282913.0,solaria
2018-09-25,5.48,5.54,5.38,5.52,5.52,497269.0,solaria
2018-09-26,5.55,5.76,5.47,5.7,5.7,987846.0,solaria
2018-09-27,5.8,5.84,5.54,5.62,5.62,714938.0,solaria
2018-09-28,5.55,5.6,5.38,5.59,5.59,645300.0,solaria
2018-10-01,5.53,5.75,5.53,5.66,5.66,386224.0,solaria
2018-10-02,5.68,5.78,5.58,5.73,5.73,794553.0,solaria
2018-10-03,5.69,5.94,5.69,5.86,5.86,1212787.0,solaria
2018-10-04,5.98,6.29,5.91,6.27,6.27,1315059.0,solaria
2018-10-05,6.29,6.46,6.11,6.37,6.37,1273955.0,solaria
2018-10-08,6.52,6.53,5.63,5.7,5.7,2713563.0,solaria
2018-10-09,5.65,5.79,4.275,4.9,4.9,5677375.0,solaria
2018-10-10,4.96,5.04,4.325,4.725,4.725,3091757.0,solaria
2018-10-11,4.52,4.68,4.34,4.47,4.47,1246064.0,solaria
2018-10-12,4.525,4.71,4.43,4.5,4.5,675559.0,solaria
2018-10-15,4.5,4.53,4.305,4.445,4.445,1015936.0,solaria
2018-10-16,4.395,4.395,3.415,3.7,3.7,3442570.0,solaria
2018-10-17,3.82,4.1,3.61,3.9,3.9,1691075.0,solaria
2018-10-18,4.08,4.08,3.91,3.945,3.945,669616.0,solaria
2018-10-19,3.945,4.035,3.76,3.83,3.83,606246.0,solaria
2018-10-22,3.88,3.9,3.415,3.565,3.565,997023.0,solaria
2018-10-23,3.165,3.41,2.85,2.85,2.85,2906767.0,solaria
2018-10-24,2.88,3.18,2.85,3.055,3.055,1827142.0,solaria
2018-10-25,3.1,3.27,2.95,3.17,3.17,1299054.0,solaria
2018-10-26,3.21,3.21,2.975,3.115,3.115,906104.0,solaria
2018-10-29,3.19,3.295,3.15,3.25,3.25,1035525.0,solaria
2018-10-30,3.29,3.58,3.26,3.58,3.58,1264047.0,solaria
2018-10-31,3.64,3.84,3.62,3.8,3.8,1795641.0,solaria
2018-11-01,3.845,3.96,3.695,3.865,3.865,798636.0,solaria
2018-11-02,3.96,4.11,3.93,3.975,3.975,711486.0,solaria
2018-11-05,3.985,4.015,3.71,3.93,3.93,1239907.0,solaria
2018-11-06,3.92,3.97,3.705,3.805,3.805,786384.0,solaria
2018-11-07,3.88,4.31,3.85,4.31,4.31,1351886.0,solaria
2018-11-08,4.3,4.44,4.115,4.195,4.195,1277917.0,solaria
2018-11-09,4.14,4.185,3.855,4.055,4.055,676805.0,solaria
2018-11-12,4.07,4.08,3.865,3.895,3.895,436049.0,solaria
2018-11-13,3.85,4.305,3.83,4.19,4.19,1059083.0,solaria
2018-11-14,4.25,4.385,4.02,4.035,4.035,1528281.0,solaria
2018-11-15,4.075,4.38,3.97,4.35,4.35,1569623.0,solaria
2018-11-16,4.41,4.44,4.165,4.3,4.3,1013162.0,solaria
2018-11-19,4.34,4.43,4.215,4.215,4.215,851936.0,solaria
2018-11-20,4.14,4.215,3.9,4.0,4.0,1007657.0,solaria
2018-11-21,4.08,4.09,3.82,3.96,3.96,787613.0,solaria
2018-11-22,4.04,4.04,3.725,3.81,3.81,658004.0,solaria
2018-11-23,3.76,3.89,3.625,3.705,3.705,1006595.0,solaria
2018-11-26,3.675,4.05,3.62,4.03,4.03,863713.0,solaria
2018-11-27,4.0,4.2,3.97,4.15,4.15,698086.0,solaria
2018-11-28,4.12,4.31,4.12,4.195,4.195,709613.0,solaria
2018-11-29,4.275,4.33,4.075,4.245,4.245,786314.0,solaria
2018-11-30,4.245,4.245,4.02,4.05,4.05,1587188.0,solaria
2018-12-03,4.195,4.225,3.885,4.11,4.11,654667.0,solaria
2018-12-04,4.22,4.295,4.075,4.115,4.115,1042926.0,solaria
2018-12-05,4.005,4.14,3.925,4.04,4.04,473182.0,solaria
2018-12-06,4.095,4.095,3.735,3.75,3.75,987745.0,solaria
2018-12-07,3.77,3.955,3.74,3.76,3.76,785186.0,solaria
2018-12-10,3.72,3.75,3.43,3.465,3.465,719862.0,solaria
2018-12-11,3.49,3.7,3.365,3.5,3.5,994308.0,solaria
2018-12-12,3.515,3.67,3.515,3.63,3.63,701151.0,solaria
2018-12-13,3.65,3.895,3.605,3.865,3.865,935688.0,solaria
2018-12-14,3.82,3.84,3.715,3.82,3.82,586520.0,solaria
2018-12-17,3.795,3.955,3.795,3.955,3.955,424312.0,solaria
2018-12-18,3.87,3.93,3.82,3.89,3.89,504709.0,solaria
2018-12-19,3.91,3.975,3.85,3.955,3.955,318787.0,solaria
2018-12-20,3.9,3.955,3.77,3.89,3.89,550423.0,solaria
2018-12-21,3.9,4.255,3.85,4.255,4.255,895833.0,solaria
2018-12-24,4.2,4.25,4.055,4.155,4.155,490451.0,solaria
2018-12-27,4.26,4.27,3.885,3.995,3.995,812582.0,solaria
2018-12-28,3.995,4.17,3.94,4.005,4.005,629008.0,solaria
2018-12-31,3.94,4.07,3.94,3.965,3.965,427577.0,solaria
2019-01-02,3.95,4.27,3.89,4.255,4.255,730536.0,solaria
2019-01-03,4.23,4.395,4.12,4.165,4.165,932541.0,solaria
2019-01-04,4.18,4.72,4.18,4.625,4.625,2028026.0,solaria
2019-01-07,4.66,4.95,4.62,4.85,4.85,2201261.0,solaria
2019-01-08,4.845,5.01,4.53,4.685,4.685,2550553.0,solaria
2019-01-09,4.73,4.84,4.63,4.69,4.69,858776.0,solaria
2019-01-10,4.725,4.755,4.6,4.66,4.66,758766.0,solaria
2019-01-11,4.655,4.735,4.525,4.555,4.555,612818.0,solaria
2019-01-14,4.495,4.53,4.33,4.39,4.39,792871.0,solaria
2019-01-15,4.355,4.565,4.35,4.48,4.48,670576.0,solaria
2019-01-16,4.62,4.75,4.485,4.675,4.675,736687.0,solaria
2019-01-17,4.69,4.79,4.55,4.59,4.59,638309.0,solaria
2019-01-18,4.68,4.76,4.65,4.66,4.66,439499.0,solaria
2019-01-21,4.745,4.87,4.71,4.78,4.78,479871.0,solaria
2019-01-22,4.81,4.81,4.66,4.665,4.665,687122.0,solaria
2019-01-23,4.67,4.77,4.61,4.765,4.765,459410.0,solaria
2019-01-24,4.8,4.865,4.715,4.765,4.765,1334618.0,solaria
2019-01-25,4.82,4.83,4.75,4.78,4.78,564477.0,solaria
2019-01-28,4.8,5.45,4.76,5.44,5.44,2970542.0,solaria
2019-01-29,5.5,5.63,5.15,5.22,5.22,2015297.0,solaria
2019-01-30,5.22,5.46,5.11,5.31,5.31,920901.0,solaria
2019-01-31,5.45,5.5,5.22,5.39,5.39,635575.0,solaria
2019-02-01,5.41,5.43,5.29,5.38,5.38,533295.0,solaria
2019-02-04,5.37,5.55,5.33,5.44,5.44,574047.0,solaria
2019-02-05,5.5,5.75,5.46,5.7,5.7,1266572.0,solaria
2019-02-06,5.7,5.83,5.66,5.68,5.68,818716.0,solaria
2019-02-07,5.64,5.69,5.32,5.41,5.41,1338994.0,solaria
2019-02-08,5.41,5.57,4.985,5.09,5.09,1679762.0,solaria
2019-02-11,5.13,5.25,5.06,5.22,5.22,978365.0,solaria
2019-02-12,5.26,5.34,5.21,5.21,5.21,313633.0,solaria
2019-02-13,5.2,5.24,4.91,5.1,5.1,1057125.0,solaria
2019-02-14,5.09,5.18,4.915,5.05,5.05,945124.0,solaria
2019-02-15,5.12,5.33,5.05,5.26,5.26,557671.0,solaria
2019-02-18,5.29,5.39,5.21,5.34,5.34,685917.0,solaria
2019-02-19,5.35,5.38,5.24,5.25,5.25,575745.0,solaria
2019-02-20,5.27,5.36,5.23,5.35,5.35,259531.0,solaria
2019-02-21,5.37,5.37,5.22,5.34,5.34,391919.0,solaria
2019-02-22,5.26,5.37,5.26,5.32,5.32,184383.0,solaria
2019-02-25,5.36,5.66,5.35,5.49,5.49,1130110.0,solaria
2019-02-26,5.5,5.57,5.37,5.44,5.44,493198.0,solaria
2019-02-27,5.37,5.38,5.08,5.29,5.29,1871126.0,solaria
2019-02-28,5.22,5.3,5.22,5.29,5.29,251257.0,solaria
2019-03-01,5.26,5.36,5.22,5.26,5.26,402151.0,solaria
2019-03-04,5.32,5.44,5.24,5.27,5.27,517713.0,solaria
2019-03-05,5.27,5.29,5.12,5.2,5.2,402169.0,solaria
2019-03-06,5.19,5.19,4.985,4.99,4.99,689356.0,solaria
2019-03-07,4.98,5.24,4.9,5.23,5.23,1076509.0,solaria
2019-03-08,5.17,5.2,5.01,5.1,5.1,755501.0,solaria
2019-03-11,5.08,5.15,4.91,5.1,5.1,543273.0,solaria
2019-03-12,5.12,5.18,5.05,5.16,5.16,442568.0,solaria
2019-03-13,5.11,5.15,5.07,5.1,5.1,252712.0,solaria
2019-03-14,5.1,5.22,5.07,5.09,5.09,455010.0,solaria
2019-03-15,5.08,5.13,4.99,5.0,5.0,882676.0,solaria
2019-03-18,5.0,5.08,4.93,4.96,4.96,497257.0,solaria
2019-03-19,4.93,5.13,4.93,5.1,5.1,636953.0,solaria
2019-03-20,5.1,5.15,4.98,5.0,5.0,439217.0,solaria
2019-03-21,4.96,5.01,4.805,4.9,4.9,870991.0,solaria
2019-03-22,4.87,4.935,4.535,4.615,4.615,1433379.0,solaria
2019-03-25,4.54,4.725,4.43,4.55,4.55,811206.0,solaria
2019-03-26,4.58,4.79,4.49,4.705,4.705,1623668.0,solaria
2019-03-27,4.69,4.94,4.69,4.75,4.75,720383.0,solaria
2019-03-28,4.72,4.82,4.565,4.66,4.66,478788.0,solaria
2019-03-29,4.66,4.74,4.62,4.73,4.73,342885.0,solaria
2019-04-01,4.764,4.87,4.75,4.822,4.822,618600.0,solaria
2019-04-02,4.82,4.926,4.724,4.79,4.79,615714.0,solaria
2019-04-03,4.85,5.095,4.76,5.06,5.06,1226129.0,solaria
2019-04-04,5.085,5.085,4.84,4.84,4.84,636651.0,solaria
2019-04-05,4.84,5.12,4.804,5.1,5.1,960023.0,solaria
2019-04-08,5.1,5.14,4.95,5.1,5.1,549899.0,solaria
2019-04-09,5.105,5.105,4.97,4.98,4.98,548285.0,solaria
2019-04-10,5.105,5.105,4.914,4.992,4.992,616485.0,solaria
2019-04-11,4.98,5.02,4.88,4.97,4.97,517584.0,solaria
2019-04-12,4.966,4.966,4.86,4.91,4.91,421931.0,solaria
2019-04-15,4.904,5.09,4.904,5.085,5.085,434151.0,solaria
2019-04-16,5.05,5.13,5.01,5.11,5.11,647784.0,solaria
2019-04-17,5.115,5.115,5.03,5.04,5.04,296436.0,solaria
2019-04-18,5.09,5.09,4.88,4.972,4.972,460898.0,solaria
2019-04-23,4.99,5.005,4.93,4.954,4.954,325146.0,solaria
2019-04-24,4.99,4.99,4.88,4.914,4.914,329383.0,solaria
2019-04-25,4.88,5.045,4.87,5.03,5.03,355727.0,solaria
2019-04-26,4.984,5.065,4.876,4.876,4.876,433826.0,solaria
2019-04-29,4.94,5.35,4.924,5.335,5.335,1886302.0,solaria
2019-04-30,5.33,5.42,5.125,5.185,5.185,1436018.0,solaria
2019-05-02,5.23,5.25,5.08,5.08,5.08,375638.0,solaria
2019-05-03,5.115,5.175,5.055,5.12,5.12,331056.0,solaria
2019-05-06,5.05,5.09,4.922,5.005,5.005,702982.0,solaria
2019-05-07,5.065,5.12,4.9,4.96,4.96,398193.0,solaria
2019-05-08,4.908,4.93,4.8,4.9,4.9,536510.0,solaria
2019-05-09,4.896,4.896,4.552,4.61,4.61,883867.0,solaria
2019-05-10,4.598,4.74,4.52,4.572,4.572,665943.0,solaria
2019-05-13,4.57,4.58,4.41,4.442,4.442,607431.0,solaria
2019-05-14,4.456,4.626,4.43,4.516,4.516,589120.0,solaria
2019-05-15,4.494,4.528,4.336,4.52,4.52,549432.0,solaria
2019-05-16,4.584,4.68,4.48,4.68,4.68,541816.0,solaria
2019-05-17,4.634,4.7,4.57,4.604,4.604,232098.0,solaria
2019-05-20,4.696,4.7,4.5,4.516,4.516,429524.0,solaria
2019-05-21,4.52,4.64,4.5,4.59,4.59,302192.0,solaria
2019-05-22,4.62,4.82,4.55,4.61,4.61,921372.0,solaria
2019-05-23,4.6,4.6,4.398,4.398,4.398,403583.0,solaria
2019-05-24,4.46,4.548,4.41,4.5,4.5,287350.0,solaria
2019-05-27,4.55,4.72,4.498,4.714,4.714,356213.0,solaria
2019-05-28,4.72,4.764,4.592,4.764,4.764,508755.0,solaria
2019-05-29,4.726,4.78,4.636,4.706,4.706,321443.0,solaria
2019-05-30,4.75,4.764,4.632,4.662,4.662,185547.0,solaria
2019-05-31,4.6,4.696,4.52,4.66,4.66,343642.0,solaria
2019-06-03,4.622,4.666,4.55,4.666,4.666,219252.0,solaria
2019-06-04,4.678,4.732,4.6,4.662,4.662,244337.0,solaria
2019-06-05,4.71,4.81,4.64,4.668,4.668,496223.0,solaria
2019-06-06,4.642,4.718,4.52,4.584,4.584,347498.0,solaria
2019-06-07,4.62,4.622,4.5,4.51,4.51,299330.0,solaria
2019-06-10,4.444,4.694,4.444,4.66,4.66,330091.0,solaria
2019-06-11,4.66,4.77,4.612,4.758,4.758,422462.0,solaria
2019-06-12,4.66,4.724,4.61,4.626,4.626,235020.0,solaria
2019-06-13,4.662,4.662,4.522,4.568,4.568,230475.0,solaria
2019-06-14,4.626,4.626,4.502,4.518,4.518,226143.0,solaria
2019-06-17,4.556,4.556,4.33,4.368,4.368,439454.0,solaria
2019-06-18,4.31,4.31,4.142,4.19,4.19,712030.0,solaria
2019-06-19,4.15,4.24,4.002,4.15,4.15,744605.0,solaria
2019-06-20,4.064,4.41,4.064,4.39,4.39,517911.0,solaria
2019-06-21,4.48,4.56,4.35,4.53,4.53,623480.0,solaria
2019-06-24,4.504,4.63,4.502,4.552,4.552,207536.0,solaria
2019-06-25,4.504,4.538,4.462,4.532,4.532,224651.0,solaria
2019-06-26,4.61,5.14,4.61,5.11,5.11,2237350.0,solaria
2019-06-27,5.055,5.125,4.95,5.05,5.05,989833.0,solaria
2019-06-28,5.005,5.04,4.956,5.035,5.035,312805.0,solaria
2019-07-01,5.12,5.21,4.95,4.968,4.968,562312.0,solaria
2019-07-02,5.0,5.075,4.9,5.07,5.07,264567.0,solaria
2019-07-03,5.005,5.045,4.9,5.035,5.035,546782.0,solaria
2019-07-04,4.972,5.12,4.93,5.09,5.09,522260.0,solaria
2019-07-05,5.1,5.165,5.03,5.13,5.13,446317.0,solaria
2019-07-08,5.145,5.15,5.04,5.145,5.145,289401.0,solaria
2019-07-09,5.1,5.34,5.035,5.295,5.295,883759.0,solaria
2019-07-10,5.29,5.49,5.24,5.39,5.39,806264.0,solaria
2019-07-11,5.44,5.665,5.4,5.58,5.58,1331900.0,solaria
2019-07-12,5.535,5.75,5.505,5.71,5.71,1465788.0,solaria
2019-07-15,5.68,5.96,5.68,5.83,5.83,1448047.0,solaria
2019-07-16,5.83,5.985,5.605,5.745,5.745,1201894.0,solaria
2019-07-17,5.785,5.905,5.68,5.85,5.85,666712.0,solaria
2019-07-18,5.805,5.915,5.8,5.84,5.84,388489.0,solaria
2019-07-19,5.875,6.0,5.84,5.84,5.84,776647.0,solaria
2019-07-22,5.925,5.99,5.88,5.965,5.965,377496.0,solaria
2019-07-23,5.98,6.09,5.95,6.025,6.025,801411.0,solaria
2019-07-24,6.0,6.125,5.53,5.75,5.75,2174519.0,solaria
2019-07-25,5.8,5.85,5.535,5.57,5.57,735278.0,solaria
2019-07-26,5.5,5.535,5.35,5.405,5.405,532992.0,solaria
2019-07-29,5.38,5.54,5.36,5.49,5.49,396992.0,solaria
2019-07-30,5.435,5.49,5.27,5.36,5.36,477576.0,solaria
2019-07-31,5.36,5.44,5.335,5.375,5.375,228493.0,solaria
2019-08-01,5.4,5.58,5.36,5.56,5.56,313161.0,solaria
2019-08-02,5.6,5.7,5.42,5.485,5.485,528761.0,solaria
2019-08-05,5.4,5.48,5.325,5.335,5.335,339879.0,solaria
2019-08-06,5.31,5.5,5.31,5.35,5.35,178512.0,solaria
2019-08-07,5.42,5.48,5.315,5.405,5.405,199207.0,solaria
2019-08-08,5.425,5.65,5.425,5.51,5.51,491956.0,solaria
2019-08-09,5.535,5.535,5.44,5.44,5.44,140560.0,solaria
2019-08-12,5.465,5.475,5.35,5.425,5.425,180874.0,solaria
2019-08-13,5.35,5.39,5.12,5.29,5.29,505234.0,solaria
2019-08-14,5.32,5.36,5.14,5.2,5.2,266055.0,solaria
2019-08-15,5.125,5.165,4.95,5.105,5.105,455075.0,solaria
2019-08-16,5.15,5.215,5.025,5.195,5.195,324818.0,solaria
2019-08-19,5.215,5.44,5.215,5.39,5.39,296724.0,solaria
2019-08-20,5.39,5.44,5.31,5.395,5.395,187768.0,solaria
2019-08-21,5.39,5.44,5.345,5.435,5.435,163667.0,solaria
2019-08-22,5.34,5.49,5.29,5.31,5.31,203446.0,solaria
2019-08-23,5.285,5.38,5.24,5.26,5.26,97246.0,solaria
2019-08-26,5.24,5.29,5.155,5.2,5.2,182236.0,solaria
2019-08-27,5.15,5.35,5.15,5.275,5.275,118806.0,solaria
2019-08-28,5.2,5.32,5.2,5.28,5.28,97278.0,solaria
2019-08-29,5.29,5.36,5.265,5.325,5.325,138561.0,solaria
2019-08-30,5.41,5.66,5.365,5.4,5.4,412448.0,solaria
2019-09-02,5.355,5.485,5.14,5.275,5.275,420877.0,solaria
2019-09-03,5.27,5.35,5.05,5.1,5.1,291221.0,solaria
2019-09-04,5.18,5.37,5.13,5.22,5.22,849399.0,solaria
2019-09-05,5.28,5.34,5.18,5.27,5.27,314133.0,solaria
2019-09-06,5.215,5.29,5.21,5.29,5.29,178498.0,solaria
2019-09-09,5.315,5.42,5.25,5.34,5.34,269048.0,solaria
2019-09-10,5.38,5.38,5.235,5.29,5.29,225357.0,solaria
2019-09-11,5.29,5.36,5.27,5.32,5.32,124408.0,solaria
2019-09-12,5.29,5.34,5.18,5.27,5.27,242962.0,solaria
2019-09-13,5.28,5.45,5.27,5.385,5.385,398422.0,solaria
2019-09-16,5.445,5.8,5.34,5.73,5.73,1104471.0,solaria
2019-09-17,5.685,5.77,5.46,5.545,5.545,550316.0,solaria
2019-09-18,5.535,5.6,5.42,5.53,5.53,328663.0,solaria
2019-09-19,5.49,5.565,5.485,5.56,5.56,104301.0,solaria
2019-09-20,5.5,5.72,5.5,5.65,5.65,701377.0,solaria
2019-09-23,5.75,5.75,5.49,5.51,5.51,398120.0,solaria
2019-09-24,5.485,5.6,5.46,5.545,5.545,195388.0,solaria
2019-09-25,5.59,5.59,5.41,5.5,5.5,372229.0,solaria
2019-09-26,5.55,5.79,5.55,5.68,5.68,878514.0,solaria
2019-09-27,5.685,5.73,5.51,5.51,5.51,388963.0,solaria
2019-09-30,5.515,5.715,5.49,5.7,5.7,384759.0,solaria
2019-10-01,5.715,5.76,5.6,5.64,5.64,215519.0,solaria
2019-10-02,5.85,6.35,5.83,6.185,6.185,3376856.0,solaria
2019-10-03,6.115,6.57,6.08,6.47,6.47,1772729.0,solaria
2019-10-04,6.55,6.67,6.165,6.62,6.62,1528119.0,solaria
2019-10-07,6.595,6.735,6.505,6.7,6.7,588104.0,solaria
2019-10-08,6.73,6.8,6.55,6.78,6.78,534541.0,solaria
2019-10-09,6.795,6.8,6.61,6.75,6.75,500852.0,solaria
2019-10-10,6.775,6.775,6.55,6.75,6.75,568472.0,solaria
2019-10-11,6.65,6.79,6.65,6.695,6.695,536936.0,solaria
2019-10-14,6.715,6.975,6.67,6.96,6.96,809599.0,solaria
2019-10-15,6.965,7.19,6.87,7.07,7.07,1740144.0,solaria
2019-10-16,7.145,7.145,6.86,6.96,6.96,1180310.0,solaria
2019-10-17,6.79,6.79,6.44,6.58,6.58,1579637.0,solaria
2019-10-18,6.545,6.63,6.415,6.51,6.51,649958.0,solaria
2019-10-21,6.555,6.725,6.47,6.68,6.68,535122.0,solaria
2019-10-22,6.705,6.745,6.505,6.505,6.505,235574.0,solaria
2019-10-23,6.5,6.73,6.43,6.695,6.695,618276.0,solaria
2019-10-24,6.72,6.88,6.68,6.87,6.87,531189.0,solaria
2019-10-25,6.925,6.925,6.76,6.8,6.8,257919.0,solaria
2019-10-28,6.855,6.97,6.76,6.78,6.78,506448.0,solaria
2019-10-29,6.81,6.845,6.68,6.735,6.735,225515.0,solaria
2019-10-30,6.65,6.8,6.65,6.79,6.79,261703.0,solaria
2019-10-31,6.805,6.935,6.77,6.935,6.935,527913.0,solaria
2019-11-01,6.96,7.19,6.92,7.1,7.1,696557.0,solaria
2019-11-04,7.145,7.34,7.06,7.105,7.105,1138086.0,solaria
2019-11-05,7.105,7.16,6.995,7.1,7.1,474411.0,solaria
2019-11-06,7.15,7.19,6.96,7.04,7.04,432867.0,solaria
2019-11-07,7.085,7.15,7.0,7.1,7.1,320082.0,solaria
2019-11-08,7.075,7.075,6.76,6.845,6.845,630753.0,solaria
2019-11-11,6.83,7.02,6.78,6.98,6.98,295567.0,solaria
2019-11-12,7.045,7.045,6.8,6.88,6.88,389254.0,solaria
2019-11-13,6.85,6.865,6.675,6.845,6.845,416312.0,solaria
2019-11-14,6.87,6.94,6.8,6.88,6.88,305908.0,solaria
2019-11-15,6.96,6.96,6.265,6.75,6.75,1955979.0,solaria
2019-11-18,6.8,6.96,6.705,6.765,6.765,487961.0,solaria
2019-11-19,6.705,6.865,6.53,6.605,6.605,431496.0,solaria
2019-11-20,6.58,6.77,6.56,6.77,6.77,435282.0,solaria
2019-11-21,6.81,6.89,6.695,6.785,6.785,277933.0,solaria
2019-11-22,6.85,6.85,6.67,6.73,6.73,298128.0,solaria
2019-11-25,6.805,6.825,6.66,6.66,6.66,211163.0,solaria
2019-11-26,6.65,6.72,6.58,6.65,6.65,273422.0,solaria
2019-11-27,6.71,6.785,6.625,6.765,6.765,483425.0,solaria
2019-11-28,6.8,6.965,6.78,6.96,6.96,386007.0,solaria
2019-11-29,6.98,6.98,6.79,6.845,6.845,696620.0,solaria
2019-12-02,6.93,6.935,6.63,6.63,6.63,333372.0,solaria
2019-12-03,6.67,6.77,6.56,6.59,6.59,528094.0,solaria
2019-12-04,6.66,6.76,6.56,6.6,6.6,391297.0,solaria
2019-12-05,6.63,6.685,6.45,6.53,6.53,659226.0,solaria
2019-12-06,6.48,6.64,6.48,6.64,6.64,383394.0,solaria
2019-12-09,6.65,6.665,6.535,6.625,6.625,193228.0,solaria
2019-12-10,6.67,6.67,6.525,6.545,6.545,212655.0,solaria
2019-12-11,6.595,6.595,6.5,6.57,6.57,196871.0,solaria
2019-12-12,6.545,6.78,6.54,6.675,6.675,761565.0,solaria
2019-12-13,6.745,6.745,6.56,6.595,6.595,448956.0,solaria
2019-12-16,6.6,6.73,6.535,6.68,6.68,1197700.0,solaria
2019-12-17,6.7,6.875,6.65,6.805,6.805,650266.0,solaria
2019-12-18,6.83,6.85,6.675,6.69,6.69,273541.0,solaria
2019-12-19,6.73,6.82,6.635,6.815,6.815,287017.0,solaria
2019-12-20,6.85,6.85,6.695,6.745,6.745,437511.0,solaria
2019-12-23,6.75,6.76,6.675,6.72,6.72,251045.0,solaria
2019-12-24,6.72,6.84,6.72,6.8,6.8,164765.0,solaria
2019-12-25,6.8,6.8,6.8,6.8,6.8,0.0,solaria
2019-12-27,6.8,6.94,6.8,6.935,6.935,377459.0,solaria
2019-12-30,6.9,6.98,6.745,6.835,6.835,474712.0,solaria
2019-12-31,6.87,6.87,6.66,6.8,6.8,267276.0,solaria
2020-01-02,6.83,7.165,6.83,7.15,7.15,599614.0,solaria
2020-01-03,7.125,7.15,6.96,7.06,7.06,338908.0,solaria
2020-01-06,7.0,7.0,6.705,6.84,6.84,505612.0,solaria
2020-01-07,6.85,6.97,6.765,6.94,6.94,532265.0,solaria
2020-01-08,6.885,7.05,6.79,6.95,6.95,526142.0,solaria
2020-01-09,6.98,7.675,6.98,7.42,7.42,1858847.0,solaria
2020-01-10,7.47,7.7,7.47,7.535,7.535,981284.0,solaria
2020-01-13,7.625,7.77,7.545,7.635,7.635,700737.0,solaria
2020-01-14,7.67,7.71,7.445,7.49,7.49,582860.0,solaria
2020-01-15,7.5,7.58,7.46,7.58,7.58,431229.0,solaria
2020-01-16,7.6,7.76,7.53,7.6,7.6,725439.0,solaria
2020-01-17,7.655,7.655,7.48,7.59,7.59,530329.0,solaria
2020-01-20,7.6,7.62,7.52,7.6,7.6,308045.0,solaria
2020-01-21,7.54,7.71,7.54,7.635,7.635,658423.0,solaria
2020-01-22,7.6,7.675,7.565,7.6,7.6,506806.0,solaria
2020-01-23,7.64,8.15,7.605,8.05,8.05,1462245.0,solaria
2020-01-24,8.08,8.19,7.91,8.0,8.0,583305.0,solaria
2020-01-27,8.0,8.115,7.9,7.97,7.97,561792.0,solaria
2020-01-28,7.97,8.34,7.95,8.34,8.34,726061.0,solaria
2020-01-29,8.345,8.43,8.25,8.395,8.395,556356.0,solaria
2020-01-30,8.37,8.475,8.315,8.43,8.43,560484.0,solaria
2020-01-31,8.48,8.63,8.33,8.45,8.45,819443.0,solaria
2020-02-03,8.45,8.49,8.325,8.395,8.395,459841.0,solaria
2020-02-04,8.4,8.55,8.39,8.435,8.435,528516.0,solaria
2020-02-05,8.585,8.63,8.1,8.6,8.6,792691.0,solaria
2020-02-06,8.5,8.64,8.46,8.58,8.58,571470.0,solaria
2020-02-07,8.545,9.2,8.49,8.92,8.92,1268706.0,solaria
2020-02-10,8.95,9.01,8.82,8.93,8.93,373897.0,solaria
2020-02-11,9.03,9.115,8.86,9.04,9.04,617768.0,solaria
2020-02-12,9.015,9.5,9.015,9.4,9.4,1097764.0,solaria
2020-02-13,9.39,9.84,9.32,9.8,9.8,975571.0,solaria
2020-02-14,9.9,9.95,9.52,9.62,9.62,1011004.0,solaria
2020-02-17,9.59,9.795,9.465,9.665,9.665,504098.0,solaria
2020-02-18,9.7,9.82,9.62,9.745,9.745,878149.0,solaria
2020-02-19,9.8,10.16,9.72,9.995,9.995,964286.0,solaria
2020-02-20,10.01,10.25,9.82,9.93,9.93,838018.0,solaria
2020-02-21,9.935,9.94,9.225,9.605,9.605,1717060.0,solaria
2020-02-24,9.235,9.435,8.84,8.88,8.88,1851665.0,solaria
2020-02-25,8.685,9.13,8.55,8.83,8.83,1209968.0,solaria
2020-02-26,8.73,8.95,8.52,8.9,8.9,1335691.0,solaria
2020-02-27,8.86,9.03,8.42,8.655,8.655,1099540.0,solaria
2020-02-28,8.47,8.83,7.87,8.665,8.665,1547624.0,solaria
2020-03-02,8.98,9.055,8.3,8.61,8.61,1380305.0,solaria
2020-03-03,8.75,9.445,8.65,9.205,9.205,1922768.0,solaria
2020-03-04,9.305,9.59,9.155,9.57,9.57,994680.0,solaria
2020-03-05,9.75,9.75,9.395,9.635,9.635,947169.0,solaria
2020-03-06,9.495,9.495,8.835,8.985,8.985,1315939.0,solaria
2020-03-09,7.98,8.575,7.9,8.15,8.15,1480580.0,solaria
2020-03-10,8.175,8.85,8.1,8.275,8.275,1368427.0,solaria
2020-03-11,8.41,8.645,7.7,7.865,7.865,1378423.0,solaria
2020-03-12,7.1,7.365,5.8,6.16,6.16,2401987.0,solaria
2020-03-13,6.405,7.285,6.35,6.52,6.52,1761473.0,solaria
2020-03-16,6.34,6.34,5.55,6.1,6.1,1818134.0,solaria
2020-03-17,6.305,6.64,5.82,6.465,6.465,1255394.0,solaria
2020-03-18,6.34,6.88,6.15,6.495,6.495,1211881.0,solaria
2020-03-19,6.745,7.29,6.54,6.73,6.73,701379.0,solaria
2020-03-20,7.195,7.24,6.585,6.585,6.585,760866.0,solaria
2020-03-23,6.4,6.67,6.16,6.32,6.32,414907.0,solaria
2020-03-24,6.68,6.98,6.45,6.98,6.98,744480.0,solaria
2020-03-25,7.235,7.5,6.895,7.34,7.34,968980.0,solaria
2020-03-26,7.135,7.485,7.135,7.4,7.4,355040.0,solaria
2020-03-27,7.5,7.67,7.11,7.195,7.195,478511.0,solaria
2020-03-30,7.2,7.5,6.89,7.36,7.36,465171.0,solaria
2020-03-31,7.655,7.7,7.49,7.67,7.67,550873.0,solaria
2020-04-01,7.6,7.9,7.405,7.76,7.76,364010.0,solaria
2020-04-02,7.895,7.95,7.66,7.755,7.755,243587.0,solaria
2020-04-03,7.86,7.9,7.5,7.685,7.685,196372.0,solaria
2020-04-06,7.95,8.15,7.835,8.025,8.025,497623.0,solaria
2020-04-07,8.28,8.65,8.06,8.18,8.18,494018.0,solaria
2020-04-08,8.375,8.51,8.255,8.305,8.305,363598.0,solaria
2020-04-09,8.55,8.55,8.25,8.31,8.31,309590.0,solaria
2020-04-14,8.57,8.75,8.41,8.64,8.64,851052.0,solaria
2020-04-15,8.76,8.85,8.435,8.81,8.81,725871.0,solaria
2020-04-16,8.74,8.85,8.5,8.595,8.595,505256.0,solaria
2020-04-17,8.6,9.635,8.51,9.635,9.635,3040007.0,solaria
2020-04-20,9.65,10.09,9.35,9.69,9.69,1024414.0,solaria
2020-04-21,9.795,9.795,9.525,9.6,9.6,394898.0,solaria
2020-04-22,9.54,9.765,9.345,9.345,9.345,400386.0,solaria
2020-04-23,9.34,9.4,8.87,9.0,9.0,888592.0,solaria
2020-04-24,8.9,8.9,8.54,8.57,8.57,472622.0,solaria
2020-04-27,8.625,8.795,8.53,8.635,8.635,399633.0,solaria
2020-04-28,8.76,8.76,8.395,8.58,8.58,396737.0,solaria
2020-04-29,8.585,9.04,8.55,9.025,9.025,355899.0,solaria
2020-04-30,8.955,9.47,8.955,9.305,9.305,486402.0,solaria
2020-05-04,9.255,9.255,8.81,8.85,8.85,463940.0,solaria
2020-05-05,9.05,9.205,8.95,9.0,9.0,379129.0,solaria
2020-05-06,9.09,9.09,8.62,8.85,8.85,342995.0,solaria
2020-05-07,8.815,8.905,8.63,8.65,8.65,260156.0,solaria
2020-05-08,8.755,8.985,8.68,8.95,8.95,206669.0,solaria
2020-05-11,9.0,9.1,8.64,8.95,8.95,214006.0,solaria
2020-05-12,8.73,8.99,8.73,8.99,8.99,97866.0,solaria
2020-05-13,8.89,8.95,8.64,8.77,8.77,191375.0,solaria
2020-05-14,8.75,8.83,8.16,8.805,8.805,513365.0,solaria
2020-05-15,8.935,9.07,8.515,8.535,8.535,350671.0,solaria
2020-05-18,8.6,8.81,8.6,8.78,8.78,237466.0,solaria
2020-05-19,8.97,8.97,8.27,8.5,8.5,793905.0,solaria
2020-05-20,8.635,9.06,8.375,8.995,8.995,914633.0,solaria
2020-05-21,9.06,9.335,8.85,8.91,8.91,830795.0,solaria
2020-05-22,8.7,9.44,8.7,9.44,9.44,772018.0,solaria
2020-05-25,9.48,9.94,9.465,9.78,9.78,629309.0,solaria
2020-05-26,9.81,9.895,9.43,9.715,9.715,492140.0,solaria
2020-05-27,9.75,9.795,9.13,9.375,9.375,562451.0,solaria
2020-05-28,9.415,9.74,9.31,9.6,9.6,465243.0,solaria
2020-05-29,9.48,10.08,9.425,9.995,9.995,914734.0,solaria
2020-06-01,10.11,10.37,9.8,9.8,9.8,706543.0,solaria
2020-06-02,9.89,10.2,9.65,9.865,9.865,805470.0,solaria
2020-06-03,9.93,10.0,9.71,9.77,9.77,429381.0,solaria
2020-06-04,9.82,9.915,9.6,9.8,9.8,591378.0,solaria
2020-06-05,9.805,9.9,9.675,9.8,9.8,375480.0,solaria
2020-06-08,9.81,9.81,9.365,9.405,9.405,865983.0,solaria
2020-06-09,9.425,9.47,9.075,9.385,9.385,816023.0,solaria
2020-06-10,9.48,9.645,9.23,9.3,9.3,351856.0,solaria
2020-06-11,9.2,9.28,9.01,9.17,9.17,351655.0,solaria
2020-06-12,9.14,9.4,9.075,9.225,9.225,412955.0,solaria
2020-06-15,9.16,9.4,8.9,9.365,9.365,519999.0,solaria
2020-06-16,9.45,9.81,9.45,9.61,9.61,657737.0,solaria
2020-06-17,9.66,9.76,9.49,9.63,9.63,469842.0,solaria
2020-06-18,9.63,9.65,9.47,9.62,9.62,355186.0,solaria
2020-06-19,9.62,10.13,9.62,10.01,10.01,1156684.0,solaria
2020-06-22,10.0,10.36,9.9,10.36,10.36,865958.0,solaria
2020-06-23,10.48,11.64,10.45,11.16,11.16,2105927.0,solaria
2020-06-24,11.28,11.62,11.16,11.44,11.44,831446.0,solaria
2020-06-25,11.42,11.64,11.23,11.43,11.43,621277.0,solaria
2020-06-26,11.56,11.57,10.92,11.23,11.23,599380.0,solaria
2020-06-29,11.14,11.22,10.76,11.15,11.15,574454.0,solaria
2020-06-30,11.3,11.39,11.08,11.32,11.32,419477.0,solaria
2020-07-01,11.43,11.6,11.23,11.6,11.6,459589.0,solaria
2020-07-02,11.64,12.15,11.62,12.15,12.15,1062493.0,solaria
2020-07-03,12.14,12.25,11.92,12.08,12.08,489989.0,solaria
2020-07-06,12.29,12.43,12.13,12.29,12.29,550468.0,solaria
2020-07-07,12.3,12.45,12.15,12.45,12.45,534826.0,solaria
2020-07-08,12.45,12.62,12.23,12.48,12.48,516713.0,solaria
2020-07-09,12.44,12.5,11.91,12.28,12.28,571876.0,solaria
2020-07-10,12.15,12.55,12.1,12.35,12.35,411788.0,solaria
2020-07-13,12.45,12.88,12.27,12.68,12.68,532640.0,solaria
2020-07-14,12.64,12.69,12.3,12.45,12.45,386787.0,solaria
2020-07-15,12.65,12.69,12.23,12.36,12.36,419979.0,solaria
2020-07-16,12.29,12.73,12.26,12.63,12.63,406908.0,solaria
2020-07-17,12.65,12.76,12.42,12.58,12.58,283259.0,solaria
2020-07-20,12.5,12.71,12.3,12.64,12.64,354804.0,solaria
2020-07-21,12.75,13.31,12.72,12.82,12.82,708298.0,solaria
2020-07-22,12.8,12.97,12.62,12.81,12.81,311305.0,solaria
2020-07-23,12.77,13.02,12.64,12.99,12.99,311978.0,solaria
2020-07-24,13.0,13.0,12.42,12.5,12.5,444158.0,solaria
2020-07-27,12.48,12.75,12.32,12.63,12.63,354966.0,solaria
2020-07-28,12.78,12.78,12.17,12.43,12.43,302779.0,solaria
2020-07-29,12.41,12.64,12.22,12.57,12.57,253293.0,solaria
2020-07-30,12.67,12.77,12.41,12.52,12.52,415339.0,solaria
2020-07-31,12.68,13.02,12.51,12.83,12.83,463168.0,solaria
2020-08-03,12.82,12.93,12.55,12.87,12.87,449332.0,solaria
2020-08-04,12.89,13.28,12.81,13.24,13.24,559272.0,solaria
2020-08-05,13.33,13.71,13.33,13.37,13.37,706218.0,solaria
2020-08-06,13.51,13.52,13.24,13.4,13.4,505953.0,solaria
2020-08-07,13.35,13.73,13.21,13.64,13.64,408952.0,solaria
2020-08-10,13.7,14.0,13.56,13.8,13.8,519258.0,solaria
2020-08-11,13.83,14.19,13.67,13.95,13.95,450374.0,solaria
2020-08-12,13.95,14.03,13.83,14.0,14.0,538056.0,solaria
2020-08-13,14.0,14.72,13.96,14.72,14.72,878815.0,solaria
2020-08-14,14.75,14.77,14.3,14.5,14.5,449934.0,solaria
2020-08-17,14.5,14.79,14.41,14.58,14.58,814974.0,solaria
2020-08-18,14.57,14.96,14.65,14.79,14.79,454442.0,solaria
2020-08-19,14.85,15.07,14.72,14.98,14.98,454479.0,solaria
2020-08-20,14.86,15.32,14.71,14.99,14.99,574542.0,solaria
2020-08-21,15.03,15.23,14.71,14.94,14.94,435726.0,solaria
2020-08-24,15.16,15.3,14.99,15.06,15.06,564987.0,solaria
2020-08-25,15.25,15.65,15.09,15.5,15.5,660722.0,solaria
2020-08-26,15.48,16.120001000000002,15.4,16.09,16.09,509983.0,solaria
2020-08-27,16.24,16.34,15.93,16.209999,16.209999,844242.0,solaria
2020-08-28,16.379998999999998,16.629998999999998,16.18,16.450001,16.450001,725717.0,solaria
2020-08-31,16.6,17.139999,16.41,17.1,17.1,829773.0,solaria
2020-09-01,17.290001,17.35,15.12,15.37,15.37,2147935.0,solaria
2020-09-02,15.08,15.6,14.52,15.35,15.35,1565322.0,solaria
2020-09-03,15.5,15.61,14.66,14.81,14.81,815938.0,solaria
2020-09-04,14.52,14.54,13.26,13.26,13.26,2034740.0,solaria
2020-09-07,13.16,14.3,13.06,14.1,14.1,1361600.0,solaria
2020-09-08,14.15,14.23,13.34,13.53,13.53,861755.0,solaria
2020-09-09,13.52,13.99,13.5,13.83,13.83,477689.0,solaria
2020-09-10,13.85,14.01,13.68,13.89,13.89,425679.0,solaria
2020-09-11,13.88,14.36,13.83,14.22,14.22,583374.0,solaria
2020-09-14,14.45,14.53,14.14,14.36,14.36,507535.0,solaria
2020-09-15,14.48,15.34,14.36,15.21,15.21,721630.0,solaria
2020-09-16,15.45,15.57,14.72,15.01,15.01,741244.0,solaria
2020-09-17,14.89,15.55,14.8,15.37,15.37,617612.0,solaria
2020-09-18,15.49,15.68,14.79,14.79,14.79,2543865.0,solaria
2020-09-21,14.8,15.12,14.42,14.91,14.91,796095.0,solaria
2020-09-22,15.0,15.23,14.61,14.94,14.94,408106.0,solaria
2020-09-23,15.02,15.4,14.95,15.2,15.2,536196.0,solaria
2020-09-24,15.07,15.3,14.82,15.14,15.14,610252.0,solaria
2020-09-25,15.02,15.22,14.73,15.17,15.17,430139.0,solaria
2020-09-28,15.19,15.35,14.9,15.35,15.35,410676.0,solaria
2020-09-29,15.38,15.98,15.37,15.65,15.65,519270.0,solaria
2020-09-30,15.6,16.34,15.52,16.15,16.15,737805.0,solaria
2020-10-01,16.35,17.030001000000002,16.24,17.02,17.02,1408471.0,solaria
2020-10-02,16.940001000000002,17.950001,16.860001,17.950001,17.950001,971455.0,solaria
2020-10-05,17.85,17.9,16.4,17.200001,17.200001,1303457.0,solaria
2020-10-06,17.33,18.09,17.32,17.799999,17.799999,852455.0,solaria
2020-10-07,17.950001,18.08,17.629998999999998,18.07,18.07,858024.0,solaria
2020-10-08,18.52,18.969998999999998,18.120001000000002,18.92,18.92,1270491.0,solaria
2020-10-09,19.0,19.33,18.85,19.07,19.07,1032656.0,solaria
2020-10-12,19.049999,19.389999,19.049999,19.280001000000002,19.280001000000002,677151.0,solaria
2020-10-13,18.83,19.049999,17.66,17.98,17.98,1696915.0,solaria
2020-10-14,17.549999,18.23,17.02,17.91,17.91,1066931.0,solaria
2020-10-15,17.67,17.870001000000002,17.18,17.57,17.57,765618.0,solaria
2020-10-16,17.690001000000002,17.879998999999998,17.309998999999998,17.85,17.85,2748205.0,solaria
2020-10-19,17.950001,18.0,17.030001000000002,17.33,17.33,1028229.0,solaria
2020-10-20,17.16,17.66,17.110001,17.35,17.35,712995.0,solaria
2020-10-21,17.540001,17.559998999999998,16.73,16.860001,16.860001,700810.0,solaria
2020-10-22,16.67,16.68,16.030001000000002,16.299999,16.299999,947993.0,solaria
2020-10-23,16.24,16.33,15.68,15.8,15.8,904930.0,solaria
2020-10-26,15.72,16.59,15.71,16.0,16.0,787895.0,solaria
2020-10-27,16.16,16.18,15.79,15.98,15.98,541189.0,solaria
2020-10-28,15.9,16.139999,15.64,15.74,15.74,670885.0,solaria
2020-10-29,15.69,16.51,15.69,16.43,16.43,795994.0,solaria
2020-10-30,16.41,16.709999,16.07,16.700001,16.700001,660821.0,solaria
2020-11-02,16.84,16.870001000000002,16.450001,16.77,16.77,436415.0,solaria
2020-11-03,16.889999,17.620001000000002,16.799999,17.540001,17.540001,581341.0,solaria
2020-11-04,17.17,18.299999,16.799999,18.25,18.25,809561.0,solaria
2020-11-05,18.280001000000002,19.040001,18.280001000000002,18.879998999999998,18.879998999999998,1087131.0,solaria
2020-11-06,18.9,18.93,18.32,18.700001,18.700001,679983.0,solaria
2020-11-09,19.17,19.17,16.629998999999998,17.549999,17.549999,1937645.0,solaria
2020-11-10,17.58,17.780001000000002,16.719998999999998,17.15,17.15,1314509.0,solaria
2020-11-11,17.1,17.700001,16.6,17.299999,17.299999,1148990.0,solaria
2020-11-12,17.4,18.370001000000002,17.290001,18.190001000000002,18.190001000000002,848920.0,solaria
2020-11-13,18.27,18.450001,17.43,17.43,17.43,877997.0,solaria
2020-11-16,17.6,17.66,16.51,16.950001,16.950001,1299098.0,solaria
2020-11-17,17.0,17.1,16.049999,16.200001,16.200001,1351586.0,solaria
2020-11-18,16.27,16.290001,15.89,16.290001,16.290001,940220.0,solaria
2020-11-19,16.719998999999998,18.299999,16.620001000000002,18.280001000000002,18.280001000000002,2205323.0,solaria
2020-11-20,18.219998999999998,19.049999,17.77,19.02,19.02,1549994.0,solaria
2020-11-23,18.120001000000002,19.120001000000002,17.809998999999998,18.27,18.27,1391788.0,solaria
2020-11-24,18.25,18.389999,17.450001,17.809998999999998,17.809998999999998,1153084.0,solaria
2020-11-25,17.799999,18.75,17.67,18.700001,18.700001,909606.0,solaria
2020-11-26,18.84,19.0,18.35,18.59,18.59,469646.0,solaria
2020-11-27,18.6,19.1,18.48,18.969998999999998,18.969998999999998,795085.0,solaria
2020-11-30,18.969998999999998,20.0,18.889999,19.639999,19.639999,1917186.0,solaria
2020-12-01,19.879998999999998,19.889999,18.93,19.84,19.84,1118344.0,solaria
2020-12-02,19.809998999999998,19.809998999999998,18.709999,19.08,19.08,1192451.0,solaria
2020-12-03,19.09,19.48,19.01,19.129998999999998,19.129998999999998,795453.0,solaria
2020-12-04,19.01,19.24,18.4,18.5,18.5,746563.0,solaria
2020-12-07,18.48,18.77,18.059998999999998,18.51,18.51,598364.0,solaria
2020-12-08,18.52,18.76,18.389999,18.530001000000002,18.530001000000002,343561.0,solaria
2020-12-09,18.549999,18.9,18.389999,18.74,18.74,690369.0,solaria
2020-12-10,18.68,19.059998999999998,18.35,18.92,18.92,866985.0,solaria
2020-12-11,19.01,19.32,18.66,18.889999,18.889999,493947.0,solaria
2020-12-14,19.08,19.690001000000002,18.76,19.690001000000002,19.690001000000002,791420.0,solaria
2020-12-15,19.700001,20.139999,19.41,20.02,20.02,739533.0,solaria
2020-12-16,20.18,20.98,20.0,20.98,20.98,969917.0,solaria
2020-12-17,20.98,21.360001,20.6,21.24,21.24,1141771.0,solaria
2020-12-18,21.059998999999998,21.58,20.76,21.58,21.58,916269.0,solaria
2020-12-21,21.24,21.66,19.58,21.639999,21.639999,1040039.0,solaria
2020-12-22,21.66,22.92,21.639999,22.76,22.76,1057405.0,solaria
2020-12-23,22.9,23.280001000000002,22.440001000000002,22.74,22.74,922187.0,solaria
2020-12-24,22.6,22.82,22.040001,22.700001,22.700001,266700.0,solaria
2020-12-28,22.860001,23.379998999999998,21.52,22.92,22.92,684128.0,solaria
2020-12-29,23.02,23.66,23.02,23.639999,23.639999,722776.0,solaria
2020-12-30,23.639999,23.959999,23.059998999999998,23.799999,23.799999,753545.0,solaria
2020-12-31,23.9,24.08,23.6,23.639999,23.639999,208601.0,solaria
2021-01-04,23.559998999999998,24.860001,23.559998999999998,24.52,24.52,813240.0,solaria
2021-01-05,24.82,26.700001,24.68,26.58,26.58,1613539.0,solaria
2021-01-06,27.0,28.42,26.799999,28.24,28.24,1309795.0,solaria
2021-01-07,28.200001,31.059998999999998,28.139999,30.940001000000002,30.940001000000002,1880786.0,solaria
2021-01-08,29.1,29.34,26.32,26.76,26.76,3152745.0,solaria
2021-01-11,26.5,27.219998999999998,25.379998999999998,26.26,26.26,1679349.0,solaria
2021-01-12,26.540001,27.219998999999998,25.52,25.879998999999998,25.879998999999998,990536.0,solaria
2021-01-13,25.76,27.219998999999998,25.719998999999998,27.139999,27.139999,919889.0,solaria
2021-01-14,27.139999,27.379998999999998,26.620001000000002,26.84,26.84,536167.0,solaria
2021-01-15,26.719998999999998,27.02,25.879998999999998,25.940001000000002,25.940001000000002,801818.0,solaria
2021-01-18,25.84,26.559998999999998,25.0,26.280001000000002,26.280001000000002,667293.0,solaria
2021-01-19,26.5,26.559998999999998,25.799999,26.18,26.18,604138.0,solaria
2021-01-20,26.0,26.719998999999998,25.4,26.040001,26.040001,773183.0,solaria
2021-01-21,25.9,26.440001000000002,25.700001,26.200001,26.200001,682154.0,solaria
2021-01-22,25.68,26.48,25.280001000000002,26.299999,26.299999,851068.0,solaria
2021-01-25,26.26,26.799999,25.16,25.200001,25.200001,729093.0,solaria
2021-01-26,25.02,25.620001000000002,22.860001,23.299999,23.299999,1608656.0,solaria
2021-01-27,23.299999,23.42,20.26,20.780001000000002,20.780001000000002,3004067.0,solaria
2021-01-28,20.16,22.26,19.549999,21.5,21.5,3010725.0,solaria
2021-01-29,21.200001,22.16,20.700001,21.24,21.24,1115784.0,solaria
2021-02-01,21.42,21.959999,20.82,21.559998999999998,21.559998999999998,929279.0,solaria
2021-02-02,21.74,22.4,21.700001,22.32,22.32,904749.0,solaria
2021-02-03,22.92,23.98,22.84,23.4,23.4,1387668.0,solaria
2021-02-04,23.4,23.76,23.08,23.34,23.34,819412.0,solaria
2021-02-05,23.780001000000002,24.459999,23.620001000000002,24.280001000000002,24.280001000000002,852979.0,solaria
2021-02-08,24.540001,25.58,23.76,24.559998999999998,24.559998999999998,1228889.0,solaria
2021-02-09,24.719998999999998,24.719998999999998,20.620001000000002,21.48,21.48,2552536.0,solaria
2021-02-10,20.4,22.34,19.91,21.799999,21.799999,1904153.0,solaria
2021-02-11,22.120001000000002,23.32,22.059998999999998,22.9,22.9,1696420.0,solaria
2021-02-12,22.940001000000002,22.940001000000002,21.280001000000002,21.58,21.58,1282321.0,solaria
2021-02-15,21.879998999999998,22.120001000000002,21.42,22.120001000000002,22.120001000000002,852523.0,solaria
2021-02-16,22.379998999999998,23.139999,22.02,22.02,22.02,813356.0,solaria
2021-02-17,22.0,22.059998999999998,20.74,21.02,21.02,1211047.0,solaria
2021-02-18,21.040001,21.379998999999998,19.709999,19.93,19.93,2001913.0,solaria
2021-02-19,19.950001,20.700001,19.32,20.639999,20.639999,1207453.0,solaria
2021-02-22,20.6,20.6,19.43,19.440001000000002,19.440001000000002,1194394.0,solaria
2021-02-23,19.299999,19.42,17.360001,18.940001000000002,18.940001000000002,3114762.0,solaria
2021-02-24,19.0,19.549999,18.01,18.110001,18.110001,1597722.0,solaria
2021-02-25,18.110001,19.09,18.110001,19.0,19.0,1531768.0,solaria
2021-02-26,18.450001,18.84,18.25,18.6,18.6,1071849.0,solaria
2021-03-01,18.879998999999998,19.33,18.809998999999998,19.33,19.33,721804.0,solaria
2021-03-02,19.32,19.43,18.42,18.459999,18.459999,790614.0,solaria
2021-03-03,18.59,18.700001,17.559998999999998,17.82,17.82,1900343.0,solaria
2021-03-04,17.549999,18.049999,17.17,17.52,17.52,1104924.0,solaria
2021-03-05,17.35,17.49,16.26,16.299999,16.299999,1732854.0,solaria
2021-03-08,16.82,17.68,16.24,17.450001,17.450001,2039496.0,solaria
2021-03-09,17.5,18.57,17.120001000000002,18.360001,18.360001,1542198.0,solaria
2021-03-10,18.790001,18.790001,17.700001,17.879998999999998,17.879998999999998,965905.0,solaria
2021-03-11,18.110001,19.23,18.02,19.139999,19.139999,1224224.0,solaria
2021-03-12,19.219998999999998,19.25,18.5,18.870001000000002,18.870001000000002,907732.0,solaria
2021-03-15,19.0,19.030001000000002,17.889999,18.33,18.33,1247640.0,solaria
2021-03-16,18.290001,19.209999,18.190001000000002,18.91,18.91,1103030.0,solaria
2021-03-17,18.889999,18.9,17.6,18.08,18.08,1611401.0,solaria
2021-03-18,18.27,18.549999,17.6,17.809998999999998,17.809998999999998,1212948.0,solaria
2021-03-19,17.709999,18.030001000000002,17.219998999999998,17.540001,17.540001,2147310.0,solaria
2021-03-22,17.6,18.200001,17.51,18.16,18.16,941531.0,solaria
2021-03-23,18.139999,18.77,17.889999,18.5,18.5,1169045.0,solaria
2021-03-24,18.5,18.620001000000002,18.18,18.43,18.43,869053.0,solaria
2021-03-25,18.24,18.24,16.860001,17.139999,17.139999,1648414.0,solaria
2021-03-26,17.370001000000002,17.690001000000002,16.610001,17.209999,17.209999,1554205.0,solaria
2021-03-29,17.209999,17.52,16.92,17.32,17.32,712133.0,solaria
2021-03-30,17.219998999999998,17.950001,17.129998999999998,17.92,17.92,694467.0,solaria
2021-03-31,17.9,18.6,17.879998999999998,18.08,18.08,1148838.0,solaria
2021-04-01,18.34,18.879998999999998,17.98,18.6,18.6,745557.0,solaria
2021-04-06,18.674999,18.825001,17.309998999999998,18.120001000000002,18.120001000000002,1936514.0,solaria
2021-04-07,18.299999,18.605,17.754998999999998,18.030001000000002,18.030001000000002,1369194.0,solaria
2021-04-08,18.059998999999998,18.67,17.799999,18.620001000000002,18.620001000000002,1037084.0,solaria
2021-04-09,18.620001000000002,18.635,17.764999,18.040001,18.040001,1278185.0,solaria
2021-04-12,17.9,18.049999,17.370001000000002,17.49,17.49,868338.0,solaria
2021-04-13,17.5,18.4,17.219998999999998,18.4,18.4,1339828.0,solaria
2021-04-14,18.385,18.629998999999998,17.82,18.004998999999998,18.004998999999998,1036005.0,solaria
2021-04-15,17.959999,18.200001,17.5,18.115,18.115,1248944.0,solaria
2021-04-16,18.045,18.74,17.785,18.309998999999998,18.309998999999998,6929989.0,solaria
2021-04-19,18.379998999999998,18.450001,17.52,17.73,17.73,2525252.0,solaria
2021-04-20,17.719998999999998,17.834999,16.645,16.645,16.645,1919354.0,solaria
2021-04-21,16.715,17.1,16.125,16.764999,16.764999,1487499.0,solaria
2021-04-22,16.940001000000002,18.139999,16.799999,17.955,17.955,1626883.0,solaria
2021-04-23,17.844998999999998,18.385,17.68,17.969998999999998,17.969998999999998,720867.0,solaria
2021-04-26,17.969998999999998,18.440001000000002,17.92,18.309998999999998,18.309998999999998,1003759.0,solaria
2021-04-27,18.35,18.57,18.045,18.5,18.5,837571.0,solaria
2021-04-28,18.450001,18.48,17.674999,17.719998999999998,17.719998999999998,1082448.0,solaria
2021-04-29,17.790001,17.950001,17.014999,17.15,17.15,1037234.0,solaria
2021-04-30,17.200001,17.315001000000002,16.809998999999998,17.055,17.055,879010.0,solaria
2021-05-03,17.139999,17.625,16.92,17.305,17.305,494213.0,solaria
2021-05-04,17.290001,17.305,16.309998999999998,16.344998999999998,16.344998999999998,1722354.0,solaria
2021-05-05,16.325001,17.030001000000002,16.325001,16.51,16.51,917267.0,solaria
2021-05-06,16.450001,16.495001000000002,15.425,15.495,15.495,1999424.0,solaria
2021-05-07,15.535,16.385,15.405,16.360001,16.360001,1311083.0,solaria
2021-05-10,16.389999,16.4,15.155,15.24,15.24,1818583.0,solaria
2021-05-11,15.015,15.49,14.77,14.96,14.96,1922773.0,solaria
2021-05-12,14.925,15.68,14.68,14.68,14.68,1264382.0,solaria
2021-05-13,14.6,15.28,14.43,14.965,14.965,1304575.0,solaria
2021-05-14,15.2,16.07,14.805,15.875,15.875,1488538.0,solaria
2021-05-17,16.065001000000002,16.49,15.55,15.59,15.59,943503.0,solaria
2021-05-18,15.98,16.25,15.55,15.93,15.93,818905.0,solaria
2021-05-19,15.87,15.905,15.515,15.84,15.84,681648.0,solaria
2021-05-20,15.95,16.450001,15.775,16.445,16.445,676053.0,solaria
2021-05-21,16.485001,16.635,16.264999,16.360001,16.360001,699506.0,solaria
2021-05-24,16.5,16.559998999999998,16.205,16.41,16.41,252099.0,solaria
2021-05-25,16.469998999999998,16.620001000000002,16.264999,16.33,16.33,328496.0,solaria
2021-05-26,16.4,16.76,16.33,16.450001,16.450001,552122.0,solaria
2021-05-27,16.5,16.719998999999998,15.665,15.69,15.69,1521024.0,solaria
2021-05-28,15.75,15.96,15.22,15.455,15.455,772744.0,solaria
2021-05-31,15.5,16.66,15.35,15.94,15.94,1003919.0,solaria
2021-06-01,16.315001000000002,16.475,15.845,16.065001000000002,16.065001000000002,856896.0,solaria
2021-06-02,16.115,16.139999,15.255,15.33,15.33,1002360.0,solaria
2021-06-03,15.405,15.68,14.635,14.71,14.71,1385856.0,solaria
2021-06-04,14.75,15.045,14.5,14.91,14.91,1401247.0,solaria
2021-06-07,14.805,14.855,14.225,14.56,14.56,1104247.0,solaria
2021-06-08,14.6,15.045,14.565,14.765,14.765,656925.0,solaria
2021-06-09,14.8,14.93,14.54,14.685,14.685,472833.0,solaria
2021-06-10,14.925,14.925,14.36,14.74,14.74,561886.0,solaria
2021-06-11,14.8,15.45,14.75,15.135,15.135,940500.0,solaria
2021-06-14,15.3,15.995,15.24,15.895,15.895,1119577.0,solaria
2021-06-15,15.98,16.25,15.665,15.825,15.825,553397.0,solaria
2021-06-16,16.4,17.34,16.26,16.365,16.365,2184178.0,solaria
2021-06-17,16.389999,16.485001,15.61,16.0,16.0,1519758.0,solaria
2021-06-18,16.059998999999998,16.485001,15.55,15.815,15.815,1117271.0,solaria
2021-06-21,15.7,15.905,15.37,15.75,15.75,1212889.0,solaria
2021-06-22,15.79,15.93,15.52,15.695,15.695,564515.0,solaria
2021-06-23,15.675,15.845,15.005,15.005,15.005,793829.0,solaria
2021-06-24,15.25,15.415,14.9,15.25,15.25,666752.0,solaria
2021-06-25,15.26,15.495,14.94,15.39,15.39,648340.0,solaria
2021-06-28,15.445,15.83,15.195,15.8,15.8,711697.0,solaria
2021-06-29,15.95,16.365,15.81,16.32,16.32,735581.0,solaria
2021-06-30,16.355,16.459999,15.16,15.24,15.24,1433960.0,solaria
2021-07-01,15.34,15.46,15.07,15.365,15.365,607159.0,solaria
2021-07-02,15.5,15.925,15.41,15.75,15.75,950641.0,solaria
2021-07-05,15.905,15.905,15.605,15.78,15.78,344119.0,solaria
2021-07-06,16.0,16.475,15.62,16.41,16.41,1003866.0,solaria
2021-07-07,16.48,17.075001,16.059998999999998,16.959999,16.959999,1191906.0,solaria
2021-07-08,16.98,17.285,16.719998999999998,17.285,17.285,1190586.0,solaria
2021-07-09,17.290001,17.290001,16.645,16.9,16.9,812468.0,solaria
2021-07-12,17.025,17.684998999999998,16.9,17.549999,17.549999,968241.0,solaria
2021-07-13,17.6,17.65,17.200001,17.625,17.625,817478.0,solaria
2021-07-14,17.74,17.85,17.055,17.110001,17.110001,932689.0,solaria
2021-07-15,17.1,17.110001,16.135,16.290001,16.290001,1024081.0,solaria
2021-07-16,16.32,16.49,16.049999,16.18,16.18,592619.0,solaria
2021-07-19,16.120001000000002,16.120001000000002,15.425,16.014999,16.014999,712145.0,solaria
2021-07-20,15.935,16.280001000000002,15.68,15.755,15.755,443335.0,solaria
2021-07-21,15.98,16.41,15.815,16.41,16.41,481236.0,solaria
2021-07-22,16.49,17.059998999999998,16.33,16.995001000000002,16.995001000000002,683021.0,solaria
2021-07-23,17.0,17.0,16.405001000000002,16.705,16.705,566466.0,solaria
2021-07-26,16.549999,17.045,16.41,16.855,16.855,440411.0,solaria
2021-07-27,16.65,16.799999,16.125,16.17,16.17,919864.0,solaria
2021-07-28,16.200001,16.68,16.17,16.67,16.67,540606.0,solaria
2021-07-29,16.74,16.99,16.530001000000002,16.690001000000002,16.690001000000002,940906.0,solaria
2021-07-30,16.549999,16.549999,16.135,16.264999,16.264999,441103.0,solaria
2021-08-02,16.35,16.6,16.215,16.43,16.43,308657.0,solaria
2021-08-03,16.33,16.424999,16.02,16.120001000000002,16.120001000000002,417231.0,solaria
2021-08-04,16.27,16.27,15.725,16.040001,16.040001,615850.0,solaria
2021-08-05,16.1,16.120001000000002,15.85,16.030001000000002,16.030001000000002,304964.0,solaria
2021-08-06,16.01,16.125,15.835,15.895,15.895,347510.0,solaria
2021-08-09,15.83,16.200001,15.76,16.200001,16.200001,656409.0,solaria
2021-08-10,16.25,16.465,15.965,16.275,16.275,416935.0,solaria
2021-08-11,16.25,16.309998999999998,16.014999,16.155001000000002,16.155001000000002,316499.0,solaria
2021-08-12,16.1,16.190001000000002,15.88,15.955,15.955,388351.0,solaria
2021-08-13,15.96,16.035,15.73,15.745,15.745,350241.0,solaria
2021-08-16,15.7,15.845,15.52,15.775,15.775,370411.0,solaria
2021-08-17,15.56,15.76,15.18,15.72,15.72,676444.0,solaria
2021-08-18,15.65,16.74,15.51,16.665001,16.665001,787737.0,solaria
2021-08-19,16.434998999999998,16.875,16.280001000000002,16.775,16.775,584985.0,solaria
2021-08-20,16.705,17.68,16.700001,17.545,17.545,1300777.0,solaria
2021-08-23,17.620001000000002,17.655001000000002,17.110001,17.514999,17.514999,508351.0,solaria
2021-08-24,17.620001000000002,17.99,17.235001,17.389999,17.389999,785510.0,solaria
2021-08-25,17.48,17.709999,17.02,17.110001,17.110001,425685.0,solaria
2021-08-26,17.1,17.125,16.67,16.77,16.77,365410.0,solaria
2021-08-27,16.895,16.895,16.309998999999998,16.65,16.65,455021.0,solaria
2021-08-30,16.879998999999998,17.174999,16.5,16.65,16.65,444229.0,solaria
2021-08-31,16.805,17.23,16.549999,16.799999,16.799999,584013.0,solaria
2021-09-01,17.139999,17.360001,16.889999,16.995001000000002,16.995001000000002,429522.0,solaria
2021-09-02,17.049999,17.18,16.549999,16.889999,16.889999,440784.0,solaria
2021-09-03,17.004998999999998,17.42,16.9,17.18,17.18,1036479.0,solaria
2021-09-06,17.25,17.415001,16.405001000000002,16.459999,16.459999,1010664.0,solaria
2021-09-07,16.0,16.049999,15.35,15.435,15.435,2642608.0,solaria
2021-09-08,15.445,15.545,15.01,15.26,15.26,964442.0,solaria
2021-09-09,15.25,15.38,15.025,15.055,15.055,930398.0,solaria
2021-09-10,15.16,15.355,14.94,15.015,15.015,699479.0,solaria
2021-09-13,15.22,15.59,14.99,15.445,15.445,736866.0,solaria
2021-09-14,15.45,15.45,15.125,15.205,15.205,643338.0,solaria
2021-09-15,15.37,15.395,14.5,14.5,14.5,1253700.0,solaria
2021-09-16,14.45,14.82,13.315,14.8,14.8,3024262.0,solaria
2021-09-17,15.1,15.24,14.575,14.705,14.705,3188955.0,solaria
2021-09-20,14.16,14.605,14.06,14.32,14.32,876037.0,solaria
2021-09-21,14.35,15.12,14.35,14.93,14.93,821118.0,solaria
2021-09-22,15.135,15.135,14.57,14.775,14.775,784786.0,solaria
2021-09-23,14.96,15.22,14.75,14.91,14.91,721715.0,solaria
2021-09-24,14.85,15.08,14.71,14.815,14.815,421598.0,solaria
2021-09-27,15.07,15.07,14.815,14.83,14.83,513669.0,solaria
2021-09-28,14.86,14.89,14.105,14.105,14.105,1123432.0,solaria
2021-09-29,14.3,14.77,14.16,14.42,14.42,933842.0,solaria
2021-09-30,14.58,14.58,13.57,13.675,13.675,1952224.0,solaria
2021-10-01,13.665,14.08,13.45,13.9,13.9,1087586.0,solaria
2021-10-04,13.96,14.145,13.545,14.02,14.02,1249409.0,solaria
2021-10-05,14.0,14.195,13.86,14.09,14.09,603864.0,solaria
2021-10-06,13.96,14.11,13.695,14.005,14.005,741530.0,solaria
2021-10-07,14.05,14.365,14.0,14.35,14.35,875873.0,solaria
2021-10-08,14.445,14.455,13.94,13.945,13.945,787849.0,solaria
2021-10-11,13.8,14.02,13.64,13.93,13.93,633726.0,solaria
2021-10-12,13.9,14.27,13.715,14.19,14.19,538232.0,solaria
2021-10-13,14.27,14.695,14.17,14.69,14.69,853743.0,solaria
2021-10-14,14.76,14.89,14.68,14.83,14.83,610282.0,solaria
2021-10-15,14.9,15.065,14.635,14.925,14.925,1365958.0,solaria
2021-10-18,15.0,15.0,14.625,14.835,14.835,404254.0,solaria
2021-10-19,14.98,15.685,14.87,15.63,15.63,1153509.0,solaria
2021-10-20,15.85,16.549999,15.805,16.545,16.545,1512397.0,solaria
2021-10-21,16.49,16.719998999999998,16.18,16.709999,16.709999,845851.0,solaria
2021-10-22,16.799999,17.18,16.57,16.959999,16.959999,1188196.0,solaria
2021-10-25,16.955,16.955,16.030001000000002,16.235001,16.235001,805077.0,solaria
2021-10-26,16.360001,16.815001000000002,16.299999,16.645,16.645,518878.0,solaria
2021-10-27,16.575001,16.985001,16.450001,16.834999,16.834999,355365.0,solaria
2021-10-28,16.780001000000002,17.4,16.735001,17.4,17.4,832958.0,solaria
2021-10-29,17.24,17.49,16.91,17.27,17.27,696359.0,solaria
2021-11-01,17.440001000000002,17.610001,17.275,17.535,17.535,356425.0,solaria
2021-11-02,17.59,17.625,17.254998999999998,17.35,17.35,395108.0,solaria
2021-11-03,17.299999,17.299999,15.72,15.78,15.78,1228688.0,solaria
2021-11-04,15.97,16.360001,15.57,16.025,16.025,833322.0,solaria
2021-11-05,16.174999,16.174999,15.67,15.69,15.69,371092.0,solaria
2021-11-08,15.54,16.155001000000002,15.46,16.030001000000002,16.030001000000002,585598.0,solaria
2021-11-09,15.91,16.415001,15.83,15.94,15.94,456272.0,solaria
2021-11-10,15.855,16.379998999999998,15.735,16.27,16.27,450687.0,solaria
2021-11-11,16.305,16.305,15.64,16.120001000000002,16.120001000000002,709024.0,solaria
2021-11-12,16.200001,16.395,16.040001,16.254998999999998,16.254998999999998,368758.0,solaria
2021-11-15,16.35,16.584999,16.025,16.184998999999998,16.184998999999998,337024.0,solaria
2021-11-16,16.59,17.16,16.344998999999998,16.875,16.875,1262995.0,solaria
2021-11-17,16.764999,17.275,16.139999,17.17,17.17,927934.0,solaria
2021-11-18,17.195,17.23,16.379998999999998,16.575001,16.575001,552784.0,solaria
2021-11-19,16.68,16.75,16.27,16.6,16.6,572873.0,solaria
2021-11-22,16.6,16.754998999999998,16.4,16.635,16.635,473401.0,solaria
2021-11-23,16.5,16.545,15.95,16.23,16.23,494213.0,solaria
2021-11-24,16.110001,16.440001000000002,16.045,16.385,16.385,480245.0,solaria
2021-11-25,16.379998999999998,17.08,16.370001000000002,17.025,17.025,586283.0,solaria
2021-11-26,16.5,16.955,16.4,16.615,16.615,618864.0,solaria
2021-11-29,16.610001,17.190001000000002,16.5,16.995001000000002,16.995001000000002,555391.0,solaria
2021-11-30,16.85,17.075001,16.465,16.5,16.5,682230.0,solaria
2021-12-01,16.52,16.76,16.18,16.754998999999998,16.754998999999998,670231.0,solaria
2021-12-02,16.5,16.5,15.74,15.825,15.825,832477.0,solaria
2021-12-03,15.955,16.434998999999998,15.61,15.705,15.705,1022018.0,solaria
2021-12-06,15.785,16.48,15.49,16.355,16.355,804999.0,solaria
2021-12-07,16.445,16.674999,16.41,16.450001,16.450001,311143.0,solaria
2021-12-08,16.52,16.865,16.35,16.5,16.5,596738.0,solaria
2021-12-09,16.549999,16.785,16.41,16.42,16.42,231208.0,solaria
2021-12-10,16.42,16.530001000000002,16.049999,16.08,16.08,524593.0,solaria
2021-12-13,16.379998999999998,16.465,16.0,16.1,16.1,310808.0,solaria
2021-12-14,16.299999,16.299999,15.8,15.8,15.8,464658.0,solaria
2021-12-15,15.78,16.129998999999998,15.62,15.66,15.66,288807.0,solaria
2021-12-16,16.200001,17.17,16.200001,16.795,16.795,1499199.0,solaria
2021-12-17,16.795,16.865,15.83,16.125,16.125,1161195.0,solaria
2021-12-20,15.775,16.280001000000002,15.66,16.174999,16.174999,576294.0,solaria
2021-12-21,16.375,16.799999,16.299999,16.74,16.74,542544.0,solaria
2021-12-22,16.719998999999998,17.629998999999998,16.719998999999998,17.629998999999998,17.629998999999998,1438017.0,solaria
2021-12-23,17.59,17.6,17.225,17.559998999999998,17.559998999999998,377736.0,solaria
2021-12-27,17.51,17.809998999999998,17.405001000000002,17.545,17.545,400964.0,solaria
2021-12-28,17.379998999999998,17.620001000000002,17.059998999999998,17.110001,17.110001,336774.0,solaria
2021-12-29,17.0,17.295,16.875,16.950001,16.950001,640900.0,solaria
2021-12-30,16.91,17.184998999999998,16.865,17.120001000000002,17.120001000000002,800982.0,solaria
2022-01-03,17.15,17.75,17.120001000000002,17.280001000000002,17.280001000000002,430754.0,solaria
2022-01-04,17.549999,17.905001000000002,17.43,17.575001,17.575001,789711.0,solaria
2022-01-05,17.57,17.57,16.73,16.73,16.73,1114434.0,solaria
2022-01-06,16.5,16.5,15.745,15.78,15.78,2072196.0,solaria
2022-01-07,15.9,15.915,15.325,15.63,15.63,1057574.0,solaria
2022-01-10,15.8,16.040001,15.54,15.54,15.54,624355.0,solaria
2022-01-11,15.6,16.02,15.55,15.8,15.8,639645.0,solaria
2022-01-12,16.01,16.049999,15.805,15.955,15.955,504713.0,solaria
2022-01-13,15.99,16.475,15.805,16.135,16.135,645865.0,solaria
2022-01-14,16.049999,16.105,15.67,15.71,15.71,727739.0,solaria
2022-01-17,15.8,15.955,15.62,15.665,15.665,396319.0,solaria
2022-01-18,15.63,15.705,15.105,15.56,15.56,867709.0,solaria
2022-01-19,15.4,15.825,15.05,15.74,15.74,776533.0,solaria
2022-01-20,15.83,16.120001000000002,15.66,16.02,16.02,521982.0,solaria
2022-01-21,15.55,15.85,15.33,15.515,15.515,737933.0,solaria
2022-01-24,15.3,15.52,14.61,14.85,14.85,811728.0,solaria
2022-01-25,15.0,15.12,14.58,14.73,14.73,690006.0,solaria
2022-01-26,14.9,15.285,14.755,15.205,15.205,483170.0,solaria
2022-01-27,14.755,15.275,14.73,14.855,14.855,570249.0,solaria
2022-01-28,14.98,15.17,14.635,14.77,14.77,682170.0,solaria
2022-01-31,14.945,15.4,14.77,15.4,15.4,587247.0,solaria
2022-02-01,15.52,15.83,15.15,15.24,15.24,472053.0,solaria
2022-02-02,15.4,15.735,15.335,15.4,15.4,491386.0,solaria
2022-02-03,15.22,15.22,14.78,14.78,14.78,881586.0,solaria
2022-02-04,14.9,14.935,14.295,14.635,14.635,828123.0,solaria
2022-02-07,14.76,14.79,14.24,14.395,14.395,734396.0,solaria
2022-02-08,14.45,14.55,14.065,14.285,14.285,575280.0,solaria
2022-02-09,14.29,14.685,14.29,14.51,14.51,528938.0,solaria
2022-02-10,14.6,14.695,13.805,14.135,14.135,1269522.0,solaria
2022-02-11,14.0,14.24,13.73,13.97,13.97,854909.0,solaria
2022-02-14,13.7,13.79,13.26,13.57,13.57,1109134.0,solaria
2022-02-15,13.44,13.955,13.44,13.925,13.925,794215.0,solaria
2022-02-16,14.055,14.165,13.73,13.875,13.875,666547.0,solaria
2022-02-17,13.88,14.07,13.68,13.845,13.845,907382.0,solaria
2022-02-18,13.71,13.805,13.4,13.41,13.41,587508.0,solaria
2022-02-21,13.36,13.595,12.9,13.11,13.11,596688.0,solaria
2022-02-22,12.645,13.28,12.405,13.08,13.08,571976.0,solaria
2022-02-23,13.19,13.4,12.935,13.02,13.02,403629.0,solaria
2022-02-24,12.205,14.48,12.075,14.33,14.33,1952267.0,solaria
2022-02-25,14.645,15.295,14.33,14.995,14.995,1941252.0,solaria
2022-02-28,14.61,16.875,14.55,16.615,16.615,3257948.0,solaria
2022-03-01,16.799999,17.165001,15.625,16.325001,16.325001,2796664.0,solaria
2022-03-02,16.165001,17.049999,16.030001000000002,16.555,16.555,1388313.0,solaria
2022-03-03,16.549999,16.75,15.885,16.09,16.09,1766069.0,solaria
2022-03-04,15.99,16.67,15.915,16.35,16.35,1432478.0,solaria
2022-03-07,16.52,18.4,16.52,18.09,18.09,3066900.0,solaria
2022-03-08,18.4,20.0,18.299999,19.719998999999998,19.719998999999998,3106897.0,solaria
2022-03-09,20.5,21.209999,19.075001,19.959999,19.959999,3277841.0,solaria
2022-03-10,19.799999,20.719998999999998,19.555,20.09,20.09,1660830.0,solaria
2022-03-11,20.0,21.040001,20.0,20.790001,20.790001,1443328.0,solaria
2022-03-14,20.610001,20.77,19.645,19.65,19.65,1663640.0,solaria
2022-03-15,19.450001,19.67,18.360001,19.32,19.32,1591491.0,solaria
2022-03-16,19.594998999999998,19.68,18.895,19.209999,19.209999,1504845.0,solaria
2022-03-17,19.280001000000002,19.780001000000002,19.120001000000002,19.424999,19.424999,639995.0,solaria
2022-03-18,19.450001,19.844998999999998,19.344998999999998,19.754998999999998,19.754998999999998,1131559.0,solaria
2022-03-21,19.9,19.9,19.225,19.299999,19.299999,413041.0,solaria
2022-03-22,19.200001,19.82,19.18,19.745001000000002,19.745001000000002,428696.0,solaria
2022-03-23,19.549999,19.870001000000002,19.43,19.57,19.57,749378.0,solaria
2022-03-24,19.200001,20.139999,19.15,19.82,19.82,523114.0,solaria
2022-03-25,19.690001000000002,20.389999,19.690001000000002,19.965,19.965,682687.0,solaria
2022-03-28,20.120001000000002,20.73,20.030001000000002,20.51,20.51,552602.0,solaria
2022-03-29,20.639999,20.82,18.635,18.700001,18.700001,1775648.0,solaria
2022-03-30,18.844998999999998,20.299999,18.73,19.92,19.92,1360250.0,solaria
2022-03-31,19.98,20.610001,19.4,20.43,20.43,638140.0,solaria
2022-04-01,20.5,20.950001,20.200001,20.77,20.77,533489.0,solaria
2022-04-04,20.969998999999998,21.549999,20.219998999999998,21.16,21.16,716846.0,solaria
2022-04-05,21.35,22.799999,21.15,22.5,22.5,1363022.0,solaria
2022-04-06,22.5,22.83,21.9,22.809998999999998,22.809998999999998,1134873.0,solaria
2022-04-07,22.700001,23.360001,22.1,22.530001000000002,22.530001000000002,1021537.0,solaria
2022-04-08,22.540001,22.93,22.33,22.91,22.91,460404.0,solaria
2022-04-11,23.15,23.32,22.370001000000002,22.92,22.92,678588.0,solaria
2022-04-12,22.200001,22.620001000000002,21.639999,22.620001000000002,22.620001000000002,743300.0,solaria
2022-04-13,21.75,22.16,21.18,21.620001000000002,21.620001000000002,1078460.0,solaria
2022-04-14,21.559998999999998,22.15,21.43,21.83,21.83,463883.0,solaria
2022-04-19,21.08,21.469998999999998,20.74,21.389999,21.389999,809544.0,solaria
2022-04-20,21.200001,22.25,21.200001,21.99,21.99,528129.0,solaria
2022-04-21,21.709999,22.52,21.5,21.51,21.51,642799.0,solaria
2022-04-22,21.209999,21.85,21.09,21.190001000000002,21.190001000000002,1684265.0,solaria
2022-04-25,21.0,21.66,20.709999,20.99,20.99,404556.0,solaria
2022-04-26,20.77,21.549999,20.57,20.92,20.92,639736.0,solaria
