2017-04-27,11.15,11.16,11.1,11.14,8.317801,1079100,telefonica
2017-04-28,11.12,11.13,11.06,11.1,8.287933,1269500,telefonica
2017-05-01,11.15,11.15,11.11,11.11,8.295401,537100,telefonica
2017-05-02,11.24,11.29,11.23,11.29,8.4298,1097600,telefonica
2017-05-03,11.26,11.26,11.21,11.22,8.377533999999999,1040500,telefonica
2017-05-04,11.34,11.48,11.34,11.47,8.564199,1272800,telefonica
2017-05-05,11.52,11.64,11.49,11.63,8.683665,1414800,telefonica
2017-05-08,11.47,11.48,11.41,11.43,8.534333,1889500,telefonica
2017-05-09,11.37,11.41,11.33,11.38,8.497001,1226700,telefonica
2017-05-10,11.31,11.41,11.3,11.39,8.504467,1008400,telefonica
2017-05-11,10.94,10.95,10.83,10.89,8.131136999999999,2167700,telefonica
2017-05-12,10.94,11.05,10.91,11.05,8.250603,1513500,telefonica
2017-05-15,11.02,11.12,11.01,11.12,8.302868,1014200,telefonica
2017-05-16,11.24,11.24,11.17,11.22,8.377533999999999,982300,telefonica
2017-05-17,11.06,11.11,10.93,10.93,8.161000999999999,1660500,telefonica
2017-05-18,10.73,10.86,10.7,10.85,8.101269,2576900,telefonica
2017-05-19,11.11,11.19,11.11,11.15,8.325268,1402000,telefonica
2017-05-22,11.24,11.27,11.19,11.2,8.362599000000001,1200100,telefonica
2017-05-23,11.28,11.31,11.21,11.24,8.392466,1032300,telefonica
2017-05-24,11.14,11.2,11.12,11.2,8.362599000000001,926000,telefonica
2017-05-25,11.3,11.34,11.28,11.3,8.437266000000001,1089500,telefonica
2017-05-26,11.22,11.28,11.2,11.26,8.4074,677800,telefonica
2017-05-30,11.23,11.26,11.17,11.19,8.355132000000001,927700,telefonica
2017-05-31,11.26,11.3,11.19,11.22,8.377533999999999,1613900,telefonica
2017-06-01,11.15,11.23,11.12,11.23,8.384999,818100,telefonica
2017-06-02,11.31,11.34,11.29,11.34,8.467134,714000,telefonica
2017-06-05,11.24,11.32,11.22,11.31,8.444735000000001,973900,telefonica
2017-06-06,11.3,11.39,11.3,11.34,8.467134,1198900,telefonica
2017-06-07,11.32,11.39,11.26,11.33,8.459666,1239700,telefonica
2017-06-08,11.33,11.33,11.29,11.32,8.452199,1529800,telefonica
2017-06-09,11.28,11.31,11.14,11.19,8.355132000000001,1613800,telefonica
2017-06-12,11.21,11.22,11.16,11.21,8.370069,1152800,telefonica
2017-06-13,11.04,11.09,10.99,11.05,8.415763,697000,telefonica
2017-06-14,11.13,11.14,10.97,10.98,8.362451,1542700,telefonica
2017-06-15,10.64,10.72,10.62,10.64,8.103505,1490300,telefonica
2017-06-16,10.74,10.82,10.71,10.8,8.225361999999999,1257000,telefonica
2017-06-19,10.89,10.93,10.83,10.85,8.263442,1119600,telefonica
2017-06-20,10.8,10.8,10.65,10.66,8.118735000000001,835900,telefonica
2017-06-21,10.63,10.69,10.6,10.63,8.095889,944500,telefonica
2017-06-22,10.62,10.63,10.58,10.6,8.073039,1386800,telefonica
2017-06-23,10.63,10.65,10.58,10.64,8.103505,1142500,telefonica
2017-06-26,10.71,10.74,10.66,10.66,8.118735000000001,961800,telefonica
2017-06-27,10.64,10.68,10.62,10.63,8.095889,946800,telefonica
2017-06-28,10.56,10.59,10.48,10.55,8.034961000000001,1482900,telefonica
2017-06-29,10.48,10.48,10.36,10.39,7.913102,1163700,telefonica
2017-06-30,10.45,10.46,10.31,10.39,7.913102,926700,telefonica
2017-07-03,10.5,10.53,10.47,10.48,7.981647,525100,telefonica
2017-07-05,10.39,10.39,10.26,10.31,7.852174000000001,1478000,telefonica
2017-07-06,10.28,10.35,10.25,10.3,7.844557000000001,1204000,telefonica
2017-07-07,10.31,10.37,10.26,10.34,7.875023,1046600,telefonica
2017-07-10,10.21,10.32,10.2,10.29,7.836941,944200,telefonica
2017-07-11,10.33,10.4,10.33,10.39,7.913102,849200,telefonica
2017-07-12,10.41,10.49,10.41,10.48,7.981647,1396000,telefonica
2017-07-13,10.63,10.7,10.61,10.68,8.133969,1317800,telefonica
2017-07-14,10.69,10.71,10.64,10.67,8.126353,1042800,telefonica
2017-07-17,10.72,10.77,10.72,10.76,8.194898,745700,telefonica
2017-07-18,10.79,10.83,10.75,10.76,8.194898,746700,telefonica
2017-07-19,10.74,10.77,10.72,10.74,8.179664,673700,telefonica
2017-07-20,10.89,10.94,10.86,10.9,8.301522,937100,telefonica
2017-07-21,10.93,10.94,10.81,10.88,8.28629,776400,telefonica
2017-07-24,10.87,10.92,10.82,10.88,8.28629,922900,telefonica
2017-07-25,11.01,11.03,10.87,10.88,8.28629,1048100,telefonica
2017-07-26,11.01,11.01,10.9,10.98,8.362451,1264900,telefonica
2017-07-27,11.44,11.46,11.33,11.44,8.71279,2228900,telefonica
2017-07-28,11.3,11.38,11.28,11.37,8.659478,1684400,telefonica
2017-07-31,11.29,11.32,11.25,11.28,8.590933999999999,1504000,telefonica
2017-08-01,11.44,11.47,11.37,11.39,8.674710000000001,1233300,telefonica
2017-08-02,11.35,11.38,11.26,11.32,8.621396,730400,telefonica
2017-08-03,11.26,11.31,11.23,11.29,8.59855,926100,telefonica
2017-08-04,11.36,11.46,11.35,11.46,8.728022,836400,telefonica
2017-08-07,11.45,11.47,11.41,11.46,8.728022,578600,telefonica
2017-08-08,11.45,11.58,11.44,11.48,8.743253999999999,1054000,telefonica
2017-08-09,11.33,11.38,11.3,11.35,8.644246,760000,telefonica
2017-08-10,11.29,11.29,11.06,11.1,8.453844,1494200,telefonica
2017-08-11,10.98,11.0,10.83,10.89,8.293906,1624300,telefonica
2017-08-14,11.05,11.16,11.05,11.13,8.476692,1058600,telefonica
2017-08-15,11.06,11.08,10.99,11.02,8.392916,827800,telefonica
2017-08-16,11.0,11.02,10.96,11.0,8.377685000000001,1003100,telefonica
2017-08-17,10.9,10.93,10.75,10.76,8.194898,859700,telefonica
2017-08-18,10.78,10.82,10.75,10.76,8.194898,907200,telefonica
2017-08-21,10.85,10.85,10.77,10.79,8.217746,668500,telefonica
2017-08-22,10.78,10.81,10.77,10.79,8.217746,536000,telefonica
2017-08-23,10.76,10.79,10.73,10.77,8.202515,882300,telefonica
2017-08-24,10.8,10.81,10.74,10.75,8.18728,576400,telefonica
2017-08-25,10.79,10.9,10.77,10.85,8.263442,691000,telefonica
2017-08-28,10.89,10.91,10.81,10.83,8.24821,536300,telefonica
2017-08-29,10.75,10.84,10.75,10.82,8.240594,779800,telefonica
2017-08-30,10.75,10.79,10.72,10.73,8.172049000000001,1043000,telefonica
2017-08-31,10.77,10.79,10.73,10.77,8.202515,1636400,telefonica
2017-09-01,10.81,10.82,10.75,10.76,8.194898,507800,telefonica
2017-09-05,10.61,10.63,10.51,10.54,8.027345,1885200,telefonica
2017-09-06,10.57,10.62,10.55,10.57,8.050192,1176100,telefonica
2017-09-07,10.66,10.71,10.64,10.68,8.133969,1438800,telefonica
2017-09-08,10.74,10.76,10.7,10.71,8.156817,885500,telefonica
2017-09-11,10.85,10.93,10.85,10.9,8.301522,1156800,telefonica
2017-09-12,10.86,10.87,10.82,10.82,8.240594,956400,telefonica
2017-09-13,10.82,10.84,10.77,10.78,8.21013,1106200,telefonica
2017-09-14,10.71,10.76,10.7,10.74,8.179664,899300,telefonica
2017-09-15,10.79,10.84,10.77,10.81,8.232978,1595500,telefonica
2017-09-18,10.92,10.97,10.87,10.9,8.301522,898600,telefonica
2017-09-19,10.93,11.0,10.93,10.98,8.362451,1341800,telefonica
2017-09-20,10.92,10.94,10.8,10.87,8.278673,938700,telefonica
2017-09-21,10.76,10.8,10.73,10.79,8.217746,536200,telefonica
2017-09-22,10.79,10.81,10.74,10.78,8.21013,947800,telefonica
2017-09-25,10.74,10.75,10.6,10.68,8.133969,1161000,telefonica
2017-09-26,10.55,10.56,10.49,10.54,8.027345,1003200,telefonica
2017-09-27,10.77,10.86,10.77,10.83,8.24821,1475500,telefonica
2017-09-28,10.81,10.83,10.76,10.79,8.217746,1051800,telefonica
2017-09-29,10.73,10.83,10.7,10.79,8.217746,1076800,telefonica
2017-10-02,10.55,10.6,10.54,10.58,8.057807,924600,telefonica
2017-10-03,10.51,10.56,10.49,10.56,8.042575999999999,963300,telefonica
2017-10-04,10.33,10.33,10.24,10.25,7.806477,2279300,telefonica
2017-10-05,10.42,10.59,10.42,10.46,7.966416000000001,1971500,telefonica
2017-10-06,10.48,10.51,10.45,10.51,8.004495,1252300,telefonica
2017-10-09,10.6,10.62,10.56,10.59,8.065424,1052600,telefonica
2017-10-10,10.59,10.82,10.55,10.8,8.225361999999999,2805400,telefonica
2017-10-11,10.83,10.92,10.83,10.88,8.28629,1180200,telefonica
2017-10-12,10.8,10.84,10.75,10.81,8.232978,1013600,telefonica
2017-10-13,10.82,10.86,10.81,10.82,8.240594,725200,telefonica
2017-10-16,10.68,10.68,10.6,10.62,8.088272,1103600,telefonica
2017-10-17,10.57,10.6,10.5,10.51,8.004495,1131200,telefonica
2017-10-18,10.47,10.53,10.47,10.52,8.012111,1119400,telefonica
2017-10-19,10.4,10.43,10.36,10.4,7.920717999999999,1019000,telefonica
2017-10-20,10.43,10.44,10.36,10.38,7.905486,1246700,telefonica
2017-10-23,10.4,10.4,10.28,10.29,7.836941,988400,telefonica
2017-10-24,10.34,10.4,10.29,10.3,7.844557000000001,1202300,telefonica
2017-10-25,10.46,10.47,10.32,10.37,7.897869999999999,1637800,telefonica
2017-10-26,10.3,10.35,10.16,10.18,7.753166,3028300,telefonica
2017-10-27,10.05,10.1,9.95,10.01,7.623692,2968500,telefonica
2017-10-30,10.26,10.34,10.26,10.27,7.821711,2185300,telefonica
2017-10-31,10.39,10.49,10.36,10.41,7.9283339999999995,1654000,telefonica
2017-11-01,10.5,10.52,10.41,10.46,7.966416000000001,1672000,telefonica
2017-11-02,10.44,10.51,10.42,10.47,7.974031,1212500,telefonica
2017-11-03,10.31,10.31,10.22,10.26,7.814094,1455600,telefonica
2017-11-06,10.18,10.24,10.13,10.22,7.7836289999999995,1131600,telefonica
2017-11-07,10.18,10.19,10.07,10.11,7.699852000000001,921500,telefonica
2017-11-08,10.06,10.09,10.04,10.06,7.661772999999999,1333000,telefonica
2017-11-09,10.0,10.09,9.99,10.09,7.684621000000001,1419300,telefonica
2017-11-10,10.03,10.04,9.98,10.03,7.638924,1174000,telefonica
2017-11-13,9.87,9.92,9.83,9.9,7.539915,1192600,telefonica
2017-11-14,9.92,9.94,9.88,9.92,7.555147,1051900,telefonica
2017-11-15,9.95,10.04,9.94,10.0,7.616075,1388600,telefonica
2017-11-16,10.07,10.09,10.01,10.02,7.631309,1333800,telefonica
2017-11-17,9.99,10.03,9.95,10.0,7.616075,1649200,telefonica
2017-11-20,10.07,10.09,9.99,10.0,7.616075,1047800,telefonica
2017-11-21,9.94,9.97,9.92,9.96,7.585611999999999,975900,telefonica
2017-11-22,9.99,10.04,9.97,10.02,7.631309,768900,telefonica
2017-11-24,10.12,10.15,10.1,10.14,7.722701,735500,telefonica
2017-11-27,10.19,10.21,10.09,10.1,7.692238000000001,1009000,telefonica
2017-11-28,10.19,10.23,10.16,10.2,7.768397,981300,telefonica
2017-11-29,10.2,10.29,10.18,10.2,7.768397,1162500,telefonica
2017-11-30,10.24,10.3,10.18,10.22,7.7836289999999995,1077400,telefonica
2017-12-01,10.13,10.24,10.13,10.23,7.791245,1900800,telefonica
2017-12-04,10.17,10.19,10.07,10.07,7.6693869999999995,1490600,telefonica
2017-12-05,10.13,10.14,10.01,10.02,7.631309,1207100,telefonica
2017-12-06,9.97,10.04,9.95,10.0,7.616075,1442800,telefonica
2017-12-07,10.12,10.2,10.08,10.08,7.677003,1479300,telefonica
2017-12-08,10.12,10.16,10.07,10.07,7.6693869999999995,1454900,telefonica
2017-12-11,10.04,10.1,10.0,10.03,7.638924,1877000,telefonica
2017-12-12,9.79,9.81,9.76,9.78,7.629561,2284400,telefonica
2017-12-13,9.8,9.85,9.77,9.81,7.652966,2366500,telefonica
2017-12-14,9.75,9.75,9.61,9.62,7.5047440000000005,1601900,telefonica
2017-12-15,9.7,9.73,9.64,9.66,7.535947999999999,2109300,telefonica
2017-12-18,9.82,9.87,9.78,9.79,7.637364,1557900,telefonica
2017-12-19,9.87,9.89,9.83,9.87,7.699774000000001,1386300,telefonica
2017-12-20,9.86,9.93,9.81,9.82,7.660767,1419500,telefonica
2017-12-21,9.73,9.88,9.72,9.76,7.6139589999999995,2197500,telefonica
2017-12-22,9.7,9.74,9.67,9.72,7.582755000000001,1442800,telefonica
2017-12-26,9.7,9.78,9.7,9.75,7.6061570000000005,682300,telefonica
2017-12-27,9.76,9.79,9.7,9.71,7.574953,786600,telefonica
2017-12-28,9.74,9.75,9.7,9.74,7.598358,1074400,telefonica
2017-12-29,9.7,9.73,9.66,9.68,7.551551,1208200,telefonica
2018-01-02,9.82,9.85,9.77,9.84,7.676369,1094000,telefonica
2018-01-03,9.77,9.8,9.72,9.77,7.621761,965100,telefonica
2018-01-04,9.96,10.01,9.93,9.97,7.777785000000001,1308500,telefonica
2018-01-05,10.01,10.03,9.97,10.03,7.824592,799300,telefonica
2018-01-08,9.99,10.0,9.95,10.0,7.801188000000001,920000,telefonica
2018-01-09,9.95,9.96,9.89,9.94,7.7543809999999995,952100,telefonica
2018-01-10,9.9,9.9,9.82,9.83,7.668569000000001,943300,telefonica
2018-01-11,9.85,9.86,9.77,9.81,7.652966,1128900,telefonica
2018-01-12,9.96,9.96,9.9,9.95,7.762182000000001,820600,telefonica
2018-01-16,10.16,10.18,10.1,10.12,7.894802,1298200,telefonica
2018-01-17,10.06,10.1,10.03,10.04,7.832393,1079200,telefonica
2018-01-18,10.0,10.04,9.99,10.02,7.8167919999999995,1107900,telefonica
2018-01-19,10.07,10.1,10.02,10.06,7.847996000000001,553400,telefonica
2018-01-22,10.24,10.29,10.23,10.28,8.019621,1084200,telefonica
2018-01-23,10.41,10.42,10.32,10.36,8.08203,1937200,telefonica
2018-01-24,10.37,10.44,10.35,10.43,8.13664,1237800,telefonica
2018-01-25,10.46,10.49,10.37,10.42,8.128839,1246000,telefonica
2018-01-26,10.52,10.57,10.51,10.55,8.230255,985000,telefonica
2018-01-29,10.39,10.44,10.37,10.41,8.121037,1877400,telefonica
2018-01-30,10.36,10.37,10.25,10.27,8.011822,1668300,telefonica
2018-01-31,10.21,10.24,10.18,10.24,7.988417,1835800,telefonica
2018-02-01,10.16,10.23,10.11,10.22,7.972815,1317100,telefonica
2018-02-02,9.98,10.02,9.9,9.93,7.746579,1853700,telefonica
2018-02-05,9.77,9.82,9.5,9.51,7.4189300000000005,2914700,telefonica
2018-02-06,9.47,9.7,9.46,9.66,7.535947999999999,2900400,telefonica
2018-02-07,9.62,9.71,9.54,9.55,7.450133999999999,1656200,telefonica
2018-02-08,9.45,9.47,9.23,9.23,7.200496,2902500,telefonica
2018-02-09,9.27,9.3,8.99,9.22,7.192696000000001,3189400,telefonica
2018-02-12,9.32,9.38,9.27,9.35,7.294111,1659500,telefonica
2018-02-13,9.2,9.27,9.17,9.27,7.231700999999999,1450500,telefonica
2018-02-14,9.19,9.33,9.18,9.33,7.278509,988800,telefonica
2018-02-15,9.3,9.38,9.26,9.38,7.317514999999999,1169000,telefonica
2018-02-16,9.39,9.49,9.38,9.43,7.356521000000001,1095200,telefonica
2018-02-20,9.41,9.44,9.33,9.35,7.294111,1131800,telefonica
2018-02-21,9.39,9.42,9.28,9.29,7.247304,1245500,telefonica
2018-02-22,9.72,9.79,9.66,9.72,7.582755000000001,3086000,telefonica
2018-02-23,9.8,9.9,9.77,9.9,7.723176,2149800,telefonica
2018-02-26,9.86,10.0,9.82,9.94,7.7543809999999995,2494900,telefonica
2018-02-27,9.83,9.85,9.7,9.7,7.567153,1251100,telefonica
2018-02-28,9.74,9.75,9.63,9.63,7.512544,1110200,telefonica
2018-03-01,9.61,9.7,9.52,9.62,7.5047440000000005,1405600,telefonica
2018-03-02,9.64,9.67,9.53,9.66,7.535947999999999,1205100,telefonica
2018-03-05,9.64,9.78,9.63,9.75,7.6061570000000005,1143700,telefonica
2018-03-06,9.82,9.87,9.79,9.85,7.684171000000001,985300,telefonica
2018-03-07,9.76,9.83,9.72,9.82,7.660767,1238500,telefonica
2018-03-08,9.89,9.91,9.85,9.89,7.715375,812100,telefonica
2018-03-09,9.99,10.04,9.97,10.03,7.824592,1711700,telefonica
2018-03-12,10.0,10.05,9.99,10.02,7.8167919999999995,856600,telefonica
2018-03-13,10.0,10.01,9.85,9.88,7.707575,1061300,telefonica
2018-03-14,9.95,9.96,9.88,9.93,7.746579,1038200,telefonica
2018-03-15,9.91,9.91,9.83,9.87,7.699774000000001,1012200,telefonica
2018-03-16,9.92,10.04,9.92,10.01,7.80899,1468100,telefonica
2018-03-19,9.97,9.99,9.89,9.93,7.746579,2092400,telefonica
2018-03-20,9.74,9.77,9.7,9.75,7.6061570000000005,1263800,telefonica
2018-03-21,9.67,9.73,9.64,9.7,7.567153,1048900,telefonica
2018-03-22,9.52,9.6,9.48,9.49,7.403327,1398800,telefonica
2018-03-23,9.6,9.61,9.48,9.5,7.411128999999999,1113200,telefonica
2018-03-26,9.66,9.73,9.56,9.72,7.582755000000001,1717000,telefonica
2018-03-27,9.75,9.78,9.61,9.65,7.5281460000000004,1858900,telefonica
2018-03-28,9.75,9.86,9.71,9.78,7.629561,984400,telefonica
2018-03-29,9.88,9.91,9.81,9.87,7.699774000000001,1051000,telefonica
2018-04-02,9.84,9.85,9.68,9.72,7.582755000000001,724600,telefonica
2018-04-03,9.75,9.82,9.71,9.8,7.645164,1152200,telefonica
2018-04-04,9.65,9.82,9.64,9.82,7.660767,1080900,telefonica
2018-04-05,9.92,9.96,9.9,9.94,7.7543809999999995,1313200,telefonica
2018-04-06,9.96,10.02,9.87,9.88,7.707575,1116100,telefonica
2018-04-09,10.02,10.06,9.96,9.96,7.769984,890200,telefonica
2018-04-10,10.07,10.13,10.04,10.1,7.879202,1193800,telefonica
2018-04-11,10.1,10.11,10.05,10.05,7.840194,658300,telefonica
2018-04-12,9.98,10.06,9.98,10.04,7.832393,773300,telefonica
2018-04-13,10.06,10.06,9.98,10.01,7.80899,796600,telefonica
2018-04-16,10.02,10.1,9.99,10.08,7.863597,625900,telefonica
2018-04-17,10.07,10.1,10.04,10.09,7.8714,914400,telefonica
2018-04-18,10.11,10.15,10.08,10.11,7.887001,888300,telefonica
2018-04-19,10.09,10.11,10.07,10.09,7.8714,979100,telefonica
2018-04-20,10.12,10.15,10.07,10.12,7.894802,847400,telefonica
2018-04-23,10.16,10.18,10.12,10.14,7.910405,824200,telefonica
2018-04-24,10.16,10.16,10.05,10.07,7.855795,1094000,telefonica
2018-04-25,10.12,10.17,10.1,10.15,7.918205,1016100,telefonica
2018-04-26,10.2,10.22,10.14,10.15,7.918205,1747600,telefonica
2018-04-27,10.11,10.17,10.08,10.15,7.918205,1102700,telefonica
2018-04-30,10.17,10.21,10.12,10.15,7.918205,1292900,telefonica
2018-05-01,10.14,10.14,10.0,10.05,7.840194,644600,telefonica
2018-05-02,10.11,10.12,10.01,10.04,7.832393,1345000,telefonica
2018-05-03,10.05,10.06,9.97,9.99,7.793386,2208600,telefonica
2018-05-04,9.88,9.95,9.84,9.93,7.746579,2012300,telefonica
2018-05-07,9.91,9.93,9.86,9.88,7.707575,776400,telefonica
2018-05-08,9.87,9.88,9.82,9.85,7.684171000000001,936300,telefonica
2018-05-09,9.87,9.93,9.86,9.88,7.707575,1251700,telefonica
2018-05-10,9.9,9.93,9.85,9.92,7.738778999999999,1502900,telefonica
2018-05-11,9.98,10.02,9.93,9.94,7.7543809999999995,605700,telefonica
2018-05-14,9.89,9.89,9.8,9.81,7.652966,621100,telefonica
2018-05-15,9.51,9.55,9.46,9.49,7.403327,1419600,telefonica
2018-05-16,9.47,9.49,9.45,9.47,7.387726,1584800,telefonica
2018-05-17,9.5,9.5,9.43,9.44,7.364321,1400700,telefonica
2018-05-18,9.4,9.4,9.32,9.34,7.28631,1064000,telefonica
2018-05-21,9.27,9.28,9.22,9.26,7.223901,1476400,telefonica
2018-05-22,9.29,9.36,9.29,9.3,7.255105,1516400,telefonica
2018-05-23,9.19,9.23,9.17,9.21,7.184895,970000,telefonica
2018-05-24,9.17,9.21,9.15,9.16,7.145888,948400,telefonica
2018-05-25,8.98,9.05,8.94,9.05,7.060075,1057700,telefonica
2018-05-29,8.75,8.84,8.69,8.73,6.810436999999999,2186300,telefonica
2018-05-30,8.88,8.92,8.8,8.86,6.9118520000000006,1436000,telefonica
2018-05-31,8.78,8.83,8.68,8.8,6.865046,1899900,telefonica
2018-06-01,8.9,8.93,8.82,8.84,6.8962509999999995,1224500,telefonica
2018-06-04,9.03,9.05,8.95,8.98,7.005466,1363700,telefonica
2018-06-05,8.96,8.99,8.91,8.92,6.958660000000001,1400300,telefonica
2018-06-06,9.03,9.13,9.01,9.11,7.106882000000001,3645900,telefonica
2018-06-07,9.11,9.14,9.08,9.1,7.099082000000001,2752900,telefonica
2018-06-08,8.89,8.97,8.88,8.95,6.982063,2662200,telefonica
2018-06-11,8.98,9.03,8.96,8.98,7.005466,1135700,telefonica
2018-06-12,9.06,9.08,9.03,9.04,7.052274000000001,1659700,telefonica
2018-06-13,8.77,8.78,8.7,8.73,6.995381,1250800,telefonica
2018-06-14,8.78,8.79,8.71,8.72,6.987369,1334100,telefonica
2018-06-15,8.64,8.69,8.61,8.68,6.955317,965400,telefonica
2018-06-18,8.6,8.62,8.54,8.57,6.867172999999999,825300,telefonica
2018-06-19,8.51,8.57,8.5,8.55,6.851147,1087900,telefonica
2018-06-20,8.69,8.69,8.59,8.6,6.8912130000000005,790000,telefonica
2018-06-21,8.54,8.58,8.52,8.55,6.851147,1133700,telefonica
2018-06-22,8.65,8.72,8.61,8.67,6.947303,1336000,telefonica
2018-06-25,8.68,8.7,8.6,8.62,6.907238,1361600,telefonica
2018-06-26,8.63,8.63,8.55,8.59,6.883199,1198900,telefonica
2018-06-27,8.57,8.63,8.46,8.48,6.7950550000000005,1413500,telefonica
2018-06-28,8.48,8.51,8.42,8.49,6.803069,1763200,telefonica
2018-06-29,8.51,8.56,8.5,8.53,6.835121000000001,1886500,telefonica
2018-07-02,8.42,8.49,8.41,8.46,6.7790289999999995,1921700,telefonica
2018-07-03,8.57,8.68,8.56,8.62,6.907238,1166600,telefonica
2018-07-05,8.97,9.01,8.93,8.94,7.163656,2771000,telefonica
2018-07-06,9.04,9.09,9.04,9.07,7.267825,1437900,telefonica
2018-07-09,9.09,9.09,9.05,9.07,7.267825,1316000,telefonica
2018-07-10,8.96,9.06,8.96,9.05,7.251799,1059300,telefonica
2018-07-11,9.01,9.04,8.88,8.89,7.123589999999999,1459100,telefonica
2018-07-12,8.89,8.93,8.86,8.9,7.131603,1288500,telefonica
2018-07-13,8.85,8.86,8.81,8.83,7.075512,580500,telefonica
2018-07-16,8.83,8.89,8.82,8.86,7.09955,1047100,telefonica
2018-07-17,8.68,8.75,8.66,8.72,6.987369,1259200,telefonica
2018-07-18,8.76,8.77,8.7,8.7,6.971342999999999,832800,telefonica
2018-07-19,8.58,8.67,8.56,8.62,6.907238,1051600,telefonica
2018-07-20,8.7,8.73,8.67,8.69,6.963328999999999,772300,telefonica
2018-07-23,8.64,8.69,8.63,8.68,6.955317,677700,telefonica
2018-07-24,8.7,8.72,8.64,8.66,6.939291000000001,1347500,telefonica
2018-07-25,8.69,8.73,8.61,8.71,6.979356,991900,telefonica
2018-07-26,8.99,9.02,8.91,8.95,7.1716679999999995,1721100,telefonica
2018-07-27,8.97,8.99,8.95,8.98,7.195708,1023100,telefonica
2018-07-30,9.05,9.11,9.03,9.09,7.283850999999999,1550900,telefonica
2018-07-31,9.07,9.08,9.02,9.04,7.243786,1594200,telefonica
2018-08-01,8.99,9.0,8.95,9.0,7.211734,1011300,telefonica
2018-08-02,8.86,8.89,8.81,8.87,7.107564,1448600,telefonica
2018-08-03,8.84,8.92,8.82,8.92,7.147628999999999,1062000,telefonica
2018-08-06,8.81,8.87,8.77,8.83,7.075512,1035100,telefonica
2018-08-07,8.81,8.96,8.81,8.94,7.163656,867700,telefonica
2018-08-08,8.83,8.92,8.81,8.89,7.123589999999999,714600,telefonica
2018-08-09,8.83,8.84,8.76,8.77,7.0274339999999995,1046500,telefonica
2018-08-10,8.58,8.6,8.52,8.53,6.835121000000001,1253100,telefonica
2018-08-13,8.56,8.58,8.5,8.51,6.819096000000001,1195200,telefonica
2018-08-14,8.52,8.52,8.47,8.48,6.7950550000000005,1271100,telefonica
2018-08-15,8.36,8.43,8.33,8.4,6.730950999999999,1120000,telefonica
2018-08-16,8.44,8.5,8.44,8.47,6.787044,1217100,telefonica
2018-08-17,8.4,8.44,8.34,8.42,6.746975999999999,961100,telefonica
2018-08-20,8.43,8.46,8.39,8.45,6.771017,1079400,telefonica
2018-08-21,8.54,8.57,8.5,8.54,6.843134,912300,telefonica
2018-08-22,8.59,8.62,8.53,8.57,6.867172999999999,896500,telefonica
2018-08-23,8.51,8.57,8.47,8.48,6.7950550000000005,1524300,telefonica
2018-08-24,8.53,8.57,8.51,8.54,6.843134,917700,telefonica
2018-08-27,8.57,8.65,8.57,8.64,6.923265,919000,telefonica
2018-08-28,8.6,8.61,8.53,8.53,6.835121000000001,717600,telefonica
2018-08-29,8.48,8.56,8.46,8.55,6.851147,882100,telefonica
2018-08-30,8.33,8.35,8.28,8.28,6.634794,1614200,telefonica
2018-08-31,8.18,8.21,8.07,8.11,6.498573,4806600,telefonica
2018-09-04,7.99,8.04,7.97,8.02,6.426456,1604200,telefonica
2018-09-05,7.96,7.96,7.91,7.92,6.346325,1856100,telefonica
2018-09-06,7.86,7.91,7.84,7.86,6.298247,1285800,telefonica
2018-09-07,7.82,7.87,7.8,7.82,6.266195,1134100,telefonica
2018-09-10,7.96,7.96,7.88,7.89,6.322287,1508900,telefonica
2018-09-11,7.81,7.87,7.76,7.78,6.234143,3914900,telefonica
2018-09-12,7.71,7.8,7.7,7.78,6.234143,1964900,telefonica
2018-09-13,7.86,7.89,7.82,7.84,6.282221,1220400,telefonica
2018-09-14,7.82,7.82,7.72,7.75,6.210104,2268400,telefonica
2018-09-17,7.78,7.82,7.73,7.74,6.20209,2186500,telefonica
2018-09-18,7.76,7.85,7.75,7.84,6.282221,1927700,telefonica
2018-09-19,7.79,7.87,7.77,7.86,6.298247,2058500,telefonica
2018-09-20,8.04,8.13,8.0,8.1,6.4905610000000005,1941600,telefonica
2018-09-21,8.01,8.09,8.0,8.03,6.434468,1364800,telefonica
2018-09-24,8.08,8.1,7.99,8.0,6.41043,1469000,telefonica
2018-09-25,8.02,8.04,7.95,7.97,6.3863900000000005,1204800,telefonica
2018-09-26,8.05,8.1,8.01,8.01,6.418443,1166100,telefonica
2018-09-27,8.09,8.14,8.04,8.05,6.450496,1599100,telefonica
2018-09-28,7.86,7.92,7.85,7.86,6.298247,1105600,telefonica
2018-10-01,7.97,7.97,7.87,7.88,6.314274,1144800,telefonica
2018-10-02,7.81,7.84,7.77,7.81,6.258182,1664800,telefonica
2018-10-03,7.97,8.05,7.96,8.0,6.41043,2414100,telefonica
2018-10-04,8.08,8.09,7.99,8.02,6.426456,1634700,telefonica
2018-10-05,8.0,8.01,7.94,7.98,6.394404,1333900,telefonica
2018-10-08,7.99,8.08,7.96,8.08,6.4745349999999995,2144600,telefonica
2018-10-09,8.04,8.06,7.98,8.04,6.442482,1919500,telefonica
2018-10-10,8.21,8.23,8.1,8.12,6.506586,3129000,telefonica
2018-10-11,8.23,8.24,8.02,8.06,6.458508,3139700,telefonica
2018-10-12,8.09,8.09,7.93,8.0,6.41043,1933400,telefonica
2018-10-15,8.1,8.23,8.1,8.2,6.570691,4341800,telefonica
2018-10-16,8.2,8.21,8.14,8.16,6.538638,1679700,telefonica
2018-10-17,8.02,8.07,7.98,8.0,6.41043,1640700,telefonica
2018-10-18,7.99,8.03,7.83,7.84,6.282221,1697800,telefonica
2018-10-19,7.95,8.08,7.93,8.04,6.442482,2116700,telefonica
2018-10-22,8.0,8.01,7.95,7.95,6.370364,1275300,telefonica
2018-10-23,7.92,7.99,7.87,7.97,6.3863900000000005,1976600,telefonica
2018-10-24,7.92,7.93,7.75,7.75,6.210104,2205300,telefonica
2018-10-25,7.86,7.94,7.83,7.88,6.314274,2757600,telefonica
2018-10-26,7.76,7.85,7.72,7.79,6.242157,2715300,telefonica
2018-10-29,7.96,8.06,7.88,7.96,6.378378,2142600,telefonica
2018-10-30,7.95,8.04,7.94,8.03,6.434468,2782100,telefonica
2018-10-31,8.23,8.28,8.18,8.21,6.578703999999999,2499600,telefonica
2018-11-01,8.37,8.46,8.34,8.45,6.771017,2590300,telefonica
2018-11-02,8.42,8.47,8.38,8.44,6.763003,1847300,telefonica
2018-11-05,8.5,8.53,8.43,8.51,6.819096000000001,1382900,telefonica
2018-11-06,8.43,8.45,8.38,8.45,6.771017,1450300,telefonica
2018-11-07,8.6,8.61,8.55,8.6,6.8912130000000005,1192000,telefonica
2018-11-08,8.59,8.62,8.54,8.57,6.867172999999999,1134500,telefonica
2018-11-09,8.52,8.55,8.44,8.51,6.819096000000001,1102800,telefonica
2018-11-12,8.43,8.45,8.35,8.35,6.690886999999999,1539300,telefonica
2018-11-13,8.44,8.54,8.43,8.46,6.7790289999999995,1781400,telefonica
2018-11-14,8.55,8.59,8.47,8.55,6.851147,1761900,telefonica
2018-11-15,8.5,8.6,8.46,8.59,6.883199,1271400,telefonica
2018-11-16,8.55,8.62,8.53,8.59,6.883199,1239500,telefonica
2018-11-19,8.63,8.65,8.54,8.6,6.8912130000000005,1709100,telefonica
2018-11-20,8.44,8.45,8.3,8.34,6.682873,2072000,telefonica
2018-11-21,8.44,8.51,8.43,8.46,6.7790289999999995,1317200,telefonica
2018-11-23,8.33,8.34,8.31,8.32,6.666847,910900,telefonica
2018-11-26,8.59,8.77,8.59,8.73,6.995381,3098500,telefonica
2018-11-27,8.7,8.78,8.66,8.78,7.035446,2208700,telefonica
2018-11-28,8.82,8.95,8.77,8.9,7.131603,2652400,telefonica
2018-11-29,8.92,8.97,8.88,8.94,7.163656,1632100,telefonica
2018-11-30,9.0,9.03,8.93,9.01,7.219747,1608000,telefonica
2018-12-03,9.07,9.08,9.01,9.02,7.227761,1965900,telefonica
2018-12-04,9.03,9.05,8.77,8.81,7.059486,3871600,telefonica
2018-12-06,8.77,8.79,8.6,8.73,6.995381,3433700,telefonica
2018-12-07,8.77,8.82,8.67,8.72,6.987369,1734500,telefonica
2018-12-10,8.65,8.66,8.52,8.61,6.899225,2111200,telefonica
2018-12-11,8.71,8.73,8.54,8.55,6.851147,1891100,telefonica
2018-12-12,8.77,8.86,8.76,8.79,7.0434600000000005,2016800,telefonica
2018-12-13,8.88,8.91,8.82,8.86,7.09955,1558100,telefonica
2018-12-14,8.78,8.81,8.7,8.76,7.019421,5340500,telefonica
2018-12-17,8.87,8.89,8.76,8.78,7.035446,2355400,telefonica
2018-12-18,8.47,8.51,8.42,8.48,6.976215,2136400,telefonica
2018-12-19,8.61,8.75,8.51,8.56,7.042028999999999,2749600,telefonica
2018-12-20,8.5,8.58,8.47,8.52,7.0091220000000005,2440400,telefonica
2018-12-21,8.46,8.53,8.32,8.37,6.885722,2313400,telefonica
2018-12-24,8.35,8.4,8.2,8.24,6.778775,1274100,telefonica
2018-12-26,8.2,8.47,8.17,8.45,6.951535000000001,1712400,telefonica
2018-12-27,8.27,8.44,8.2,8.43,6.935082,2118800,telefonica
2018-12-28,8.44,8.5,8.41,8.43,6.935082,2020800,telefonica
2018-12-31,8.43,8.49,8.39,8.46,6.959761,1833900,telefonica
2019-01-02,8.35,8.51,8.34,8.49,6.984442,1692700,telefonica
2019-01-03,8.58,8.67,8.55,8.6,7.074936,1830800,telefonica
2019-01-04,8.72,8.81,8.7,8.77,7.214789,1886700,telefonica
2019-01-07,8.81,8.92,8.78,8.89,7.313509,1450800,telefonica
2019-01-08,8.83,8.89,8.77,8.87,7.297055,1813200,telefonica
2019-01-09,8.77,8.8,8.72,8.74,7.190108,1247000,telefonica
2019-01-10,8.78,8.84,8.78,8.81,7.247696,2715500,telefonica
2019-01-11,8.83,8.85,8.78,8.79,7.231242,1765100,telefonica
2019-01-14,8.74,8.79,8.72,8.75,7.198335,2061900,telefonica
2019-01-15,8.68,8.72,8.63,8.69,7.148975,4147000,telefonica
2019-01-16,8.69,8.73,8.66,8.67,7.132522,819000,telefonica
2019-01-17,8.66,8.71,8.63,8.69,7.148975,1121900,telefonica
2019-01-18,8.79,8.82,8.75,8.79,7.231242,1193600,telefonica
2019-01-22,8.76,8.79,8.7,8.71,7.165429,1595300,telefonica
2019-01-23,8.84,8.91,8.79,8.82,7.255921000000001,1441300,telefonica
2019-01-24,8.81,8.83,8.72,8.76,7.206562,826300,telefonica
2019-01-25,8.79,8.86,8.79,8.82,7.255921000000001,789900,telefonica
2019-01-28,8.79,8.88,8.78,8.85,7.280603,1042900,telefonica
2019-01-29,8.77,8.82,8.75,8.77,7.214789,1093000,telefonica
2019-01-30,8.66,8.77,8.6,8.75,7.198335,1367700,telefonica
2019-01-31,8.62,8.68,8.58,8.66,7.124295,2088000,telefonica
2019-02-01,8.63,8.69,8.6,8.68,7.1407490000000005,1112900,telefonica
2019-02-04,8.54,8.59,8.5,8.58,7.058482000000001,1283800,telefonica
2019-02-05,8.66,8.75,8.63,8.72,7.173655,1046200,telefonica
2019-02-06,8.68,8.73,8.68,8.69,7.148975,1374300,telefonica
2019-02-07,8.54,8.55,8.45,8.45,6.951535000000001,1530900,telefonica
2019-02-08,8.29,8.39,8.25,8.37,6.885722,1348500,telefonica
2019-02-11,8.33,8.35,8.3,8.31,6.836361999999999,1232100,telefonica
2019-02-12,8.41,8.42,8.33,8.35,6.869269,1037600,telefonica
2019-02-13,8.35,8.38,8.32,8.34,6.861041999999999,1097300,telefonica
2019-02-14,8.32,8.37,8.3,8.33,6.852815,970600,telefonica
2019-02-15,8.48,8.54,8.46,8.54,7.025575,1063400,telefonica
2019-02-19,8.58,8.68,8.57,8.67,7.132522,905500,telefonica
2019-02-20,8.7,8.78,8.68,8.74,7.190108,1041100,telefonica
2019-02-21,8.85,8.86,8.79,8.85,7.280603,1098300,telefonica
2019-02-22,8.78,8.86,8.75,8.81,7.247696,1049300,telefonica
2019-02-25,8.87,8.88,8.76,8.77,7.214789,1169000,telefonica
2019-02-26,8.67,8.71,8.66,8.7,7.157201,763400,telefonica
2019-02-27,8.65,8.68,8.61,8.62,7.091388,1234600,telefonica
2019-02-28,8.65,8.69,8.64,8.65,7.116067999999999,1639900,telefonica
2019-03-01,8.61,8.64,8.51,8.53,7.017347999999999,1620700,telefonica
2019-03-04,8.45,8.46,8.36,8.41,6.918628,1626000,telefonica
2019-03-05,8.47,8.53,8.44,8.51,7.000896000000001,1245900,telefonica
2019-03-06,8.53,8.57,8.5,8.56,7.042028999999999,1803800,telefonica
2019-03-07,8.58,8.59,8.49,8.5,6.992669,1522500,telefonica
2019-03-08,8.51,8.64,8.51,8.63,7.099614999999999,1903600,telefonica
2019-03-11,8.59,8.7,8.58,8.69,7.148975,2155400,telefonica
2019-03-12,8.58,8.61,8.56,8.57,7.050254,2170200,telefonica
2019-03-13,8.65,8.65,8.6,8.65,7.116067999999999,1372400,telefonica
2019-03-14,8.68,8.73,8.64,8.65,7.116067999999999,1618000,telefonica
2019-03-15,8.83,8.93,8.81,8.93,7.3464160000000005,2067300,telefonica
2019-03-18,8.94,8.97,8.89,8.96,7.3710949999999995,1168900,telefonica
2019-03-19,8.99,9.01,8.92,8.94,7.354642,1288500,telefonica
2019-03-20,8.86,8.93,8.8,8.9,7.321733999999999,2554500,telefonica
2019-03-21,8.84,8.86,8.81,8.83,7.264148,1781000,telefonica
2019-03-22,8.68,8.7,8.61,8.62,7.091388,1792100,telefonica
2019-03-25,8.61,8.64,8.54,8.54,7.025575,1139200,telefonica
2019-03-26,8.57,8.59,8.55,8.58,7.058482000000001,1023800,telefonica
2019-03-27,8.61,8.63,8.53,8.56,7.042028999999999,1891500,telefonica
2019-03-28,8.49,8.49,8.29,8.3,6.8281350000000005,2547000,telefonica
2019-03-29,8.33,8.38,8.29,8.36,6.877495,3687400,telefonica
2019-04-01,8.42,8.43,8.36,8.38,6.893948,3292200,telefonica
2019-04-02,8.35,8.41,8.33,8.39,6.902175,1630800,telefonica
2019-04-03,8.44,8.5,8.43,8.5,6.992669,1559400,telefonica
2019-04-04,8.5,8.59,8.5,8.58,7.058482000000001,939100,telefonica
2019-04-05,8.41,8.48,8.39,8.45,6.951535000000001,1223400,telefonica
2019-04-08,8.42,8.43,8.35,8.42,6.926855000000001,1376900,telefonica
2019-04-09,8.38,8.39,8.34,8.34,6.861041999999999,1013900,telefonica
2019-04-10,8.37,8.4,8.33,8.35,6.869269,899200,telefonica
2019-04-11,8.39,8.4,8.36,8.39,6.902175,585200,telefonica
2019-04-12,8.48,8.51,8.41,8.41,6.918628,2169400,telefonica
2019-04-15,8.46,8.48,8.41,8.42,6.926855000000001,3524900,telefonica
2019-04-16,8.39,8.39,8.34,8.39,6.902175,5262800,telefonica
2019-04-17,8.46,8.52,8.45,8.5,6.992669,4245500,telefonica
2019-04-18,8.42,8.49,8.41,8.45,6.951535000000001,1517900,telefonica
2019-04-22,8.5,8.5,8.39,8.4,6.910400999999999,1154500,telefonica
2019-04-23,8.35,8.35,8.27,8.29,6.819908,6226800,telefonica
2019-04-24,8.21,8.21,8.14,8.16,6.712961,2319800,telefonica
2019-04-25,8.15,8.22,8.14,8.18,6.7294149999999995,1543400,telefonica
2019-04-26,8.3,8.33,8.28,8.29,6.819908,4708200,telefonica
2019-04-29,8.32,8.35,8.26,8.3,6.8281350000000005,3782900,telefonica
2019-04-30,8.28,8.33,8.24,8.3,6.8281350000000005,1213400,telefonica
2019-05-01,8.29,8.31,8.22,8.22,6.762322,1936100,telefonica
2019-05-02,8.22,8.23,8.11,8.15,6.704733999999999,1395900,telefonica
2019-05-03,8.12,8.17,8.09,8.16,6.712961,4046100,telefonica
2019-05-06,8.1,8.18,8.09,8.16,6.712961,1140000,telefonica
2019-05-07,8.09,8.1,8.01,8.04,6.614241000000001,1756300,telefonica
2019-05-08,8.04,8.05,7.94,7.95,6.540201000000001,2492000,telefonica
2019-05-09,7.93,8.0,7.92,7.98,6.564881,2147100,telefonica
2019-05-10,7.87,8.07,7.86,8.03,6.606014999999999,3103400,telefonica
2019-05-13,7.86,7.88,7.8,7.81,6.425028,2192500,telefonica
2019-05-14,7.92,7.98,7.89,7.95,6.540201000000001,2880200,telefonica
2019-05-15,7.91,8.02,7.89,8.01,6.589561,2230000,telefonica
2019-05-16,8.01,8.07,7.98,8.03,6.606014999999999,1311300,telefonica
2019-05-17,7.96,8.02,7.95,7.98,6.564881,3095200,telefonica
2019-05-20,7.98,8.04,7.98,8.02,6.597789,1742500,telefonica
2019-05-21,8.04,8.05,7.99,8.02,6.597789,993400,telefonica
2019-05-22,8.03,8.09,8.01,8.03,6.606014999999999,1459900,telefonica
2019-05-23,7.98,8.03,7.97,7.98,6.564881,2294900,telefonica
2019-05-24,8.06,8.07,8.01,8.02,6.597789,1087600,telefonica
2019-05-28,8.04,8.06,7.98,7.99,6.573108,2627600,telefonica
2019-05-29,7.98,7.98,7.91,7.94,6.531975,2863400,telefonica
2019-05-30,7.96,7.99,7.93,7.96,6.5484279999999995,3448700,telefonica
2019-05-31,7.93,7.96,7.91,7.93,6.523748,2137300,telefonica
2019-06-03,7.97,8.07,7.94,8.07,6.638922,2404100,telefonica
2019-06-04,8.2,8.25,8.16,8.24,6.778775,3673900,telefonica
2019-06-05,8.24,8.3,8.21,8.29,6.819908,3303200,telefonica
2019-06-06,8.3,8.32,8.26,8.29,6.819908,2197700,telefonica
2019-06-07,8.37,8.42,8.36,8.39,6.902175,5562100,telefonica
2019-06-10,8.4,8.42,8.34,8.37,6.885722,2441000,telefonica
2019-06-11,8.45,8.53,8.44,8.49,6.984442,1892100,telefonica
2019-06-12,8.52,8.55,8.51,8.53,7.017347999999999,993400,telefonica
2019-06-13,8.44,8.46,8.4,8.42,6.926855000000001,1300800,telefonica
2019-06-14,8.32,8.34,8.3,8.3,6.8281350000000005,2586700,telefonica
2019-06-17,8.31,8.33,8.25,8.26,6.795228999999999,1333200,telefonica
2019-06-18,8.19,8.23,8.17,8.2,6.9339070000000005,1204700,telefonica
2019-06-19,8.21,8.28,8.21,8.26,6.984642999999999,968900,telefonica
2019-06-20,8.24,8.3,8.23,8.29,7.01001,2076000,telefonica
2019-06-21,8.23,8.3,8.21,8.28,7.001554,1780700,telefonica
2019-06-24,8.26,8.3,8.25,8.28,7.001554,2346800,telefonica
2019-06-25,8.3,8.33,8.28,8.28,7.001554,1268100,telefonica
2019-06-26,8.29,8.34,8.27,8.32,7.035378,1338400,telefonica
2019-06-27,8.25,8.28,8.23,8.26,6.984642999999999,2695200,telefonica
2019-06-28,8.27,8.3,8.26,8.29,7.01001,1366800,telefonica
2019-07-01,8.29,8.29,8.24,8.25,6.976186,1579000,telefonica
2019-07-02,8.24,8.32,8.24,8.3,7.018466,1373500,telefonica
2019-07-03,8.31,8.34,8.28,8.29,7.01001,738000,telefonica
2019-07-05,8.35,8.4,8.31,8.4,7.103025,1504800,telefonica
2019-07-08,8.35,8.37,8.32,8.37,7.0776580000000004,1453300,telefonica
2019-07-09,8.36,8.39,8.34,8.36,7.069201,1398400,telefonica
2019-07-10,8.39,8.41,8.34,8.37,7.0776580000000004,1366900,telefonica
2019-07-11,8.41,8.43,8.37,8.4,7.103025,1191400,telefonica
2019-07-12,8.37,8.38,8.32,8.33,7.0438339999999995,863500,telefonica
2019-07-15,8.35,8.37,8.3,8.34,7.052289999999999,795100,telefonica
2019-07-16,8.35,8.37,8.28,8.3,7.018466,1350800,telefonica
2019-07-17,8.26,8.28,8.2,8.21,6.942361999999999,1129000,telefonica
2019-07-18,8.23,8.25,8.17,8.22,6.950819,1538200,telefonica
2019-07-19,8.16,8.23,8.14,8.16,6.900082,1480200,telefonica
2019-07-22,8.13,8.14,8.08,8.11,6.857802,980600,telefonica
2019-07-23,8.15,8.18,8.13,8.14,6.88317,950100,telefonica
2019-07-24,8.16,8.17,8.09,8.1,6.849347,879900,telefonica
2019-07-25,7.93,7.94,7.83,7.85,6.6379470000000005,1324000,telefonica
2019-07-26,7.84,7.9,7.82,7.88,6.663314999999999,1267700,telefonica
2019-07-29,7.95,7.98,7.93,7.96,6.730963,940900,telefonica
2019-07-30,7.81,7.81,7.73,7.75,6.553387,1657600,telefonica
2019-07-31,7.69,7.74,7.57,7.61,6.435003,1575100,telefonica
2019-08-01,7.57,7.63,7.47,7.48,6.325075,2453800,telefonica
2019-08-02,7.56,7.58,7.48,7.49,6.333531,1551100,telefonica
2019-08-05,7.45,7.46,7.33,7.39,6.248971,2687800,telefonica
2019-08-06,7.36,7.36,7.25,7.32,6.189780000000001,2345100,telefonica
2019-08-07,7.21,7.3,7.19,7.26,6.139044,1761200,telefonica
2019-08-08,7.26,7.3,7.2,7.21,6.096764,2028800,telefonica
2019-08-09,7.08,7.12,7.05,7.07,5.9783800000000005,2437500,telefonica
2019-08-12,6.98,7.02,6.95,6.95,5.876908,1486200,telefonica
2019-08-13,6.9,7.01,6.88,6.96,5.885364,3245000,telefonica
2019-08-14,6.7,6.7,6.58,6.58,5.564037,2652100,telefonica
2019-08-15,6.54,6.58,6.51,6.53,5.521757,1988700,telefonica
2019-08-16,6.59,6.63,6.57,6.61,5.589405999999999,2096800,telefonica
2019-08-19,6.71,6.76,6.66,6.67,5.640141000000001,2184600,telefonica
2019-08-20,6.59,6.61,6.52,6.52,5.513301,2167100,telefonica
2019-08-21,6.57,6.6,6.55,6.57,5.555581,1706900,telefonica
2019-08-22,6.66,6.68,6.58,6.59,5.572494,1266600,telefonica
2019-08-23,6.6,6.65,6.5,6.5,5.496389,1541700,telefonica
2019-08-26,6.65,6.7,6.63,6.65,5.623229,1908900,telefonica
2019-08-27,6.75,6.78,6.71,6.72,5.682421,2387900,telefonica
2019-08-28,6.85,6.88,6.81,6.83,5.775436,1696300,telefonica
2019-08-29,6.87,6.92,6.86,6.87,5.80926,1533300,telefonica
2019-08-30,6.92,6.94,6.85,6.9,5.8346290000000005,1060400,telefonica
2019-09-03,6.94,6.98,6.92,6.94,5.868452,1297600,telefonica
2019-09-04,7.04,7.08,7.02,7.06,5.969924,2059400,telefonica
2019-09-05,7.17,7.19,7.09,7.1,6.003748000000001,1495300,telefonica
2019-09-06,7.24,7.25,7.18,7.18,6.071396,1774400,telefonica
2019-09-09,7.28,7.35,7.27,7.32,6.189780000000001,2033200,telefonica
2019-09-10,7.24,7.36,7.22,7.33,6.198236,2404500,telefonica
2019-09-11,7.28,7.34,7.25,7.33,6.198236,1604400,telefonica
2019-09-12,7.34,7.43,7.31,7.41,6.2658830000000005,2220900,telefonica
2019-09-13,7.45,7.5,7.42,7.42,6.2743400000000005,1966500,telefonica
2019-09-16,7.41,7.45,7.4,7.42,6.2743400000000005,1876600,telefonica
2019-09-17,7.31,7.37,7.3,7.37,6.232059,1967100,telefonica
2019-09-18,7.34,7.43,7.34,7.38,6.240516,1396200,telefonica
2019-09-19,7.43,7.44,7.39,7.41,6.2658830000000005,934500,telefonica
2019-09-20,7.51,7.57,7.49,7.49,6.333531,3313700,telefonica
2019-09-23,7.47,7.54,7.47,7.52,6.3589,1774600,telefonica
2019-09-24,7.58,7.6,7.47,7.49,6.333531,2062800,telefonica
2019-09-25,7.46,7.54,7.44,7.51,6.350444,2523100,telefonica
2019-09-26,7.51,7.58,7.51,7.56,6.392723,1443500,telefonica
2019-09-27,7.57,7.63,7.54,7.6,6.426547,1772100,telefonica
2019-09-30,7.57,7.61,7.56,7.6,6.426547,1251000,telefonica
2019-10-01,7.59,7.59,7.53,7.58,6.409635,1796100,telefonica
2019-10-02,7.48,7.5,7.36,7.4,6.257428,1039900,telefonica
2019-10-03,7.38,7.45,7.35,7.44,6.291252,1464500,telefonica
2019-10-04,7.32,7.48,7.32,7.48,6.325075,1527800,telefonica
2019-10-07,7.52,7.56,7.5,7.53,6.367356,1841100,telefonica
2019-10-08,7.43,7.48,7.39,7.45,6.299707,2432600,telefonica
2019-10-09,7.45,7.49,7.44,7.48,6.325075,1381400,telefonica
2019-10-10,7.55,7.6,7.53,7.58,6.409635,1358300,telefonica
2019-10-11,7.72,7.78,7.71,7.75,6.553387,1547400,telefonica
2019-10-14,7.67,7.71,7.67,7.7,6.511107,676800,telefonica
2019-10-15,7.7,7.79,7.68,7.77,6.570299,3801700,telefonica
2019-10-16,7.79,7.83,7.79,7.82,6.612578999999999,3979600,telefonica
2019-10-17,7.88,7.9,7.79,7.81,6.6041229999999995,1046700,telefonica
2019-10-18,7.8,7.86,7.8,7.85,6.6379470000000005,960900,telefonica
2019-10-21,7.93,7.94,7.84,7.88,6.663314999999999,1397700,telefonica
2019-10-22,7.9,7.97,7.89,7.93,6.705595,1631100,telefonica
2019-10-23,8.0,8.06,7.99,8.04,6.798610000000001,1418900,telefonica
2019-10-24,7.95,7.97,7.9,7.91,6.688683,1101500,telefonica
2019-10-25,7.88,7.91,7.86,7.88,6.663314999999999,929800,telefonica
2019-10-28,7.87,7.93,7.86,7.87,6.654859,898000,telefonica
2019-10-29,7.65,7.67,7.61,7.64,6.460371,1348700,telefonica
2019-10-30,7.59,7.65,7.56,7.65,6.468827,1489700,telefonica
2019-10-31,7.63,7.69,7.62,7.67,6.485739,1295200,telefonica
2019-11-01,7.67,7.7,7.65,7.67,6.485739,980100,telefonica
2019-11-04,7.7,7.73,7.65,7.65,6.468827,1315900,telefonica
2019-11-05,7.52,7.59,7.49,7.57,6.401179,3611100,telefonica
2019-11-06,7.49,7.52,7.45,7.49,6.333531,2237600,telefonica
2019-11-07,7.51,7.6,7.51,7.59,6.418091,2511000,telefonica
2019-11-08,7.61,7.61,7.52,7.54,6.375812000000001,1340900,telefonica
2019-11-11,7.59,7.63,7.57,7.6,6.426547,1080900,telefonica
2019-11-12,7.59,7.61,7.52,7.54,6.375812000000001,1259600,telefonica
2019-11-13,7.38,7.4,7.34,7.37,6.232059,1492800,telefonica
2019-11-14,7.36,7.39,7.32,7.36,6.223604,1916700,telefonica
2019-11-15,7.42,7.5,7.41,7.49,6.333531,1669800,telefonica
2019-11-18,7.41,7.46,7.37,7.44,6.291252,1487800,telefonica
2019-11-19,7.5,7.5,7.42,7.44,6.291252,1880200,telefonica
2019-11-20,7.35,7.41,7.35,7.38,6.240516,1482300,telefonica
2019-11-21,7.39,7.42,7.37,7.4,6.257428,1832500,telefonica
2019-11-22,7.46,7.49,7.43,7.44,6.291252,1298100,telefonica
2019-11-25,7.45,7.46,7.43,7.44,6.291252,933400,telefonica
2019-11-26,7.41,7.41,7.33,7.35,6.215147,1038500,telefonica
2019-11-27,7.4,7.57,7.4,7.43,6.282795,2991900,telefonica
2019-11-29,7.63,7.68,7.6,7.62,6.443459,1807200,telefonica
2019-12-02,7.61,7.61,7.49,7.5,6.3419870000000005,2057700,telefonica
2019-12-03,7.45,7.46,7.4,7.41,6.2658830000000005,2232700,telefonica
2019-12-04,7.49,7.56,7.48,7.52,6.3589,1450300,telefonica
2019-12-05,7.54,7.56,7.46,7.49,6.333531,2157700,telefonica
2019-12-06,7.57,7.59,7.52,7.53,6.367356,4253700,telefonica
2019-12-09,7.46,7.49,7.45,7.46,6.308164,2028200,telefonica
2019-12-10,7.44,7.45,7.4,7.43,6.282795,1829100,telefonica
2019-12-11,7.43,7.48,7.43,7.46,6.308164,784800,telefonica
2019-12-12,7.4,7.48,7.39,7.41,6.2658830000000005,2391300,telefonica
2019-12-13,7.49,7.55,7.44,7.48,6.325075,1582600,telefonica
2019-12-16,7.55,7.61,7.55,7.6,6.426547,969600,telefonica
2019-12-17,7.4,7.41,7.37,7.39,6.436999,1280600,telefonica
2019-12-18,7.33,7.35,7.29,7.33,6.384737,1329600,telefonica
2019-12-19,7.19,7.22,7.17,7.21,6.280212000000001,1644700,telefonica
2019-12-20,7.2,7.26,7.19,7.26,6.323764,1805300,telefonica
2019-12-23,7.14,7.2,7.12,7.13,6.210529,1646900,telefonica
2019-12-24,7.1,7.12,7.06,7.06,6.149556,641300,telefonica
2019-12-26,7.05,7.1,7.05,7.09,6.175687,1032400,telefonica
2019-12-27,7.14,7.17,7.13,7.16,6.23666,1461000,telefonica
2019-12-30,7.13,7.14,7.05,7.08,6.166976,2095600,telefonica
2019-12-31,6.97,7.0,6.95,6.97,6.071162,1258700,telefonica
2020-01-02,7.09,7.11,7.07,7.09,6.175687,1443300,telefonica
2020-01-03,7.02,7.09,7.02,7.08,6.166976,1236200,telefonica
2020-01-06,7.05,7.1,7.03,7.08,6.166976,868400,telefonica
2020-01-07,7.0,7.0,6.95,6.96,6.062451,1380300,telefonica
2020-01-08,6.89,6.9,6.85,6.86,5.975348,1747200,telefonica
2020-01-09,6.87,6.88,6.84,6.84,5.957927,1175000,telefonica
2020-01-10,6.88,6.89,6.83,6.84,5.957927,1794400,telefonica
2020-01-13,6.79,6.8,6.75,6.76,5.888244,1902300,telefonica
2020-01-14,6.75,6.76,6.72,6.73,5.862112000000001,1354300,telefonica
2020-01-15,6.69,6.73,6.69,6.71,5.844691,1044200,telefonica
2020-01-16,6.76,6.79,6.73,6.78,5.905664,1170200,telefonica
2020-01-17,6.83,6.85,6.8,6.84,5.957927,1439700,telefonica
2020-01-21,7.04,7.05,6.98,6.98,6.079873,1444600,telefonica
2020-01-22,6.94,6.97,6.91,6.93,6.03632,1098400,telefonica
2020-01-23,6.83,6.86,6.78,6.85,5.966637,1577000,telefonica
2020-01-24,6.78,6.78,6.7,6.71,5.844691,2347500,telefonica
2020-01-27,6.66,6.69,6.63,6.65,5.792429,1929100,telefonica
2020-01-28,6.81,6.9,6.81,6.89,6.001479,1685500,telefonica
2020-01-29,6.82,6.85,6.78,6.79,5.914374,1392100,telefonica
2020-01-30,6.76,6.83,6.75,6.82,5.940506,1190100,telefonica
2020-01-31,6.78,6.78,6.72,6.73,5.862112000000001,1759700,telefonica
2020-02-03,6.73,6.76,6.71,6.71,5.844691,936400,telefonica
2020-02-04,6.81,6.83,6.78,6.8,5.9230849999999995,1141900,telefonica
2020-02-05,6.77,6.8,6.76,6.8,5.9230849999999995,1154900,telefonica
2020-02-06,6.83,6.85,6.8,6.82,5.940506,1263100,telefonica
2020-02-07,6.79,6.81,6.76,6.76,5.888244,767600,telefonica
2020-02-10,6.74,6.77,6.72,6.74,5.870822,1001000,telefonica
2020-02-11,6.74,6.77,6.72,6.73,5.862112000000001,1476100,telefonica
2020-02-12,6.85,6.89,6.82,6.88,5.992768,1168700,telefonica
2020-02-13,6.77,6.77,6.72,6.74,5.870822,1197800,telefonica
2020-02-14,6.76,6.8,6.74,6.79,5.914374,1566700,telefonica
2020-02-18,6.98,7.06,6.98,7.04,6.132135,1803000,telefonica
2020-02-19,7.02,7.07,7.01,7.02,6.114715,1484500,telefonica
2020-02-20,6.82,6.85,6.73,6.75,5.879533,3029100,telefonica
2020-02-21,6.61,6.61,6.58,6.58,5.731456,2348600,telefonica
2020-02-24,6.48,6.5,6.44,6.45,5.61822,2042700,telefonica
2020-02-25,6.36,6.38,6.21,6.23,5.426591,2868200,telefonica
2020-02-26,6.28,6.37,6.25,6.26,5.452723000000001,2811600,telefonica
2020-02-27,6.23,6.3,6.14,6.15,5.356907,4185600,telefonica
2020-02-28,5.89,5.95,5.75,5.91,5.147857,6706600,telefonica
2020-03-02,5.91,6.02,5.86,6.01,5.234962,4621100,telefonica
2020-03-03,5.94,6.04,5.79,5.83,5.078174,5781600,telefonica
2020-03-04,5.95,6.08,5.88,6.07,5.287225,2783400,telefonica
2020-03-05,5.82,5.83,5.7,5.74,4.99978,5256600,telefonica
2020-03-06,5.77,5.83,5.69,5.78,5.034622,3160400,telefonica
2020-03-09,5.31,5.51,5.15,5.15,4.485866000000001,3870800,telefonica
2020-03-10,5.24,5.26,4.99,5.19,4.520708,3245500,telefonica
2020-03-11,5.06,5.1,4.83,4.89,4.259395,3865300,telefonica
2020-03-12,4.58,4.58,4.21,4.42,3.8500050000000003,5370300,telefonica
2020-03-13,4.58,4.58,4.2,4.53,3.94582,4518300,telefonica
2020-03-16,3.75,4.24,3.75,4.1,3.571272,3926100,telefonica
2020-03-17,4.25,4.87,4.23,4.87,4.241974,2180200,telefonica
2020-03-18,4.65,5.13,4.49,4.7,4.093897,2376100,telefonica
2020-03-19,4.93,5.1,4.87,4.95,4.311657,2672100,telefonica
2020-03-20,4.85,4.85,4.56,4.56,3.9719510000000002,1967700,telefonica
2020-03-23,4.57,4.63,4.46,4.57,3.980662,2604900,telefonica
2020-03-24,4.74,4.93,4.69,4.82,4.198422,1627300,telefonica
2020-03-25,4.77,4.93,4.67,4.75,4.137449,2474600,telefonica
2020-03-26,4.62,4.76,4.59,4.72,4.111318,1472500,telefonica
2020-03-27,4.55,4.65,4.46,4.56,3.9719510000000002,1221400,telefonica
2020-03-30,4.55,4.75,4.5,4.68,4.076476,1848100,telefonica
2020-03-31,4.56,4.7,4.48,4.57,3.980662,1802500,telefonica
2020-04-01,4.51,4.53,4.37,4.41,3.8412940000000004,878300,telefonica
2020-04-02,4.31,4.53,4.26,4.51,3.9284,1374700,telefonica
2020-04-03,4.4,4.45,4.35,4.42,3.8500050000000003,1065100,telefonica
2020-04-06,4.66,4.78,4.64,4.78,4.1635800000000005,1159500,telefonica
2020-04-07,4.96,4.96,4.75,4.79,4.172291,1324300,telefonica
2020-04-08,4.78,4.87,4.72,4.83,4.207132,986500,telefonica
2020-04-09,4.8,4.84,4.65,4.7,4.093897,2331200,telefonica
2020-04-13,4.72,4.72,4.61,4.72,4.111318,945200,telefonica
2020-04-14,4.76,4.87,4.75,4.79,4.172291,1663500,telefonica
2020-04-15,4.57,4.65,4.51,4.57,3.980662,1326100,telefonica
2020-04-16,4.52,4.54,4.46,4.52,3.9371089999999995,1566100,telefonica
2020-04-17,4.56,4.57,4.48,4.56,3.9719510000000002,1179200,telefonica
2020-04-20,4.45,4.52,4.42,4.46,3.884847,846700,telefonica
2020-04-21,4.32,4.37,4.28,4.32,3.7629010000000003,2111600,telefonica
2020-04-22,4.43,4.45,4.37,4.44,3.867426,732600,telefonica
2020-04-23,4.38,4.44,4.33,4.34,3.780322,1092000,telefonica
2020-04-24,4.46,4.47,4.34,4.41,3.8412940000000004,1181500,telefonica
2020-04-27,4.45,4.45,4.38,4.4,3.8325839999999998,1116800,telefonica
2020-04-28,4.49,4.49,4.4,4.43,3.858715,1101900,telefonica
2020-04-29,4.57,4.66,4.49,4.66,4.059055,847100,telefonica
2020-04-30,4.64,4.64,4.54,4.56,3.9719510000000002,1212200,telefonica
2020-05-01,4.59,4.89,4.47,4.85,4.224553,1959500,telefonica
2020-05-04,4.81,4.82,4.71,4.76,4.14616,1051200,telefonica
2020-05-05,4.79,4.83,4.76,4.81,4.189712,1064600,telefonica
2020-05-06,4.77,4.77,4.64,4.65,4.050345,570900,telefonica
2020-05-07,4.61,4.73,4.56,4.66,4.059055,1249700,telefonica
2020-05-08,4.64,4.64,4.55,4.61,4.015503,731900,telefonica
2020-05-11,4.55,4.61,4.52,4.6,4.006793,528000,telefonica
2020-05-12,4.68,4.81,4.64,4.66,4.059055,989800,telefonica
2020-05-13,4.66,4.66,4.52,4.53,3.94582,598700,telefonica
2020-05-14,4.55,4.66,4.5,4.64,4.041634999999999,663400,telefonica
2020-05-15,4.59,4.6,4.55,4.59,3.998082,395200,telefonica
2020-05-18,4.65,4.76,4.64,4.74,4.128737999999999,689400,telefonica
2020-05-19,4.4,4.4,4.26,4.28,3.7280599999999997,3611300,telefonica
2020-05-20,4.37,4.45,4.35,4.42,3.8500050000000003,1765000,telefonica
2020-05-21,4.55,4.59,4.52,4.54,3.95453,1184200,telefonica
2020-05-22,4.58,4.58,4.47,4.51,3.9284,1274100,telefonica
2020-05-26,4.43,4.52,4.43,4.48,3.902268,1073500,telefonica
2020-05-27,4.59,4.64,4.53,4.63,4.0329239999999995,1881400,telefonica
2020-05-28,4.81,4.9,4.8,4.87,4.241974,3096200,telefonica
2020-05-29,4.79,4.79,4.71,4.76,4.14616,1257200,telefonica
2020-06-01,4.92,4.97,4.92,4.95,4.311657,1120100,telefonica
2020-06-02,4.99,5.05,4.95,5.03,4.381341,1235000,telefonica
2020-06-03,5.17,5.29,5.17,5.27,4.590391,1252500,telefonica
2020-06-04,5.23,5.33,5.23,5.26,4.581681,1248400,telefonica
2020-06-05,5.55,5.59,5.44,5.45,4.747178,2632000,telefonica
2020-06-08,5.67,5.69,5.57,5.66,4.930097,1742400,telefonica
2020-06-09,5.48,5.56,5.48,5.52,4.808152,1310700,telefonica
2020-06-10,5.57,5.58,5.4,5.44,4.738468,1857200,telefonica
2020-06-11,5.18,5.21,4.97,4.97,4.329078,3212800,telefonica
2020-06-12,5.17,5.2,5.03,5.12,4.459734,1678600,telefonica
2020-06-15,4.92,5.13,4.9,5.12,4.459734,1321900,telefonica
2020-06-16,5.33,5.46,5.27,5.35,4.660074,1828900,telefonica
2020-06-17,5.14,5.14,5.06,5.08,4.424892,1190400,telefonica
2020-06-18,4.89,4.94,4.87,4.91,4.276815,1438100,telefonica
2020-06-19,4.96,4.97,4.88,4.88,4.250685,1231900,telefonica
2020-06-22,4.86,4.86,4.79,4.82,4.198422,1179400,telefonica
2020-06-23,4.89,4.9,4.83,4.86,4.233264,886700,telefonica
2020-06-24,4.81,4.82,4.71,4.75,4.137449,872900,telefonica
2020-06-25,4.77,4.89,4.75,4.88,4.250685,711800,telefonica
2020-06-26,4.82,4.82,4.71,4.73,4.120028,542300,telefonica
2020-06-29,4.82,4.91,4.8,4.88,4.250685,759500,telefonica
2020-06-30,4.76,4.83,4.72,4.82,4.198422,687500,telefonica
2020-07-01,4.73,4.82,4.73,4.8,4.181001,807400,telefonica
2020-07-02,4.84,4.92,4.76,4.78,4.1635800000000005,1041100,telefonica
2020-07-06,4.79,4.82,4.75,4.77,4.15487,979200,telefonica
2020-07-07,4.64,4.67,4.6,4.61,4.015503,1161400,telefonica
2020-07-08,4.61,4.62,4.57,4.61,4.015503,906200,telefonica
2020-07-09,4.56,4.56,4.48,4.5,3.919689,1038200,telefonica
2020-07-10,4.53,4.59,4.49,4.59,3.998082,404000,telefonica
2020-07-13,4.68,4.68,4.59,4.6,4.006793,759800,telefonica
2020-07-14,4.68,4.8,4.67,4.79,4.172291,1383400,telefonica
2020-07-15,4.71,4.74,4.66,4.72,4.111318,1423900,telefonica
2020-07-16,4.73,4.87,4.73,4.77,4.15487,1523600,telefonica
2020-07-17,4.72,4.74,4.7,4.73,4.120028,560900,telefonica
2020-07-20,4.75,4.8,4.73,4.79,4.172291,964400,telefonica
2020-07-21,4.74,4.81,4.7,4.76,4.14616,1698400,telefonica
2020-07-22,4.75,4.76,4.71,4.73,4.120028,680100,telefonica
2020-07-23,4.64,4.66,4.59,4.6,4.006793,954800,telefonica
2020-07-24,4.55,4.57,4.51,4.52,3.9371089999999995,873600,telefonica
2020-07-27,4.46,4.46,4.41,4.43,3.858715,1502100,telefonica
2020-07-28,4.39,4.47,4.36,4.45,3.8761360000000002,1163600,telefonica
2020-07-29,4.49,4.54,4.47,4.5,3.919689,1671700,telefonica
2020-07-30,4.42,4.47,4.36,4.47,3.893557,1782600,telefonica
2020-07-31,4.37,4.37,4.2,4.21,3.667086,2422800,telefonica
2020-08-03,4.24,4.29,4.2,4.26,3.710639,1474100,telefonica
2020-08-04,4.32,4.38,4.31,4.37,3.806453,2201300,telefonica
2020-08-05,4.32,4.33,4.23,4.24,3.693218,1544600,telefonica
2020-08-06,4.16,4.17,4.11,4.14,3.6061129999999997,1980300,telefonica
2020-08-07,4.11,4.17,4.09,4.16,3.623534,2001000,telefonica
2020-08-10,4.2,4.27,4.19,4.23,3.684507,1519900,telefonica
2020-08-11,4.35,4.38,4.27,4.28,3.7280599999999997,2088900,telefonica
2020-08-12,4.41,4.41,4.32,4.34,3.780322,937000,telefonica
2020-08-13,4.38,4.42,4.34,4.35,3.789032,717600,telefonica
2020-08-14,4.31,4.36,4.3,4.3,3.745481,901600,telefonica
2020-08-17,4.32,4.35,4.26,4.27,3.719349,1117100,telefonica
2020-08-18,4.29,4.29,4.23,4.24,3.693218,843800,telefonica
2020-08-19,4.29,4.32,4.26,4.26,3.710639,1122300,telefonica
2020-08-20,4.18,4.2,4.14,4.15,3.6148239999999996,1664400,telefonica
2020-08-21,4.13,4.14,4.08,4.12,3.588693,1601200,telefonica
2020-08-24,4.19,4.22,4.17,4.21,3.667086,2877100,telefonica
2020-08-25,4.26,4.26,4.1,4.15,3.6148239999999996,1515300,telefonica
2020-08-26,4.1,4.11,4.06,4.08,3.5538510000000003,1302300,telefonica
2020-08-27,4.06,4.07,4.01,4.01,3.4928779999999997,1411500,telefonica
2020-08-28,4.03,4.03,4.0,4.02,3.501588,1202500,telefonica
2020-08-31,3.99,4.0,3.94,3.95,3.4406160000000003,2215800,telefonica
2020-09-01,3.87,3.9,3.84,3.85,3.353511,2134600,telefonica
2020-09-02,3.85,3.88,3.82,3.85,3.353511,2071400,telefonica
2020-09-03,3.93,3.99,3.89,3.91,3.4057739999999996,1982500,telefonica
2020-09-04,3.88,3.94,3.84,3.92,3.414484,1565900,telefonica
2020-09-08,3.84,3.88,3.8,3.84,3.3448010000000004,2009600,telefonica
2020-09-09,3.9,3.95,3.89,3.92,3.414484,1695400,telefonica
2020-09-10,3.92,3.93,3.81,3.81,3.3186699999999996,1709100,telefonica
2020-09-11,3.83,3.86,3.8,3.81,3.3186699999999996,1362600,telefonica
2020-09-14,3.88,3.89,3.84,3.85,3.353511,1423100,telefonica
2020-09-15,3.86,3.88,3.82,3.84,3.3448010000000004,3029700,telefonica
2020-09-16,3.8,3.84,3.78,3.79,3.301249,1507600,telefonica
2020-09-17,3.78,3.82,3.76,3.81,3.3186699999999996,858300,telefonica
2020-09-18,3.75,3.76,3.65,3.69,3.2141450000000003,2860200,telefonica
2020-09-21,3.54,3.57,3.5,3.56,3.100909,2708700,telefonica
2020-09-22,3.6,3.64,3.53,3.55,3.0921990000000004,2562400,telefonica
2020-09-23,3.53,3.55,3.42,3.43,2.987674,2674600,telefonica
2020-09-24,3.48,3.53,3.45,3.5,3.0486470000000003,2355000,telefonica
2020-09-25,3.46,3.49,3.44,3.48,3.0312259999999998,1998400,telefonica
2020-09-28,3.49,3.53,3.47,3.52,3.066067,1890700,telefonica
2020-09-29,3.45,3.46,3.4,3.41,2.970253,2326900,telefonica
2020-09-30,3.47,3.52,3.44,3.44,2.996384,1467700,telefonica
2020-10-01,3.44,3.49,3.43,3.45,3.0050950000000003,2905800,telefonica
2020-10-02,3.4,3.48,3.39,3.48,3.0312259999999998,2348500,telefonica
2020-10-05,3.67,3.79,3.66,3.77,3.2838279999999997,2645600,telefonica
2020-10-06,3.88,3.92,3.83,3.83,3.336091,4624200,telefonica
2020-10-07,3.8,3.81,3.73,3.75,3.266407,1768400,telefonica
2020-10-08,3.83,3.88,3.83,3.88,3.379642,1006000,telefonica
2020-10-09,3.85,3.86,3.79,3.86,3.362222,2725900,telefonica
2020-10-12,3.75,3.78,3.72,3.77,3.2838279999999997,2210700,telefonica
2020-10-13,3.68,3.69,3.62,3.64,3.170593,2978300,telefonica
2020-10-14,3.68,3.7,3.64,3.65,3.179303,1321600,telefonica
2020-10-15,3.6,3.68,3.58,3.66,3.188014,1326100,telefonica
2020-10-16,3.57,3.64,3.56,3.62,3.153172,1350400,telefonica
2020-10-19,3.6,3.63,3.54,3.58,3.11833,2441500,telefonica
2020-10-20,3.64,3.67,3.61,3.64,3.170593,2333600,telefonica
2020-10-21,3.58,3.63,3.56,3.61,3.144461,1561100,telefonica
2020-10-22,3.56,3.63,3.55,3.62,3.153172,1328200,telefonica
2020-10-23,3.7,3.72,3.67,3.71,3.2315650000000002,1244300,telefonica
2020-10-26,3.72,3.72,3.66,3.68,3.205434,1040400,telefonica
2020-10-27,3.59,3.61,3.56,3.57,3.10962,1303700,telefonica
2020-10-28,3.51,3.55,3.46,3.49,3.039936,1618500,telefonica
2020-10-29,3.26,3.39,3.22,3.36,2.926701,3943600,telefonica
2020-10-30,3.3,3.32,3.26,3.32,2.891859,1981500,telefonica
2020-11-02,3.38,3.4,3.34,3.4,2.961543,1938800,telefonica
2020-11-03,3.42,3.46,3.4,3.44,2.996384,2234800,telefonica
2020-11-04,3.35,3.44,3.31,3.39,2.952832,1808200,telefonica
2020-11-05,3.46,3.51,3.45,3.46,3.013805,1066500,telefonica
2020-11-06,3.43,3.44,3.35,3.36,2.926701,1543200,telefonica
2020-11-09,3.81,3.83,3.74,3.78,3.2925379999999995,2788000,telefonica
2020-11-10,3.98,4.07,3.96,4.06,3.53643,3415400,telefonica
2020-11-11,3.96,3.98,3.94,3.95,3.4406160000000003,1802500,telefonica
2020-11-12,4.02,4.03,3.92,3.94,3.4319050000000004,1441600,telefonica
2020-11-13,3.96,4.04,3.96,4.04,3.5190089999999996,1041300,telefonica
2020-11-16,4.19,4.19,4.12,4.17,3.6322449999999997,1445300,telefonica
2020-11-17,4.13,4.22,4.1,4.21,3.667086,2296700,telefonica
2020-11-18,4.23,4.27,4.2,4.21,3.667086,21882000,telefonica
2020-11-19,4.14,4.16,4.12,4.16,3.623534,960200,telefonica
2020-11-20,4.1,4.12,4.06,4.07,3.5451410000000005,1141400,telefonica
2020-11-23,3.95,4.0,3.92,3.96,3.449326,2290600,telefonica
2020-11-24,4.23,4.41,4.2,4.38,3.8151639999999998,5181900,telefonica
2020-11-25,4.47,4.53,4.44,4.45,3.8761360000000002,4907200,telefonica
2020-11-27,4.51,4.52,4.48,4.5,3.919689,1690700,telefonica
2020-11-30,4.46,4.48,4.38,4.4,3.8325839999999998,2458800,telefonica
2020-12-01,4.4,4.49,4.4,4.48,3.902268,1946100,telefonica
2020-12-02,4.46,4.57,4.45,4.55,3.9632410000000005,1964700,telefonica
2020-12-03,4.48,4.56,4.43,4.52,3.9371089999999995,3959800,telefonica
2020-12-04,4.63,4.7,4.62,4.66,4.059055,2786300,telefonica
2020-12-07,4.73,4.74,4.69,4.7,4.093897,2409000,telefonica
2020-12-08,4.6,4.64,4.58,4.6,4.006793,1497700,telefonica
2020-12-09,4.69,4.76,4.68,4.7,4.093897,1797700,telefonica
2020-12-10,4.71,4.76,4.68,4.76,4.14616,2286600,telefonica
2020-12-11,4.36,4.37,4.31,4.35,3.9866919999999997,3378500,telefonica
2020-12-14,4.36,4.36,4.27,4.28,3.922539,2423600,telefonica
2020-12-15,4.24,4.29,4.22,4.27,3.9133730000000004,1758100,telefonica
2020-12-16,4.24,4.25,4.18,4.21,3.8583839999999996,1618700,telefonica
2020-12-17,4.18,4.18,4.14,4.16,3.81256,968300,telefonica
2020-12-18,4.13,4.14,4.09,4.12,3.775901,2085300,telefonica
2020-12-21,3.91,3.94,3.9,3.93,3.6017699999999997,2740100,telefonica
2020-12-22,3.91,3.95,3.89,3.93,3.6017699999999997,1721300,telefonica
2020-12-23,4.01,4.08,4.0,4.06,3.720912,2679600,telefonica
2020-12-24,4.12,4.14,4.1,4.12,3.775901,899000,telefonica
2020-12-28,4.09,4.12,4.03,4.03,3.693418,2022500,telefonica
2020-12-29,4.06,4.09,4.04,4.07,3.7300769999999996,1221000,telefonica
2020-12-30,4.06,4.09,4.03,4.03,3.693418,1505200,telefonica
2020-12-31,4.03,4.04,4.02,4.04,3.702583,1400200,telefonica
2021-01-04,4.13,4.15,4.05,4.06,3.720912,1615500,telefonica
2021-01-05,4.1,4.14,4.08,4.12,3.775901,1513700,telefonica
2021-01-06,4.32,4.37,4.3,4.34,3.977527,1973100,telefonica
2021-01-07,4.39,4.46,4.38,4.45,4.07834,2859800,telefonica
2021-01-08,4.44,4.44,4.38,4.42,4.050846,2114900,telefonica
2021-01-11,4.34,4.41,4.33,4.39,4.023351,2320900,telefonica
2021-01-12,4.41,4.45,4.39,4.44,4.069175,2482400,telefonica
2021-01-13,4.81,4.9,4.8,4.84,4.435768,3488200,telefonica
2021-01-14,4.68,4.73,4.67,4.72,4.325789,2592100,telefonica
2021-01-15,4.62,4.63,4.55,4.56,4.179151999999999,2641300,telefonica
2021-01-19,4.66,4.67,4.58,4.59,4.206647,1386600,telefonica
2021-01-20,4.6,4.6,4.56,4.6,4.215812000000001,881500,telefonica
2021-01-21,4.57,4.57,4.5,4.52,4.142494,1242700,telefonica
2021-01-22,4.46,4.5,4.45,4.46,4.087505,1264900,telefonica
2021-01-25,4.38,4.43,4.35,4.43,4.06001,1100400,telefonica
2021-01-26,4.48,4.54,4.46,4.53,4.1516589999999995,1452500,telefonica
2021-01-27,4.56,4.59,4.46,4.46,4.087505,2678600,telefonica
2021-01-28,4.41,4.44,4.39,4.39,4.023351,1290500,telefonica
2021-01-29,4.4,4.41,4.31,4.34,3.977527,940000,telefonica
2021-02-01,4.4,4.4,4.35,4.38,4.0141860000000005,1030000,telefonica
2021-02-02,4.34,4.4,4.33,4.37,4.005021,2398400,telefonica
2021-02-03,4.5,4.53,4.49,4.5,4.124164,1893800,telefonica
2021-02-04,4.5,4.54,4.49,4.54,4.160823000000001,730300,telefonica
2021-02-05,4.62,4.64,4.6,4.63,4.243307,1079300,telefonica
2021-02-08,4.68,4.69,4.62,4.64,4.252471,956400,telefonica
2021-02-09,4.58,4.58,4.53,4.57,4.188318,951900,telefonica
2021-02-10,4.63,4.64,4.58,4.63,4.243307,1002000,telefonica
2021-02-11,4.58,4.63,4.57,4.63,4.243307,1519700,telefonica
2021-02-12,4.56,4.61,4.56,4.59,4.206647,1192900,telefonica
2021-02-16,4.61,4.66,4.58,4.65,4.261636,3403700,telefonica
2021-02-17,4.58,4.62,4.57,4.6,4.215812000000001,1348600,telefonica
2021-02-18,4.57,4.59,4.52,4.58,4.197482,2323700,telefonica
2021-02-19,4.59,4.61,4.53,4.54,4.160823000000001,1503000,telefonica
2021-02-22,4.45,4.53,4.44,4.5,4.124164,1463200,telefonica
2021-02-23,4.44,4.48,4.41,4.47,4.09667,1320900,telefonica
2021-02-24,4.39,4.64,4.37,4.6,4.215812000000001,3369900,telefonica
2021-02-25,4.52,4.56,4.43,4.46,4.087505,2865800,telefonica
2021-02-26,4.39,4.4,4.31,4.34,3.977527,3865000,telefonica
2021-03-01,4.45,4.5,4.44,4.45,4.07834,1498500,telefonica
2021-03-02,4.5,4.55,4.46,4.53,4.1516589999999995,1184900,telefonica
2021-03-03,4.46,4.52,4.45,4.49,4.114999,2615800,telefonica
2021-03-04,4.58,4.64,4.52,4.58,4.197482,2450400,telefonica
2021-03-05,4.64,4.71,4.61,4.71,4.316625,2275300,telefonica
2021-03-08,4.65,4.68,4.63,4.65,4.261636,1846700,telefonica
2021-03-09,4.61,4.61,4.53,4.59,4.206647,1172700,telefonica
2021-03-10,4.75,4.78,4.7,4.77,4.371614,1617500,telefonica
2021-03-11,4.78,4.83,4.76,4.82,4.417438,1325600,telefonica
2021-03-12,4.8,4.89,4.78,4.88,4.472427,1785600,telefonica
2021-03-15,4.97,4.98,4.89,4.91,4.499921,2198100,telefonica
2021-03-16,4.91,4.95,4.88,4.94,4.5274160000000006,1601600,telefonica
2021-03-17,4.88,4.98,4.88,4.96,4.545745,1975300,telefonica
2021-03-18,4.92,4.98,4.91,4.92,4.509086,1433500,telefonica
2021-03-19,4.87,4.88,4.82,4.85,4.444932,1423200,telefonica
2021-03-22,4.77,4.8,4.75,4.78,4.380779,1015000,telefonica
2021-03-23,4.8,4.86,4.79,4.81,4.408273,951100,telefonica
2021-03-24,4.73,4.79,4.72,4.77,4.371614,979800,telefonica
2021-03-25,4.71,4.77,4.7,4.76,4.362449,914000,telefonica
2021-03-26,4.81,4.82,4.78,4.81,4.408273,907200,telefonica
2021-03-29,4.61,4.65,4.6,4.63,4.243307,2268300,telefonica
2021-03-30,4.57,4.58,4.53,4.55,4.169988,1749700,telefonica
2021-03-31,4.58,4.59,4.53,4.53,4.1516589999999995,1572700,telefonica
2021-04-01,4.54,4.54,4.49,4.53,4.1516589999999995,1795800,telefonica
2021-04-05,4.55,4.61,4.55,4.6,4.215812000000001,1756500,telefonica
2021-04-06,4.53,4.57,4.52,4.55,4.169988,1773400,telefonica
2021-04-07,4.6,4.62,4.56,4.59,4.206647,901600,telefonica
2021-04-08,4.55,4.61,4.53,4.6,4.215812000000001,895000,telefonica
2021-04-09,4.57,4.58,4.55,4.57,4.188318,620800,telefonica
2021-04-12,4.6,4.62,4.57,4.58,4.197482,903900,telefonica
2021-04-13,4.51,4.56,4.48,4.53,4.1516589999999995,2200400,telefonica
2021-04-14,4.49,4.55,4.48,4.54,4.160823000000001,1702300,telefonica
2021-04-15,4.52,4.52,4.46,4.47,4.09667,1206900,telefonica
2021-04-16,4.51,4.57,4.51,4.57,4.188318,1080700,telefonica
2021-04-19,4.56,4.61,4.56,4.58,4.197482,1228300,telefonica
2021-04-20,4.51,4.51,4.47,4.51,4.133329,1556100,telefonica
2021-04-21,4.46,4.53,4.45,4.52,4.142494,1145700,telefonica
2021-04-22,4.48,4.51,4.45,4.46,4.087505,1981700,telefonica
2021-04-23,4.48,4.5,4.45,4.5,4.124164,1189200,telefonica
2021-04-26,4.58,4.62,4.57,4.6,4.215812000000001,1499300,telefonica
2021-04-27,4.64,4.66,4.63,4.65,4.261636,1197100,telefonica
2021-04-28,4.69,4.71,4.68,4.7,4.30746,787300,telefonica
2021-04-29,4.71,4.75,4.68,4.75,4.3532839999999995,1577000,telefonica
2021-04-30,4.75,4.75,4.67,4.69,4.2982949999999995,932800,telefonica
2021-05-03,4.69,4.73,4.68,4.72,4.325789,2071200,telefonica
2021-05-04,4.79,4.82,4.72,4.77,4.371614,1629400,telefonica
2021-05-05,4.78,4.8,4.76,4.78,4.380779,1169300,telefonica
2021-05-06,4.81,4.89,4.8,4.86,4.454097,1235500,telefonica
2021-05-07,4.8,4.85,4.79,4.83,4.426603,1961700,telefonica
2021-05-10,4.97,5.03,4.96,4.97,4.55491,3157200,telefonica
2021-05-11,4.88,4.91,4.83,4.87,4.463262,1903400,telefonica
2021-05-12,4.79,4.83,4.77,4.77,4.371614,1580200,telefonica
2021-05-13,4.74,4.83,4.71,4.82,4.417438,1552500,telefonica
2021-05-14,4.89,4.97,4.89,4.97,4.55491,1884700,telefonica
2021-05-17,5.06,5.12,5.06,5.12,4.692382,1950700,telefonica
2021-05-18,5.07,5.14,5.07,5.11,4.683218,1790300,telefonica
2021-05-19,5.09,5.17,5.06,5.16,4.7290410000000005,2265700,telefonica
2021-05-20,5.07,5.12,5.04,5.11,4.683218,1262600,telefonica
2021-05-21,5.15,5.16,5.13,5.15,4.719876999999999,927700,telefonica
2021-05-24,5.13,5.16,5.12,5.15,4.719876999999999,1209900,telefonica
2021-05-25,5.13,5.14,5.08,5.1,4.674052,1178000,telefonica
2021-05-26,5.11,5.12,5.08,5.11,4.683218,703600,telefonica
2021-05-27,5.08,5.11,4.97,5.03,4.6098989999999995,2137000,telefonica
2021-05-28,4.96,5.01,4.95,4.99,4.573239,2734100,telefonica
2021-06-01,4.8,4.82,4.78,4.79,4.613694000000001,2857300,telefonica
2021-06-02,4.73,4.76,4.72,4.76,4.584798,2439100,telefonica
2021-06-03,4.72,4.77,4.71,4.77,4.59443,2176300,telefonica
2021-06-04,4.71,4.74,4.69,4.73,4.555902,1688400,telefonica
2021-06-07,4.76,4.84,4.76,4.82,4.64259,2195300,telefonica
2021-06-08,4.84,4.89,4.81,4.87,4.690748999999999,1552600,telefonica
2021-06-09,4.91,4.91,4.88,4.9,4.719645,1786000,telefonica
2021-06-10,5.01,5.06,5.0,5.06,4.873756,1762100,telefonica
2021-06-11,4.99,5.01,4.97,5.01,4.825596,1168700,telefonica
2021-06-14,5.03,5.07,5.02,5.06,4.873756,2137900,telefonica
2021-06-15,4.98,5.04,4.98,5.01,4.825596,2273100,telefonica
2021-06-16,4.98,5.0,4.9,4.91,4.729277,2040900,telefonica
2021-06-17,4.88,4.9,4.83,4.86,4.681118,1897300,telefonica
2021-06-18,4.71,4.77,4.7,4.73,4.555902,6767700,telefonica
2021-06-21,4.77,4.82,4.75,4.81,4.632958,1800300,telefonica
2021-06-22,4.77,4.8,4.75,4.79,4.613694000000001,1769200,telefonica
2021-06-23,4.76,4.76,4.7,4.7,4.527006,2548600,telefonica
2021-06-24,4.73,4.75,4.72,4.74,4.5655339999999995,1613500,telefonica
2021-06-25,4.76,4.77,4.72,4.74,4.5655339999999995,1149700,telefonica
2021-06-28,4.7,4.7,4.64,4.65,4.478847,1660700,telefonica
2021-06-29,4.65,4.72,4.65,4.67,4.498111,1855900,telefonica
2021-06-30,4.7,4.72,4.69,4.7,4.527006,1308900,telefonica
2021-07-01,4.72,4.74,4.7,4.7,4.527006,1374100,telefonica
2021-07-02,4.71,4.71,4.67,4.69,4.517375,1129600,telefonica
2021-07-06,4.61,4.63,4.52,4.53,4.363264,2825100,telefonica
2021-07-07,4.5,4.51,4.47,4.5,4.334368,1314300,telefonica
2021-07-08,4.45,4.46,4.41,4.43,4.2669440000000005,1663500,telefonica
2021-07-09,4.47,4.5,4.44,4.49,4.324736,1060000,telefonica
2021-07-12,4.48,4.54,4.48,4.52,4.353632,1216000,telefonica
2021-07-13,4.5,4.51,4.44,4.45,4.286208,1777800,telefonica
2021-07-14,4.48,4.5,4.44,4.44,4.276577,964600,telefonica
2021-07-15,4.37,4.4,4.36,4.39,4.228416,1884500,telefonica
2021-07-16,4.4,4.41,4.37,4.4,4.238049,1069000,telefonica
2021-07-19,4.34,4.34,4.26,4.28,4.122466,2195700,telefonica
2021-07-20,4.26,4.32,4.24,4.29,4.132097,1314400,telefonica
2021-07-21,4.4,4.44,4.38,4.41,4.247681,1678800,telefonica
2021-07-22,4.44,4.44,4.37,4.37,4.209153,1044700,telefonica
2021-07-23,4.43,4.44,4.4,4.43,4.2669440000000005,1804900,telefonica
2021-07-26,4.46,4.51,4.46,4.51,4.344,1337300,telefonica
2021-07-27,4.46,4.54,4.45,4.54,4.372896,1038000,telefonica
2021-07-28,4.51,4.53,4.48,4.53,4.363264,1140400,telefonica
2021-07-29,4.51,4.54,4.48,4.5,4.334368,839600,telefonica
2021-07-30,4.57,4.61,4.57,4.59,4.421055,1195100,telefonica
2021-08-02,4.66,4.69,4.65,4.67,4.498111,1928500,telefonica
2021-08-03,4.78,4.84,4.75,4.83,4.652222,2241100,telefonica
2021-08-04,4.83,4.84,4.78,4.79,4.613694000000001,932000,telefonica
2021-08-05,4.78,4.83,4.78,4.8,4.6233260000000005,704300,telefonica
2021-08-06,4.78,4.83,4.78,4.8,4.6233260000000005,1192900,telefonica
2021-08-09,4.86,4.87,4.85,4.87,4.690748999999999,1122400,telefonica
2021-08-10,4.87,4.91,4.86,4.91,4.729277,854000,telefonica
2021-08-11,4.96,5.0,4.95,5.0,4.815964,1998300,telefonica
2021-08-12,5.0,5.04,4.98,5.02,4.835228,1726300,telefonica
2021-08-13,5.06,5.07,5.02,5.06,4.873756,1829900,telefonica
2021-08-16,5.01,5.03,4.97,5.02,4.835228,1392600,telefonica
2021-08-17,4.97,5.01,4.94,4.98,4.7967,1100300,telefonica
2021-08-18,5.0,5.05,4.98,5.02,4.835228,1623500,telefonica
2021-08-19,4.96,5.01,4.93,4.96,4.777437,1449800,telefonica
2021-08-20,4.94,5.0,4.92,4.96,4.777437,1122700,telefonica
2021-08-23,4.97,5.0,4.95,4.99,4.806332,1994600,telefonica
2021-08-24,4.96,5.01,4.95,5.0,4.815964,926700,telefonica
2021-08-25,5.02,5.07,5.01,5.05,4.8641239999999994,1157900,telefonica
2021-08-26,5.03,5.04,4.96,4.98,4.7967,1405500,telefonica
2021-08-27,4.99,5.05,4.98,5.05,4.8641239999999994,1071500,telefonica
2021-08-30,5.04,5.05,5.01,5.04,4.854492,980200,telefonica
2021-08-31,4.96,4.97,4.92,4.95,4.767805,1750600,telefonica
2021-09-01,5.01,5.04,5.01,5.02,4.835228,1084500,telefonica
2021-09-02,4.99,5.02,4.98,4.99,4.806332,1000500,telefonica
2021-09-03,4.94,4.95,4.9,4.9,4.719645,1020800,telefonica
2021-09-07,4.93,5.0,4.93,4.98,4.7967,1021500,telefonica
2021-09-08,4.97,5.01,4.97,4.99,4.806332,1298700,telefonica
2021-09-09,4.94,4.95,4.91,4.91,4.729277,709600,telefonica
2021-09-10,4.9,4.9,4.85,4.85,4.671485,694000,telefonica
2021-09-13,4.91,4.93,4.9,4.93,4.748541,797400,telefonica
2021-09-14,4.93,4.95,4.87,4.87,4.690748999999999,559700,telefonica
2021-09-15,4.89,4.92,4.88,4.91,4.729277,1142300,telefonica
2021-09-16,4.9,4.9,4.87,4.88,4.700381,703100,telefonica
2021-09-17,4.91,4.93,4.85,4.85,4.671485,1835600,telefonica
2021-09-20,4.81,4.82,4.75,4.8,4.6233260000000005,1449700,telefonica
2021-09-21,4.8,4.81,4.72,4.72,4.54627,3083400,telefonica
2021-09-22,4.77,4.8,4.75,4.75,4.575166,1081700,telefonica
2021-09-23,4.76,4.81,4.75,4.81,4.632958,1524700,telefonica
2021-09-24,4.77,4.82,4.77,4.8,4.6233260000000005,701600,telefonica
2021-09-27,4.86,4.91,4.86,4.91,4.729277,2826300,telefonica
2021-09-28,4.91,4.91,4.84,4.84,4.661854,1157800,telefonica
2021-09-29,4.73,4.76,4.69,4.74,4.5655339999999995,1182000,telefonica
2021-09-30,4.72,4.72,4.67,4.71,4.536639,1468900,telefonica
2021-10-01,4.67,4.69,4.62,4.67,4.498111,2398900,telefonica
2021-10-04,4.71,4.76,4.71,4.73,4.555902,1089900,telefonica
2021-10-05,4.74,4.89,4.72,4.78,4.604062,2613600,telefonica
2021-10-06,4.68,4.68,4.61,4.67,4.498111,1477100,telefonica
2021-10-07,4.7,4.72,4.65,4.65,4.478847,1141700,telefonica
2021-10-08,4.68,4.7,4.65,4.67,4.498111,747000,telefonica
2021-10-11,4.66,4.66,4.61,4.61,4.44032,721000,telefonica
2021-10-12,4.66,4.67,4.62,4.66,4.488479,1657800,telefonica
2021-10-13,4.63,4.63,4.6,4.61,4.44032,7505300,telefonica
2021-10-14,4.63,4.64,4.57,4.57,4.4017919999999995,1315300,telefonica
2021-10-15,4.45,4.46,4.41,4.45,4.286208,2932200,telefonica
2021-10-18,4.38,4.41,4.36,4.38,4.218785,2380000,telefonica
2021-10-19,4.4,4.43,4.38,4.4,4.238049,1763100,telefonica
2021-10-20,4.45,4.54,4.45,4.54,4.372896,1975200,telefonica
2021-10-21,4.5,4.51,4.44,4.45,4.286208,1371600,telefonica
2021-10-22,4.47,4.47,4.41,4.41,4.247681,1394400,telefonica
2021-10-25,4.46,4.48,4.44,4.44,4.276577,1981000,telefonica
2021-10-26,4.42,4.46,4.41,4.43,4.2669440000000005,1575800,telefonica
2021-10-27,4.44,4.46,4.42,4.42,4.257313,6092200,telefonica
2021-10-28,4.42,4.43,4.38,4.39,4.228416,1431800,telefonica
2021-10-29,4.37,4.39,4.34,4.35,4.189889,1274900,telefonica
2021-11-01,4.43,4.45,4.43,4.44,4.276577,1222700,telefonica
2021-11-02,4.41,4.41,4.35,4.35,4.189889,1367400,telefonica
2021-11-03,4.32,4.4,4.32,4.4,4.238049,1506900,telefonica
2021-11-04,4.25,4.26,4.2,4.23,4.074306,2584000,telefonica
2021-11-05,4.32,4.39,4.32,4.36,4.199521,1667200,telefonica
2021-11-08,4.38,4.38,4.34,4.36,4.199521,1988800,telefonica
2021-11-09,4.43,4.45,4.41,4.43,4.2669440000000005,1869600,telefonica
2021-11-10,4.5,4.55,4.5,4.5,4.334368,2348000,telefonica
2021-11-11,4.51,4.56,4.5,4.55,4.382528,1675300,telefonica
2021-11-12,4.51,4.56,4.51,4.54,4.372896,1466600,telefonica
2021-11-15,4.5,4.52,4.45,4.47,4.305472,8789700,telefonica
2021-11-16,4.53,4.54,4.42,4.44,4.276577,1114800,telefonica
2021-11-17,4.4,4.45,4.4,4.45,4.286208,1401900,telefonica
2021-11-18,4.5,4.51,4.46,4.48,4.315104,2106200,telefonica
2021-11-19,4.49,4.51,4.42,4.45,4.286208,1783500,telefonica
2021-11-22,4.64,4.72,4.63,4.69,4.517375,2725300,telefonica
2021-11-23,4.49,4.56,4.48,4.56,4.3921589999999995,4061000,telefonica
2021-11-24,4.49,4.51,4.47,4.5,4.334368,4494900,telefonica
2021-11-26,4.38,4.41,4.34,4.4,4.238049,1806700,telefonica
2021-11-29,4.42,4.45,4.39,4.42,4.257313,3913900,telefonica
2021-11-30,4.49,4.51,4.43,4.51,4.344,2868300,telefonica
2021-12-01,4.36,4.37,4.24,4.25,4.25,2691900,telefonica
2021-12-02,4.2,4.23,4.19,4.21,4.21,2085700,telefonica
2021-12-03,4.15,4.16,4.12,4.16,4.16,1991300,telefonica
2021-12-06,4.21,4.29,4.21,4.25,4.25,4874200,telefonica
2021-12-07,4.25,4.26,4.23,4.23,4.23,2899200,telefonica
2021-12-08,4.21,4.24,4.2,4.22,4.22,1681900,telefonica
2021-12-09,4.18,4.18,4.15,4.16,4.16,845500,telefonica
2021-12-10,4.17,4.22,4.16,4.22,4.22,1722900,telefonica
2021-12-13,4.17,4.18,4.13,4.15,4.15,1336100,telefonica
2021-12-14,4.25,4.35,4.25,4.31,4.31,2714600,telefonica
2021-12-15,4.29,4.33,4.26,4.33,4.33,1755900,telefonica
2021-12-16,4.25,4.31,4.25,4.26,4.26,1507500,telefonica
2021-12-17,4.28,4.32,4.28,4.31,4.31,3813800,telefonica
2021-12-20,4.25,4.3,4.23,4.29,4.29,2447600,telefonica
2021-12-21,4.29,4.33,4.29,4.32,4.32,1837700,telefonica
2021-12-22,4.31,4.35,4.31,4.34,4.34,1279300,telefonica
2021-12-23,4.36,4.39,4.35,4.35,4.35,2403300,telefonica
2021-12-27,4.37,4.39,4.35,4.38,4.38,1666100,telefonica
2021-12-28,4.39,4.43,4.37,4.37,4.37,1602000,telefonica
2021-12-29,4.39,4.4,4.37,4.39,4.39,1199800,telefonica
2021-12-30,4.32,4.35,4.27,4.28,4.28,1563400,telefonica
2021-12-31,4.27,4.3,4.23,4.24,4.24,2552200,telefonica
2022-01-03,4.32,4.34,4.29,4.32,4.32,1919900,telefonica
2022-01-04,4.3,4.33,4.29,4.29,4.29,1710400,telefonica
2022-01-05,4.31,4.34,4.23,4.25,4.25,1262000,telefonica
2022-01-06,4.36,4.37,4.33,4.34,4.34,1921400,telefonica
2022-01-07,4.36,4.4,4.36,4.39,4.39,1275700,telefonica
2022-01-10,4.51,4.56,4.49,4.49,4.49,2215500,telefonica
2022-01-11,4.46,4.51,4.43,4.5,4.5,1022300,telefonica
2022-01-12,4.44,4.51,4.44,4.5,4.5,1177200,telefonica
2022-01-13,4.53,4.57,4.52,4.52,4.52,1293100,telefonica
2022-01-14,4.55,4.58,4.53,4.58,4.58,963300,telefonica
2022-01-18,4.58,4.59,4.53,4.56,4.56,1418600,telefonica
2022-01-19,4.56,4.56,4.5,4.53,4.53,1068700,telefonica
2022-01-20,4.51,4.51,4.44,4.45,4.45,1232100,telefonica
2022-01-21,4.47,4.5,4.42,4.44,4.44,1888300,telefonica
2022-01-24,4.54,4.55,4.42,4.53,4.53,5496600,telefonica
2022-01-25,4.55,4.61,4.52,4.59,4.59,2424600,telefonica
2022-01-26,4.62,4.63,4.51,4.54,4.54,1771200,telefonica
2022-01-27,4.59,4.62,4.52,4.56,4.56,6674800,telefonica
2022-01-28,4.59,4.65,4.57,4.65,4.65,1825600,telefonica
2022-01-31,4.61,4.63,4.56,4.62,4.62,1116300,telefonica
2022-02-01,4.55,4.59,4.53,4.59,4.59,1809400,telefonica
2022-02-02,4.63,4.65,4.6,4.65,4.65,1795400,telefonica
2022-02-03,4.71,4.74,4.7,4.72,4.72,1647200,telefonica
2022-02-04,4.7,4.75,4.68,4.73,4.73,1486400,telefonica
2022-02-07,4.72,4.78,4.71,4.75,4.75,862800,telefonica
2022-02-08,4.83,4.88,4.82,4.87,4.87,2381100,telefonica
2022-02-09,4.91,4.95,4.91,4.95,4.95,1944500,telefonica
2022-02-10,4.97,5.01,4.93,4.95,4.95,3489100,telefonica
2022-02-11,4.97,5.02,4.88,4.9,4.9,3836900,telefonica
2022-02-14,4.9,4.91,4.83,4.88,4.88,6629800,telefonica
2022-02-15,4.92,4.98,4.92,4.97,4.97,2151600,telefonica
2022-02-16,4.9,4.96,4.9,4.94,4.94,2656600,telefonica
2022-02-17,4.9,4.91,4.86,4.89,4.89,1946700,telefonica
2022-02-18,4.87,4.92,4.85,4.88,4.88,2889700,telefonica
2022-02-22,4.74,4.81,4.73,4.78,4.78,2334600,telefonica
2022-02-23,4.79,4.82,4.72,4.73,4.73,1671700,telefonica
2022-02-24,4.62,4.66,4.56,4.65,4.65,2698100,telefonica
2022-02-25,4.71,4.77,4.71,4.74,4.74,2533700,telefonica
2022-02-28,4.73,4.76,4.67,4.7,4.7,2690000,telefonica
2022-03-01,4.77,4.81,4.62,4.65,4.65,3156000,telefonica
2022-03-02,4.68,4.76,4.68,4.73,4.73,2154100,telefonica
2022-03-03,4.6,4.62,4.56,4.57,4.57,2233000,telefonica
2022-03-04,4.33,4.35,4.25,4.27,4.27,2357500,telefonica
2022-03-07,4.22,4.23,4.1,4.12,4.12,3582600,telefonica
2022-03-08,4.25,4.26,4.13,4.17,4.17,3618900,telefonica
2022-03-09,4.3,4.38,4.3,4.35,4.35,3410700,telefonica
2022-03-10,4.34,4.38,4.32,4.35,4.35,2434400,telefonica
2022-03-11,4.35,4.37,4.27,4.29,4.29,1705200,telefonica
2022-03-14,4.35,4.37,4.32,4.33,4.33,1335700,telefonica
2022-03-15,4.37,4.4,4.34,4.39,4.39,1927600,telefonica
2022-03-16,4.46,4.51,4.4,4.49,4.49,2013800,telefonica
2022-03-17,4.53,4.62,4.53,4.61,4.61,1725900,telefonica
2022-03-18,4.51,4.6,4.48,4.57,4.57,1741700,telefonica
2022-03-21,4.6,4.61,4.55,4.58,4.58,832700,telefonica
2022-03-22,4.63,4.65,4.61,4.63,4.63,977000,telefonica
2022-03-23,4.57,4.59,4.55,4.55,4.55,1030800,telefonica
2022-03-24,4.56,4.6,4.54,4.6,4.6,772600,telefonica
2022-03-25,4.58,4.64,4.56,4.62,4.62,1411000,telefonica
2022-03-28,4.71,4.72,4.66,4.71,4.71,1686200,telefonica
2022-03-29,4.81,4.84,4.75,4.78,4.78,1260000,telefonica
2022-03-30,4.81,4.88,4.81,4.86,4.86,4138100,telefonica
2022-03-31,4.84,4.86,4.8,4.8,4.8,932000,telefonica
2022-04-01,4.82,4.87,4.81,4.87,4.87,692100,telefonica
2022-04-04,4.8,4.85,4.79,4.84,4.84,994500,telefonica
2022-04-05,4.85,4.89,4.83,4.84,4.84,711100,telefonica
2022-04-06,4.87,4.93,4.85,4.93,4.93,1482500,telefonica
2022-04-07,4.96,4.98,4.9,4.95,4.95,1294700,telefonica
2022-04-08,4.94,5.0,4.94,4.97,4.97,868800,telefonica
2022-04-11,5.01,5.06,5.0,5.02,5.02,1553400,telefonica
2022-04-12,5.16,5.22,5.13,5.14,5.14,3170300,telefonica
2022-04-13,5.3,5.36,5.29,5.34,5.34,1909400,telefonica
2022-04-14,5.31,5.39,5.3,5.36,5.36,1274000,telefonica
2022-04-18,5.35,5.37,5.32,5.33,5.33,947100,telefonica
2022-04-19,5.3,5.33,5.27,5.31,5.31,1417800,telefonica
2022-04-20,5.22,5.29,5.22,5.28,5.28,1570200,telefonica
2022-04-21,5.27,5.27,5.15,5.15,5.15,2750300,telefonica
2022-04-22,5.23,5.23,5.15,5.15,5.15,1316000,telefonica
2022-04-25,5.17,5.17,5.08,5.16,5.16,2546900,telefonica
2022-04-26,5.05,5.09,4.99,4.99,4.99,1930400,telefonica
